station_id,day,east_disp_m,north_disp_m,vertical_disp_m,east_sigma_m,north_sigma_m,vertical_sigma_m
GNSS-01,0,0.000811,-0.001483,0.002372,0.0025,0.0025,0.006
GNSS-01,1,0.000465,0.005351,0.005168,0.0025,0.0025,0.006
GNSS-01,2,0.001669,0.001968,-0.005049,0.0025,0.0025,0.006
GNSS-01,3,0.001362,-0.001911,-0.009416,0.0025,0.0025,0.006
GNSS-01,4,0.001607,0.001841,0.005517,0.0025,0.0025,0.006
GNSS-01,5,0.0025,-0.001733,0.007657,0.0025,0.0025,0.006
GNSS-01,6,-0.000805,-0.000759,0.001019,0.0025,0.0025,0.006
GNSS-01,7,0.005588,-0.002022,0.004441,0.0025,0.0025,0.006
GNSS-01,8,-0.002718,0.001515,0.007961,0.0025,0.0025,0.006
GNSS-01,9,0.002166,-0.002948,0.001328,0.0025,0.0025,0.006
GNSS-01,10,-0.002006,-0.000374,0.004396,0.0025,0.0025,0.006
GNSS-01,11,0.000676,-0.004606,0.00125,0.0025,0.0025,0.006
GNSS-01,12,0.005209,0.004451,0.001993,0.0025,0.0025,0.006
GNSS-01,13,0.0004,-0.000594,0.006813,0.0025,0.0025,0.006
GNSS-01,14,-0.004976,0.003464,0.005978,0.0025,0.0025,0.006
GNSS-01,15,-0.003377,-0.000381,0.003263,0.0025,0.0025,0.006
GNSS-01,16,-0.001513,0.000925,0.008493,0.0025,0.0025,0.006
GNSS-01,17,0.001348,-0.005487,0.005452,0.0025,0.0025,0.006
GNSS-01,18,-0.002158,-0.005598,0.009094,0.0025,0.0025,0.006
GNSS-01,19,0.002622,-0.005154,0.003869,0.0025,0.0025,0.006
GNSS-01,20,-0.005149,-0.002222,-0.00099,0.0025,0.0025,0.006
GNSS-01,21,-0.000972,-0.001106,0.015026,0.0025,0.0025,0.006
GNSS-01,22,-0.000504,-0.003804,0.001572,0.0025,0.0025,0.006
GNSS-01,23,-0.002238,8.3e-05,0.009515,0.0025,0.0025,0.006
GNSS-01,24,-0.004278,-0.005026,0.014212,0.0025,0.0025,0.006
GNSS-01,25,0.000121,0.001185,0.004123,0.0025,0.0025,0.006
GNSS-01,26,-0.003689,0.004179,0.012986,0.0025,0.0025,0.006
GNSS-01,27,-0.001182,-0.000628,0.012281,0.0025,0.0025,0.006
GNSS-01,28,0.003395,-0.002261,0.02259,0.0025,0.0025,0.006
GNSS-01,29,-0.001759,0.000135,0.017941,0.0025,0.0025,0.006
GNSS-01,30,0.001514,-0.003161,0.004697,0.0025,0.0025,0.006
GNSS-01,31,-0.004138,-0.001404,0.01929,0.0025,0.0025,0.006
GNSS-01,32,-0.003875,-0.001356,0.019823,0.0025,0.0025,0.006
GNSS-01,33,-0.000133,-0.001146,0.013337,0.0025,0.0025,0.006
GNSS-01,34,0.000602,-0.002517,0.01561,0.0025,0.0025,0.006
GNSS-01,35,0.000822,-0.001005,0.012238,0.0025,0.0025,0.006
GNSS-01,36,0.002502,0.003046,0.013798,0.0025,0.0025,0.006
GNSS-01,37,0.004828,0.000877,0.009949,0.0025,0.0025,0.006
GNSS-01,38,-0.003097,5.7e-05,0.014397,0.0025,0.0025,0.006
GNSS-01,39,0.004124,-0.000437,0.024492,0.0025,0.0025,0.006
GNSS-01,40,0.003079,0.003195,0.012503,0.0025,0.0025,0.006
GNSS-01,41,0.001704,-0.001506,0.018847,0.0025,0.0025,0.006
GNSS-01,42,0.002056,-0.005771,0.031267,0.0025,0.0025,0.006
GNSS-01,43,0.008113,-0.001241,0.007264,0.0025,0.0025,0.006
GNSS-01,44,0.002049,0.001897,0.025234,0.0025,0.0025,0.006
GNSS-01,45,0.002967,0.005746,0.018162,0.0025,0.0025,0.006
GNSS-01,46,0.003049,-0.001195,0.014423,0.0025,0.0025,0.006
GNSS-01,47,-0.000174,0.003153,0.010629,0.0025,0.0025,0.006
GNSS-01,48,-0.001072,-0.000142,0.022443,0.0025,0.0025,0.006
GNSS-01,49,-0.001887,0.0,0.019727,0.0025,0.0025,0.006
GNSS-01,50,-0.005604,0.001312,0.033075,0.0025,0.0025,0.006
GNSS-01,51,-0.001611,0.002019,0.035032,0.0025,0.0025,0.006
GNSS-01,52,0.000797,0.004016,0.020477,0.0025,0.0025,0.006
GNSS-01,53,0.004285,0.00041,0.026432,0.0025,0.0025,0.006
GNSS-01,54,-0.0043,-0.006431,0.024319,0.0025,0.0025,0.006
GNSS-01,55,0.002732,-0.004262,0.025989,0.0025,0.0025,0.006
GNSS-01,56,-0.000719,-0.001578,0.027838,0.0025,0.0025,0.006
GNSS-01,57,-0.001497,-0.009519,0.023575,0.0025,0.0025,0.006
GNSS-01,58,-0.001224,-0.001444,0.024765,0.0025,0.0025,0.006
GNSS-01,59,-0.001177,-0.001154,0.035343,0.0025,0.0025,0.006
GNSS-01,60,0.009262,0.001663,0.016133,0.0025,0.0025,0.006
GNSS-01,61,0.000789,-0.004794,0.009244,0.0025,0.0025,0.006
GNSS-01,62,0.000124,-0.000659,0.021707,0.0025,0.0025,0.006
GNSS-01,63,0.001366,-0.003931,0.030272,0.0025,0.0025,0.006
GNSS-01,64,0.007261,-0.002656,0.017109,0.0025,0.0025,0.006
GNSS-01,65,0.003735,0.00403,0.040572,0.0025,0.0025,0.006
GNSS-01,66,0.005677,-0.006147,0.02997,0.0025,0.0025,0.006
GNSS-01,67,-0.000107,0.006569,0.035904,0.0025,0.0025,0.006
GNSS-01,68,-0.000871,-0.004604,0.03001,0.0025,0.0025,0.006
GNSS-01,69,0.004974,-0.004068,0.022445,0.0025,0.0025,0.006
GNSS-01,70,0.002341,-0.001471,0.024852,0.0025,0.0025,0.006
GNSS-01,71,-0.002096,0.002058,0.032844,0.0025,0.0025,0.006
GNSS-01,72,0.002048,-0.00155,0.029996,0.0025,0.0025,0.006
GNSS-01,73,0.001755,-0.00224,0.037858,0.0025,0.0025,0.006
GNSS-01,74,0.001334,0.005948,0.04252,0.0025,0.0025,0.006
GNSS-01,75,0.002794,-9.9e-05,0.027763,0.0025,0.0025,0.006
GNSS-01,76,0.005341,0.003558,0.037157,0.0025,0.0025,0.006
GNSS-01,77,0.004356,0.001008,0.034685,0.0025,0.0025,0.006
GNSS-01,78,0.009504,0.000606,0.038335,0.0025,0.0025,0.006
GNSS-01,79,0.002016,-0.004295,0.037455,0.0025,0.0025,0.006
GNSS-01,80,0.004297,0.001043,0.04998,0.0025,0.0025,0.006
GNSS-01,81,0.002921,0.001816,0.031474,0.0025,0.0025,0.006
GNSS-01,82,-2.7e-05,0.001643,0.020597,0.0025,0.0025,0.006
GNSS-01,83,-0.0003,-0.002343,0.035782,0.0025,0.0025,0.006
GNSS-01,84,0.003766,-0.001814,0.032732,0.0025,0.0025,0.006
GNSS-01,85,-0.001292,-0.000435,0.034777,0.0025,0.0025,0.006
GNSS-01,86,0.004684,0.000571,0.030229,0.0025,0.0025,0.006
GNSS-01,87,0.001349,-0.007616,0.036794,0.0025,0.0025,0.006
GNSS-01,88,0.001922,0.004876,0.041642,0.0025,0.0025,0.006
GNSS-01,89,0.001962,-0.001521,0.042983,0.0025,0.0025,0.006
GNSS-01,90,-0.002614,0.007947,0.045161,0.0025,0.0025,0.006
GNSS-01,91,0.004832,-0.003177,0.027828,0.0025,0.0025,0.006
GNSS-01,92,-0.000544,-0.004948,0.034756,0.0025,0.0025,0.006
GNSS-01,93,0.002754,0.00057,0.038831,0.0025,0.0025,0.006
GNSS-01,94,-0.000217,0.002921,0.032771,0.0025,0.0025,0.006
GNSS-01,95,-0.001842,0.002224,0.027799,0.0025,0.0025,0.006
GNSS-01,96,-0.00093,-0.006216,0.031409,0.0025,0.0025,0.006
GNSS-01,97,0.000189,0.005226,0.043823,0.0025,0.0025,0.006
GNSS-01,98,0.001044,0.001491,0.032706,0.0025,0.0025,0.006
GNSS-01,99,0.003451,0.002355,0.041154,0.0025,0.0025,0.006
GNSS-01,100,-0.001652,-0.002374,0.043127,0.0025,0.0025,0.006
GNSS-01,101,0.005254,-0.000281,0.030881,0.0025,0.0025,0.006
GNSS-01,102,0.005163,-0.004952,0.038513,0.0025,0.0025,0.006
GNSS-01,103,0.002847,-0.001267,0.041839,0.0025,0.0025,0.006
GNSS-01,104,0.010326,0.004464,0.04434,0.0025,0.0025,0.006
GNSS-01,105,0.006123,-0.001101,0.050005,0.0025,0.0025,0.006
GNSS-01,106,-0.0029,-0.001572,0.040996,0.0025,0.0025,0.006
GNSS-01,107,-0.000178,0.002427,0.036667,0.0025,0.0025,0.006
GNSS-01,108,0.003239,-0.004262,0.051735,0.0025,0.0025,0.006
GNSS-01,109,0.003503,0.001077,0.04124,0.0025,0.0025,0.006
GNSS-01,110,0.004018,-0.000266,0.039015,0.0025,0.0025,0.006
GNSS-01,111,0.002914,-0.004865,0.048552,0.0025,0.0025,0.006
GNSS-01,112,0.00455,0.001632,0.054724,0.0025,0.0025,0.006
GNSS-01,113,0.00497,0.000392,0.043888,0.0025,0.0025,0.006
GNSS-01,114,0.002304,-0.002317,0.050483,0.0025,0.0025,0.006
GNSS-01,115,0.002807,-0.001604,0.049259,0.0025,0.0025,0.006
GNSS-01,116,0.004496,-0.000137,0.057945,0.0025,0.0025,0.006
GNSS-01,117,0.006955,0.005001,0.046816,0.0025,0.0025,0.006
GNSS-01,118,0.006867,-0.001295,0.046101,0.0025,0.0025,0.006
GNSS-01,119,0.002835,0.004177,0.030159,0.0025,0.0025,0.006
GNSS-01,120,0.002207,-0.001447,0.056013,0.0025,0.0025,0.006
GNSS-01,121,0.004772,-0.003021,0.049325,0.0025,0.0025,0.006
GNSS-01,122,0.00237,0.001039,0.057398,0.0025,0.0025,0.006
GNSS-01,123,0.001784,-0.00309,0.054727,0.0025,0.0025,0.006
GNSS-01,124,0.008797,-0.004601,0.053875,0.0025,0.0025,0.006
GNSS-01,125,0.00153,-0.00299,0.064335,0.0025,0.0025,0.006
GNSS-01,126,0.001091,-0.004732,0.060461,0.0025,0.0025,0.006
GNSS-01,127,0.005996,-0.007406,0.055463,0.0025,0.0025,0.006
GNSS-01,128,0.00602,-0.001291,0.05375,0.0025,0.0025,0.006
GNSS-01,129,0.001464,-0.002377,0.054172,0.0025,0.0025,0.006
GNSS-01,130,0.006176,-0.004816,0.058275,0.0025,0.0025,0.006
GNSS-01,131,0.005891,-0.003149,0.048088,0.0025,0.0025,0.006
GNSS-01,132,0.006355,-0.002535,0.054736,0.0025,0.0025,0.006
GNSS-01,133,0.002048,-0.000781,0.069443,0.0025,0.0025,0.006
GNSS-01,134,0.003339,0.002168,0.056193,0.0025,0.0025,0.006
GNSS-01,135,0.006493,-0.000808,0.056751,0.0025,0.0025,0.006
GNSS-01,136,0.005976,0.005714,0.058099,0.0025,0.0025,0.006
GNSS-01,137,0.000495,-0.003357,0.064956,0.0025,0.0025,0.006
GNSS-01,138,0.003778,-0.001798,0.063236,0.0025,0.0025,0.006
GNSS-01,139,0.002789,0.000765,0.055925,0.0025,0.0025,0.006
GNSS-01,140,0.008792,-0.000604,0.076127,0.0025,0.0025,0.006
GNSS-01,141,0.00539,-0.002368,0.066302,0.0025,0.0025,0.006
GNSS-01,142,0.008011,0.00049,0.068988,0.0025,0.0025,0.006
GNSS-01,143,0.001805,-0.002722,0.067639,0.0025,0.0025,0.006
GNSS-01,144,-0.000155,-0.004854,0.064774,0.0025,0.0025,0.006
GNSS-01,145,0.003425,0.000506,0.058002,0.0025,0.0025,0.006
GNSS-01,146,0.006954,-0.005337,0.064128,0.0025,0.0025,0.006
GNSS-01,147,0.001089,-0.001257,0.069599,0.0025,0.0025,0.006
GNSS-01,148,0.004716,0.001495,0.060289,0.0025,0.0025,0.006
GNSS-01,149,0.010393,-0.002318,0.075595,0.0025,0.0025,0.006
GNSS-01,150,0.004362,0.001427,0.074028,0.0025,0.0025,0.006
GNSS-01,151,0.005845,-1.6e-05,0.067843,0.0025,0.0025,0.006
GNSS-01,152,0.001681,-0.000881,0.072814,0.0025,0.0025,0.006
GNSS-01,153,0.007362,0.005009,0.071449,0.0025,0.0025,0.006
GNSS-01,154,0.001835,-0.002748,0.070675,0.0025,0.0025,0.006
GNSS-01,155,0.013433,-0.00696,0.062785,0.0025,0.0025,0.006
GNSS-01,156,0.006074,-0.004197,0.069798,0.0025,0.0025,0.006
GNSS-01,157,0.005224,-0.002464,0.073942,0.0025,0.0025,0.006
GNSS-01,158,0.0073,0.001408,0.061032,0.0025,0.0025,0.006
GNSS-01,159,0.006722,-0.001327,0.070419,0.0025,0.0025,0.006
GNSS-01,160,-0.000908,-0.008873,0.070833,0.0025,0.0025,0.006
GNSS-01,161,0.006023,-0.001371,0.078316,0.0025,0.0025,0.006
GNSS-01,162,0.007218,-0.005165,0.068712,0.0025,0.0025,0.006
GNSS-01,163,0.007395,-0.004928,0.071497,0.0025,0.0025,0.006
GNSS-01,164,0.002267,-0.000259,0.067455,0.0025,0.0025,0.006
GNSS-01,165,0.009926,-0.003904,0.076407,0.0025,0.0025,0.006
GNSS-01,166,0.001726,-0.007386,0.074404,0.0025,0.0025,0.006
GNSS-01,167,-0.000368,-0.000397,0.066346,0.0025,0.0025,0.006
GNSS-01,168,0.003563,-0.005011,0.074089,0.0025,0.0025,0.006
GNSS-01,169,0.002798,0.000167,0.07392,0.0025,0.0025,0.006
GNSS-01,170,-0.002038,0.00236,0.08627,0.0025,0.0025,0.006
GNSS-01,171,0.008019,-0.00182,0.074383,0.0025,0.0025,0.006
GNSS-01,172,0.002061,0.003229,0.071544,0.0025,0.0025,0.006
GNSS-01,173,0.007687,-0.002118,0.073008,0.0025,0.0025,0.006
GNSS-01,174,0.000811,-0.005097,0.086614,0.0025,0.0025,0.006
GNSS-01,175,0.000566,-0.005214,0.092301,0.0025,0.0025,0.006
GNSS-01,176,0.002009,-0.002577,0.077025,0.0025,0.0025,0.006
GNSS-01,177,0.001594,0.001887,0.0802,0.0025,0.0025,0.006
GNSS-01,178,0.005401,-0.006914,0.088105,0.0025,0.0025,0.006
GNSS-01,179,0.003791,0.001719,0.077211,0.0025,0.0025,0.006
GNSS-01,180,0.006301,7.9e-05,0.085513,0.0025,0.0025,0.006
GNSS-01,181,0.001103,0.000589,0.088768,0.0025,0.0025,0.006
GNSS-01,182,0.007175,-0.003256,0.081503,0.0025,0.0025,0.006
GNSS-01,183,0.010718,0.004556,0.089743,0.0025,0.0025,0.006
GNSS-01,184,-0.000129,0.001551,0.082864,0.0025,0.0025,0.006
GNSS-01,185,0.00739,-0.008584,0.087421,0.0025,0.0025,0.006
GNSS-01,186,0.007183,-0.006752,0.094691,0.0025,0.0025,0.006
GNSS-01,187,0.004483,-0.003535,0.079744,0.0025,0.0025,0.006
GNSS-01,188,0.003997,-0.000712,0.102831,0.0025,0.0025,0.006
GNSS-01,189,-0.001968,-0.010182,0.084705,0.0025,0.0025,0.006
GNSS-01,190,0.007429,0.001307,0.09966,0.0025,0.0025,0.006
GNSS-01,191,0.012055,-0.001291,0.082993,0.0025,0.0025,0.006
GNSS-01,192,-0.00252,-0.001169,0.100729,0.0025,0.0025,0.006
GNSS-01,193,0.010407,-0.004965,0.094837,0.0025,0.0025,0.006
GNSS-01,194,0.004307,-0.00641,0.081418,0.0025,0.0025,0.006
GNSS-01,195,0.001839,-0.002239,0.082755,0.0025,0.0025,0.006
GNSS-01,196,0.005655,-0.000483,0.087009,0.0025,0.0025,0.006
GNSS-01,197,0.002958,0.006309,0.089699,0.0025,0.0025,0.006
GNSS-01,198,0.003996,-0.005447,0.085214,0.0025,0.0025,0.006
GNSS-01,199,0.003055,0.000353,0.091443,0.0025,0.0025,0.006
GNSS-01,200,0.002072,-0.003588,0.088317,0.0025,0.0025,0.006
GNSS-01,201,0.000657,0.0024,0.098984,0.0025,0.0025,0.006
GNSS-01,202,0.00956,-0.007986,0.081702,0.0025,0.0025,0.006
GNSS-01,203,0.008548,0.000287,0.096851,0.0025,0.0025,0.006
GNSS-01,204,0.006166,-0.002159,0.087427,0.0025,0.0025,0.006
GNSS-01,205,0.009557,0.001774,0.095105,0.0025,0.0025,0.006
GNSS-01,206,0.007589,-0.002486,0.092734,0.0025,0.0025,0.006
GNSS-01,207,0.006442,-0.002086,0.10575,0.0025,0.0025,0.006
GNSS-01,208,0.004195,0.001845,0.105693,0.0025,0.0025,0.006
GNSS-01,209,0.009485,-0.00806,0.091363,0.0025,0.0025,0.006
GNSS-01,210,0.003074,-0.001235,0.099622,0.0025,0.0025,0.006
GNSS-01,211,0.001433,-0.000741,0.104039,0.0025,0.0025,0.006
GNSS-01,212,0.007976,-0.004573,0.097582,0.0025,0.0025,0.006
GNSS-01,213,0.009643,-0.004733,0.109228,0.0025,0.0025,0.006
GNSS-01,214,0.005042,0.002391,0.10883,0.0025,0.0025,0.006
GNSS-01,215,0.002779,-0.002374,0.10085,0.0025,0.0025,0.006
GNSS-01,216,0.006207,0.002296,0.10302,0.0025,0.0025,0.006
GNSS-01,217,0.005787,-0.002146,0.109831,0.0025,0.0025,0.006
GNSS-01,218,0.004306,-0.004101,0.106571,0.0025,0.0025,0.006
GNSS-01,219,0.007091,-0.003985,0.098775,0.0025,0.0025,0.006
GNSS-01,220,0.011199,-0.004802,0.106285,0.0025,0.0025,0.006
GNSS-01,221,0.007604,-0.007555,0.109271,0.0025,0.0025,0.006
GNSS-01,222,0.005575,0.001689,0.100226,0.0025,0.0025,0.006
GNSS-01,223,0.00328,-0.002511,0.104726,0.0025,0.0025,0.006
GNSS-01,224,0.006116,-0.000831,0.113696,0.0025,0.0025,0.006
GNSS-01,225,0.000872,-0.003507,0.109936,0.0025,0.0025,0.006
GNSS-01,226,0.007106,-0.000274,0.111427,0.0025,0.0025,0.006
GNSS-01,227,0.008333,-0.005348,0.116435,0.0025,0.0025,0.006
GNSS-01,228,0.008724,0.001057,0.111231,0.0025,0.0025,0.006
GNSS-01,229,0.006175,-0.003601,0.111722,0.0025,0.0025,0.006
GNSS-01,230,0.005216,-0.008273,0.120854,0.0025,0.0025,0.006
GNSS-01,231,0.007239,-0.006519,0.128202,0.0025,0.0025,0.006
GNSS-01,232,0.00974,-0.00371,0.122651,0.0025,0.0025,0.006
GNSS-01,233,0.002603,0.000342,0.131824,0.0025,0.0025,0.006
GNSS-01,234,0.005597,-0.006303,0.115843,0.0025,0.0025,0.006
GNSS-01,235,0.003901,-0.000531,0.103237,0.0025,0.0025,0.006
GNSS-01,236,0.002379,-0.007696,0.131418,0.0025,0.0025,0.006
GNSS-01,237,0.008503,-0.005808,0.1057,0.0025,0.0025,0.006
GNSS-01,238,0.004654,-0.007054,0.114423,0.0025,0.0025,0.006
GNSS-01,239,0.005829,-0.001109,0.1251,0.0025,0.0025,0.006
GNSS-01,240,0.00329,-0.010218,0.10901,0.0025,0.0025,0.006
GNSS-01,241,0.005673,-0.001573,0.12928,0.0025,0.0025,0.006
GNSS-01,242,0.008578,-0.000851,0.116575,0.0025,0.0025,0.006
GNSS-01,243,0.007108,-0.006506,0.117025,0.0025,0.0025,0.006
GNSS-01,244,0.003939,-0.001813,0.117436,0.0025,0.0025,0.006
GNSS-01,245,0.006157,0.000397,0.128313,0.0025,0.0025,0.006
GNSS-01,246,0.0063,-0.006954,0.109849,0.0025,0.0025,0.006
GNSS-01,247,0.01247,-0.004609,0.126021,0.0025,0.0025,0.006
GNSS-01,248,0.005466,-0.008245,0.116944,0.0025,0.0025,0.006
GNSS-01,249,0.008927,0.001901,0.119178,0.0025,0.0025,0.006
GNSS-01,250,0.000367,-0.006896,0.12524,0.0025,0.0025,0.006
GNSS-01,251,0.012775,-0.006358,0.112096,0.0025,0.0025,0.006
GNSS-01,252,0.00129,-0.003433,0.129702,0.0025,0.0025,0.006
GNSS-01,253,0.005356,-0.008714,0.130437,0.0025,0.0025,0.006
GNSS-01,254,0.006257,0.000503,0.124873,0.0025,0.0025,0.006
GNSS-01,255,0.009546,-0.002975,0.134525,0.0025,0.0025,0.006
GNSS-01,256,0.005002,-0.001585,0.127888,0.0025,0.0025,0.006
GNSS-01,257,0.008241,-0.000598,0.131935,0.0025,0.0025,0.006
GNSS-01,258,0.004426,-0.008424,0.111348,0.0025,0.0025,0.006
GNSS-01,259,0.00557,-0.0066,0.12256,0.0025,0.0025,0.006
GNSS-01,260,0.00874,-0.00933,0.129046,0.0025,0.0025,0.006
GNSS-01,261,0.010347,-0.007616,0.129367,0.0025,0.0025,0.006
GNSS-01,262,0.00936,-0.001879,0.134265,0.0025,0.0025,0.006
GNSS-01,263,0.009536,-0.000899,0.124526,0.0025,0.0025,0.006
GNSS-01,264,0.010067,-0.00186,0.132972,0.0025,0.0025,0.006
GNSS-01,265,0.008761,-0.006678,0.125617,0.0025,0.0025,0.006
GNSS-01,266,0.005947,-0.000235,0.138444,0.0025,0.0025,0.006
GNSS-01,267,0.009741,-0.002115,0.135118,0.0025,0.0025,0.006
GNSS-01,268,0.010541,-0.008529,0.142621,0.0025,0.0025,0.006
GNSS-01,269,0.010256,-0.005183,0.132249,0.0025,0.0025,0.006
GNSS-01,270,0.009454,-0.004831,0.131847,0.0025,0.0025,0.006
GNSS-01,271,0.004178,0.001684,0.144774,0.0025,0.0025,0.006
GNSS-01,272,0.013568,-0.007004,0.137233,0.0025,0.0025,0.006
GNSS-01,273,0.010383,-0.005841,0.136199,0.0025,0.0025,0.006
GNSS-01,274,0.006437,-0.005084,0.136601,0.0025,0.0025,0.006
GNSS-01,275,0.007274,-0.002656,0.14255,0.0025,0.0025,0.006
GNSS-01,276,0.012054,-0.003541,0.145997,0.0025,0.0025,0.006
GNSS-01,277,0.010556,-0.005149,0.138616,0.0025,0.0025,0.006
GNSS-01,278,0.011078,-0.012556,0.138189,0.0025,0.0025,0.006
GNSS-01,279,0.004836,-0.007806,0.131983,0.0025,0.0025,0.006
GNSS-01,280,0.010952,-0.00675,0.145588,0.0025,0.0025,0.006
GNSS-01,281,0.010724,-0.002515,0.137549,0.0025,0.0025,0.006
GNSS-01,282,0.004507,-0.000554,0.138911,0.0025,0.0025,0.006
GNSS-01,283,0.013646,-0.001223,0.147852,0.0025,0.0025,0.006
GNSS-01,284,0.010395,-0.008312,0.131632,0.0025,0.0025,0.006
GNSS-01,285,0.010765,-0.001265,0.148938,0.0025,0.0025,0.006
GNSS-01,286,0.010823,-0.00667,0.131511,0.0025,0.0025,0.006
GNSS-01,287,0.00654,-0.004052,0.147431,0.0025,0.0025,0.006
GNSS-01,288,0.006753,-0.007972,0.142373,0.0025,0.0025,0.006
GNSS-01,289,0.011544,-0.000749,0.155176,0.0025,0.0025,0.006
GNSS-01,290,0.006843,-0.004579,0.135783,0.0025,0.0025,0.006
GNSS-01,291,0.006603,-0.006989,0.145723,0.0025,0.0025,0.006
GNSS-01,292,0.013125,5.7e-05,0.153264,0.0025,0.0025,0.006
GNSS-01,293,0.008026,-0.001913,0.16159,0.0025,0.0025,0.006
GNSS-01,294,0.006485,-0.007563,0.156706,0.0025,0.0025,0.006
GNSS-01,295,0.002208,-0.00711,0.15762,0.0025,0.0025,0.006
GNSS-01,296,0.010534,-0.010838,0.157009,0.0025,0.0025,0.006
GNSS-01,297,0.009904,-0.002295,0.13104,0.0025,0.0025,0.006
GNSS-01,298,0.009381,0.001403,0.149307,0.0025,0.0025,0.006
GNSS-01,299,0.003498,-0.002233,0.141908,0.0025,0.0025,0.006
GNSS-01,300,0.010165,-0.00409,0.155108,0.0025,0.0025,0.006
GNSS-01,301,0.006394,-0.002192,0.161458,0.0025,0.0025,0.006
GNSS-01,302,0.010435,-0.004125,0.164196,0.0025,0.0025,0.006
GNSS-01,303,0.010301,0.002262,0.167231,0.0025,0.0025,0.006
GNSS-01,304,0.003885,-0.003048,0.159741,0.0025,0.0025,0.006
GNSS-01,305,0.008195,0.000256,0.164548,0.0025,0.0025,0.006
GNSS-01,306,0.009966,-0.001365,0.141971,0.0025,0.0025,0.006
GNSS-01,307,0.010462,-0.000505,0.161192,0.0025,0.0025,0.006
GNSS-01,308,0.012552,-0.00514,0.166367,0.0025,0.0025,0.006
GNSS-01,309,0.002731,-0.003414,0.176903,0.0025,0.0025,0.006
GNSS-01,310,0.007426,-0.00699,0.174814,0.0025,0.0025,0.006
GNSS-01,311,0.009247,-0.006938,0.170525,0.0025,0.0025,0.006
GNSS-01,312,0.009481,-0.00647,0.179379,0.0025,0.0025,0.006
GNSS-01,313,0.007852,-0.00508,0.162868,0.0025,0.0025,0.006
GNSS-01,314,0.014937,-0.006893,0.165338,0.0025,0.0025,0.006
GNSS-01,315,0.017359,-0.003697,0.180091,0.0025,0.0025,0.006
GNSS-01,316,0.008371,-0.007127,0.161216,0.0025,0.0025,0.006
GNSS-01,317,0.011212,-0.001507,0.164009,0.0025,0.0025,0.006
GNSS-01,318,0.009044,-0.004956,0.168836,0.0025,0.0025,0.006
GNSS-01,319,0.012882,-0.008517,0.166433,0.0025,0.0025,0.006
GNSS-01,320,0.011429,0.002432,0.174455,0.0025,0.0025,0.006
GNSS-01,321,0.007026,-0.005535,0.170945,0.0025,0.0025,0.006
GNSS-01,322,0.004982,-0.001189,0.172229,0.0025,0.0025,0.006
GNSS-01,323,0.012982,-0.002909,0.176218,0.0025,0.0025,0.006
GNSS-01,324,0.009107,-0.004777,0.165591,0.0025,0.0025,0.006
GNSS-01,325,0.010332,-0.001145,0.182473,0.0025,0.0025,0.006
GNSS-01,326,0.007918,-0.005595,0.169617,0.0025,0.0025,0.006
GNSS-01,327,0.004741,-0.003645,0.166053,0.0025,0.0025,0.006
GNSS-01,328,0.005302,-0.005729,0.166654,0.0025,0.0025,0.006
GNSS-01,329,0.009009,-0.003216,0.174393,0.0025,0.0025,0.006
GNSS-01,330,0.010379,-0.002075,0.16893,0.0025,0.0025,0.006
GNSS-02,0,-0.002209,-0.00313,-0.007064,0.0025,0.0025,0.006
GNSS-02,1,-0.004073,0.003021,0.009515,0.0025,0.0025,0.006
GNSS-02,2,-0.000839,0.001924,0.004405,0.0025,0.0025,0.006
GNSS-02,3,0.001528,-0.002544,0.005186,0.0025,0.0025,0.006
GNSS-02,4,0.002217,0.001433,0.009473,0.0025,0.0025,0.006
GNSS-02,5,0.002375,-0.006373,0.003289,0.0025,0.0025,0.006
GNSS-02,6,-0.003003,-0.000318,0.00856,0.0025,0.0025,0.006
GNSS-02,7,-0.002776,-0.000941,0.000357,0.0025,0.0025,0.006
GNSS-02,8,-7.1e-05,0.001941,-0.004199,0.0025,0.0025,0.006
GNSS-02,9,-0.00078,0.005631,0.007554,0.0025,0.0025,0.006
GNSS-02,10,-0.001247,-0.000523,0.002756,0.0025,0.0025,0.006
GNSS-02,11,0.001352,0.003439,0.005806,0.0025,0.0025,0.006
GNSS-02,12,0.002013,0.005618,0.011844,0.0025,0.0025,0.006
GNSS-02,13,0.001304,0.004,0.006505,0.0025,0.0025,0.006
GNSS-02,14,0.003203,4.8e-05,0.002216,0.0025,0.0025,0.006
GNSS-02,15,-0.003896,0.00147,0.012371,0.0025,0.0025,0.006
GNSS-02,16,0.001473,2.5e-05,-0.00085,0.0025,0.0025,0.006
GNSS-02,17,-0.000829,0.000426,0.010142,0.0025,0.0025,0.006
GNSS-02,18,-0.001766,-0.00836,0.010006,0.0025,0.0025,0.006
GNSS-02,19,0.003086,0.002004,-0.000459,0.0025,0.0025,0.006
GNSS-02,20,-0.005578,0.000561,-0.00072,0.0025,0.0025,0.006
GNSS-02,21,-0.007829,0.003741,0.013939,0.0025,0.0025,0.006
GNSS-02,22,-0.002378,0.000268,0.007327,0.0025,0.0025,0.006
GNSS-02,23,-0.002704,0.001529,0.015366,0.0025,0.0025,0.006
GNSS-02,24,-0.003712,0.000908,0.002157,0.0025,0.0025,0.006
GNSS-02,25,-0.001816,0.006931,0.001693,0.0025,0.0025,0.006
GNSS-02,26,-0.002467,0.007798,0.009687,0.0025,0.0025,0.006
GNSS-02,27,-3.8e-05,-0.00098,0.025682,0.0025,0.0025,0.006
GNSS-02,28,-0.000721,-0.001047,0.009179,0.0025,0.0025,0.006
GNSS-02,29,-0.000336,-0.000942,0.007868,0.0025,0.0025,0.006
GNSS-02,30,-0.00231,-0.004358,0.005974,0.0025,0.0025,0.006
GNSS-02,31,-0.006952,0.002932,0.015375,0.0025,0.0025,0.006
GNSS-02,32,-0.000912,0.007043,0.020203,0.0025,0.0025,0.006
GNSS-02,33,0.001908,0.001133,0.016932,0.0025,0.0025,0.006
GNSS-02,34,-0.001728,0.005258,0.014171,0.0025,0.0025,0.006
GNSS-02,35,-0.001662,0.004512,0.008566,0.0025,0.0025,0.006
GNSS-02,36,-0.004144,0.00627,0.013042,0.0025,0.0025,0.006
GNSS-02,37,-0.002329,0.001868,0.011612,0.0025,0.0025,0.006
GNSS-02,38,0.003455,0.004254,0.008787,0.0025,0.0025,0.006
GNSS-02,39,-0.000782,0.005844,0.024231,0.0025,0.0025,0.006
GNSS-02,40,-0.004418,0.001814,0.01321,0.0025,0.0025,0.006
GNSS-02,41,-0.000117,0.002461,0.022527,0.0025,0.0025,0.006
GNSS-02,42,-0.004015,0.001678,0.026086,0.0025,0.0025,0.006
GNSS-02,43,0.002218,-0.001289,0.023237,0.0025,0.0025,0.006
GNSS-02,44,-0.0057,0.00653,0.023417,0.0025,0.0025,0.006
GNSS-02,45,-0.002669,0.004497,0.025929,0.0025,0.0025,0.006
GNSS-02,46,0.003331,0.001682,0.027252,0.0025,0.0025,0.006
GNSS-02,47,-0.001487,0.0057,0.021355,0.0025,0.0025,0.006
GNSS-02,48,-0.009557,0.00189,0.015218,0.0025,0.0025,0.006
GNSS-02,49,-0.006079,0.006021,0.011097,0.0025,0.0025,0.006
GNSS-02,50,-0.009744,0.002458,0.023624,0.0025,0.0025,0.006
GNSS-02,51,-0.00587,0.008841,0.028131,0.0025,0.0025,0.006
GNSS-02,52,-0.007263,0.003337,0.016332,0.0025,0.0025,0.006
GNSS-02,53,-0.003211,0.006111,0.033626,0.0025,0.0025,0.006
GNSS-02,54,-0.001754,0.006158,0.015183,0.0025,0.0025,0.006
GNSS-02,55,-0.002275,0.000744,0.024109,0.0025,0.0025,0.006
GNSS-02,56,-0.00611,0.005686,0.012636,0.0025,0.0025,0.006
GNSS-02,57,-0.006114,0.003204,0.018105,0.0025,0.0025,0.006
GNSS-02,58,-0.007438,0.003994,0.01808,0.0025,0.0025,0.006
GNSS-02,59,-0.00296,0.001486,0.03018,0.0025,0.0025,0.006
GNSS-02,60,0.001265,0.008015,0.026047,0.0025,0.0025,0.006
GNSS-02,61,-0.005753,-0.001423,0.017202,0.0025,0.0025,0.006
GNSS-02,62,-0.003639,0.002966,0.037931,0.0025,0.0025,0.006
GNSS-02,63,-0.005732,0.002864,0.021695,0.0025,0.0025,0.006
GNSS-02,64,-0.003607,0.007979,0.030592,0.0025,0.0025,0.006
GNSS-02,65,-0.007057,0.002632,0.020756,0.0025,0.0025,0.006
GNSS-02,66,0.003137,-0.001311,0.034375,0.0025,0.0025,0.006
GNSS-02,67,-0.007103,0.004604,0.028754,0.0025,0.0025,0.006
GNSS-02,68,-0.00523,0.004726,0.023022,0.0025,0.0025,0.006
GNSS-02,69,-0.005853,0.005415,0.026545,0.0025,0.0025,0.006
GNSS-02,70,-0.0017,0.002694,0.027101,0.0025,0.0025,0.006
GNSS-02,71,-0.005635,0.008624,0.033651,0.0025,0.0025,0.006
GNSS-02,72,-0.004458,0.007711,0.033912,0.0025,0.0025,0.006
GNSS-02,73,-0.004513,0.003439,0.030987,0.0025,0.0025,0.006
GNSS-02,74,-0.001796,0.007102,0.026355,0.0025,0.0025,0.006
GNSS-02,75,-0.002499,0.007642,0.02626,0.0025,0.0025,0.006
GNSS-02,76,-0.006271,0.008462,0.037731,0.0025,0.0025,0.006
GNSS-02,77,-0.010696,0.009219,0.028241,0.0025,0.0025,0.006
GNSS-02,78,-0.003154,0.00221,0.021925,0.0025,0.0025,0.006
GNSS-02,79,-0.00535,0.00578,0.039596,0.0025,0.0025,0.006
GNSS-02,80,-0.0014,0.007637,0.041852,0.0025,0.0025,0.006
GNSS-02,81,-0.006082,0.00897,0.02247,0.0025,0.0025,0.006
GNSS-02,82,-0.003246,0.009055,0.023475,0.0025,0.0025,0.006
GNSS-02,83,-0.005325,0.006322,0.037734,0.0025,0.0025,0.006
GNSS-02,84,-0.009174,0.002328,0.037592,0.0025,0.0025,0.006
GNSS-02,85,-0.006873,0.005605,0.028829,0.0025,0.0025,0.006
GNSS-02,86,-0.008004,0.010736,0.034093,0.0025,0.0025,0.006
GNSS-02,87,-0.006155,0.009358,0.037414,0.0025,0.0025,0.006
GNSS-02,88,-0.007098,0.01258,0.036839,0.0025,0.0025,0.006
GNSS-02,89,-0.006615,0.011733,0.039912,0.0025,0.0025,0.006
GNSS-02,90,-0.004768,0.014565,0.034827,0.0025,0.0025,0.006
GNSS-02,91,-0.00604,0.006413,0.030317,0.0025,0.0025,0.006
GNSS-02,92,-0.006868,0.0067,0.045024,0.0025,0.0025,0.006
GNSS-02,93,-0.003609,0.005132,0.04004,0.0025,0.0025,0.006
GNSS-02,94,-0.008452,0.001788,0.033811,0.0025,0.0025,0.006
GNSS-02,95,-0.010664,0.002751,0.032518,0.0025,0.0025,0.006
GNSS-02,96,-0.002696,0.00848,0.037982,0.0025,0.0025,0.006
GNSS-02,97,-0.007354,0.007482,0.034352,0.0025,0.0025,0.006
GNSS-02,98,-0.005644,0.007417,0.025573,0.0025,0.0025,0.006
GNSS-02,99,-0.009667,0.009929,0.036373,0.0025,0.0025,0.006
GNSS-02,100,-0.011317,0.008432,0.037175,0.0025,0.0025,0.006
GNSS-02,101,-0.005825,0.012176,0.037888,0.0025,0.0025,0.006
GNSS-02,102,0.001016,0.002356,0.035,0.0025,0.0025,0.006
GNSS-02,103,-0.003934,0.009798,0.032171,0.0025,0.0025,0.006
GNSS-02,104,-0.003714,0.007148,0.045907,0.0025,0.0025,0.006
GNSS-02,105,-0.003705,0.009435,0.049498,0.0025,0.0025,0.006
GNSS-02,106,-0.009473,0.00587,0.04185,0.0025,0.0025,0.006
GNSS-02,107,-0.006644,0.013092,0.039432,0.0025,0.0025,0.006
GNSS-02,108,-0.008295,0.012396,0.032277,0.0025,0.0025,0.006
GNSS-02,109,-0.005596,0.013607,0.040556,0.0025,0.0025,0.006
GNSS-02,110,-0.007266,0.010067,0.042329,0.0025,0.0025,0.006
GNSS-02,111,-0.009843,0.006584,0.041892,0.0025,0.0025,0.006
GNSS-02,112,-0.015082,0.016554,0.05995,0.0025,0.0025,0.006
GNSS-02,113,-0.006001,0.003141,0.038049,0.0025,0.0025,0.006
GNSS-02,114,-0.008193,0.009507,0.051892,0.0025,0.0025,0.006
GNSS-02,115,-0.009682,0.011197,0.044207,0.0025,0.0025,0.006
GNSS-02,116,-0.004766,0.008043,0.057154,0.0025,0.0025,0.006
GNSS-02,117,-0.005601,0.008235,0.035506,0.0025,0.0025,0.006
GNSS-02,118,-0.003083,0.004386,0.037637,0.0025,0.0025,0.006
GNSS-02,119,-0.005764,0.011863,0.042461,0.0025,0.0025,0.006
GNSS-02,120,-0.007966,0.006961,0.051539,0.0025,0.0025,0.006
GNSS-02,121,-0.006317,0.016804,0.046218,0.0025,0.0025,0.006
GNSS-02,122,-0.013714,0.005438,0.064559,0.0025,0.0025,0.006
GNSS-02,123,-0.009807,0.009754,0.039348,0.0025,0.0025,0.006
GNSS-02,124,-0.00612,0.0095,0.053592,0.0025,0.0025,0.006
GNSS-02,125,-0.010004,0.010847,0.049403,0.0025,0.0025,0.006
GNSS-02,126,-0.011461,0.01258,0.050407,0.0025,0.0025,0.006
GNSS-02,127,-0.010323,0.01036,0.055802,0.0025,0.0025,0.006
GNSS-02,128,-0.008266,0.010025,0.055569,0.0025,0.0025,0.006
GNSS-02,129,-0.010756,0.014727,0.041061,0.0025,0.0025,0.006
GNSS-02,130,-0.00433,0.010618,0.048559,0.0025,0.0025,0.006
GNSS-02,131,-0.006932,0.008472,0.050319,0.0025,0.0025,0.006
GNSS-02,132,-0.006959,0.004585,0.053807,0.0025,0.0025,0.006
GNSS-02,133,-0.00945,0.013773,0.065663,0.0025,0.0025,0.006
GNSS-02,134,-0.005088,0.009252,0.054774,0.0025,0.0025,0.006
GNSS-02,135,-0.008414,0.013099,0.056377,0.0025,0.0025,0.006
GNSS-02,136,-0.007204,0.011751,0.05555,0.0025,0.0025,0.006
GNSS-02,137,-0.013344,0.009011,0.051281,0.0025,0.0025,0.006
GNSS-02,138,-0.009669,0.008615,0.04686,0.0025,0.0025,0.006
GNSS-02,139,-0.009457,0.01133,0.044619,0.0025,0.0025,0.006
GNSS-02,140,-0.009795,0.011584,0.063415,0.0025,0.0025,0.006
GNSS-02,141,-0.011801,0.00962,0.063702,0.0025,0.0025,0.006
GNSS-02,142,-0.008145,0.010345,0.055771,0.0025,0.0025,0.006
GNSS-02,143,-0.007116,0.007995,0.060983,0.0025,0.0025,0.006
GNSS-02,144,-0.009157,0.008434,0.061374,0.0025,0.0025,0.006
GNSS-02,145,-0.013491,0.009921,0.063128,0.0025,0.0025,0.006
GNSS-02,146,-0.012377,0.010204,0.058447,0.0025,0.0025,0.006
GNSS-02,147,-0.012259,0.008274,0.05382,0.0025,0.0025,0.006
GNSS-02,148,-0.015342,0.014022,0.065395,0.0025,0.0025,0.006
GNSS-02,149,-0.007801,0.013385,0.068965,0.0025,0.0025,0.006
GNSS-02,150,-0.005802,0.00941,0.066674,0.0025,0.0025,0.006
GNSS-02,151,-0.010843,0.00999,0.062049,0.0025,0.0025,0.006
GNSS-02,152,-0.009368,0.011772,0.079591,0.0025,0.0025,0.006
GNSS-02,153,-0.005296,0.010644,0.056882,0.0025,0.0025,0.006
GNSS-02,154,-0.00805,0.009845,0.077458,0.0025,0.0025,0.006
GNSS-02,155,-0.004296,0.004188,0.056144,0.0025,0.0025,0.006
GNSS-02,156,-0.009624,0.008028,0.063542,0.0025,0.0025,0.006
GNSS-02,157,-0.008064,0.009531,0.062825,0.0025,0.0025,0.006
GNSS-02,158,-0.009713,0.014617,0.069499,0.0025,0.0025,0.006
GNSS-02,159,-0.007758,0.010554,0.07469,0.0025,0.0025,0.006
GNSS-02,160,-0.010895,0.010634,0.074147,0.0025,0.0025,0.006
GNSS-02,161,-0.012068,0.010901,0.061268,0.0025,0.0025,0.006
GNSS-02,162,-0.013361,0.019479,0.060212,0.0025,0.0025,0.006
GNSS-02,163,-0.015321,0.009684,0.066134,0.0025,0.0025,0.006
GNSS-02,164,-0.01217,0.012981,0.059807,0.0025,0.0025,0.006
GNSS-02,165,-0.005991,0.011432,0.067588,0.0025,0.0025,0.006
GNSS-02,166,-0.016445,0.009854,0.075371,0.0025,0.0025,0.006
GNSS-02,167,-0.011392,0.011246,0.074542,0.0025,0.0025,0.006
GNSS-02,168,-0.010873,0.00999,0.070626,0.0025,0.0025,0.006
GNSS-02,169,-0.00726,0.013603,0.068772,0.0025,0.0025,0.006
GNSS-02,170,-0.013559,0.019765,0.073268,0.0025,0.0025,0.006
GNSS-02,171,-0.010854,0.012743,0.072857,0.0025,0.0025,0.006
GNSS-02,172,-0.013387,0.02109,0.066037,0.0025,0.0025,0.006
GNSS-02,173,-0.007938,0.016312,0.076104,0.0025,0.0025,0.006
GNSS-02,174,-0.013975,0.014743,0.082404,0.0025,0.0025,0.006
GNSS-02,175,-0.012261,0.008824,0.076626,0.0025,0.0025,0.006
GNSS-02,176,-0.009888,0.014689,0.068499,0.0025,0.0025,0.006
GNSS-02,177,-0.014225,0.012679,0.072285,0.0025,0.0025,0.006
GNSS-02,178,-0.010524,0.01202,0.084991,0.0025,0.0025,0.006
GNSS-02,179,-0.013387,0.015658,0.071816,0.0025,0.0025,0.006
GNSS-02,180,-0.011678,0.016681,0.0784,0.0025,0.0025,0.006
GNSS-02,181,-0.012559,0.018279,0.084434,0.0025,0.0025,0.006
GNSS-02,182,-0.007977,0.014093,0.085061,0.0025,0.0025,0.006
GNSS-02,183,-0.009585,0.01393,0.074778,0.0025,0.0025,0.006
GNSS-02,184,-0.012741,0.018902,0.062595,0.0025,0.0025,0.006
GNSS-02,185,-0.014464,0.010421,0.06479,0.0025,0.0025,0.006
GNSS-02,186,-0.011178,0.011923,0.08171,0.0025,0.0025,0.006
GNSS-02,187,-0.015063,0.017117,0.085383,0.0025,0.0025,0.006
GNSS-02,188,-0.018972,0.015961,0.077751,0.0025,0.0025,0.006
GNSS-02,189,-0.009549,0.016243,0.07993,0.0025,0.0025,0.006
GNSS-02,190,-0.011079,0.01078,0.077369,0.0025,0.0025,0.006
GNSS-02,191,-0.007025,0.017438,0.087499,0.0025,0.0025,0.006
GNSS-02,192,-0.015053,0.011451,0.079755,0.0025,0.0025,0.006
GNSS-02,193,-0.010029,0.015825,0.084671,0.0025,0.0025,0.006
GNSS-02,194,-0.013409,0.014172,0.078452,0.0025,0.0025,0.006
GNSS-02,195,-0.017098,0.011102,0.077286,0.0025,0.0025,0.006
GNSS-02,196,-0.013769,0.018958,0.085327,0.0025,0.0025,0.006
GNSS-02,197,-0.012472,0.016411,0.085957,0.0025,0.0025,0.006
GNSS-02,198,-0.018508,0.012865,0.080219,0.0025,0.0025,0.006
GNSS-02,199,-0.01439,0.014425,0.092936,0.0025,0.0025,0.006
GNSS-02,200,-0.013854,0.01282,0.064151,0.0025,0.0025,0.006
GNSS-02,201,-0.020375,0.021716,0.088218,0.0025,0.0025,0.006
GNSS-02,202,-0.019311,0.015814,0.083047,0.0025,0.0025,0.006
GNSS-02,203,-0.012267,0.02249,0.083224,0.0025,0.0025,0.006
GNSS-02,204,-0.008388,0.016673,0.086909,0.0025,0.0025,0.006
GNSS-02,205,-0.013545,0.01723,0.091352,0.0025,0.0025,0.006
GNSS-02,206,-0.014012,0.018193,0.085717,0.0025,0.0025,0.006
GNSS-02,207,-0.015045,0.016952,0.080981,0.0025,0.0025,0.006
GNSS-02,208,-0.01348,0.016944,0.095207,0.0025,0.0025,0.006
GNSS-02,209,-0.014516,0.016202,0.099813,0.0025,0.0025,0.006
GNSS-02,210,-0.014927,0.019475,0.096841,0.0025,0.0025,0.006
GNSS-02,211,-0.012794,0.017764,0.096148,0.0025,0.0025,0.006
GNSS-02,212,-0.013457,0.015468,0.091374,0.0025,0.0025,0.006
GNSS-02,213,-0.010704,0.018947,0.085825,0.0025,0.0025,0.006
GNSS-02,214,-0.015178,0.020085,0.091131,0.0025,0.0025,0.006
GNSS-02,215,-0.014634,0.015276,0.102005,0.0025,0.0025,0.006
GNSS-02,216,-0.015086,0.017129,0.093389,0.0025,0.0025,0.006
GNSS-02,217,-0.015688,0.022096,0.100758,0.0025,0.0025,0.006
GNSS-02,218,-0.016015,0.025197,0.090434,0.0025,0.0025,0.006
GNSS-02,219,-0.010929,0.019112,0.10892,0.0025,0.0025,0.006
GNSS-02,220,-0.016968,0.018043,0.098076,0.0025,0.0025,0.006
GNSS-02,221,-0.016071,0.021113,0.094681,0.0025,0.0025,0.006
GNSS-02,222,-0.014738,0.023307,0.100264,0.0025,0.0025,0.006
GNSS-02,223,-0.02031,0.016183,0.102103,0.0025,0.0025,0.006
GNSS-02,224,-0.018905,0.015556,0.112579,0.0025,0.0025,0.006
GNSS-02,225,-0.018214,0.016968,0.097511,0.0025,0.0025,0.006
GNSS-02,226,-0.018243,0.02278,0.113426,0.0025,0.0025,0.006
GNSS-02,227,-0.00759,0.018934,0.103214,0.0025,0.0025,0.006
GNSS-02,228,-0.020775,0.024431,0.095513,0.0025,0.0025,0.006
GNSS-02,229,-0.012632,0.022117,0.097674,0.0025,0.0025,0.006
GNSS-02,230,-0.016161,0.019685,0.111025,0.0025,0.0025,0.006
GNSS-02,231,-0.020331,0.020542,0.10468,0.0025,0.0025,0.006
GNSS-02,232,-0.01523,0.016135,0.105272,0.0025,0.0025,0.006
GNSS-02,233,-0.015923,0.024135,0.097471,0.0025,0.0025,0.006
GNSS-02,234,-0.023143,0.019564,0.111043,0.0025,0.0025,0.006
GNSS-02,235,-0.017605,0.019897,0.100389,0.0025,0.0025,0.006
GNSS-02,236,-0.019885,0.019601,0.108956,0.0025,0.0025,0.006
GNSS-02,237,-0.016262,0.017558,0.108662,0.0025,0.0025,0.006
GNSS-02,238,-0.017579,0.02176,0.10609,0.0025,0.0025,0.006
GNSS-02,239,-0.013622,0.023743,0.099318,0.0025,0.0025,0.006
GNSS-02,240,-0.014546,0.019875,0.114407,0.0025,0.0025,0.006
GNSS-02,241,-0.01819,0.020653,0.106371,0.0025,0.0025,0.006
GNSS-02,242,-0.011715,0.02619,0.100187,0.0025,0.0025,0.006
GNSS-02,243,-0.016999,0.023505,0.114288,0.0025,0.0025,0.006
GNSS-02,244,-0.014455,0.022411,0.113773,0.0025,0.0025,0.006
GNSS-02,245,-0.020084,0.024789,0.113021,0.0025,0.0025,0.006
GNSS-02,246,-0.017759,0.016132,0.112622,0.0025,0.0025,0.006
GNSS-02,247,-0.014777,0.023368,0.115819,0.0025,0.0025,0.006
GNSS-02,248,-0.015581,0.021557,0.108757,0.0025,0.0025,0.006
GNSS-02,249,-0.019188,0.025295,0.114689,0.0025,0.0025,0.006
GNSS-02,250,-0.022969,0.018756,0.117164,0.0025,0.0025,0.006
GNSS-02,251,-0.016734,0.01768,0.100539,0.0025,0.0025,0.006
GNSS-02,252,-0.022381,0.017989,0.124391,0.0025,0.0025,0.006
GNSS-02,253,-0.022539,0.020042,0.11664,0.0025,0.0025,0.006
GNSS-02,254,-0.019353,0.023404,0.109758,0.0025,0.0025,0.006
GNSS-02,255,-0.009891,0.022945,0.121708,0.0025,0.0025,0.006
GNSS-02,256,-0.02607,0.022155,0.121838,0.0025,0.0025,0.006
GNSS-02,257,-0.020588,0.0203,0.11222,0.0025,0.0025,0.006
GNSS-02,258,-0.018848,0.012936,0.124143,0.0025,0.0025,0.006
GNSS-02,259,-0.024018,0.020065,0.111364,0.0025,0.0025,0.006
GNSS-02,260,-0.018854,0.020489,0.117874,0.0025,0.0025,0.006
GNSS-02,261,-0.015505,0.019925,0.117333,0.0025,0.0025,0.006
GNSS-02,262,-0.020379,0.027027,0.119983,0.0025,0.0025,0.006
GNSS-02,263,-0.016026,0.024692,0.125041,0.0025,0.0025,0.006
GNSS-02,264,-0.018709,0.027018,0.116139,0.0025,0.0025,0.006
GNSS-02,265,-0.021152,0.019535,0.121269,0.0025,0.0025,0.006
GNSS-02,266,-0.014775,0.025776,0.134187,0.0025,0.0025,0.006
GNSS-02,267,-0.021178,0.023959,0.124027,0.0025,0.0025,0.006
GNSS-02,268,-0.022433,0.020056,0.12957,0.0025,0.0025,0.006
GNSS-02,269,-0.019209,0.025001,0.12594,0.0025,0.0025,0.006
GNSS-02,270,-0.016696,0.023637,0.128651,0.0025,0.0025,0.006
GNSS-02,271,-0.02033,0.023759,0.136238,0.0025,0.0025,0.006
GNSS-02,272,-0.020009,0.02082,0.127558,0.0025,0.0025,0.006
GNSS-02,273,-0.024436,0.025725,0.124468,0.0025,0.0025,0.006
GNSS-02,274,-0.02763,0.026115,0.118315,0.0025,0.0025,0.006
GNSS-02,275,-0.023049,0.026002,0.120178,0.0025,0.0025,0.006
GNSS-02,276,-0.024537,0.025233,0.119472,0.0025,0.0025,0.006
GNSS-02,277,-0.021746,0.024399,0.122126,0.0025,0.0025,0.006
GNSS-02,278,-0.01616,0.017845,0.135718,0.0025,0.0025,0.006
GNSS-02,279,-0.02108,0.022138,0.133488,0.0025,0.0025,0.006
GNSS-02,280,-0.019367,0.021782,0.138676,0.0025,0.0025,0.006
GNSS-02,281,-0.026136,0.028816,0.137087,0.0025,0.0025,0.006
GNSS-02,282,-0.023155,0.03112,0.140026,0.0025,0.0025,0.006
GNSS-02,283,-0.019133,0.022231,0.143934,0.0025,0.0025,0.006
GNSS-02,284,-0.020316,0.025567,0.132036,0.0025,0.0025,0.006
GNSS-02,285,-0.018486,0.027257,0.144749,0.0025,0.0025,0.006
GNSS-02,286,-0.020847,0.020044,0.129487,0.0025,0.0025,0.006
GNSS-02,287,-0.023017,0.025432,0.145896,0.0025,0.0025,0.006
GNSS-02,288,-0.025494,0.031129,0.130969,0.0025,0.0025,0.006
GNSS-02,289,-0.021866,0.023223,0.134442,0.0025,0.0025,0.006
GNSS-02,290,-0.020574,0.024341,0.142111,0.0025,0.0025,0.006
GNSS-02,291,-0.024513,0.02366,0.134916,0.0025,0.0025,0.006
GNSS-02,292,-0.022194,0.027622,0.135287,0.0025,0.0025,0.006
GNSS-02,293,-0.02013,0.032025,0.134564,0.0025,0.0025,0.006
GNSS-02,294,-0.020205,0.027523,0.145604,0.0025,0.0025,0.006
GNSS-02,295,-0.027188,0.022326,0.141567,0.0025,0.0025,0.006
GNSS-02,296,-0.022864,0.028217,0.135702,0.0025,0.0025,0.006
GNSS-02,297,-0.022808,0.033668,0.132251,0.0025,0.0025,0.006
GNSS-02,298,-0.027281,0.030868,0.153396,0.0025,0.0025,0.006
GNSS-02,299,-0.029226,0.028577,0.142056,0.0025,0.0025,0.006
GNSS-02,300,-0.022487,0.032524,0.140169,0.0025,0.0025,0.006
GNSS-02,301,-0.019946,0.026635,0.141915,0.0025,0.0025,0.006
GNSS-02,302,-0.022478,0.028956,0.143589,0.0025,0.0025,0.006
GNSS-02,303,-0.026322,0.028122,0.147801,0.0025,0.0025,0.006
GNSS-02,304,-0.024652,0.028068,0.14824,0.0025,0.0025,0.006
GNSS-02,305,-0.018748,0.034122,0.142669,0.0025,0.0025,0.006
GNSS-02,306,-0.022221,0.027235,0.149683,0.0025,0.0025,0.006
GNSS-02,307,-0.022335,0.028346,0.150349,0.0025,0.0025,0.006
GNSS-02,308,-0.019251,0.029578,0.154195,0.0025,0.0025,0.006
GNSS-02,309,-0.030306,0.022934,0.161015,0.0025,0.0025,0.006
GNSS-02,310,-0.027204,0.029498,0.151435,0.0025,0.0025,0.006
GNSS-02,311,-0.025938,0.026029,0.147872,0.0025,0.0025,0.006
GNSS-02,312,-0.023335,0.030289,0.145739,0.0025,0.0025,0.006
GNSS-02,313,-0.022108,0.027838,0.148037,0.0025,0.0025,0.006
GNSS-02,314,-0.022577,0.030258,0.156154,0.0025,0.0025,0.006
GNSS-02,315,-0.021345,0.021818,0.154292,0.0025,0.0025,0.006
GNSS-02,316,-0.026229,0.0289,0.142989,0.0025,0.0025,0.006
GNSS-02,317,-0.022022,0.031047,0.149809,0.0025,0.0025,0.006
GNSS-02,318,-0.034102,0.030009,0.146797,0.0025,0.0025,0.006
GNSS-02,319,-0.025352,0.027171,0.159458,0.0025,0.0025,0.006
GNSS-02,320,-0.029785,0.032855,0.154718,0.0025,0.0025,0.006
GNSS-02,321,-0.030907,0.025483,0.158115,0.0025,0.0025,0.006
GNSS-02,322,-0.02558,0.024782,0.150872,0.0025,0.0025,0.006
GNSS-02,323,-0.025347,0.031087,0.150432,0.0025,0.0025,0.006
GNSS-02,324,-0.020683,0.030709,0.135715,0.0025,0.0025,0.006
GNSS-02,325,-0.023678,0.028801,0.162252,0.0025,0.0025,0.006
GNSS-02,326,-0.024634,0.02801,0.155292,0.0025,0.0025,0.006
GNSS-02,327,-0.029081,0.027721,0.15598,0.0025,0.0025,0.006
GNSS-02,328,-0.031365,0.028401,0.144499,0.0025,0.0025,0.006
GNSS-02,329,-0.025775,0.030784,0.158091,0.0025,0.0025,0.006
GNSS-02,330,-0.028961,0.032865,0.153566,0.0025,0.0025,0.006
GNSS-03,0,-0.008168,-0.005603,-0.016276,0.004,0.004,0.009
GNSS-03,1,0.007446,-0.002103,0.004448,0.004,0.004,0.009
GNSS-03,2,-0.005261,0.003261,0.004377,0.004,0.004,0.009
GNSS-03,3,-0.003035,-0.002989,-0.000183,0.004,0.004,0.009
GNSS-03,4,-0.002537,-0.003001,0.019284,0.004,0.004,0.009
GNSS-03,5,-0.004906,0.00791,-0.016848,0.004,0.004,0.009
GNSS-03,6,0.002703,-0.006562,0.000278,0.004,0.004,0.009
GNSS-03,7,-0.001699,0.001375,-0.005476,0.004,0.004,0.009
GNSS-03,8,-0.006613,0.005322,6.1e-05,0.004,0.004,0.009
GNSS-03,9,0.008281,0.001036,0.002507,0.004,0.004,0.009
GNSS-03,10,-0.003179,0.001029,-0.002897,0.004,0.004,0.009
GNSS-03,11,0.00764,-0.004445,0.017851,0.004,0.004,0.009
GNSS-03,12,0.003292,0.00609,-0.003918,0.004,0.004,0.009
GNSS-03,13,0.005415,0.005602,1.9e-05,0.004,0.004,0.009
GNSS-03,14,-0.004143,0.001987,-0.009217,0.004,0.004,0.009
GNSS-03,15,-0.009971,0.000689,0.006418,0.004,0.004,0.009
GNSS-03,16,-0.002737,0.000653,0.007313,0.004,0.004,0.009
GNSS-03,17,0.006632,0.005358,-0.00272,0.004,0.004,0.009
GNSS-03,18,-0.002042,-0.001893,0.004618,0.004,0.004,0.009
GNSS-03,19,-0.006933,0.005969,-0.02225,0.004,0.004,0.009
GNSS-03,20,-0.000852,0.002431,0.001424,0.004,0.004,0.009
GNSS-03,21,-0.008532,0.005913,0.024089,0.004,0.004,0.009
GNSS-03,22,-0.002377,0.003581,0.00198,0.004,0.004,0.009
GNSS-03,23,0.0004,0.000272,-0.009707,0.004,0.004,0.009
GNSS-03,24,-0.007409,0.00253,0.00694,0.004,0.004,0.009
GNSS-03,25,0.005587,-0.000847,0.009165,0.004,0.004,0.009
GNSS-03,26,-0.002172,0.004549,0.009284,0.004,0.004,0.009
GNSS-03,27,-0.002284,0.004306,0.00537,0.004,0.004,0.009
GNSS-03,28,-0.005468,0.007944,0.024493,0.004,0.004,0.009
GNSS-03,29,-0.00078,0.006756,-0.008432,0.004,0.004,0.009
GNSS-03,30,-0.000615,-0.009209,-0.007794,0.004,0.004,0.009
GNSS-03,31,-0.004838,-0.000812,0.013069,0.004,0.004,0.009
GNSS-03,32,0.004458,-0.001517,0.008576,0.004,0.004,0.009
GNSS-03,33,0.004265,0.00906,-0.006688,0.004,0.004,0.009
GNSS-03,34,0.003084,-0.006927,-0.002861,0.004,0.004,0.009
GNSS-03,35,-0.001411,-0.007315,-0.009456,0.004,0.004,0.009
GNSS-03,36,-0.006252,0.003847,-0.018168,0.004,0.004,0.009
GNSS-03,37,0.003405,0.000249,0.012671,0.004,0.004,0.009
GNSS-03,38,0.006887,0.00484,0.022046,0.004,0.004,0.009
GNSS-03,39,-0.002205,0.000887,-0.000447,0.004,0.004,0.009
GNSS-03,40,-0.001655,0.009931,0.00471,0.004,0.004,0.009
GNSS-03,41,0.002531,0.000972,0.006719,0.004,0.004,0.009
GNSS-03,42,-0.004242,0.001745,0.019686,0.004,0.004,0.009
GNSS-03,43,0.003708,-0.000127,-0.011577,0.004,0.004,0.009
GNSS-03,44,-0.001689,-0.000626,0.016085,0.004,0.004,0.009
GNSS-03,45,0.003431,0.008602,0.005261,0.004,0.004,0.009
GNSS-03,46,-0.004147,0.003837,0.001279,0.004,0.004,0.009
GNSS-03,47,-0.001772,0.002259,0.009857,0.004,0.004,0.009
GNSS-03,48,-0.007995,-0.00416,0.000695,0.004,0.004,0.009
GNSS-03,49,0.002696,0.00914,-0.004222,0.004,0.004,0.009
GNSS-03,50,-0.00393,0.00638,0.006089,0.004,0.004,0.009
GNSS-03,51,0.001467,0.005249,-0.005656,0.004,0.004,0.009
GNSS-03,52,-0.00663,0.013393,0.015781,0.004,0.004,0.009
GNSS-03,53,0.003873,-0.001668,0.005885,0.004,0.004,0.009
GNSS-03,54,-0.004894,0.001945,-0.002493,0.004,0.004,0.009
GNSS-03,55,-0.005886,0.000552,0.020055,0.004,0.004,0.009
GNSS-03,56,-0.010098,0.010173,0.01026,0.004,0.004,0.009
GNSS-03,57,0.005681,0.003355,-0.008195,0.004,0.004,0.009
GNSS-03,58,-0.001942,0.002747,-0.003333,0.004,0.004,0.009
GNSS-03,59,-0.00989,0.013338,0.02055,0.004,0.004,0.009
GNSS-03,60,0.004723,0.00487,0.006354,0.004,0.004,0.009
GNSS-03,61,0.003552,0.006743,0.001695,0.004,0.004,0.009
GNSS-03,62,-0.003981,0.004828,0.0166,0.004,0.004,0.009
GNSS-03,63,-0.005619,-0.000975,0.003565,0.004,0.004,0.009
GNSS-03,64,-0.001968,0.014085,0.013525,0.004,0.004,0.009
GNSS-03,65,-0.00589,0.005457,0.004322,0.004,0.004,0.009
GNSS-03,66,0.009878,0.004233,0.013768,0.004,0.004,0.009
GNSS-03,67,-0.003615,0.006628,0.012004,0.004,0.004,0.009
GNSS-03,68,-0.006896,-0.001029,0.013293,0.004,0.004,0.009
GNSS-03,69,0.004614,0.004212,-0.001856,0.004,0.004,0.009
GNSS-03,70,0.003526,0.00278,0.008665,0.004,0.004,0.009
GNSS-03,71,0.0005,0.005144,0.008224,0.004,0.004,0.009
GNSS-03,72,-0.006932,0.001457,0.016581,0.004,0.004,0.009
GNSS-03,73,0.000955,0.002269,-0.003659,0.004,0.004,0.009
GNSS-03,74,0.006334,0.006489,0.009589,0.004,0.004,0.009
GNSS-03,75,0.002444,0.005112,0.002766,0.004,0.004,0.009
GNSS-03,76,-0.001501,0.003882,0.025542,0.004,0.004,0.009
GNSS-03,77,-0.000328,0.012612,0.017462,0.004,0.004,0.009
GNSS-03,78,-0.000368,0.004208,0.015124,0.004,0.004,0.009
GNSS-03,79,-0.009171,-0.000772,0.006417,0.004,0.004,0.009
GNSS-03,80,-0.000345,0.003703,0.007237,0.004,0.004,0.009
GNSS-03,81,0.00076,0.015699,-0.004544,0.004,0.004,0.009
GNSS-03,82,0.002856,0.005174,-0.00219,0.004,0.004,0.009
GNSS-03,83,-0.003897,0.000619,-0.001106,0.004,0.004,0.009
GNSS-03,84,0.000462,0.001258,0.006733,0.004,0.004,0.009
GNSS-03,85,-0.006319,0.00515,0.002018,0.004,0.004,0.009
GNSS-03,86,0.000602,0.012979,-0.004081,0.004,0.004,0.009
GNSS-03,87,0.000283,0.002472,0.015206,0.004,0.004,0.009
GNSS-03,88,0.003046,0.005351,0.013854,0.004,0.004,0.009
GNSS-03,89,0.001155,0.00232,0.000542,0.004,0.004,0.009
GNSS-03,90,-0.008693,0.010241,0.000744,0.004,0.004,0.009
GNSS-03,91,-0.001567,0.008839,-0.006355,0.004,0.004,0.009
GNSS-03,92,-0.004889,0.004528,0.026535,0.004,0.004,0.009
GNSS-03,93,-0.004605,0.007193,0.022156,0.004,0.004,0.009
GNSS-03,94,-0.002182,0.00763,0.001731,0.004,0.004,0.009
GNSS-03,95,-0.004204,0.000896,0.010051,0.004,0.004,0.009
GNSS-03,96,-0.00254,0.007201,0.011934,0.004,0.004,0.009
GNSS-03,97,-0.000522,0.008843,-0.002442,0.004,0.004,0.009
GNSS-03,98,-0.000287,0.007872,0.003725,0.004,0.004,0.009
GNSS-03,99,0.005923,0.009731,-0.000601,0.004,0.004,0.009
GNSS-03,100,0.000299,0.009218,-0.005882,0.004,0.004,0.009
GNSS-03,101,0.003998,0.011795,0.004586,0.004,0.004,0.009
GNSS-03,102,0.006519,0.004111,0.010404,0.004,0.004,0.009
GNSS-03,103,-0.000116,0.004096,-0.00118,0.004,0.004,0.009
GNSS-03,104,0.000285,0.001053,0.005306,0.004,0.004,0.009
GNSS-03,105,0.000371,0.006076,0.005842,0.004,0.004,0.009
GNSS-03,106,0.002131,0.002498,0.015771,0.004,0.004,0.009
GNSS-03,107,-0.005316,0.013596,0.003332,0.004,0.004,0.009
GNSS-03,108,-0.001533,0.009893,0.00569,0.004,0.004,0.009
GNSS-03,109,-0.001086,0.013254,0.001235,0.004,0.004,0.009
GNSS-03,110,0.002221,0.005889,0.010994,0.004,0.004,0.009
GNSS-03,111,-0.007043,0.001436,0.006984,0.004,0.004,0.009
GNSS-03,112,-0.015148,0.010087,0.008449,0.004,0.004,0.009
GNSS-03,113,0.003656,0.002889,0.001829,0.004,0.004,0.009
GNSS-03,114,-0.003303,0.006769,0.005243,0.004,0.004,0.009
GNSS-03,115,0.00164,0.004972,0.025382,0.004,0.004,0.009
GNSS-03,116,0.004677,0.006164,0.007325,0.004,0.004,0.009
GNSS-03,117,0.002181,0.003106,-0.011965,0.004,0.004,0.009
GNSS-03,118,-0.003427,0.00905,0.006337,0.004,0.004,0.009
GNSS-03,119,0.00144,0.009568,-0.012721,0.004,0.004,0.009
GNSS-03,120,0.004594,0.003266,0.008738,0.004,0.004,0.009
GNSS-03,121,-0.001505,0.013039,0.009451,0.004,0.004,0.009
GNSS-03,122,-0.004591,0.005949,0.002369,0.004,0.004,0.009
GNSS-03,123,-0.000334,0.008184,0.021733,0.004,0.004,0.009
GNSS-03,124,0.005367,0.005973,-0.006065,0.004,0.004,0.009
GNSS-03,125,-0.004049,0.009095,0.00273,0.004,0.004,0.009
GNSS-03,126,-0.005759,0.003472,0.01626,0.004,0.004,0.009
GNSS-03,127,-0.002486,0.006712,-0.008244,0.004,0.004,0.009
GNSS-03,128,-0.004926,0.004077,0.014607,0.004,0.004,0.009
GNSS-03,129,-0.003743,0.008467,0.007584,0.004,0.004,0.009
GNSS-03,130,0.003055,0.010929,0.011892,0.004,0.004,0.009
GNSS-03,131,-0.000597,0.014861,-0.00176,0.004,0.004,0.009
GNSS-03,132,0.003763,-0.001139,0.014143,0.004,0.004,0.009
GNSS-03,133,-0.000604,0.014164,0.006743,0.004,0.004,0.009
GNSS-03,134,0.000966,0.01295,0.005093,0.004,0.004,0.009
GNSS-03,135,-0.005337,0.010018,-0.007109,0.004,0.004,0.009
GNSS-03,136,0.004288,0.014148,0.003823,0.004,0.004,0.009
GNSS-03,137,-0.004617,0.003697,0.009327,0.004,0.004,0.009
GNSS-03,138,-0.004775,0.003787,0.007058,0.004,0.004,0.009
GNSS-03,139,0.001149,0.010961,0.010776,0.004,0.004,0.009
GNSS-03,140,0.005213,0.009115,0.016971,0.004,0.004,0.009
GNSS-03,141,-0.004539,0.007301,0.001369,0.004,0.004,0.009
GNSS-03,142,0.001586,0.010305,0.006011,0.004,0.004,0.009
GNSS-03,143,0.000254,0.006637,0.016182,0.004,0.004,0.009
GNSS-03,144,-0.014444,0.011287,0.014912,0.004,0.004,0.009
GNSS-03,145,-0.002187,0.009726,0.009361,0.004,0.004,0.009
GNSS-03,146,0.002834,0.014012,0.012481,0.004,0.004,0.009
GNSS-03,147,0.002084,0.005643,0.015473,0.004,0.004,0.009
GNSS-03,148,-0.004124,0.011642,0.032347,0.004,0.004,0.009
GNSS-03,149,0.00277,0.013098,0.028739,0.004,0.004,0.009
GNSS-03,150,0.002153,0.01183,0.026082,0.004,0.004,0.009
GNSS-03,151,-0.000999,0.013094,0.013964,0.004,0.004,0.009
GNSS-03,152,-0.006807,0.02133,0.006303,0.004,0.004,0.009
GNSS-03,153,0.010237,0.009752,0.028473,0.004,0.004,0.009
GNSS-03,154,-0.005899,0.007235,0.017272,0.004,0.004,0.009
GNSS-03,155,0.005919,0.003716,0.01004,0.004,0.004,0.009
GNSS-03,156,-0.002767,0.00696,0.011059,0.004,0.004,0.009
GNSS-03,157,0.000439,0.00204,-0.004764,0.004,0.004,0.009
GNSS-03,158,0.00471,0.006505,-0.005871,0.004,0.004,0.009
GNSS-03,159,0.00045,0.011409,0.035372,0.004,0.004,0.009
GNSS-03,160,0.00296,0.011626,0.004979,0.004,0.004,0.009
GNSS-03,161,0.000132,0.005691,0.033981,0.004,0.004,0.009
GNSS-03,162,-0.008886,0.01445,-0.00382,0.004,0.004,0.009
GNSS-03,163,0.00137,0.012597,0.003326,0.004,0.004,0.009
GNSS-03,164,-0.004021,0.00727,0.016105,0.004,0.004,0.009
GNSS-03,165,-0.00414,0.00175,-0.008483,0.004,0.004,0.009
GNSS-03,166,-0.002737,0.013282,0.004558,0.004,0.004,0.009
GNSS-03,167,-0.004161,0.012699,0.019343,0.004,0.004,0.009
GNSS-03,168,-0.003769,0.013812,-0.006827,0.004,0.004,0.009
GNSS-03,169,0.001555,0.01137,0.023663,0.004,0.004,0.009
GNSS-03,170,-0.010828,0.010015,0.008333,0.004,0.004,0.009
GNSS-03,171,0.003611,0.017275,0.028897,0.004,0.004,0.009
GNSS-03,172,-0.003472,0.026112,0.030482,0.004,0.004,0.009
GNSS-03,173,0.003322,0.006988,0.022123,0.004,0.004,0.009
GNSS-03,174,0.004232,0.020227,0.030176,0.004,0.004,0.009
GNSS-03,175,-0.009098,0.010738,0.018129,0.004,0.004,0.009
GNSS-03,176,-0.007271,0.006526,0.022358,0.004,0.004,0.009
GNSS-03,177,-0.001303,0.021269,0.025439,0.004,0.004,0.009
GNSS-03,178,0.004441,0.012962,0.016144,0.004,0.004,0.009
GNSS-03,179,-0.001524,0.015532,0.018186,0.004,0.004,0.009
GNSS-03,180,0.010931,0.018988,0.000862,0.004,0.004,0.009
GNSS-03,181,-0.004926,0.013593,0.00563,0.004,0.004,0.009
GNSS-03,182,0.00038,0.018037,0.027161,0.004,0.004,0.009
GNSS-03,183,-0.004564,0.009077,0.015603,0.004,0.004,0.009
GNSS-03,184,-0.012227,0.019054,0.013304,0.004,0.004,0.009
GNSS-03,185,-0.004441,0.011981,0.01714,0.004,0.004,0.009
GNSS-03,186,7.1e-05,0.013627,0.031431,0.004,0.004,0.009
GNSS-03,187,0.000135,0.016551,0.014895,0.004,0.004,0.009
GNSS-03,188,-0.002721,0.015285,0.020603,0.004,0.004,0.009
GNSS-03,189,-0.00146,0.009115,0.012147,0.004,0.004,0.009
GNSS-03,190,0.000987,0.017114,0.004922,0.004,0.004,0.009
GNSS-03,191,-0.005417,0.011741,0.019777,0.004,0.004,0.009
GNSS-03,192,-0.004495,0.011333,0.034275,0.004,0.004,0.009
GNSS-03,193,0.002246,0.010181,0.0115,0.004,0.004,0.009
GNSS-03,194,0.000337,0.014668,0.034826,0.004,0.004,0.009
GNSS-03,195,-1.6e-05,0.019584,0.013536,0.004,0.004,0.009
GNSS-03,196,-0.001043,0.023943,0.017282,0.004,0.004,0.009
GNSS-03,197,-0.002403,0.024255,0.023718,0.004,0.004,0.009
GNSS-03,198,0.001479,0.012659,0.005512,0.004,0.004,0.009
GNSS-03,199,0.001342,0.014864,0.00477,0.004,0.004,0.009
GNSS-03,200,-0.00564,0.014714,0.015193,0.004,0.004,0.009
GNSS-03,201,-0.002237,0.022246,0.028074,0.004,0.004,0.009
GNSS-03,202,-0.002708,0.015492,0.0107,0.004,0.004,0.009
GNSS-03,203,0.010727,0.017293,0.019004,0.004,0.004,0.009
GNSS-03,204,-0.001502,0.020561,0.019132,0.004,0.004,0.009
GNSS-03,205,0.002322,0.016069,0.018882,0.004,0.004,0.009
GNSS-03,206,0.003242,0.018411,0.021627,0.004,0.004,0.009
GNSS-03,207,-0.006371,0.011759,0.020813,0.004,0.004,0.009
GNSS-03,208,0.001601,0.009994,0.028049,0.004,0.004,0.009
GNSS-03,209,-0.006091,0.011904,0.020416,0.004,0.004,0.009
GNSS-03,210,-0.004011,0.011561,0.020762,0.004,0.004,0.009
GNSS-03,211,-0.002094,0.020989,0.007278,0.004,0.004,0.009
GNSS-03,212,-0.003239,0.014013,0.017973,0.004,0.004,0.009
GNSS-03,213,0.00606,0.019415,0.033945,0.004,0.004,0.009
GNSS-03,214,-0.012117,0.024646,0.009328,0.004,0.004,0.009
GNSS-03,215,-0.003805,0.015822,0.050342,0.004,0.004,0.009
GNSS-03,216,0.009178,0.02443,0.02655,0.004,0.004,0.009
GNSS-03,217,-0.010146,0.016266,0.024285,0.004,0.004,0.009
GNSS-03,218,0.001264,0.022848,0.015202,0.004,0.004,0.009
GNSS-03,219,-0.001971,0.01557,0.037442,0.004,0.004,0.009
GNSS-03,220,0.004667,0.020138,0.021589,0.004,0.004,0.009
GNSS-03,221,-0.005747,0.015463,0.023502,0.004,0.004,0.009
GNSS-03,222,0.006174,0.016463,0.019885,0.004,0.004,0.009
GNSS-03,223,-0.006208,0.016866,0.017177,0.004,0.004,0.009
GNSS-03,224,-0.008843,0.016691,0.028059,0.004,0.004,0.009
GNSS-03,225,-0.003234,0.023781,0.02234,0.004,0.004,0.009
GNSS-03,226,-0.002527,0.025283,0.029257,0.004,0.004,0.009
GNSS-03,227,-0.000662,0.023251,0.021375,0.004,0.004,0.009
GNSS-03,228,0.00104,0.018077,0.004357,0.004,0.004,0.009
GNSS-03,229,0.003521,0.019476,0.034352,0.004,0.004,0.009
GNSS-03,230,-0.009282,0.009819,0.029719,0.004,0.004,0.009
GNSS-03,231,0.000883,0.014881,0.037419,0.004,0.004,0.009
GNSS-03,232,-0.007299,0.019345,0.028781,0.004,0.004,0.009
GNSS-03,233,0.00026,0.01564,0.039065,0.004,0.004,0.009
GNSS-03,234,-0.004334,0.022914,0.030921,0.004,0.004,0.009
GNSS-03,235,-0.010765,0.020032,0.02222,0.004,0.004,0.009
GNSS-03,236,-0.007408,0.016536,0.022312,0.004,0.004,0.009
GNSS-03,237,0.002189,0.021329,0.036246,0.004,0.004,0.009
GNSS-03,238,-0.003255,0.015466,0.039205,0.004,0.004,0.009
GNSS-03,239,0.00631,0.024833,0.029641,0.004,0.004,0.009
GNSS-03,240,0.000102,0.017375,0.043383,0.004,0.004,0.009
GNSS-03,241,0.00093,0.021719,0.014223,0.004,0.004,0.009
GNSS-03,242,-0.0052,0.022783,0.036623,0.004,0.004,0.009
GNSS-03,243,-0.001966,0.021869,0.037756,0.004,0.004,0.009
GNSS-03,244,-0.010786,0.022174,0.034689,0.004,0.004,0.009
GNSS-03,245,-0.009274,0.022268,0.031645,0.004,0.004,0.009
GNSS-03,246,-0.003183,0.018447,0.036486,0.004,0.004,0.009
GNSS-03,247,0.004445,0.021536,0.02002,0.004,0.004,0.009
GNSS-03,248,-0.000461,0.020527,0.024873,0.004,0.004,0.009
GNSS-03,249,-0.002961,0.027303,0.010421,0.004,0.004,0.009
GNSS-03,250,-0.008666,0.013097,0.033603,0.004,0.004,0.009
GNSS-03,251,2.1e-05,0.013115,0.02097,0.004,0.004,0.009
GNSS-03,252,-0.007201,0.022157,0.025758,0.004,0.004,0.009
GNSS-03,253,-0.005441,0.019441,0.027011,0.004,0.004,0.009
GNSS-03,254,-0.005009,0.023247,0.031983,0.004,0.004,0.009
GNSS-03,255,0.001972,0.016073,0.034436,0.004,0.004,0.009
GNSS-03,256,-0.008851,0.030062,0.059021,0.004,0.004,0.009
GNSS-03,257,0.002395,0.021842,0.037789,0.004,0.004,0.009
GNSS-03,258,-0.006062,0.022159,0.031323,0.004,0.004,0.009
GNSS-03,259,-0.005883,0.01776,0.016204,0.004,0.004,0.009
GNSS-03,260,-0.003535,0.02292,0.023536,0.004,0.004,0.009
GNSS-03,261,-0.01256,0.022146,0.029245,0.004,0.004,0.009
GNSS-03,262,-0.009802,0.032712,0.033287,0.004,0.004,0.009
GNSS-03,263,-0.009422,0.018562,0.031139,0.004,0.004,0.009
GNSS-03,264,-0.003172,0.021795,0.039952,0.004,0.004,0.009
GNSS-03,265,-0.00756,0.028289,0.033886,0.004,0.004,0.009
GNSS-03,266,-0.005625,0.028564,0.050756,0.004,0.004,0.009
GNSS-03,267,-0.00505,0.027593,0.041527,0.004,0.004,0.009
GNSS-03,268,-0.00417,0.013184,0.048904,0.004,0.004,0.009
GNSS-03,269,0.005447,0.022737,0.041305,0.004,0.004,0.009
GNSS-03,270,-0.00137,0.021365,0.04389,0.004,0.004,0.009
GNSS-03,271,-0.00624,0.027789,0.048543,0.004,0.004,0.009
GNSS-03,272,0.00205,0.027817,0.048309,0.004,0.004,0.009
GNSS-03,273,-0.007634,0.019619,0.040626,0.004,0.004,0.009
GNSS-03,274,0.000634,0.021355,0.0465,0.004,0.004,0.009
GNSS-03,275,0.002442,0.022684,0.048089,0.004,0.004,0.009
GNSS-03,276,-0.003814,0.02435,0.017303,0.004,0.004,0.009
GNSS-03,277,0.002792,0.032338,0.015482,0.004,0.004,0.009
GNSS-03,278,-0.000482,0.016853,0.02853,0.004,0.004,0.009
GNSS-03,279,-0.005791,0.023952,0.043518,0.004,0.004,0.009
GNSS-03,280,-0.008035,0.019014,0.035049,0.004,0.004,0.009
GNSS-03,281,0.003187,0.028908,0.050538,0.004,0.004,0.009
GNSS-03,282,-0.000195,0.035298,0.025996,0.004,0.004,0.009
GNSS-03,283,0.002397,0.028225,0.049199,0.004,0.004,0.009
GNSS-03,284,-0.00561,0.024691,0.054339,0.004,0.004,0.009
GNSS-03,285,0.003681,0.024156,0.035162,0.004,0.004,0.009
GNSS-03,286,-0.010183,0.027686,0.024703,0.004,0.004,0.009
GNSS-03,287,0.002161,0.01324,0.036836,0.004,0.004,0.009
GNSS-03,288,-0.004903,0.017369,0.048041,0.004,0.004,0.009
GNSS-03,289,0.000401,0.02001,0.048621,0.004,0.004,0.009
GNSS-03,290,-0.006383,0.027869,0.045638,0.004,0.004,0.009
GNSS-03,291,-0.006918,0.030316,0.055218,0.004,0.004,0.009
GNSS-03,292,-0.001131,0.025072,0.035185,0.004,0.004,0.009
GNSS-03,293,-0.008076,0.023502,0.052485,0.004,0.004,0.009
GNSS-03,294,-0.00368,0.029125,0.045198,0.004,0.004,0.009
GNSS-03,295,-0.005866,0.022689,0.024711,0.004,0.004,0.009
GNSS-03,296,-0.003323,0.023504,0.044499,0.004,0.004,0.009
GNSS-03,297,-0.002903,0.032817,0.036836,0.004,0.004,0.009
GNSS-03,298,-0.006657,0.02872,0.044398,0.004,0.004,0.009
GNSS-03,299,-0.006854,0.029057,0.033978,0.004,0.004,0.009
GNSS-03,300,0.001739,0.025023,0.038815,0.004,0.004,0.009
GNSS-03,301,-0.006344,0.025248,0.04642,0.004,0.004,0.009
GNSS-03,302,0.002069,0.021819,0.045877,0.004,0.004,0.009
GNSS-03,303,-0.005397,0.030063,0.027566,0.004,0.004,0.009
GNSS-03,304,0.001737,0.025772,0.03876,0.004,0.004,0.009
GNSS-03,305,-0.006034,0.021697,0.054725,0.004,0.004,0.009
GNSS-03,306,-0.002799,0.028563,0.04658,0.004,0.004,0.009
GNSS-03,307,-0.004172,0.027769,0.051659,0.004,0.004,0.009
GNSS-03,308,-0.004178,0.027372,0.048979,0.004,0.004,0.009
GNSS-03,309,-0.005523,0.030946,0.045487,0.004,0.004,0.009
GNSS-03,310,-0.006685,0.03197,0.053683,0.004,0.004,0.009
GNSS-03,311,-0.013026,0.024322,0.048281,0.004,0.004,0.009
GNSS-03,312,-0.000647,0.022076,0.051287,0.004,0.004,0.009
GNSS-03,313,-0.003985,0.019098,0.047223,0.004,0.004,0.009
GNSS-03,314,-0.00753,0.031038,0.059327,0.004,0.004,0.009
GNSS-03,315,0.000497,0.027097,0.059356,0.004,0.004,0.009
GNSS-03,316,-0.006236,0.02635,0.050027,0.004,0.004,0.009
GNSS-03,317,0.0013,0.02496,0.05504,0.004,0.004,0.009
GNSS-03,318,-0.00947,0.023578,0.039822,0.004,0.004,0.009
GNSS-03,319,-0.003688,0.028188,0.058134,0.004,0.004,0.009
GNSS-03,320,-0.002866,0.027977,0.05352,0.004,0.004,0.009
GNSS-03,321,-0.00479,0.027836,0.053671,0.004,0.004,0.009
GNSS-03,322,0.003678,0.025887,0.052835,0.004,0.004,0.009
GNSS-03,323,0.001298,0.024912,0.04576,0.004,0.004,0.009
GNSS-03,324,-0.002913,0.030657,0.052692,0.004,0.004,0.009
GNSS-03,325,0.004924,0.024158,0.078979,0.004,0.004,0.009
GNSS-03,326,-0.007518,0.030663,0.055026,0.004,0.004,0.009
GNSS-03,327,-0.005573,0.024595,0.054672,0.004,0.004,0.009
GNSS-03,328,-0.004626,0.02412,0.040232,0.004,0.004,0.009
GNSS-03,329,-0.004915,0.027706,0.052415,0.004,0.004,0.009
GNSS-03,330,-0.005699,0.032468,0.047782,0.004,0.004,0.009
GNSS-04,140,0.018063,-0.009184,0.034272,0.0025,0.0025,0.006
GNSS-04,141,0.015419,-0.013049,0.044145,0.0025,0.0025,0.006
GNSS-04,142,0.02072,-0.012601,0.050205,0.0025,0.0025,0.006
GNSS-04,143,0.017989,-0.011558,0.034142,0.0025,0.0025,0.006
GNSS-04,144,0.019127,-0.018748,0.038097,0.0025,0.0025,0.006
GNSS-04,145,0.017524,-0.014599,0.033019,0.0025,0.0025,0.006
GNSS-04,146,0.023093,-0.012617,0.042324,0.0025,0.0025,0.006
GNSS-04,147,0.017285,-0.013796,0.046133,0.0025,0.0025,0.006
GNSS-04,148,0.019353,-0.014859,0.048271,0.0025,0.0025,0.006
GNSS-04,149,0.019792,-0.007844,0.034482,0.0025,0.0025,0.006
GNSS-04,150,0.022238,-0.011895,0.04836,0.0025,0.0025,0.006
GNSS-04,151,0.021987,-0.009668,0.05193,0.0025,0.0025,0.006
GNSS-04,152,0.019724,-0.012466,0.049247,0.0025,0.0025,0.006
GNSS-04,153,0.02219,-0.013433,0.046175,0.0025,0.0025,0.006
GNSS-04,154,0.021819,-0.015946,0.049685,0.0025,0.0025,0.006
GNSS-04,155,0.020337,-0.018096,0.038484,0.0025,0.0025,0.006
GNSS-04,156,0.017067,-0.017253,0.047649,0.0025,0.0025,0.006
GNSS-04,157,0.023704,-0.017181,0.049356,0.0025,0.0025,0.006
GNSS-04,158,0.021673,-0.012749,0.050002,0.0025,0.0025,0.006
GNSS-04,159,0.023382,-0.016182,0.043852,0.0025,0.0025,0.006
GNSS-04,160,0.021674,-0.014811,0.046539,0.0025,0.0025,0.006
GNSS-04,161,0.022836,-0.010934,0.046335,0.0025,0.0025,0.006
GNSS-04,162,0.022373,-0.013348,0.044149,0.0025,0.0025,0.006
GNSS-04,163,0.030549,-0.015505,0.037478,0.0025,0.0025,0.006
GNSS-04,164,0.024191,-0.010479,0.043691,0.0025,0.0025,0.006
GNSS-04,165,0.021633,-0.017135,0.042108,0.0025,0.0025,0.006
GNSS-04,166,0.024197,-0.016573,0.036429,0.0025,0.0025,0.006
GNSS-04,167,0.01703,-0.010834,0.048796,0.0025,0.0025,0.006
GNSS-04,168,0.020157,-0.018759,0.042577,0.0025,0.0025,0.006
GNSS-04,169,0.024449,-0.018947,0.055586,0.0025,0.0025,0.006
GNSS-04,170,0.019387,-0.014718,0.054785,0.0025,0.0025,0.006
GNSS-04,171,0.024744,-0.016743,0.052101,0.0025,0.0025,0.006
GNSS-04,172,0.023733,-0.013934,0.035796,0.0025,0.0025,0.006
GNSS-04,173,0.022571,-0.017577,0.049811,0.0025,0.0025,0.006
GNSS-04,174,0.021886,-0.016211,0.05254,0.0025,0.0025,0.006
GNSS-04,175,0.021213,-0.021219,0.049662,0.0025,0.0025,0.006
GNSS-04,176,0.021888,-0.016902,0.055574,0.0025,0.0025,0.006
GNSS-04,177,0.024336,-0.012583,0.05371,0.0025,0.0025,0.006
GNSS-04,178,0.027516,-0.017994,0.060138,0.0025,0.0025,0.006
GNSS-04,179,0.023883,-0.015031,0.050018,0.0025,0.0025,0.006
GNSS-04,180,0.027189,-0.017197,0.056166,0.0025,0.0025,0.006
GNSS-04,181,0.024349,-0.018539,0.061339,0.0025,0.0025,0.006
GNSS-04,182,0.028602,-0.016315,0.05393,0.0025,0.0025,0.006
GNSS-04,183,0.027371,-0.022811,0.04697,0.0025,0.0025,0.006
GNSS-04,184,0.024586,-0.016345,0.046517,0.0025,0.0025,0.006
GNSS-04,185,0.029426,-0.018549,0.050043,0.0025,0.0025,0.006
GNSS-04,186,0.027738,-0.019933,0.046594,0.0025,0.0025,0.006
GNSS-04,187,0.026433,-0.021616,0.050185,0.0025,0.0025,0.006
GNSS-04,188,0.029249,-0.01681,0.063779,0.0025,0.0025,0.006
GNSS-04,189,0.028858,-0.02088,0.056337,0.0025,0.0025,0.006
GNSS-04,190,0.031427,-0.01871,0.064002,0.0025,0.0025,0.006
GNSS-04,191,0.02815,-0.021163,0.053581,0.0025,0.0025,0.006
GNSS-04,192,0.025468,-0.023539,0.065021,0.0025,0.0025,0.006
GNSS-04,193,0.031717,-0.020594,0.053785,0.0025,0.0025,0.006
GNSS-04,194,0.026962,-0.024004,0.067657,0.0025,0.0025,0.006
GNSS-04,195,0.027625,-0.018624,0.054003,0.0025,0.0025,0.006
GNSS-04,196,0.028243,-0.017005,0.049487,0.0025,0.0025,0.006
GNSS-04,197,0.026896,-0.019995,0.053893,0.0025,0.0025,0.006
GNSS-04,198,0.027029,-0.018888,0.054325,0.0025,0.0025,0.006
GNSS-04,199,0.025789,-0.021476,0.068403,0.0025,0.0025,0.006
GNSS-04,200,0.028151,-0.018665,0.053011,0.0025,0.0025,0.006
GNSS-04,201,0.023935,-0.017756,0.0675,0.0025,0.0025,0.006
GNSS-04,202,0.024972,-0.020088,0.047832,0.0025,0.0025,0.006
GNSS-04,203,0.032858,-0.017402,0.057037,0.0025,0.0025,0.006
GNSS-04,204,0.02938,-0.023002,0.061512,0.0025,0.0025,0.006
GNSS-04,205,0.032106,-0.019098,0.052689,0.0025,0.0025,0.006
GNSS-04,206,0.035083,-0.016827,0.055965,0.0025,0.0025,0.006
GNSS-04,207,0.030152,-0.02222,0.070961,0.0025,0.0025,0.006
GNSS-04,208,0.031866,-0.016975,0.075806,0.0025,0.0025,0.006
GNSS-04,209,0.027769,-0.023571,0.072203,0.0025,0.0025,0.006
GNSS-04,210,0.02835,-0.022016,0.058355,0.0025,0.0025,0.006
GNSS-04,211,0.031353,-0.020093,0.053424,0.0025,0.0025,0.006
GNSS-04,212,0.031922,-0.023106,0.057644,0.0025,0.0025,0.006
GNSS-04,213,0.034254,-0.01904,0.061076,0.0025,0.0025,0.006
GNSS-04,214,0.028002,-0.021241,0.063351,0.0025,0.0025,0.006
GNSS-04,215,0.033532,-0.020921,0.070188,0.0025,0.0025,0.006
GNSS-04,216,0.033315,-0.018279,0.055095,0.0025,0.0025,0.006
GNSS-04,217,0.032731,-0.016606,0.075534,0.0025,0.0025,0.006
GNSS-04,218,0.029673,-0.018612,0.064394,0.0025,0.0025,0.006
GNSS-04,219,0.030614,-0.021971,0.064821,0.0025,0.0025,0.006
GNSS-04,220,0.03492,-0.027567,0.058903,0.0025,0.0025,0.006
GNSS-04,221,0.026754,-0.020488,0.052116,0.0025,0.0025,0.006
GNSS-04,222,0.036154,-0.016606,0.054875,0.0025,0.0025,0.006
GNSS-04,223,0.02898,-0.021295,0.071792,0.0025,0.0025,0.006
GNSS-04,224,0.033281,-0.020486,0.08186,0.0025,0.0025,0.006
GNSS-04,225,0.03453,-0.025827,0.067179,0.0025,0.0025,0.006
GNSS-04,226,0.033215,-0.023625,0.058804,0.0025,0.0025,0.006
GNSS-04,227,0.034699,-0.025497,0.057007,0.0025,0.0025,0.006
GNSS-04,228,0.027558,-0.019302,0.063694,0.0025,0.0025,0.006
GNSS-04,229,0.035367,-0.017939,0.067881,0.0025,0.0025,0.006
GNSS-04,230,0.033229,-0.023486,0.07129,0.0025,0.0025,0.006
GNSS-04,231,0.036596,-0.02343,0.073369,0.0025,0.0025,0.006
GNSS-04,232,0.035944,-0.027308,0.062929,0.0025,0.0025,0.006
GNSS-04,233,0.033395,-0.018646,0.075613,0.0025,0.0025,0.006
GNSS-04,234,0.03642,-0.023093,0.082316,0.0025,0.0025,0.006
GNSS-04,235,0.035703,-0.018792,0.072684,0.0025,0.0025,0.006
GNSS-04,236,0.032446,-0.026473,0.07168,0.0025,0.0025,0.006
GNSS-04,237,0.03858,-0.023912,0.087042,0.0025,0.0025,0.006
GNSS-04,238,0.036165,-0.024645,0.068623,0.0025,0.0025,0.006
GNSS-04,239,0.038003,-0.022197,0.082951,0.0025,0.0025,0.006
GNSS-04,240,0.036774,-0.026329,0.07547,0.0025,0.0025,0.006
GNSS-04,241,0.038398,-0.023775,0.074504,0.0025,0.0025,0.006
GNSS-04,242,0.0404,-0.022364,0.07193,0.0025,0.0025,0.006
GNSS-04,243,0.039885,-0.028668,0.070693,0.0025,0.0025,0.006
GNSS-04,244,0.034551,-0.026479,0.067603,0.0025,0.0025,0.006
GNSS-04,245,0.036944,-0.024396,0.068112,0.0025,0.0025,0.006
GNSS-04,246,0.038568,-0.029926,0.068233,0.0025,0.0025,0.006
GNSS-04,247,0.035626,-0.024382,0.061241,0.0025,0.0025,0.006
GNSS-04,248,0.036644,-0.026463,0.080159,0.0025,0.0025,0.006
GNSS-04,249,0.034612,-0.018714,0.083586,0.0025,0.0025,0.006
GNSS-04,250,0.039643,-0.026878,0.073622,0.0025,0.0025,0.006
GNSS-04,251,0.041667,-0.027535,0.092302,0.0025,0.0025,0.006
GNSS-04,252,0.036993,-0.031313,0.078441,0.0025,0.0025,0.006
GNSS-04,253,0.038363,-0.026618,0.072571,0.0025,0.0025,0.006
GNSS-04,254,0.036257,-0.029711,0.086211,0.0025,0.0025,0.006
GNSS-04,255,0.043375,-0.030398,0.088471,0.0025,0.0025,0.006
GNSS-04,256,0.044918,-0.023851,0.083174,0.0025,0.0025,0.006
GNSS-04,257,0.042089,-0.031731,0.067056,0.0025,0.0025,0.006
GNSS-04,258,0.043579,-0.027751,0.083772,0.0025,0.0025,0.006
GNSS-04,259,0.040588,-0.024356,0.077801,0.0025,0.0025,0.006
GNSS-04,260,0.038011,-0.035079,0.080224,0.0025,0.0025,0.006
GNSS-04,261,0.040276,-0.026755,0.071803,0.0025,0.0025,0.006
GNSS-04,262,0.039336,-0.022887,0.067857,0.0025,0.0025,0.006
GNSS-04,263,0.044624,-0.026992,0.073724,0.0025,0.0025,0.006
GNSS-04,264,0.039126,-0.028237,0.079974,0.0025,0.0025,0.006
GNSS-04,265,0.038357,-0.032075,0.079473,0.0025,0.0025,0.006
GNSS-04,266,0.04406,-0.031964,0.080081,0.0025,0.0025,0.006
GNSS-04,267,0.040662,-0.028799,0.079441,0.0025,0.0025,0.006
GNSS-04,268,0.045544,-0.029767,0.088943,0.0025,0.0025,0.006
GNSS-04,269,0.042927,-0.029955,0.088157,0.0025,0.0025,0.006
GNSS-04,270,0.043888,-0.029085,0.084051,0.0025,0.0025,0.006
GNSS-04,271,0.04297,-0.029111,0.095168,0.0025,0.0025,0.006
GNSS-04,272,0.044829,-0.029164,0.101977,0.0025,0.0025,0.006
GNSS-04,273,0.048273,-0.025432,0.079042,0.0025,0.0025,0.006
GNSS-04,274,0.040423,-0.025589,0.08281,0.0025,0.0025,0.006
GNSS-04,275,0.041993,-0.025608,0.07192,0.0025,0.0025,0.006
GNSS-04,276,0.04897,-0.027337,0.079353,0.0025,0.0025,0.006
GNSS-04,277,0.04561,-0.031991,0.082761,0.0025,0.0025,0.006
GNSS-04,278,0.049177,-0.034763,0.09057,0.0025,0.0025,0.006
GNSS-04,279,0.038962,-0.027405,0.085673,0.0025,0.0025,0.006
GNSS-04,280,0.046019,-0.036193,0.085357,0.0025,0.0025,0.006
GNSS-04,281,0.042512,-0.02617,0.088917,0.0025,0.0025,0.006
GNSS-04,282,0.042051,-0.028661,0.086546,0.0025,0.0025,0.006
GNSS-04,283,0.050659,-0.027114,0.101397,0.0025,0.0025,0.006
GNSS-04,284,0.047241,-0.034489,0.08937,0.0025,0.0025,0.006
GNSS-04,285,0.04728,-0.026896,0.08926,0.0025,0.0025,0.006
GNSS-04,286,0.047842,-0.028132,0.076849,0.0025,0.0025,0.006
GNSS-04,287,0.047174,-0.037674,0.093404,0.0025,0.0025,0.006
GNSS-04,288,0.049969,-0.030015,0.088351,0.0025,0.0025,0.006
GNSS-04,289,0.040377,-0.030663,0.07708,0.0025,0.0025,0.006
GNSS-04,290,0.044225,-0.031871,0.092999,0.0025,0.0025,0.006
GNSS-04,291,0.041824,-0.029891,0.102552,0.0025,0.0025,0.006
GNSS-04,292,0.049123,-0.029952,0.100059,0.0025,0.0025,0.006
GNSS-04,293,0.044725,-0.02797,0.094928,0.0025,0.0025,0.006
GNSS-04,294,0.050534,-0.031816,0.104554,0.0025,0.0025,0.006
GNSS-04,295,0.042893,-0.035084,0.093065,0.0025,0.0025,0.006
GNSS-04,296,0.051495,-0.032493,0.095034,0.0025,0.0025,0.006
GNSS-04,297,0.048806,-0.027451,0.090818,0.0025,0.0025,0.006
GNSS-04,298,0.046353,-0.03094,0.091024,0.0025,0.0025,0.006
GNSS-04,299,0.043756,-0.03091,0.093026,0.0025,0.0025,0.006
GNSS-04,300,0.046379,-0.029624,0.092542,0.0025,0.0025,0.006
GNSS-04,301,0.05305,-0.034025,0.087364,0.0025,0.0025,0.006
GNSS-04,302,0.051181,-0.033994,0.093535,0.0025,0.0025,0.006
GNSS-04,303,0.048063,-0.037406,0.104654,0.0025,0.0025,0.006
GNSS-04,304,0.045504,-0.028598,0.089375,0.0025,0.0025,0.006
GNSS-04,305,0.053502,-0.027892,0.08557,0.0025,0.0025,0.006
GNSS-04,306,0.050709,-0.030967,0.10584,0.0025,0.0025,0.006
GNSS-04,307,0.051184,-0.026105,0.116897,0.0025,0.0025,0.006
GNSS-04,308,0.053057,-0.030781,0.10133,0.0025,0.0025,0.006
GNSS-04,309,0.049745,-0.037211,0.104632,0.0025,0.0025,0.006
GNSS-04,310,0.048209,-0.032648,0.104818,0.0025,0.0025,0.006
GNSS-04,311,0.046869,-0.042171,0.10014,0.0025,0.0025,0.006
GNSS-04,312,0.047542,-0.033439,0.106724,0.0025,0.0025,0.006
GNSS-04,313,0.051688,-0.031508,0.109226,0.0025,0.0025,0.006
GNSS-04,314,0.053124,-0.027802,0.104451,0.0025,0.0025,0.006
GNSS-04,315,0.056489,-0.036513,0.102337,0.0025,0.0025,0.006
GNSS-04,316,0.051054,-0.034431,0.095421,0.0025,0.0025,0.006
GNSS-04,317,0.055482,-0.032268,0.105446,0.0025,0.0025,0.006
GNSS-04,318,0.051507,-0.031392,0.096761,0.0025,0.0025,0.006
GNSS-04,319,0.049838,-0.034941,0.10358,0.0025,0.0025,0.006
GNSS-04,320,0.047968,-0.03528,0.121357,0.0025,0.0025,0.006
GNSS-04,321,0.045316,-0.032435,0.100922,0.0025,0.0025,0.006
GNSS-04,322,0.050038,-0.032952,0.102559,0.0025,0.0025,0.006
GNSS-04,323,0.055489,-0.029341,0.096583,0.0025,0.0025,0.006
GNSS-04,324,0.051353,-0.03572,0.096914,0.0025,0.0025,0.006
GNSS-04,325,0.044731,-0.035414,0.119497,0.0025,0.0025,0.006
GNSS-04,326,0.055085,-0.036382,0.095579,0.0025,0.0025,0.006
GNSS-04,327,0.046922,-0.034558,0.102298,0.0025,0.0025,0.006
GNSS-04,328,0.050945,-0.038015,0.105886,0.0025,0.0025,0.006
GNSS-04,329,0.055834,-0.03621,0.115474,0.0025,0.0025,0.006
GNSS-04,330,0.049937,-0.037817,0.105357,0.0025,0.0025,0.006
GNSS-05,0,0.001106,-0.001706,0.003377,0.0025,0.0025,0.006
GNSS-05,1,-0.000163,-0.002516,0.001427,0.0025,0.0025,0.006
GNSS-05,2,0.003888,-0.003554,0.006392,0.0025,0.0025,0.006
GNSS-05,3,-0.002596,-0.002219,-0.000166,0.0025,0.0025,0.006
GNSS-05,4,0.005146,-0.002553,-0.006042,0.0025,0.0025,0.006
GNSS-05,5,0.005023,-0.004503,-0.006319,0.0025,0.0025,0.006
GNSS-05,6,-0.003006,0.004905,0.012258,0.0025,0.0025,0.006
GNSS-05,7,-0.000616,-0.00195,-0.005772,0.0025,0.0025,0.006
GNSS-05,8,-0.003114,0.002565,0.005627,0.0025,0.0025,0.006
GNSS-05,9,-0.000199,0.001551,0.004327,0.0025,0.0025,0.006
GNSS-05,10,-0.003582,-0.000298,-0.000362,0.0025,0.0025,0.006
GNSS-05,11,0.001658,-0.000567,0.002058,0.0025,0.0025,0.006
GNSS-05,12,-0.002501,0.00127,0.008715,0.0025,0.0025,0.006
GNSS-05,13,0.002527,0.001942,0.009047,0.0025,0.0025,0.006
GNSS-05,14,-0.004682,0.002845,0.004045,0.0025,0.0025,0.006
GNSS-05,15,-0.004363,-0.003715,-0.002839,0.0025,0.0025,0.006
GNSS-05,16,-0.005761,-0.001582,0.00576,0.0025,0.0025,0.006
GNSS-05,17,-0.000845,0.000859,0.00882,0.0025,0.0025,0.006
GNSS-05,18,-0.007687,-0.005418,0.003273,0.0025,0.0025,0.006
GNSS-05,19,-0.002954,0.00318,0.006418,0.0025,0.0025,0.006
GNSS-05,20,-0.001947,-0.002501,0.0014,0.0025,0.0025,0.006
GNSS-05,21,-0.002225,0.001472,0.015089,0.0025,0.0025,0.006
GNSS-05,22,-0.005413,-0.007157,0.007702,0.0025,0.0025,0.006
GNSS-05,23,-0.00182,-0.000737,-0.004438,0.0025,0.0025,0.006
GNSS-05,24,-0.006742,-0.00343,0.002122,0.0025,0.0025,0.006
GNSS-05,25,2.8e-05,0.00429,0.012119,0.0025,0.0025,0.006
GNSS-05,26,-0.004011,0.000359,0.012748,0.0025,0.0025,0.006
GNSS-05,27,-0.006549,-0.004903,0.009115,0.0025,0.0025,0.006
GNSS-05,28,-0.006378,-0.001858,0.007167,0.0025,0.0025,0.006
GNSS-05,29,-0.008137,-0.005368,0.013553,0.0025,0.0025,0.006
GNSS-05,30,-0.009128,-0.005375,0.001473,0.0025,0.0025,0.006
GNSS-05,31,-0.010921,0.000288,0.013615,0.0025,0.0025,0.006
GNSS-05,32,-0.007187,0.003942,0.006657,0.0025,0.0025,0.006
GNSS-05,33,-0.006209,0.001776,0.00568,0.0025,0.0025,0.006
GNSS-05,34,-0.006765,-0.00587,0.003623,0.0025,0.0025,0.006
GNSS-05,35,-0.01102,-0.004234,-0.0009,0.0025,0.0025,0.006
GNSS-05,36,-0.006136,-0.001743,0.002103,0.0025,0.0025,0.006
GNSS-05,37,-0.010373,-0.001243,0.008297,0.0025,0.0025,0.006
GNSS-05,38,-0.007014,-0.000321,0.017765,0.0025,0.0025,0.006
GNSS-05,39,-0.004937,-0.004574,0.001133,0.0025,0.0025,0.006
GNSS-05,40,-0.005056,-0.001724,0.008488,0.0025,0.0025,0.006
GNSS-05,41,-0.009484,0.001537,0.001418,0.0025,0.0025,0.006
GNSS-05,42,-0.0091,-0.001264,0.022248,0.0025,0.0025,0.006
GNSS-05,43,-0.00252,-0.003956,0.002323,0.0025,0.0025,0.006
GNSS-05,44,-0.009521,-0.001744,0.010226,0.0025,0.0025,0.006
GNSS-05,45,-0.005948,0.002618,0.021057,0.0025,0.0025,0.006
GNSS-05,46,-0.001735,-0.006331,0.006254,0.0025,0.0025,0.006
GNSS-05,47,-0.008101,-0.002127,0.003232,0.0025,0.0025,0.006
GNSS-05,48,-0.009886,-0.008521,0.007879,0.0025,0.0025,0.006
GNSS-05,49,-0.006467,-0.005614,0.001775,0.0025,0.0025,0.006
GNSS-05,50,-0.014609,3.4e-05,0.01425,0.0025,0.0025,0.006
GNSS-05,51,-0.007607,-0.00106,0.018039,0.0025,0.0025,0.006
GNSS-05,52,-0.004246,-0.003354,0.013492,0.0025,0.0025,0.006
GNSS-05,53,-0.004283,-0.006344,0.018479,0.0025,0.0025,0.006
GNSS-05,54,-0.013756,-0.004548,0.010088,0.0025,0.0025,0.006
GNSS-05,55,-0.008032,-0.007505,0.015278,0.0025,0.0025,0.006
GNSS-05,56,-0.010764,-0.003965,0.013477,0.0025,0.0025,0.006
GNSS-05,57,-0.007758,-0.006281,0.005289,0.0025,0.0025,0.006
GNSS-05,58,-0.008424,-0.007905,0.01344,0.0025,0.0025,0.006
GNSS-05,59,-0.008525,-0.00062,0.01693,0.0025,0.0025,0.006
GNSS-05,60,-0.010011,-0.000508,0.017955,0.0025,0.0025,0.006
GNSS-05,61,-0.009459,-0.005169,0.005945,0.0025,0.0025,0.006
GNSS-05,62,-0.008494,-0.002215,0.017459,0.0025,0.0025,0.006
GNSS-05,63,-0.009107,-0.003482,0.017509,0.0025,0.0025,0.006
GNSS-05,64,-0.006738,-0.003255,0.027606,0.0025,0.0025,0.006
GNSS-05,65,-0.008556,-0.002539,0.010528,0.0025,0.0025,0.006
GNSS-05,66,-0.009728,-0.003252,0.012139,0.0025,0.0025,0.006
GNSS-05,67,-0.008139,-0.001893,0.01485,0.0025,0.0025,0.006
GNSS-05,68,-0.007389,-0.00377,0.011691,0.0025,0.0025,0.006
GNSS-05,69,-0.011353,-0.00322,0.019477,0.0025,0.0025,0.006
GNSS-05,70,-0.013597,-0.006106,0.016735,0.0025,0.0025,0.006
GNSS-05,71,-0.013159,-0.004907,0.017811,0.0025,0.0025,0.006
GNSS-05,72,-0.012524,-0.000335,0.028579,0.0025,0.0025,0.006
GNSS-05,73,-0.005553,-0.005598,0.02399,0.0025,0.0025,0.006
GNSS-05,74,-0.009073,-0.003032,0.023547,0.0025,0.0025,0.006
GNSS-05,75,-0.012413,-0.002277,0.018688,0.0025,0.0025,0.006
GNSS-05,76,-0.009423,-0.007403,0.016458,0.0025,0.0025,0.006
GNSS-05,77,-0.010474,-0.007784,0.028785,0.0025,0.0025,0.006
GNSS-05,78,-0.007693,-0.002692,0.019392,0.0025,0.0025,0.006
GNSS-05,79,-0.012599,-0.002034,0.016456,0.0025,0.0025,0.006
GNSS-05,80,-0.013124,-0.009154,0.030288,0.0025,0.0025,0.006
GNSS-05,81,-0.012402,-6.9e-05,0.010079,0.0025,0.0025,0.006
GNSS-05,82,-0.010203,-0.002632,0.014598,0.0025,0.0025,0.006
GNSS-05,83,-0.015555,-0.004576,0.020232,0.0025,0.0025,0.006
GNSS-05,84,-0.00864,-0.008861,0.026342,0.0025,0.0025,0.006
GNSS-05,85,-0.014731,-0.005716,0.018346,0.0025,0.0025,0.006
GNSS-05,86,-0.014316,0.000135,0.022933,0.0025,0.0025,0.006
GNSS-05,87,-0.0076,-0.007529,0.019082,0.0025,0.0025,0.006
GNSS-05,88,-0.013638,-0.002446,0.01814,0.0025,0.0025,0.006
GNSS-05,89,-0.014836,-0.006284,0.020727,0.0025,0.0025,0.006
GNSS-05,90,-0.010937,-0.000785,0.027918,0.0025,0.0025,0.006
GNSS-05,91,-0.017345,-0.008234,0.017872,0.0025,0.0025,0.006
GNSS-05,92,-0.010599,-0.004811,0.038415,0.0025,0.0025,0.006
GNSS-05,93,-0.022829,-0.005914,0.029426,0.0025,0.0025,0.006
GNSS-05,94,-0.016905,-0.008991,0.023594,0.0025,0.0025,0.006
GNSS-05,95,-0.022316,-0.004823,0.024086,0.0025,0.0025,0.006
GNSS-05,96,-0.01388,-0.006367,0.023154,0.0025,0.0025,0.006
GNSS-05,97,-0.020987,-0.003745,0.023393,0.0025,0.0025,0.006
GNSS-05,98,-0.02321,-0.003659,0.014779,0.0025,0.0025,0.006
GNSS-05,99,-0.013765,-0.00527,0.01756,0.0025,0.0025,0.006
GNSS-05,100,-0.017965,-0.007086,0.02671,0.0025,0.0025,0.006
GNSS-05,101,-0.010725,-0.002132,0.013703,0.0025,0.0025,0.006
GNSS-05,102,-0.011055,-0.008088,0.013771,0.0025,0.0025,0.006
GNSS-05,103,-0.012477,-0.004748,0.027399,0.0025,0.0025,0.006
GNSS-05,104,-0.017212,-0.003754,0.023208,0.0025,0.0025,0.006
GNSS-05,105,-0.011534,-0.007041,0.022105,0.0025,0.0025,0.006
GNSS-05,106,-0.016399,-0.007153,0.035393,0.0025,0.0025,0.006
GNSS-05,107,-0.021099,-0.00307,0.016289,0.0025,0.0025,0.006
GNSS-05,108,-0.014332,-0.007081,0.023082,0.0025,0.0025,0.006
GNSS-05,109,-0.020696,-0.003693,0.024731,0.0025,0.0025,0.006
GNSS-05,110,-0.016783,-0.003372,0.012321,0.0025,0.0025,0.006
GNSS-05,111,-0.020673,-0.010041,0.029776,0.0025,0.0025,0.006
GNSS-05,112,-0.021621,-0.005269,0.034441,0.0025,0.0025,0.006
GNSS-05,113,-0.015767,-0.007353,0.02414,0.0025,0.0025,0.006
GNSS-05,114,-0.020532,-0.007426,0.024606,0.0025,0.0025,0.006
GNSS-05,115,-0.019884,-0.011631,0.022661,0.0025,0.0025,0.006
GNSS-05,116,-0.015956,-0.011449,0.027828,0.0025,0.0025,0.006
GNSS-05,117,-0.015026,-0.004844,0.014284,0.0025,0.0025,0.006
GNSS-05,118,-0.013201,-0.009333,0.02802,0.0025,0.0025,0.006
GNSS-05,119,-0.019441,-0.004823,0.016098,0.0025,0.0025,0.006
GNSS-05,120,-0.013159,-0.01019,0.036392,0.0025,0.0025,0.006
GNSS-05,121,-0.022318,-0.001456,0.027703,0.0025,0.0025,0.006
GNSS-05,122,-0.013866,-0.008973,0.039568,0.0025,0.0025,0.006
GNSS-05,123,-0.026765,-0.0111,0.018587,0.0025,0.0025,0.006
GNSS-05,124,-0.018016,-0.012307,0.047227,0.0025,0.0025,0.006
GNSS-05,125,-0.020188,-0.00572,0.023947,0.0025,0.0025,0.006
GNSS-05,126,-0.016434,-0.012058,0.031166,0.0025,0.0025,0.006
GNSS-05,127,-0.01924,-0.0075,0.03603,0.0025,0.0025,0.006
GNSS-05,128,-0.021152,-0.008298,0.032304,0.0025,0.0025,0.006
GNSS-05,129,-0.019183,-0.003129,0.026647,0.0025,0.0025,0.006
GNSS-05,130,-0.018679,0.001318,0.020203,0.0025,0.0025,0.006
GNSS-05,131,-0.017984,-0.006761,0.036252,0.0025,0.0025,0.006
GNSS-05,132,-0.012505,-0.011343,0.031812,0.0025,0.0025,0.006
GNSS-05,133,-0.022162,-0.006068,0.029489,0.0025,0.0025,0.006
GNSS-05,134,-0.022466,-0.013165,0.029324,0.0025,0.0025,0.006
GNSS-05,135,-0.018864,-0.007714,0.021037,0.0025,0.0025,0.006
GNSS-05,136,-0.02115,-0.004083,0.024744,0.0025,0.0025,0.006
GNSS-05,137,-0.028082,-0.010174,0.041609,0.0025,0.0025,0.006
GNSS-05,138,-0.027288,-0.007108,0.034355,0.0025,0.0025,0.006
GNSS-05,139,-0.020019,-0.009859,0.036594,0.0025,0.0025,0.006
GNSS-05,140,-0.020927,-0.010799,0.044772,0.0025,0.0025,0.006
GNSS-05,141,-0.022477,-0.011887,0.023902,0.0025,0.0025,0.006
GNSS-05,142,-0.019643,-0.002267,0.044978,0.0025,0.0025,0.006
GNSS-05,143,-0.025513,-0.012452,0.030122,0.0025,0.0025,0.006
GNSS-05,144,-0.023772,-0.008894,0.026193,0.0025,0.0025,0.006
GNSS-05,145,-0.021346,-0.011517,0.034082,0.0025,0.0025,0.006
GNSS-05,146,-0.024391,-0.009685,0.046108,0.0025,0.0025,0.006
GNSS-05,147,-0.026533,-0.01475,0.040551,0.0025,0.0025,0.006
GNSS-05,148,-0.026659,-0.005365,0.033161,0.0025,0.0025,0.006
GNSS-05,149,-0.026102,-0.00436,0.038803,0.0025,0.0025,0.006
GNSS-05,150,-0.023201,-0.005691,0.032053,0.0025,0.0025,0.006
GNSS-05,151,-0.02422,-0.004084,0.03828,0.0025,0.0025,0.006
GNSS-05,152,-0.022835,-0.007621,0.029385,0.0025,0.0025,0.006
GNSS-05,153,-0.022627,-0.004882,0.03938,0.0025,0.0025,0.006
GNSS-05,154,-0.025407,-0.011778,0.033835,0.0025,0.0025,0.006
GNSS-05,155,-0.019447,-0.010629,0.046609,0.0025,0.0025,0.006
GNSS-05,156,-0.02725,-0.012559,0.046651,0.0025,0.0025,0.006
GNSS-05,157,-0.021913,-0.013135,0.038597,0.0025,0.0025,0.006
GNSS-05,158,-0.022594,-0.011413,0.041691,0.0025,0.0025,0.006
GNSS-05,159,-0.025612,-0.0107,0.04996,0.0025,0.0025,0.006
GNSS-05,160,-0.024798,-0.013182,0.043103,0.0025,0.0025,0.006
GNSS-05,161,-0.025645,-0.008703,0.04146,0.0025,0.0025,0.006
GNSS-05,162,-0.027103,-0.010945,0.038325,0.0025,0.0025,0.006
GNSS-05,163,-0.025864,-8.3e-05,0.03667,0.0025,0.0025,0.006
GNSS-05,164,-0.027556,-0.00319,0.028396,0.0025,0.0025,0.006
GNSS-05,165,-0.023106,-0.01284,0.037798,0.0025,0.0025,0.006
GNSS-05,166,-0.028029,-0.010464,0.028027,0.0025,0.0025,0.006
GNSS-05,167,-0.024858,-0.004628,0.040442,0.0025,0.0025,0.006
GNSS-05,168,-0.026844,-0.009299,0.040051,0.0025,0.0025,0.006
GNSS-05,169,-0.024888,-0.009968,0.041523,0.0025,0.0025,0.006
GNSS-05,170,-0.028457,-0.006739,0.055993,0.0025,0.0025,0.006
GNSS-05,171,-0.022461,-0.010964,0.040786,0.0025,0.0025,0.006
GNSS-05,172,-0.030076,-0.013344,0.034157,0.0025,0.0025,0.006
GNSS-05,173,-0.022592,-0.013469,0.043741,0.0025,0.0025,0.006
GNSS-05,174,-0.034206,-0.010722,0.047939,0.0025,0.0025,0.006
GNSS-05,175,-0.031453,-0.010483,0.040502,0.0025,0.0025,0.006
GNSS-05,176,-0.029399,-0.015114,0.048501,0.0025,0.0025,0.006
GNSS-05,177,-0.032285,-0.008195,0.052319,0.0025,0.0025,0.006
GNSS-05,178,-0.027928,-0.012001,0.043784,0.0025,0.0025,0.006
GNSS-05,179,-0.030075,-0.010694,0.039032,0.0025,0.0025,0.006
GNSS-05,180,-0.026584,-0.006858,0.045966,0.0025,0.0025,0.006
GNSS-05,181,-0.031444,-0.009666,0.049557,0.0025,0.0025,0.006
GNSS-05,182,-0.029895,-0.004045,0.030268,0.0025,0.0025,0.006
GNSS-05,183,-0.026524,-0.011834,0.042143,0.0025,0.0025,0.006
GNSS-05,184,-0.031088,-0.010486,0.045894,0.0025,0.0025,0.006
GNSS-05,185,-0.029294,-0.008675,0.053432,0.0025,0.0025,0.006
GNSS-05,186,-0.02965,-0.0147,0.053703,0.0025,0.0025,0.006
GNSS-05,187,-0.030321,-0.013084,0.043962,0.0025,0.0025,0.006
GNSS-05,188,-0.029103,-0.003708,0.051182,0.0025,0.0025,0.006
GNSS-05,189,-0.028601,-0.019896,0.033085,0.0025,0.0025,0.006
GNSS-05,190,-0.027622,-0.010924,0.056273,0.0025,0.0025,0.006
GNSS-05,191,-0.027172,-0.016017,0.047843,0.0025,0.0025,0.006
GNSS-05,192,-0.03086,-0.019789,0.047186,0.0025,0.0025,0.006
GNSS-05,193,-0.026498,-0.014402,0.039488,0.0025,0.0025,0.006
GNSS-05,194,-0.033221,-0.00991,0.058788,0.0025,0.0025,0.006
GNSS-05,195,-0.032503,-0.014644,0.049106,0.0025,0.0025,0.006
GNSS-05,196,-0.026482,-0.015601,0.035252,0.0025,0.0025,0.006
GNSS-05,197,-0.027247,-0.013414,0.048076,0.0025,0.0025,0.006
GNSS-05,198,-0.035762,-0.015156,0.05484,0.0025,0.0025,0.006
GNSS-05,199,-0.036872,-0.010897,0.053333,0.0025,0.0025,0.006
GNSS-05,200,-0.03726,-0.016089,0.044313,0.0025,0.0025,0.006
GNSS-05,201,-0.039338,-0.006462,0.056687,0.0025,0.0025,0.006
GNSS-05,202,-0.039589,-0.012736,0.043208,0.0025,0.0025,0.006
GNSS-05,203,-0.032864,-0.008781,0.051873,0.0025,0.0025,0.006
GNSS-05,204,-0.038271,-0.012091,0.056502,0.0025,0.0025,0.006
GNSS-05,205,-0.035624,-0.012556,0.055369,0.0025,0.0025,0.006
GNSS-05,206,-0.029136,-0.012936,0.057371,0.0025,0.0025,0.006
GNSS-05,207,-0.03926,-0.013045,0.042892,0.0025,0.0025,0.006
GNSS-05,208,-0.03318,-0.011051,0.041415,0.0025,0.0025,0.006
GNSS-05,209,-0.035483,-0.012613,0.050169,0.0025,0.0025,0.006
GNSS-05,210,-0.041001,-0.012131,0.041769,0.0025,0.0025,0.006
GNSS-05,211,-0.037001,-0.011325,0.033924,0.0025,0.0025,0.006
GNSS-05,212,-0.034914,-0.019182,0.037879,0.0025,0.0025,0.006
GNSS-05,213,-0.025383,-0.009785,0.057726,0.0025,0.0025,0.006
GNSS-05,214,-0.038739,-0.012915,0.053641,0.0025,0.0025,0.006
GNSS-05,215,-0.036888,-0.015308,0.052286,0.0025,0.0025,0.006
GNSS-05,216,-0.0321,-0.016481,0.057026,0.0025,0.0025,0.006
GNSS-05,217,-0.038314,-0.015617,0.051969,0.0025,0.0025,0.006
GNSS-05,218,-0.038178,-0.01189,0.055885,0.0025,0.0025,0.006
GNSS-05,219,-0.034161,-0.015372,0.06356,0.0025,0.0025,0.006
GNSS-05,220,-0.031472,-0.013122,0.059621,0.0025,0.0025,0.006
GNSS-05,221,-0.042884,-0.019006,0.053764,0.0025,0.0025,0.006
GNSS-05,222,-0.033632,-0.013468,0.052251,0.0025,0.0025,0.006
GNSS-05,223,-0.042514,-0.018784,0.054663,0.0025,0.0025,0.006
GNSS-05,224,-0.038666,-0.015561,0.059646,0.0025,0.0025,0.006
GNSS-05,225,-0.043446,-0.015344,0.052755,0.0025,0.0025,0.006
GNSS-05,226,-0.041154,-0.011355,0.057393,0.0025,0.0025,0.006
GNSS-05,227,-0.034471,-0.015981,0.057996,0.0025,0.0025,0.006
GNSS-05,228,-0.04511,-0.00993,0.051702,0.0025,0.0025,0.006
GNSS-05,229,-0.041698,-0.017019,0.059375,0.0025,0.0025,0.006
GNSS-05,230,-0.039315,-0.018043,0.05337,0.0025,0.0025,0.006
GNSS-05,231,-0.035494,-0.019795,0.063974,0.0025,0.0025,0.006
GNSS-05,232,-0.04197,-0.018541,0.055738,0.0025,0.0025,0.006
GNSS-05,233,-0.040204,-0.011295,0.075951,0.0025,0.0025,0.006
GNSS-05,234,-0.038541,-0.015422,0.064884,0.0025,0.0025,0.006
GNSS-05,235,-0.044371,-0.016341,0.060993,0.0025,0.0025,0.006
GNSS-05,236,-0.03999,-0.014077,0.063476,0.0025,0.0025,0.006
GNSS-05,237,-0.037766,-0.018567,0.064877,0.0025,0.0025,0.006
GNSS-05,238,-0.036252,-0.017478,0.065596,0.0025,0.0025,0.006
GNSS-05,239,-0.040934,-0.015435,0.071082,0.0025,0.0025,0.006
GNSS-05,240,-0.041987,-0.021002,0.068574,0.0025,0.0025,0.006
GNSS-05,241,-0.0433,-0.017867,0.067054,0.0025,0.0025,0.006
GNSS-05,242,-0.040744,-0.0118,0.056843,0.0025,0.0025,0.006
GNSS-05,243,-0.043965,-0.018316,0.063057,0.0025,0.0025,0.006
GNSS-05,244,-0.040369,-0.015098,0.068422,0.0025,0.0025,0.006
GNSS-05,245,-0.043537,-0.017836,0.05785,0.0025,0.0025,0.006
GNSS-05,246,-0.04187,-0.021301,0.061952,0.0025,0.0025,0.006
GNSS-05,247,-0.040631,-0.017468,0.055736,0.0025,0.0025,0.006
GNSS-05,248,-0.043429,-0.018231,0.067174,0.0025,0.0025,0.006
GNSS-05,249,-0.044447,-0.019647,0.054276,0.0025,0.0025,0.006
GNSS-05,250,-0.049765,-0.017687,0.072516,0.0025,0.0025,0.006
GNSS-06,0,-0.000246,-0.001391,-0.008371,0.0025,0.0025,0.006
GNSS-06,1,-0.003154,0.004098,-0.001543,0.0025,0.0025,0.006
GNSS-06,2,-0.004506,0.003451,-0.007117,0.0025,0.0025,0.006
GNSS-06,3,0.000592,0.000997,0.001419,0.0025,0.0025,0.006
GNSS-06,4,0.004328,0.000996,0.009796,0.0025,0.0025,0.006
GNSS-06,5,0.002867,-0.002685,0.000689,0.0025,0.0025,0.006
GNSS-06,6,0.001721,0.002808,-0.005596,0.0025,0.0025,0.006
GNSS-06,7,0.003515,-0.001661,-0.004473,0.0025,0.0025,0.006
GNSS-06,8,-0.006203,0.000874,0.005796,0.0025,0.0025,0.006
GNSS-06,9,0.001216,0.001283,0.005149,0.0025,0.0025,0.006
GNSS-06,10,-0.000815,0.000763,0.002703,0.0025,0.0025,0.006
GNSS-06,11,0.001668,0.001478,-0.00421,0.0025,0.0025,0.006
GNSS-06,12,-0.003694,-0.001501,0.008131,0.0025,0.0025,0.006
GNSS-06,13,0.006727,0.001937,0.009279,0.0025,0.0025,0.006
GNSS-06,14,-0.00135,-0.001272,-0.016461,0.0025,0.0025,0.006
GNSS-06,15,5.8e-05,0.006026,-0.003732,0.0025,0.0025,0.006
GNSS-06,16,0.003579,-0.003601,-0.012331,0.0025,0.0025,0.006
GNSS-06,17,0.003778,0.008227,-0.004013,0.0025,0.0025,0.006
GNSS-06,18,-0.001682,-0.002436,0.004483,0.0025,0.0025,0.006
GNSS-06,19,0.00218,0.003318,-0.010028,0.0025,0.0025,0.006
GNSS-06,20,0.000509,-8e-05,0.004116,0.0025,0.0025,0.006
GNSS-06,21,0.001041,0.001281,0.006885,0.0025,0.0025,0.006
GNSS-06,22,0.002495,-0.001173,0.011107,0.0025,0.0025,0.006
GNSS-06,23,0.001275,0.002856,0.000858,0.0025,0.0025,0.006
GNSS-06,24,-0.005762,-0.00252,0.003143,0.0025,0.0025,0.006
GNSS-06,25,0.006303,0.006048,-0.003254,0.0025,0.0025,0.006
GNSS-06,26,-0.001568,0.002047,-0.000156,0.0025,0.0025,0.006
GNSS-06,27,0.000286,0.001602,0.008911,0.0025,0.0025,0.006
GNSS-06,28,-0.000551,0.00328,0.00017,0.0025,0.0025,0.006
GNSS-06,29,0.000203,-0.00499,-0.001937,0.0025,0.0025,0.006
GNSS-06,30,-0.003546,-0.001318,0.002213,0.0025,0.0025,0.006
GNSS-06,31,-0.00167,0.000943,0.011461,0.0025,0.0025,0.006
GNSS-06,32,3e-05,0.002586,0.007331,0.0025,0.0025,0.006
GNSS-06,33,-0.001225,0.003039,0.002742,0.0025,0.0025,0.006
GNSS-06,34,0.001384,-0.000493,0.004295,0.0025,0.0025,0.006
GNSS-06,35,0.000791,0.001389,0.001509,0.0025,0.0025,0.006
GNSS-06,36,-0.003062,0.004026,-0.00126,0.0025,0.0025,0.006
GNSS-06,37,0.001204,-0.006276,-0.001726,0.0025,0.0025,0.006
GNSS-06,38,0.004593,0.004356,-0.011381,0.0025,0.0025,0.006
GNSS-06,39,-0.000972,-0.000723,-0.008056,0.0025,0.0025,0.006
GNSS-06,40,0.007252,0.005658,0.019626,0.0025,0.0025,0.006
GNSS-06,41,-0.001871,0.0046,-0.00406,0.0025,0.0025,0.006
GNSS-06,42,-0.001134,-0.003539,0.009705,0.0025,0.0025,0.006
GNSS-06,43,0.000249,-0.000379,-0.00296,0.0025,0.0025,0.006
GNSS-06,44,0.001089,-0.001623,-0.00261,0.0025,0.0025,0.006
GNSS-06,45,0.00324,0.006378,-0.005187,0.0025,0.0025,0.006
GNSS-06,46,0.002236,-0.000896,-0.002105,0.0025,0.0025,0.006
GNSS-06,47,-0.004062,0.002307,-0.00175,0.0025,0.0025,0.006
GNSS-06,48,0.001447,-0.001146,-0.005787,0.0025,0.0025,0.006
GNSS-06,49,0.000256,-0.001307,-0.008402,0.0025,0.0025,0.006
GNSS-06,50,-0.001421,-0.00011,0.000491,0.0025,0.0025,0.006
GNSS-06,51,-0.000889,-0.002148,0.014089,0.0025,0.0025,0.006
GNSS-06,52,0.000626,0.0065,0.006052,0.0025,0.0025,0.006
GNSS-06,53,-0.000317,-0.003399,0.009718,0.0025,0.0025,0.006
GNSS-06,54,-0.002824,-0.004352,-0.000902,0.0025,0.0025,0.006
GNSS-06,55,0.003669,-0.006444,-0.00131,0.0025,0.0025,0.006
GNSS-06,56,-0.002311,0.001459,-0.003849,0.0025,0.0025,0.006
GNSS-06,57,0.000731,-0.002611,-0.004262,0.0025,0.0025,0.006
GNSS-06,58,-0.00197,-0.002738,0.011558,0.0025,0.0025,0.006
GNSS-06,59,-0.003764,0.003957,0.018509,0.0025,0.0025,0.006
GNSS-06,60,0.004385,-0.001789,0.00218,0.0025,0.0025,0.006
GNSS-06,61,-0.00019,-0.004439,0.002517,0.0025,0.0025,0.006
GNSS-06,62,-0.001747,-0.002761,-0.000762,0.0025,0.0025,0.006
GNSS-06,63,0.000347,-0.000509,-0.013286,0.0025,0.0025,0.006
GNSS-06,64,0.0041,0.001558,0.008477,0.0025,0.0025,0.006
GNSS-06,65,-0.00118,0.004135,-0.003824,0.0025,0.0025,0.006
GNSS-06,66,0.005784,-0.001928,-0.000686,0.0025,0.0025,0.006
GNSS-06,67,0.001751,0.003282,0.005275,0.0025,0.0025,0.006
GNSS-06,68,-0.003889,-0.001179,-0.003388,0.0025,0.0025,0.006
GNSS-06,69,0.00048,-0.003014,0.004637,0.0025,0.0025,0.006
GNSS-06,70,0.00195,0.002162,0.0023,0.0025,0.0025,0.006
GNSS-06,71,-0.004325,0.001385,0.005073,0.0025,0.0025,0.006
GNSS-06,72,0.001926,-0.00492,-0.001322,0.0025,0.0025,0.006
GNSS-06,73,0.002731,1.6e-05,0.001532,0.0025,0.0025,0.006
GNSS-06,74,-0.003949,0.006932,0.00705,0.0025,0.0025,0.006
GNSS-06,75,0.0047,0.000429,-0.001056,0.0025,0.0025,0.006
GNSS-06,76,0.00297,0.002069,-0.012416,0.0025,0.0025,0.006
GNSS-06,77,0.001816,-0.00362,0.001229,0.0025,0.0025,0.006
GNSS-06,78,0.008658,0.001284,-0.001017,0.0025,0.0025,0.006
GNSS-06,79,-0.001121,0.000683,0.006977,0.0025,0.0025,0.006
GNSS-06,80,0.007306,-0.00058,0.024186,0.0025,0.0025,0.006
GNSS-06,81,-0.001545,0.00331,-0.001493,0.0025,0.0025,0.006
GNSS-06,82,-0.002978,0.0007,-0.005682,0.0025,0.0025,0.006
GNSS-06,83,0.000158,3.3e-05,0.003866,0.0025,0.0025,0.006
GNSS-06,84,0.00163,-0.003751,-0.001484,0.0025,0.0025,0.006
GNSS-06,85,0.000499,0.002678,-0.010827,0.0025,0.0025,0.006
GNSS-06,86,-0.003917,0.005061,-0.008561,0.0025,0.0025,0.006
GNSS-06,87,-0.000256,-0.002415,-0.001003,0.0025,0.0025,0.006
GNSS-06,88,0.003173,-0.000986,0.003694,0.0025,0.0025,0.006
GNSS-06,89,0.001323,0.001686,0.010844,0.0025,0.0025,0.006
GNSS-06,90,0.000372,0.006612,-0.000234,0.0025,0.0025,0.006
GNSS-06,91,0.002732,-0.000797,-0.003421,0.0025,0.0025,0.006
GNSS-06,92,-0.004994,-0.00154,0.002771,0.0025,0.0025,0.006
GNSS-06,93,0.003155,0.001544,0.002778,0.0025,0.0025,0.006
GNSS-06,94,0.000848,0.002209,0.002173,0.0025,0.0025,0.006
GNSS-06,95,0.000526,-0.001409,0.003102,0.0025,0.0025,0.006
GNSS-06,96,0.001582,0.000128,-0.005667,0.0025,0.0025,0.006
GNSS-06,97,0.001181,0.004551,-0.005449,0.0025,0.0025,0.006
GNSS-06,98,-0.00093,0.003022,-0.006171,0.0025,0.0025,0.006
GNSS-06,99,0.00618,0.004339,-0.001645,0.0025,0.0025,0.006
GNSS-06,100,0.002353,-0.001801,-0.002637,0.0025,0.0025,0.006
GNSS-06,101,0.003334,-0.000259,-0.004876,0.0025,0.0025,0.006
GNSS-06,102,0.007542,-0.002215,-0.007581,0.0025,0.0025,0.006
GNSS-06,103,0.005058,0.002414,0.00338,0.0025,0.0025,0.006
GNSS-06,104,-0.000612,0.004434,0.006918,0.0025,0.0025,0.006
GNSS-06,105,0.009319,0.003392,-0.004601,0.0025,0.0025,0.006
GNSS-06,106,-0.000142,0.001159,-0.004176,0.0025,0.0025,0.006
GNSS-06,107,-0.000983,-0.003118,-0.011317,0.0025,0.0025,0.006
GNSS-06,108,0.001241,0.005063,-0.001154,0.0025,0.0025,0.006
GNSS-06,109,0.001091,0.000612,-0.010893,0.0025,0.0025,0.006
GNSS-06,110,0.000148,0.002533,-0.005966,0.0025,0.0025,0.006
GNSS-06,111,0.005368,-0.006702,0.003235,0.0025,0.0025,0.006
GNSS-06,112,-0.000395,0.007841,0.001721,0.0025,0.0025,0.006
GNSS-06,113,0.000942,0.001343,-0.007891,0.0025,0.0025,0.006
GNSS-06,114,0.003831,-0.000802,-0.000291,0.0025,0.0025,0.006
GNSS-06,115,-0.003196,-0.000286,0.006299,0.0025,0.0025,0.006
GNSS-06,116,0.005505,0.004078,0.000657,0.0025,0.0025,0.006
GNSS-06,117,0.007033,0.00339,0.008217,0.0025,0.0025,0.006
GNSS-06,118,0.00216,-0.00052,-0.006362,0.0025,0.0025,0.006
GNSS-06,119,0.006565,0.002506,-0.002405,0.0025,0.0025,0.006
GNSS-06,120,0.0062,0.005227,0.008993,0.0025,0.0025,0.006
GNSS-06,121,9.6e-05,0.000773,0.00126,0.0025,0.0025,0.006
GNSS-06,122,0.000398,-0.005036,0.007324,0.0025,0.0025,0.006
GNSS-06,123,0.001998,-0.000162,0.000175,0.0025,0.0025,0.006
GNSS-06,124,0.001425,-0.004547,0.004457,0.0025,0.0025,0.006
GNSS-06,125,0.003987,-0.000508,-0.002467,0.0025,0.0025,0.006
GNSS-06,126,0.000945,-0.000252,-0.001921,0.0025,0.0025,0.006
GNSS-06,127,0.002022,0.001579,0.007242,0.0025,0.0025,0.006
GNSS-06,128,-0.002782,-0.005979,0.006688,0.0025,0.0025,0.006
GNSS-06,129,0.00464,0.003353,0.002286,0.0025,0.0025,0.006
GNSS-06,130,0.003179,-0.000832,-0.00117,0.0025,0.0025,0.006
GNSS-06,131,-0.001649,-0.004472,-0.000585,0.0025,0.0025,0.006
GNSS-06,132,0.00682,-0.002307,0.00536,0.0025,0.0025,0.006
GNSS-06,133,-0.001669,0.000582,0.015793,0.0025,0.0025,0.006
GNSS-06,134,0.002625,-0.003879,0.000527,0.0025,0.0025,0.006
GNSS-06,135,0.004415,0.006154,0.010651,0.0025,0.0025,0.006
GNSS-06,136,0.000453,0.004601,0.003319,0.0025,0.0025,0.006
GNSS-06,137,0.002209,0.001744,0.001637,0.0025,0.0025,0.006
GNSS-06,138,0.000745,0.000866,0.008637,0.0025,0.0025,0.006
GNSS-06,139,0.002167,0.001318,-0.004102,0.0025,0.0025,0.006
GNSS-06,140,-0.000823,0.003765,0.007951,0.0025,0.0025,0.006
GNSS-06,141,0.003281,-0.001352,-0.002099,0.0025,0.0025,0.006
GNSS-06,142,0.006025,0.005771,0.004419,0.0025,0.0025,0.006
GNSS-06,143,0.004815,-0.000455,-0.003517,0.0025,0.0025,0.006
GNSS-06,144,0.002057,-0.001869,0.011293,0.0025,0.0025,0.006
GNSS-06,145,-0.003162,0.000855,-0.004149,0.0025,0.0025,0.006
GNSS-06,146,0.006564,0.002408,-0.00271,0.0025,0.0025,0.006
GNSS-06,147,0.000921,-0.003821,-0.003658,0.0025,0.0025,0.006
GNSS-06,148,0.002427,-0.003672,-0.003673,0.0025,0.0025,0.006
GNSS-06,149,0.00546,0.000517,0.003964,0.0025,0.0025,0.006
GNSS-06,150,0.002278,0.001499,0.004147,0.0025,0.0025,0.006
GNSS-06,151,0.003145,-0.000662,0.008493,0.0025,0.0025,0.006
GNSS-06,152,0.000448,0.000888,0.004715,0.0025,0.0025,0.006
GNSS-06,153,0.004178,0.000116,0.004439,0.0025,0.0025,0.006
GNSS-06,154,-0.004719,0.001653,0.006757,0.0025,0.0025,0.006
GNSS-06,155,0.002697,-0.002928,-0.0052,0.0025,0.0025,0.006
GNSS-06,156,0.002158,-0.001601,0.003951,0.0025,0.0025,0.006
GNSS-06,157,0.002714,-0.00015,0.002565,0.0025,0.0025,0.006
GNSS-06,158,-0.00068,-0.002456,0.009704,0.0025,0.0025,0.006
GNSS-06,159,0.006683,-0.001366,0.000466,0.0025,0.0025,0.006
GNSS-06,160,0.004048,0.001377,0.002108,0.0025,0.0025,0.006
GNSS-06,161,-8.3e-05,0.002552,-0.006388,0.0025,0.0025,0.006
GNSS-06,162,0.000944,0.004795,-0.000148,0.0025,0.0025,0.006
GNSS-06,163,0.001411,-0.000546,-0.006278,0.0025,0.0025,0.006
GNSS-06,164,-0.000285,0.001124,-0.006452,0.0025,0.0025,0.006
GNSS-06,165,0.00718,-0.000524,0.001043,0.0025,0.0025,0.006
GNSS-06,166,0.003123,-0.000353,-0.004098,0.0025,0.0025,0.006
GNSS-06,167,0.00207,0.001199,-0.000773,0.0025,0.0025,0.006
GNSS-06,168,0.001776,0.002148,-0.000637,0.0025,0.0025,0.006
GNSS-06,169,0.005228,0.002342,-0.00614,0.0025,0.0025,0.006
GNSS-06,170,0.00379,0.008535,0.011693,0.0025,0.0025,0.006
GNSS-06,171,0.004534,0.000891,0.006018,0.0025,0.0025,0.006
GNSS-06,172,-0.000236,0.004827,0.001831,0.0025,0.0025,0.006
GNSS-06,173,0.002753,0.00148,-0.005143,0.0025,0.0025,0.006
GNSS-06,174,0.001176,0.002511,0.014195,0.0025,0.0025,0.006
GNSS-06,175,-0.005232,0.000956,0.009698,0.0025,0.0025,0.006
GNSS-06,176,0.001015,0.002115,-0.000658,0.0025,0.0025,0.006
GNSS-06,177,0.000358,0.009413,-0.002,0.0025,0.0025,0.006
GNSS-06,178,0.002989,0.001438,0.002921,0.0025,0.0025,0.006
GNSS-06,179,0.000703,-0.00223,0.004259,0.0025,0.0025,0.006
GNSS-06,180,0.006409,0.005424,-0.008754,0.0025,0.0025,0.006
GNSS-06,181,-0.003853,0.004171,0.001498,0.0025,0.0025,0.006
GNSS-06,182,0.005776,0.002944,0.017496,0.0025,0.0025,0.006
GNSS-06,183,0.006489,0.003115,-0.003977,0.0025,0.0025,0.006
GNSS-06,184,-0.004159,0.006245,-0.001324,0.0025,0.0025,0.006
GNSS-06,185,0.000363,0.000949,-0.016343,0.0025,0.0025,0.006
GNSS-06,186,0.007984,-0.002575,0.001179,0.0025,0.0025,0.006
GNSS-06,187,0.001017,-0.001501,0.003944,0.0025,0.0025,0.006
GNSS-06,188,0.005908,0.005599,-0.005196,0.0025,0.0025,0.006
GNSS-06,189,0.001474,0.002803,-0.001192,0.0025,0.0025,0.006
GNSS-06,190,0.007201,0.003076,0.00888,0.0025,0.0025,0.006
GNSS-06,191,0.004398,-0.000508,-0.00692,0.0025,0.0025,0.006
GNSS-06,192,0.000808,0.001761,0.020862,0.0025,0.0025,0.006
GNSS-06,193,0.004485,-0.000303,-0.003716,0.0025,0.0025,0.006
GNSS-06,194,0.005082,-0.003057,-0.005731,0.0025,0.0025,0.006
GNSS-06,195,0.003423,-0.00225,-0.010761,0.0025,0.0025,0.006
GNSS-06,196,0.004342,0.00416,-0.00293,0.0025,0.0025,0.006
GNSS-06,197,0.0064,0.004766,0.003406,0.0025,0.0025,0.006
GNSS-06,198,0.004463,0.00127,-0.014306,0.0025,0.0025,0.006
GNSS-06,199,-0.00205,0.004022,0.009856,0.0025,0.0025,0.006
GNSS-06,200,-0.002931,-0.004512,-0.001653,0.0025,0.0025,0.006
GNSS-06,201,-3.1e-05,0.008099,0.003721,0.0025,0.0025,0.006
GNSS-06,202,0.005814,0.005846,-0.005364,0.0025,0.0025,0.006
GNSS-06,203,0.0058,0.009018,-0.004193,0.0025,0.0025,0.006
GNSS-06,204,0.006206,-0.00155,0.000351,0.0025,0.0025,0.006
GNSS-06,205,0.007498,0.001728,9.1e-05,0.0025,0.0025,0.006
GNSS-06,206,0.005762,0.002149,-0.008121,0.0025,0.0025,0.006
GNSS-06,207,0.00652,0.000172,0.005977,0.0025,0.0025,0.006
GNSS-06,208,0.006461,0.003582,0.00352,0.0025,0.0025,0.006
GNSS-06,209,0.010043,-0.000385,0.005145,0.0025,0.0025,0.006
GNSS-06,210,0.001159,0.000774,-0.009982,0.0025,0.0025,0.006
GNSS-06,211,-0.001351,0.000568,-0.007992,0.0025,0.0025,0.006
GNSS-06,212,0.00747,0.001393,8.6e-05,0.0025,0.0025,0.006
GNSS-06,213,0.011072,0.004502,0.000296,0.0025,0.0025,0.006
GNSS-06,214,0.002667,0.00244,-0.003547,0.0025,0.0025,0.006
GNSS-06,215,0.004976,-0.004851,0.008041,0.0025,0.0025,0.006
GNSS-06,216,0.007495,0.008406,0.003585,0.0025,0.0025,0.006
GNSS-06,217,0.002807,0.001325,-0.003163,0.0025,0.0025,0.006
GNSS-06,218,0.005853,0.000925,0.000417,0.0025,0.0025,0.006
GNSS-06,219,0.004456,0.001562,0.004338,0.0025,0.0025,0.006
GNSS-06,220,0.007049,0.001243,0.001335,0.0025,0.0025,0.006
GNSS-06,221,0.003456,0.006012,-0.000292,0.0025,0.0025,0.006
GNSS-06,222,0.007618,0.00357,-0.005805,0.0025,0.0025,0.006
GNSS-06,223,0.003184,0.001496,-0.003505,0.0025,0.0025,0.006
GNSS-06,224,-0.000579,-0.00104,0.000842,0.0025,0.0025,0.006
GNSS-06,225,0.002726,0.002153,0.005901,0.0025,0.0025,0.006
GNSS-06,226,0.002107,0.008119,-0.000253,0.0025,0.0025,0.006
GNSS-06,227,0.009017,0.000616,0.004191,0.0025,0.0025,0.006
GNSS-06,228,0.004532,0.004638,0.004781,0.0025,0.0025,0.006
GNSS-06,229,0.005934,0.00372,-0.004992,0.0025,0.0025,0.006
GNSS-06,230,0.001818,-0.00464,-0.003849,0.0025,0.0025,0.006
GNSS-06,231,0.003836,0.004026,0.012278,0.0025,0.0025,0.006
GNSS-06,232,0.004863,-0.003253,0.006788,0.0025,0.0025,0.006
GNSS-06,233,0.012162,0.005911,0.007565,0.0025,0.0025,0.006
GNSS-06,234,-0.002005,-0.000765,-0.001643,0.0025,0.0025,0.006
GNSS-06,235,0.004734,0.006241,-0.008543,0.0025,0.0025,0.006
GNSS-06,236,0.005217,-0.00276,-0.001014,0.0025,0.0025,0.006
GNSS-06,237,0.008443,-0.0005,0.002391,0.0025,0.0025,0.006
GNSS-06,238,0.006786,0.000607,0.001263,0.0025,0.0025,0.006
GNSS-06,239,0.005308,0.003103,0.004255,0.0025,0.0025,0.006
GNSS-06,240,0.001709,0.001516,0.005189,0.0025,0.0025,0.006
GNSS-06,241,0.009062,0.003675,-0.016347,0.0025,0.0025,0.006
GNSS-06,242,0.009661,0.00563,-0.003816,0.0025,0.0025,0.006
GNSS-06,243,0.007548,0.002512,0.009026,0.0025,0.0025,0.006
GNSS-06,244,0.002357,0.002001,-0.003494,0.0025,0.0025,0.006
GNSS-06,245,0.001544,-0.000338,-0.007337,0.0025,0.0025,0.006
GNSS-06,246,0.000314,0.000867,-0.006873,0.0025,0.0025,0.006
GNSS-06,247,0.007444,-0.00132,-0.004948,0.0025,0.0025,0.006
GNSS-06,248,0.006743,-0.004537,-0.003863,0.0025,0.0025,0.006
GNSS-06,249,0.005522,0.007427,-0.010212,0.0025,0.0025,0.006
GNSS-06,250,0.005279,-0.004201,-0.002337,0.0025,0.0025,0.006
GNSS-06,251,0.008691,-0.006095,-0.01091,0.0025,0.0025,0.006
GNSS-06,252,0.00321,-0.000107,-0.007076,0.0025,0.0025,0.006
GNSS-06,253,0.005187,-0.001251,-0.008038,0.0025,0.0025,0.006
GNSS-06,254,0.000128,0.000923,-0.000511,0.0025,0.0025,0.006
GNSS-06,255,0.005835,0.004904,0.006099,0.0025,0.0025,0.006
GNSS-06,256,0.004392,0.001808,0.008092,0.0025,0.0025,0.006
GNSS-06,257,0.005078,0.004023,-0.000732,0.0025,0.0025,0.006
GNSS-06,258,0.002534,0.003012,-0.004244,0.0025,0.0025,0.006
GNSS-06,259,0.003903,0.004057,0.004501,0.0025,0.0025,0.006
GNSS-06,260,0.008536,0.000182,-0.011236,0.0025,0.0025,0.006
GNSS-06,261,0.007099,-0.001735,0.009071,0.0025,0.0025,0.006
GNSS-06,262,0.003732,0.005055,0.000784,0.0025,0.0025,0.006
GNSS-06,263,0.008395,0.000111,0.005795,0.0025,0.0025,0.006
GNSS-06,264,0.003146,-0.000298,0.005918,0.0025,0.0025,0.006
GNSS-06,265,0.003664,0.001598,-0.006256,0.0025,0.0025,0.006
GNSS-06,266,0.004925,0.003882,0.007822,0.0025,0.0025,0.006
GNSS-06,267,0.005542,0.0026,-0.001258,0.0025,0.0025,0.006
GNSS-06,268,0.008377,-0.000836,0.003614,0.0025,0.0025,0.006
GNSS-06,269,0.010611,0.006794,0.005935,0.0025,0.0025,0.006
GNSS-06,270,0.002951,0.003462,-0.000274,0.0025,0.0025,0.006
GNSS-06,271,0.003365,0.002628,0.002947,0.0025,0.0025,0.006
GNSS-06,272,0.003599,0.002025,0.011315,0.0025,0.0025,0.006
GNSS-06,273,0.008064,0.006019,-0.004073,0.0025,0.0025,0.006
GNSS-06,274,0.00323,0.002667,-0.008406,0.0025,0.0025,0.006
GNSS-06,275,0.002208,0.002935,0.0019,0.0025,0.0025,0.006
GNSS-06,276,0.007146,4.5e-05,-0.010037,0.0025,0.0025,0.006
GNSS-06,277,0.006001,0.002312,-0.006061,0.0025,0.0025,0.006
GNSS-06,278,0.005414,-0.004749,-0.002914,0.0025,0.0025,0.006
GNSS-06,279,-0.002339,0.003704,-0.002909,0.0025,0.0025,0.006
GNSS-06,280,0.005322,-0.001364,-0.001688,0.0025,0.0025,0.006
GNSS-06,281,0.007537,0.007274,-0.001984,0.0025,0.0025,0.006
GNSS-06,282,0.005059,0.005145,0.001221,0.0025,0.0025,0.006
GNSS-06,283,0.005323,0.001128,-0.000692,0.0025,0.0025,0.006
GNSS-06,284,0.010743,0.003477,-0.007923,0.0025,0.0025,0.006
GNSS-06,285,0.007178,8.7e-05,0.009666,0.0025,0.0025,0.006
GNSS-06,286,0.007975,-0.002132,-0.002419,0.0025,0.0025,0.006
GNSS-06,287,0.002156,-0.001316,-0.001008,0.0025,0.0025,0.006
GNSS-06,288,0.000469,0.00288,0.009146,0.0025,0.0025,0.006
GNSS-06,289,0.002478,0.001932,0.001947,0.0025,0.0025,0.006
GNSS-06,290,0.005822,-0.000225,-0.006409,0.0025,0.0025,0.006
GNSS-06,291,0.002367,-0.001802,0.001091,0.0025,0.0025,0.006
GNSS-06,292,0.002284,0.002998,0.002392,0.0025,0.0025,0.006
GNSS-06,293,0.003494,0.002878,-0.010045,0.0025,0.0025,0.006
GNSS-06,294,-0.001396,-0.002413,0.002275,0.0025,0.0025,0.006
GNSS-06,295,0.004713,-0.003869,-0.002657,0.0025,0.0025,0.006
GNSS-06,296,0.003548,-0.001685,0.004107,0.0025,0.0025,0.006
GNSS-06,297,0.00806,0.002816,-0.010519,0.0025,0.0025,0.006
GNSS-06,298,-2.9e-05,0.00202,-0.001948,0.0025,0.0025,0.006
GNSS-06,299,0.003721,0.006857,0.01126,0.0025,0.0025,0.006
GNSS-06,300,0.007328,0.003227,0.005928,0.0025,0.0025,0.006
GNSS-06,301,0.009084,0.000767,-0.00715,0.0025,0.0025,0.006
GNSS-06,302,0.007809,0.003796,0.001241,0.0025,0.0025,0.006
GNSS-06,303,0.008073,-0.003171,0.0103,0.0025,0.0025,0.006
GNSS-06,304,0.006688,0.004697,-0.007793,0.0025,0.0025,0.006
GNSS-06,305,0.003062,0.004552,-0.003571,0.0025,0.0025,0.006
GNSS-06,306,-0.001449,0.000621,-0.003259,0.0025,0.0025,0.006
GNSS-06,307,0.008039,0.006405,0.008996,0.0025,0.0025,0.006
GNSS-06,308,0.008668,0.003067,0.00725,0.0025,0.0025,0.006
GNSS-06,309,-0.000663,-0.001487,0.018846,0.0025,0.0025,0.006
GNSS-06,310,0.004124,0.007718,-0.001283,0.0025,0.0025,0.006
GNSS-06,311,-0.002261,-0.00245,0.007878,0.0025,0.0025,0.006
GNSS-06,312,0.002709,-0.00036,-0.002776,0.0025,0.0025,0.006
GNSS-06,313,0.004734,0.005162,0.009611,0.0025,0.0025,0.006
GNSS-06,314,0.011403,0.003007,0.000178,0.0025,0.0025,0.006
GNSS-06,315,0.012611,0.002143,0.01723,0.0025,0.0025,0.006
GNSS-06,316,-0.001908,0.001531,0.006867,0.0025,0.0025,0.006
GNSS-06,317,0.010768,0.007915,0.004871,0.0025,0.0025,0.006
GNSS-06,318,0.005014,0.002771,-0.002166,0.0025,0.0025,0.006
GNSS-06,319,0.003446,-0.003489,0.004344,0.0025,0.0025,0.006
GNSS-06,320,0.000669,0.00861,0.00708,0.0025,0.0025,0.006
GNSS-06,321,0.001685,0.004949,0.003079,0.0025,0.0025,0.006
GNSS-06,322,0.008362,0.006061,0.00764,0.0025,0.0025,0.006
GNSS-06,323,0.010475,0.002517,-0.017884,0.0025,0.0025,0.006
GNSS-06,324,0.006842,0.003177,-0.001508,0.0025,0.0025,0.006
GNSS-06,325,0.009832,-6e-06,0.002418,0.0025,0.0025,0.006
GNSS-06,326,0.005962,0.000432,0.003347,0.0025,0.0025,0.006
GNSS-06,327,0.005578,0.001342,-0.010448,0.0025,0.0025,0.006
GNSS-06,328,0.004904,-0.002296,-0.00066,0.0025,0.0025,0.006
GNSS-06,329,0.001424,0.002124,0.005558,0.0025,0.0025,0.006
GNSS-06,330,0.007483,0.007256,0.00769,0.0025,0.0025,0.006
GNSS-07,0,-0.000819,-0.00238,-0.005346,0.0025,0.0025,0.006
GNSS-07,1,-0.001147,0.002333,0.005377,0.0025,0.0025,0.006
GNSS-07,2,0.002152,-0.001145,-0.004543,0.0025,0.0025,0.006
GNSS-07,3,-0.000943,-0.00304,0.00535,0.0025,0.0025,0.006
GNSS-07,4,0.004488,-5.7e-05,-0.004214,0.0025,0.0025,0.006
GNSS-07,5,0.001489,-0.004621,-0.012095,0.0025,0.0025,0.006
GNSS-07,6,-0.000941,-0.001459,0.002508,0.0025,0.0025,0.006
GNSS-07,7,0.002982,-0.004667,-0.001359,0.0025,0.0025,0.006
GNSS-07,8,-0.003653,0.00426,-0.004384,0.0025,0.0025,0.006
GNSS-07,9,-0.00028,-0.002014,0.002356,0.0025,0.0025,0.006
GNSS-07,10,0.000927,0.002985,-0.002663,0.0025,0.0025,0.006
GNSS-07,11,-0.003526,-0.002012,-0.007583,0.0025,0.0025,0.006
GNSS-07,12,-0.001372,0.00487,0.009576,0.0025,0.0025,0.006
GNSS-07,13,0.002709,0.001713,0.006025,0.0025,0.0025,0.006
GNSS-07,14,-0.006782,0.003417,0.008411,0.0025,0.0025,0.006
GNSS-07,15,-0.008025,-0.000632,-0.008718,0.0025,0.0025,0.006
GNSS-07,16,-0.000587,-0.003912,-0.005687,0.0025,0.0025,0.006
GNSS-07,17,-6.7e-05,0.003149,0.009147,0.0025,0.0025,0.006
GNSS-07,18,-0.009434,-0.004741,0.011479,0.0025,0.0025,0.006
GNSS-07,19,-0.004582,0.001817,-0.01018,0.0025,0.0025,0.006
GNSS-07,20,-0.004701,0.001499,-0.007107,0.0025,0.0025,0.006
GNSS-07,21,-0.000966,0.000457,0.014751,0.0025,0.0025,0.006
GNSS-07,22,0.002604,0.001063,-0.000503,0.0025,0.0025,0.006
GNSS-07,23,0.003634,-0.001018,0.008271,0.0025,0.0025,0.006
GNSS-07,24,-0.005649,-0.00256,0.001724,0.0025,0.0025,0.006
GNSS-07,25,-0.000945,0.004113,-0.008462,0.0025,0.0025,0.006
GNSS-07,26,-0.005224,0.000655,0.000626,0.0025,0.0025,0.006
GNSS-07,27,-0.001391,-0.000592,0.000984,0.0025,0.0025,0.006
GNSS-07,28,0.000822,0.004022,0.009933,0.0025,0.0025,0.006
GNSS-07,29,0.000632,-0.00302,-0.005577,0.0025,0.0025,0.006
GNSS-07,30,-0.003113,-0.005685,0.000383,0.0025,0.0025,0.006
GNSS-07,31,0.000141,-0.002021,0.013724,0.0025,0.0025,0.006
GNSS-07,32,-0.002406,0.004383,-0.016195,0.0025,0.0025,0.006
GNSS-07,33,0.002519,-0.005223,-0.001243,0.0025,0.0025,0.006
GNSS-07,34,-0.001141,0.002449,0.003209,0.0025,0.0025,0.006
GNSS-07,35,-0.0008,-0.003776,0.000389,0.0025,0.0025,0.006
GNSS-07,36,-0.004036,-0.007247,-0.005228,0.0025,0.0025,0.006
GNSS-07,37,-0.0019,-0.007116,0.003038,0.0025,0.0025,0.006
GNSS-07,38,9.2e-05,0.004362,-0.00297,0.0025,0.0025,0.006
GNSS-07,39,-0.00415,0.000843,0.001373,0.0025,0.0025,0.006
GNSS-07,40,-0.000315,-0.00236,-0.003432,0.0025,0.0025,0.006
GNSS-07,41,-0.001821,-0.000622,0.000527,0.0025,0.0025,0.006
GNSS-07,42,-0.000359,-0.001709,0.006616,0.0025,0.0025,0.006
GNSS-07,43,0.003018,0.000272,-0.002089,0.0025,0.0025,0.006
GNSS-07,44,-5.8e-05,0.003337,-0.004122,0.0025,0.0025,0.006
GNSS-07,45,0.002635,-0.001051,0.008835,0.0025,0.0025,0.006
GNSS-07,46,0.000725,1.1e-05,-0.002481,0.0025,0.0025,0.006
GNSS-07,47,-0.001759,0.005109,-0.012888,0.0025,0.0025,0.006
GNSS-07,48,-0.001827,-0.002778,0.009385,0.0025,0.0025,0.006
GNSS-07,49,-0.008059,-0.002683,0.002879,0.0025,0.0025,0.006
GNSS-07,50,-0.005276,0.005236,0.005852,0.0025,0.0025,0.006
GNSS-07,51,-0.0005,0.001059,0.003152,0.0025,0.0025,0.006
GNSS-07,52,0.000938,0.004306,-0.016984,0.0025,0.0025,0.006
GNSS-07,53,0.000898,-0.000849,-0.00057,0.0025,0.0025,0.006
GNSS-07,54,-0.002444,-0.005548,-0.001561,0.0025,0.0025,0.006
GNSS-07,55,-0.003788,-0.000656,-0.001297,0.0025,0.0025,0.006
GNSS-07,56,-0.006679,-0.00044,-0.004549,0.0025,0.0025,0.006
GNSS-07,57,0.00103,-0.003005,0.000426,0.0025,0.0025,0.006
GNSS-07,58,-0.000751,-0.002764,0.002892,0.0025,0.0025,0.006
GNSS-07,59,-0.00276,0.00174,0.00222,0.0025,0.0025,0.006
GNSS-07,60,9.7e-05,0.00293,0.000879,0.0025,0.0025,0.006
GNSS-07,61,-0.005412,-0.003061,-0.011,0.0025,0.0025,0.006
GNSS-07,62,0.002951,-0.002048,0.007139,0.0025,0.0025,0.006
GNSS-07,63,0.00129,0.000664,-0.010568,0.0025,0.0025,0.006
GNSS-07,64,0.003297,-0.004689,-0.006655,0.0025,0.0025,0.006
GNSS-07,65,0.005288,-0.001559,-7.7e-05,0.0025,0.0025,0.006
GNSS-07,66,0.003626,0.000125,-0.003903,0.0025,0.0025,0.006
GNSS-07,67,-0.002516,0.005975,0.00879,0.0025,0.0025,0.006
GNSS-07,68,0.00327,-0.002063,-0.008413,0.0025,0.0025,0.006
GNSS-07,69,0.001693,-0.000881,0.008153,0.0025,0.0025,0.006
GNSS-07,70,0.000828,2.2e-05,-0.010796,0.0025,0.0025,0.006
GNSS-07,71,-0.007133,0.000842,0.004005,0.0025,0.0025,0.006
GNSS-07,72,-0.006986,-0.003872,0.003501,0.0025,0.0025,0.006
GNSS-07,73,-0.000968,-0.006665,-0.008593,0.0025,0.0025,0.006
GNSS-07,74,-0.000124,0.00372,0.004137,0.0025,0.0025,0.006
GNSS-07,75,7.1e-05,-0.001978,-0.009295,0.0025,0.0025,0.006
GNSS-07,76,0.000561,-0.000482,-0.006223,0.0025,0.0025,0.006
GNSS-07,77,-0.00352,0.003603,-0.002175,0.0025,0.0025,0.006
GNSS-07,78,0.002502,-0.001497,0.002302,0.0025,0.0025,0.006
GNSS-07,79,-0.002198,-0.000744,0.008388,0.0025,0.0025,0.006
GNSS-07,80,0.002788,0.000297,0.021911,0.0025,0.0025,0.006
GNSS-07,81,-0.00199,0.002642,-0.000659,0.0025,0.0025,0.006
GNSS-07,82,0.000633,0.001643,-0.015655,0.0025,0.0025,0.006
GNSS-07,83,-0.007094,0.001398,-0.004916,0.0025,0.0025,0.006
GNSS-07,84,-0.002807,0.001835,-0.001316,0.0025,0.0025,0.006
GNSS-07,85,0.000636,0.001268,0.002274,0.0025,0.0025,0.006
GNSS-07,86,-0.000373,0.002274,-0.001039,0.0025,0.0025,0.006
GNSS-07,87,-0.002533,-0.001536,0.001279,0.0025,0.0025,0.006
GNSS-07,88,0.002616,-0.000909,0.010132,0.0025,0.0025,0.006
GNSS-07,89,-0.000902,0.000202,0.00412,0.0025,0.0025,0.006
GNSS-07,90,-0.007065,0.003886,-0.002572,0.0025,0.0025,0.006
GNSS-07,91,-0.005489,0.00024,0.009118,0.0025,0.0025,0.006
GNSS-07,92,-0.005387,-0.002714,-0.002002,0.0025,0.0025,0.006
GNSS-07,93,-0.000755,0.000376,0.007565,0.0025,0.0025,0.006
GNSS-07,94,0.002226,0.001151,0.002966,0.0025,0.0025,0.006
GNSS-07,95,-0.001401,-0.000788,-0.003864,0.0025,0.0025,0.006
GNSS-07,96,0.000795,-0.002511,-0.00255,0.0025,0.0025,0.006
GNSS-07,97,-0.002267,0.006444,-0.000535,0.0025,0.0025,0.006
GNSS-07,98,-0.001639,-0.001267,-0.002506,0.0025,0.0025,0.006
GNSS-07,99,-0.001501,0.002966,-0.010627,0.0025,0.0025,0.006
GNSS-07,100,0.00025,-0.000195,0.005357,0.0025,0.0025,0.006
GNSS-07,101,0.003851,0.004454,-0.006743,0.0025,0.0025,0.006
GNSS-07,102,-0.00028,-0.007653,-0.013132,0.0025,0.0025,0.006
GNSS-07,103,0.000191,0.001369,0.003547,0.0025,0.0025,0.006
GNSS-07,104,5.6e-05,0.004489,0.012335,0.0025,0.0025,0.006
GNSS-07,105,0.002017,0.004395,-0.005887,0.0025,0.0025,0.006
GNSS-07,106,-0.002889,-0.001594,-0.005512,0.0025,0.0025,0.006
GNSS-07,107,-0.005197,0.002595,-0.013208,0.0025,0.0025,0.006
GNSS-07,108,0.002074,0.001175,0.001084,0.0025,0.0025,0.006
GNSS-07,109,-0.002876,0.002273,-0.002047,0.0025,0.0025,0.006
GNSS-07,110,-0.003994,0.004703,-0.003125,0.0025,0.0025,0.006
GNSS-07,111,-0.00465,-0.006337,0.005371,0.0025,0.0025,0.006
GNSS-07,112,-0.005857,0.003927,0.017868,0.0025,0.0025,0.006
GNSS-07,113,0.002017,-0.0038,-0.004432,0.0025,0.0025,0.006
GNSS-07,114,0.000162,-0.0043,0.002488,0.0025,0.0025,0.006
GNSS-07,115,0.000247,-0.004565,0.006061,0.0025,0.0025,0.006
GNSS-07,116,0.004351,-0.002061,0.005158,0.0025,0.0025,0.006
GNSS-07,117,0.002989,-0.000294,-0.00714,0.0025,0.0025,0.006
GNSS-07,118,0.000981,-0.008039,-0.004589,0.0025,0.0025,0.006
GNSS-07,119,0.003282,0.001278,-0.011879,0.0025,0.0025,0.006
GNSS-07,120,0.001248,-0.001882,0.002818,0.0025,0.0025,0.006
GNSS-07,121,-0.001185,0.000922,0.005727,0.0025,0.0025,0.006
GNSS-07,122,0.002131,-0.000631,0.002986,0.0025,0.0025,0.006
GNSS-07,123,-0.005471,0.001286,-0.010786,0.0025,0.0025,0.006
GNSS-07,124,-0.000777,-0.003293,0.011467,0.0025,0.0025,0.006
GNSS-07,125,-0.000488,-0.001082,0.001894,0.0025,0.0025,0.006
GNSS-07,126,0.000538,-0.004177,-0.007179,0.0025,0.0025,0.006
GNSS-07,127,-0.003914,-0.007304,0.000224,0.0025,0.0025,0.006
GNSS-07,128,-0.000975,0.000782,-0.013587,0.0025,0.0025,0.006
GNSS-07,129,-0.005325,0.003463,-0.003898,0.0025,0.0025,0.006
GNSS-07,130,-0.002978,0.001234,-0.004036,0.0025,0.0025,0.006
GNSS-07,131,-0.008645,0.000396,0.006208,0.0025,0.0025,0.006
GNSS-07,132,0.001429,0.001037,0.008527,0.0025,0.0025,0.006
GNSS-07,133,-0.005825,-0.002244,0.001271,0.0025,0.0025,0.006
GNSS-07,134,-0.002044,0.001453,0.001666,0.0025,0.0025,0.006
GNSS-07,135,-0.001691,-0.000245,0.003144,0.0025,0.0025,0.006
GNSS-07,136,-0.000764,0.001148,0.010487,0.0025,0.0025,0.006
GNSS-07,137,0.001509,0.000768,-0.005479,0.0025,0.0025,0.006
GNSS-07,138,-0.003815,-0.002684,0.002392,0.0025,0.0025,0.006
GNSS-07,139,-0.000628,0.000216,0.00071,0.0025,0.0025,0.006
GNSS-07,140,-0.001571,0.002842,0.00746,0.0025,0.0025,0.006
GNSS-07,141,-0.002581,0.000878,-0.000284,0.0025,0.0025,0.006
GNSS-07,142,-0.001101,0.005651,-0.001047,0.0025,0.0025,0.006
GNSS-07,143,-0.002432,-0.00278,-0.007434,0.0025,0.0025,0.006
GNSS-07,144,-0.005598,-0.003113,-0.002536,0.0025,0.0025,0.006
GNSS-07,145,-0.002207,0.001379,0.003729,0.0025,0.0025,0.006
GNSS-07,146,0.002824,-0.002751,0.001558,0.0025,0.0025,0.006
GNSS-07,147,-0.002033,-0.00511,-0.00258,0.0025,0.0025,0.006
GNSS-07,148,0.000307,-0.000679,0.000114,0.0025,0.0025,0.006
GNSS-07,149,0.00194,0.001712,0.010694,0.0025,0.0025,0.006
GNSS-07,150,-0.006612,-0.000489,-0.001637,0.0025,0.0025,0.006
GNSS-07,151,0.000621,-0.00358,0.007792,0.0025,0.0025,0.006
GNSS-07,152,-0.001735,-0.001099,0.007254,0.0025,0.0025,0.006
GNSS-07,153,-0.000403,-0.004017,0.002505,0.0025,0.0025,0.006
GNSS-07,154,-0.000873,0.002889,0.002411,0.0025,0.0025,0.006
GNSS-07,155,-0.004895,-0.00695,0.001308,0.0025,0.0025,0.006
GNSS-07,156,-0.004705,-0.003869,0.004874,0.0025,0.0025,0.006
GNSS-07,157,0.00287,-0.003452,0.010095,0.0025,0.0025,0.006
GNSS-07,158,0.004603,-0.003299,0.001586,0.0025,0.0025,0.006
GNSS-07,159,-0.002344,-0.003183,-0.002552,0.0025,0.0025,0.006
GNSS-07,160,-0.000965,-0.002693,-0.002997,0.0025,0.0025,0.006
GNSS-07,161,-0.003046,0.001782,-0.00217,0.0025,0.0025,0.006
GNSS-07,162,-0.005219,-0.001163,-0.0051,0.0025,0.0025,0.006
GNSS-07,163,-0.003169,-0.002672,-0.005963,0.0025,0.0025,0.006
GNSS-07,164,0.000584,-0.00487,-0.008573,0.0025,0.0025,0.006
GNSS-07,165,0.00276,-0.003258,-0.000627,0.0025,0.0025,0.006
GNSS-07,166,-0.005949,-0.005126,-0.002272,0.0025,0.0025,0.006
GNSS-07,167,-0.004188,-0.002743,0.000118,0.0025,0.0025,0.006
GNSS-07,168,-0.000803,-0.002133,-0.002646,0.0025,0.0025,0.006
GNSS-07,169,-0.001823,-5.1e-05,0.005185,0.0025,0.0025,0.006
GNSS-07,170,-0.002005,0.000113,0.000595,0.0025,0.0025,0.006
GNSS-07,171,-0.00018,0.000336,-0.000266,0.0025,0.0025,0.006
GNSS-07,172,-0.007912,0.002089,-0.007493,0.0025,0.0025,0.006
GNSS-07,173,-0.003915,3e-05,-0.001815,0.0025,0.0025,0.006
GNSS-07,174,-0.003954,-0.003175,0.018995,0.0025,0.0025,0.006
GNSS-07,175,-0.003737,-0.004701,-0.000155,0.0025,0.0025,0.006
GNSS-07,176,-0.00303,-0.00035,-0.001462,0.0025,0.0025,0.006
GNSS-07,177,-0.006847,0.002985,-0.004905,0.0025,0.0025,0.006
GNSS-07,178,-0.003472,-0.000505,-0.003693,0.0025,0.0025,0.006
GNSS-07,179,-0.007069,-0.00707,-0.007366,0.0025,0.0025,0.006
GNSS-07,180,0.000584,-0.003429,0.005299,0.0025,0.0025,0.006
GNSS-07,181,-0.006225,0.001505,-0.004796,0.0025,0.0025,0.006
GNSS-07,182,-0.001801,-0.001597,0.004052,0.0025,0.0025,0.006
GNSS-07,183,-0.003584,0.000834,0.00545,0.0025,0.0025,0.006
GNSS-07,184,-0.007877,0.000933,-0.004152,0.0025,0.0025,0.006
GNSS-07,185,-0.007025,-0.004174,-0.01709,0.0025,0.0025,0.006
GNSS-07,186,-0.001083,0.000886,-0.001581,0.0025,0.0025,0.006
GNSS-07,187,-0.00362,0.000184,-0.001893,0.0025,0.0025,0.006
GNSS-07,188,-0.002052,-0.002222,0.001415,0.0025,0.0025,0.006
GNSS-07,189,-0.001858,-0.005454,0.004783,0.0025,0.0025,0.006
GNSS-07,190,0.001291,-0.001799,0.00577,0.0025,0.0025,0.006
GNSS-07,191,-6.2e-05,-0.005623,-0.001402,0.0025,0.0025,0.006
GNSS-07,192,-0.005974,-0.007217,0.013439,0.0025,0.0025,0.006
GNSS-07,193,-0.000597,-0.001137,0.000904,0.0025,0.0025,0.006
GNSS-07,194,-0.003093,-0.004583,0.010815,0.0025,0.0025,0.006
GNSS-07,195,-0.004553,0.001332,-0.007346,0.0025,0.0025,0.006
GNSS-07,196,-0.005259,0.006162,-0.00527,0.0025,0.0025,0.006
GNSS-07,197,0.002578,-0.003481,-0.004777,0.0025,0.0025,0.006
GNSS-07,198,-0.000436,-0.000748,-0.006822,0.0025,0.0025,0.006
GNSS-07,199,-0.006397,-0.003933,-0.012221,0.0025,0.0025,0.006
GNSS-07,200,-0.010382,-0.004874,0.000888,0.0025,0.0025,0.006
GNSS-07,201,-0.00893,0.002778,0.010677,0.0025,0.0025,0.006
GNSS-07,202,-0.00694,0.002333,-0.010274,0.0025,0.0025,0.006
GNSS-07,203,-0.000276,0.004973,-0.00065,0.0025,0.0025,0.006
GNSS-07,204,-0.005567,0.000452,-0.007427,0.0025,0.0025,0.006
GNSS-07,205,-0.003382,0.001647,-0.004969,0.0025,0.0025,0.006
GNSS-07,206,-0.001613,0.000616,0.003101,0.0025,0.0025,0.006
GNSS-07,207,-0.00136,-0.000873,-0.001633,0.0025,0.0025,0.006
GNSS-07,208,-0.005639,-0.001522,0.005122,0.0025,0.0025,0.006
GNSS-07,209,-0.008846,-0.000578,-0.003939,0.0025,0.0025,0.006
GNSS-07,210,-0.008943,-0.002147,-0.003611,0.0025,0.0025,0.006
GNSS-07,211,-0.0019,0.000566,0.001283,0.0025,0.0025,0.006
GNSS-07,212,0.000793,-0.003733,-0.010367,0.0025,0.0025,0.006
GNSS-07,213,0.004168,-0.004171,-0.013041,0.0025,0.0025,0.006
GNSS-07,214,-0.007081,0.000781,-0.010047,0.0025,0.0025,0.006
GNSS-07,215,-0.005246,-0.007319,0.000873,0.0025,0.0025,0.006
GNSS-07,216,-0.007913,-0.000533,0.00782,0.0025,0.0025,0.006
GNSS-07,217,-0.007152,0.001664,0.00155,0.0025,0.0025,0.006
GNSS-07,218,-0.003167,0.001072,-0.009286,0.0025,0.0025,0.006
GNSS-07,219,-0.003495,0.001629,-0.00153,0.0025,0.0025,0.006
GNSS-07,220,0.004051,-0.005902,-0.010549,0.0025,0.0025,0.006
GNSS-07,221,-0.004402,-0.002492,0.003278,0.0025,0.0025,0.006
GNSS-07,222,0.000847,-0.00067,-0.004798,0.0025,0.0025,0.006
GNSS-07,223,-0.006212,0.000745,-0.007097,0.0025,0.0025,0.006
GNSS-07,224,-0.004627,-0.006408,0.00869,0.0025,0.0025,0.006
GNSS-07,225,-0.006403,-0.003452,0.003833,0.0025,0.0025,0.006
GNSS-07,226,-0.005488,-0.002384,0.007819,0.0025,0.0025,0.006
GNSS-07,227,0.000627,-0.005588,0.003876,0.0025,0.0025,0.006
GNSS-07,228,-0.002815,-0.00038,-0.002951,0.0025,0.0025,0.006
GNSS-07,229,-0.001329,-0.002639,-0.006997,0.0025,0.0025,0.006
GNSS-07,230,-0.007587,-0.005737,0.002632,0.0025,0.0025,0.006
GNSS-07,231,0.003129,-0.000556,0.013931,0.0025,0.0025,0.006
GNSS-07,232,-0.001023,-0.005233,-0.004078,0.0025,0.0025,0.006
GNSS-07,233,-0.005457,0.00138,0.014744,0.0025,0.0025,0.006
GNSS-07,234,-0.005506,-0.002173,0.00085,0.0025,0.0025,0.006
GNSS-07,235,-0.003584,0.00104,-0.000612,0.0025,0.0025,0.006
GNSS-07,236,-0.007857,-0.007531,0.000369,0.0025,0.0025,0.006
GNSS-07,237,-0.001307,-0.000253,0.00105,0.0025,0.0025,0.006
GNSS-07,238,-0.003576,-0.002991,-0.000349,0.0025,0.0025,0.006
GNSS-07,239,-0.001083,0.000222,0.006855,0.0025,0.0025,0.006
GNSS-07,240,-0.005156,-0.001,0.008025,0.0025,0.0025,0.006
GNSS-07,241,-0.004967,0.008674,0.006474,0.0025,0.0025,0.006
GNSS-07,242,0.000255,-0.001727,-0.005565,0.0025,0.0025,0.006
GNSS-07,243,-0.001628,-0.001091,-0.001759,0.0025,0.0025,0.006
GNSS-07,244,-0.009746,0.000326,0.007504,0.0025,0.0025,0.006
GNSS-07,245,-0.005257,-0.002086,-0.003405,0.0025,0.0025,0.006
GNSS-07,246,-0.000492,-0.004347,-0.004304,0.0025,0.0025,0.006
GNSS-07,247,-0.002043,-0.003881,-0.000959,0.0025,0.0025,0.006
GNSS-07,248,0.001381,-0.004009,0.001188,0.0025,0.0025,0.006
GNSS-07,249,-0.001576,-0.001333,0.000138,0.0025,0.0025,0.006
GNSS-07,250,-0.006931,-0.003863,0.001254,0.0025,0.0025,0.006
GNSS-07,251,-0.000906,-0.002468,-0.003643,0.0025,0.0025,0.006
GNSS-07,252,-0.011553,-0.004565,0.012354,0.0025,0.0025,0.006
GNSS-07,253,-0.006684,-0.0065,-0.01241,0.0025,0.0025,0.006
GNSS-07,254,-0.0039,0.000485,0.000394,0.0025,0.0025,0.006
GNSS-07,255,0.002399,-0.004198,0.00927,0.0025,0.0025,0.006
GNSS-07,256,-0.008648,-0.000754,0.006886,0.0025,0.0025,0.006
GNSS-07,257,-0.002089,-0.00084,0.009929,0.0025,0.0025,0.006
GNSS-07,258,-0.00487,0.002347,0.005199,0.0025,0.0025,0.006
GNSS-07,259,-0.009579,-0.004156,-0.000455,0.0025,0.0025,0.006
GNSS-07,260,-0.004709,-0.002575,-0.01471,0.0025,0.0025,0.006
GNSS-07,261,-0.002369,-0.006623,-0.00882,0.0025,0.0025,0.006
GNSS-07,262,-0.002099,-0.001773,-0.004782,0.0025,0.0025,0.006
GNSS-07,263,-0.002311,-0.001082,-0.015693,0.0025,0.0025,0.006
GNSS-07,264,-0.008059,0.000644,-0.012426,0.0025,0.0025,0.006
GNSS-07,265,-0.009441,-0.002263,-0.00266,0.0025,0.0025,0.006
GNSS-07,266,-0.003144,0.001583,-0.000655,0.0025,0.0025,0.006
GNSS-07,267,-0.006667,0.000379,-0.008298,0.0025,0.0025,0.006
GNSS-07,268,-0.005404,-0.003983,0.004074,0.0025,0.0025,0.006
GNSS-07,269,-0.002891,-0.001074,0.009797,0.0025,0.0025,0.006
GNSS-07,270,0.000962,-0.001666,0.001557,0.0025,0.0025,0.006
GNSS-07,271,-0.0087,-0.003423,0.007352,0.0025,0.0025,0.006
GNSS-07,272,0.002134,-0.003047,-0.000326,0.0025,0.0025,0.006
GNSS-07,273,-0.000527,-0.001349,0.000187,0.0025,0.0025,0.006
GNSS-07,274,-0.005662,-0.000665,-0.002718,0.0025,0.0025,0.006
GNSS-07,275,-0.006544,0.001261,-0.012635,0.0025,0.0025,0.006
GNSS-07,276,-0.001663,0.000751,-0.008318,0.0025,0.0025,0.006
GNSS-07,277,-0.000386,-0.003043,-0.007396,0.0025,0.0025,0.006
GNSS-07,278,0.002518,-0.005026,0.003497,0.0025,0.0025,0.006
GNSS-07,279,-0.007061,-0.000931,0.010707,0.0025,0.0025,0.006
GNSS-07,280,-0.003367,-0.007989,-0.000322,0.0025,0.0025,0.006
GNSS-07,281,-0.004317,-0.000278,0.005181,0.0025,0.0025,0.006
GNSS-07,282,-0.006617,-0.001425,0.00462,0.0025,0.0025,0.006
GNSS-07,283,-0.003359,-0.002704,-0.011711,0.0025,0.0025,0.006
GNSS-07,284,-0.004436,-0.002549,-0.001218,0.0025,0.0025,0.006
GNSS-07,285,-0.003116,0.004712,-0.010162,0.0025,0.0025,0.006
GNSS-07,286,-0.00182,-0.005885,-0.004677,0.0025,0.0025,0.006
GNSS-07,287,-0.001088,-0.003022,0.010845,0.0025,0.0025,0.006
GNSS-07,288,-0.004947,-0.00219,-0.00067,0.0025,0.0025,0.006
GNSS-07,289,-0.00465,-0.001712,-0.010092,0.0025,0.0025,0.006
GNSS-07,290,-0.005646,0.000629,-0.002254,0.0025,0.0025,0.006
GNSS-07,291,-0.009911,0.000136,-0.001463,0.0025,0.0025,0.006
GNSS-07,292,-0.000757,0.00035,0.000876,0.0025,0.0025,0.006
GNSS-07,293,-0.006271,0.002023,0.004338,0.0025,0.0025,0.006
GNSS-07,294,-0.00524,0.000415,-0.005365,0.0025,0.0025,0.006
GNSS-07,295,-0.005631,-0.006329,-0.003875,0.0025,0.0025,0.006
GNSS-07,296,-0.008074,-0.003621,0.008,0.0025,0.0025,0.006
GNSS-07,297,-0.007848,0.002587,-0.000901,0.0025,0.0025,0.006
GNSS-07,298,-0.007915,-0.00019,-0.007913,0.0025,0.0025,0.006
GNSS-07,299,-0.008213,0.000541,0.006446,0.0025,0.0025,0.006
GNSS-07,300,-0.003506,8.7e-05,-0.001116,0.0025,0.0025,0.006
GNSS-07,301,-0.000821,-0.004211,0.000794,0.0025,0.0025,0.006
GNSS-07,302,-0.000254,-0.006121,0.010481,0.0025,0.0025,0.006
GNSS-07,303,-0.008927,0.000956,-0.006033,0.0025,0.0025,0.006
GNSS-07,304,-0.00354,0.000944,0.013515,0.0025,0.0025,0.006
GNSS-07,305,-0.004228,0.006353,0.000549,0.0025,0.0025,0.006
GNSS-07,306,-0.009995,-0.002932,0.001343,0.0025,0.0025,0.006
GNSS-07,307,1e-05,-0.002207,0.01012,0.0025,0.0025,0.006
GNSS-07,308,0.001225,-0.004166,-0.003764,0.0025,0.0025,0.006
GNSS-07,309,-0.010247,-0.003339,0.000853,0.0025,0.0025,0.006
GNSS-07,310,-0.005289,-0.002648,0.010583,0.0025,0.0025,0.006
GNSS-07,311,-0.009784,-0.001378,-0.003319,0.0025,0.0025,0.006
GNSS-07,312,-0.005639,0.000161,0.008566,0.0025,0.0025,0.006
GNSS-07,313,-0.005438,-0.003518,0.003294,0.0025,0.0025,0.006
GNSS-07,314,-0.00348,-0.00303,0.005186,0.0025,0.0025,0.006
GNSS-07,315,-0.002934,-0.003052,0.008121,0.0025,0.0025,0.006
GNSS-07,316,-0.006583,-0.005983,-0.012997,0.0025,0.0025,0.006
GNSS-07,317,-0.002219,3.9e-05,0.002304,0.0025,0.0025,0.006
GNSS-07,318,-0.004735,-0.004801,0.00045,0.0025,0.0025,0.006
GNSS-07,319,-0.007223,-0.008937,0.015113,0.0025,0.0025,0.006
GNSS-07,320,-0.007777,0.002417,0.012792,0.0025,0.0025,0.006
GNSS-07,321,-0.016866,-0.003405,-0.004459,0.0025,0.0025,0.006
GNSS-07,322,-0.002952,-0.001369,0.005184,0.0025,0.0025,0.006
GNSS-07,323,-0.007104,-0.001236,0.007726,0.0025,0.0025,0.006
GNSS-07,324,-0.007768,0.000735,-0.004284,0.0025,0.0025,0.006
GNSS-07,325,-0.004673,-0.006086,0.005864,0.0025,0.0025,0.006
GNSS-07,326,-0.002196,-0.004692,0.002597,0.0025,0.0025,0.006
GNSS-07,327,-0.007986,-0.001478,-0.006532,0.0025,0.0025,0.006
GNSS-07,328,-0.005728,-0.002913,-0.007774,0.0025,0.0025,0.006
GNSS-07,329,-0.006026,0.00125,0.005513,0.0025,0.0025,0.006
GNSS-07,330,-0.005513,0.001977,-0.010426,0.0025,0.0025,0.006
GNSS-08,0,-0.00019,0.000835,-0.022619,0.005,0.005,0.011
GNSS-08,1,0.006874,-0.000674,-0.011456,0.005,0.005,0.011
GNSS-08,2,-0.001662,-0.000328,-0.006185,0.005,0.005,0.011
GNSS-08,3,-0.001186,0.005175,-0.003093,0.005,0.005,0.011
GNSS-08,4,0.002314,0.005106,0.000518,0.005,0.005,0.011
GNSS-08,5,-0.003802,0.003849,-0.01362,0.005,0.005,0.011
GNSS-08,6,-0.008912,-0.004937,0.024575,0.005,0.005,0.011
GNSS-08,7,0.010081,-0.008999,0.025031,0.005,0.005,0.011
GNSS-08,8,-0.001169,-0.005104,-0.005135,0.005,0.005,0.011
GNSS-08,9,-0.003127,-0.000375,0.00036,0.005,0.005,0.011
GNSS-08,10,-0.002276,0.004349,-0.009091,0.005,0.005,0.011
GNSS-08,11,-0.002965,-0.004914,-0.003463,0.005,0.005,0.011
GNSS-08,12,-0.004081,-0.000116,0.00883,0.005,0.005,0.011
GNSS-08,13,-0.000287,0.004765,0.009757,0.005,0.005,0.011
GNSS-08,14,-0.005101,0.003083,-0.005448,0.005,0.005,0.011
GNSS-08,15,-0.007064,0.009747,0.009319,0.005,0.005,0.011
GNSS-08,16,-0.000119,0.00152,-0.008526,0.005,0.005,0.011
GNSS-08,17,-0.007013,0.004361,0.001658,0.005,0.005,0.011
GNSS-08,18,0.001478,-0.000951,-0.01018,0.005,0.005,0.011
GNSS-08,19,-0.008779,0.005675,-0.013195,0.005,0.005,0.011
GNSS-08,20,0.003362,0.000184,0.011113,0.005,0.005,0.011
GNSS-08,21,-0.004705,8e-05,0.007135,0.005,0.005,0.011
GNSS-08,22,0.010259,-0.005406,0.005641,0.005,0.005,0.011
GNSS-08,23,0.002975,0.003816,-0.014756,0.005,0.005,0.011
GNSS-08,24,0.001771,-0.004876,-0.007224,0.005,0.005,0.011
GNSS-08,25,0.005304,0.00445,-0.001092,0.005,0.005,0.011
GNSS-08,26,-0.008882,-0.002581,-0.021942,0.005,0.005,0.011
GNSS-08,27,3.2e-05,-0.002386,-0.01617,0.005,0.005,0.011
GNSS-08,28,-0.010524,-0.002043,0.013887,0.005,0.005,0.011
GNSS-08,29,0.001772,0.000452,-0.024115,0.005,0.005,0.011
GNSS-08,30,0.002138,0.00397,-0.014961,0.005,0.005,0.011
GNSS-08,31,2.3e-05,0.000315,0.002946,0.005,0.005,0.011
GNSS-08,32,0.006484,-0.000245,0.004198,0.005,0.005,0.011
GNSS-08,33,-0.001459,-0.006471,-0.000473,0.005,0.005,0.011
GNSS-08,34,0.003399,-0.001807,-0.007752,0.005,0.005,0.011
GNSS-08,35,0.002101,-0.002284,0.001637,0.005,0.005,0.011
GNSS-08,36,-0.007126,0.002373,0.002783,0.005,0.005,0.011
GNSS-08,37,-0.002388,0.000787,-0.002799,0.005,0.005,0.011
GNSS-08,38,0.009577,0.004599,-0.0021,0.005,0.005,0.011
GNSS-08,39,0.00855,-0.001083,-0.006544,0.005,0.005,0.011
GNSS-08,40,0.002414,0.001589,0.010281,0.005,0.005,0.011
GNSS-08,41,-0.005465,-0.00247,0.030029,0.005,0.005,0.011
GNSS-08,42,-0.006545,-0.003201,0.000853,0.005,0.005,0.011
GNSS-08,43,-0.001795,-0.004499,0.00849,0.005,0.005,0.011
GNSS-08,44,-0.002569,0.006865,0.00611,0.005,0.005,0.011
GNSS-08,45,0.000364,-0.003959,0.000603,0.005,0.005,0.011
GNSS-08,46,-0.001334,-0.005699,0.021473,0.005,0.005,0.011
GNSS-08,47,-0.000292,-0.002498,-0.003189,0.005,0.005,0.011
GNSS-08,48,0.005049,-0.006956,-0.014436,0.005,0.005,0.011
GNSS-08,49,-0.006951,-0.011483,-0.004491,0.005,0.005,0.011
GNSS-08,50,-0.00839,-0.00379,-0.014103,0.005,0.005,0.011
GNSS-08,51,-0.001823,-0.000511,0.014944,0.005,0.005,0.011
GNSS-08,52,0.003105,-0.002227,-0.004031,0.005,0.005,0.011
GNSS-08,53,-0.002819,-0.007118,0.009093,0.005,0.005,0.011
GNSS-08,54,-0.000766,-0.007231,0.005042,0.005,0.005,0.011
GNSS-08,55,-0.004577,-0.00174,0.012063,0.005,0.005,0.011
GNSS-08,56,-0.001387,-0.000136,0.00758,0.005,0.005,0.011
GNSS-08,57,-0.001637,-0.001523,0.008866,0.005,0.005,0.011
GNSS-08,58,0.003709,0.005932,-0.01073,0.005,0.005,0.011
GNSS-08,59,-0.00692,0.005295,-0.014051,0.005,0.005,0.011
GNSS-08,60,0.013829,0.007277,-0.008567,0.005,0.005,0.011
GNSS-08,61,-0.006113,0.001238,-0.00263,0.005,0.005,0.011
GNSS-08,62,-0.008234,-0.002932,-0.001808,0.005,0.005,0.011
GNSS-08,63,0.002731,-0.003473,0.012598,0.005,0.005,0.011
GNSS-08,64,0.001562,0.008904,0.010204,0.005,0.005,0.011
GNSS-08,65,-0.001809,-0.002975,-0.005823,0.005,0.005,0.011
GNSS-08,66,0.001045,0.010211,-0.014136,0.005,0.005,0.011
GNSS-08,67,-0.007807,-0.001857,-0.000905,0.005,0.005,0.011
GNSS-08,68,0.000637,0.000964,-0.013707,0.005,0.005,0.011
GNSS-08,69,-0.00132,-0.00266,-0.024342,0.005,0.005,0.011
GNSS-08,70,0.002795,-0.00305,-0.017783,0.005,0.005,0.011
GNSS-08,71,-0.006757,-0.00119,-0.000994,0.005,0.005,0.011
GNSS-08,72,-0.00036,0.003908,-0.004006,0.005,0.005,0.011
GNSS-08,73,-0.003059,-0.000312,0.005236,0.005,0.005,0.011
GNSS-08,74,0.007771,0.011159,-0.019296,0.005,0.005,0.011
GNSS-08,75,-0.003266,0.003822,0.022587,0.005,0.005,0.011
GNSS-08,76,0.007086,-0.002701,0.019105,0.005,0.005,0.011
GNSS-08,77,-0.001105,-0.004165,0.016875,0.005,0.005,0.011
GNSS-08,78,0.004766,0.012316,-0.012278,0.005,0.005,0.011
GNSS-08,79,0.006766,-0.003039,-0.000858,0.005,0.005,0.011
GNSS-08,80,0.006191,-0.004192,0.02712,0.005,0.005,0.011
GNSS-08,81,0.002703,-0.005328,-0.018559,0.005,0.005,0.011
GNSS-08,82,-0.006581,0.004245,-0.012303,0.005,0.005,0.011
GNSS-08,83,-0.001438,-0.005236,0.008273,0.005,0.005,0.011
GNSS-08,84,0.000613,0.008246,-0.00032,0.005,0.005,0.011
GNSS-08,85,-0.00877,-0.009416,0.013203,0.005,0.005,0.011
GNSS-08,86,-0.000874,0.010558,-0.026048,0.005,0.005,0.011
GNSS-08,87,-0.002372,-0.00132,0.019116,0.005,0.005,0.011
GNSS-08,88,-0.00263,-0.002631,0.000357,0.005,0.005,0.011
GNSS-08,89,-0.001569,0.001077,0.001858,0.005,0.005,0.011
GNSS-08,90,-0.001845,0.005388,-0.019458,0.005,0.005,0.011
GNSS-08,91,-8.1e-05,0.00245,0.014136,0.005,0.005,0.011
GNSS-08,92,0.002651,-0.002843,-0.005052,0.005,0.005,0.011
GNSS-08,93,-0.003358,0.001509,0.010963,0.005,0.005,0.011
GNSS-08,94,-0.005326,0.002298,-0.008223,0.005,0.005,0.011
GNSS-08,95,0.00129,-0.0031,-0.002543,0.005,0.005,0.011
GNSS-08,96,0.005326,-0.003519,0.004699,0.005,0.005,0.011
GNSS-08,97,-0.003703,0.000217,-0.011087,0.005,0.005,0.011
GNSS-08,98,-0.002973,0.008084,0.009358,0.005,0.005,0.011
GNSS-08,99,-0.000283,0.001687,-0.004957,0.005,0.005,0.011
GNSS-08,100,-0.001162,-0.003672,-0.0083,0.005,0.005,0.011
GNSS-08,101,0.006732,-0.005774,-0.007965,0.005,0.005,0.011
GNSS-08,102,-0.00865,-0.007495,0.001234,0.005,0.005,0.011
GNSS-08,103,0.000907,0.000262,0.017765,0.005,0.005,0.011
GNSS-08,104,0.006449,-0.004916,-0.003071,0.005,0.005,0.011
GNSS-08,105,0.002079,0.000991,-0.010965,0.005,0.005,0.011
GNSS-08,106,0.00213,-0.006335,0.010195,0.005,0.005,0.011
GNSS-08,107,0.00114,4e-05,0.005264,0.005,0.005,0.011
GNSS-08,108,-0.000858,-0.004169,-0.00367,0.005,0.005,0.011
GNSS-08,109,0.008818,0.005466,-0.002461,0.005,0.005,0.011
GNSS-08,110,0.002624,0.003048,0.005665,0.005,0.005,0.011
GNSS-08,111,0.006946,-0.007649,0.015242,0.005,0.005,0.011
GNSS-08,112,-0.00213,0.00417,0.004635,0.005,0.005,0.011
GNSS-08,113,0.002218,-0.005688,-0.000591,0.005,0.005,0.011
GNSS-08,114,-0.005301,-0.012114,0.019843,0.005,0.005,0.011
GNSS-08,115,-0.002214,-0.00186,-0.002931,0.005,0.005,0.011
GNSS-08,116,0.004545,-0.001781,0.011128,0.005,0.005,0.011
GNSS-08,117,0.00298,0.010887,0.005142,0.005,0.005,0.011
GNSS-08,118,-0.002207,0.007822,0.001975,0.005,0.005,0.011
GNSS-08,119,0.006165,-0.004792,-0.003975,0.005,0.005,0.011
GNSS-08,120,-0.010135,0.004187,-0.008981,0.005,0.005,0.011
GNSS-08,121,0.007662,0.010096,0.021323,0.005,0.005,0.011
GNSS-08,122,0.004303,0.003426,-0.001124,0.005,0.005,0.011
GNSS-08,123,-0.005076,-0.005668,-0.011395,0.005,0.005,0.011
GNSS-08,124,-0.002983,0.001243,-0.010749,0.005,0.005,0.011
GNSS-08,125,0.005589,-0.005646,-0.014466,0.005,0.005,0.011
GNSS-08,126,-0.006117,-0.003407,-0.000481,0.005,0.005,0.011
GNSS-08,127,0.001342,-0.005584,0.01157,0.005,0.005,0.011
GNSS-08,128,0.007947,-0.010465,-0.014362,0.005,0.005,0.011
GNSS-08,129,0.001619,0.005167,0.01202,0.005,0.005,0.011
GNSS-08,130,-0.000666,-0.003312,-0.002008,0.005,0.005,0.011
GNSS-08,131,0.002239,-0.011915,-0.004984,0.005,0.005,0.011
GNSS-08,132,0.009676,-0.009794,0.004966,0.005,0.005,0.011
GNSS-08,133,0.00236,0.000818,0.007561,0.005,0.005,0.011
GNSS-08,134,-0.000448,0.001524,0.015083,0.005,0.005,0.011
GNSS-08,135,0.003505,0.00285,0.003948,0.005,0.005,0.011
GNSS-08,136,0.005337,0.001411,-0.019897,0.005,0.005,0.011
GNSS-08,137,0.000331,0.000791,0.006291,0.005,0.005,0.011
GNSS-08,138,0.005674,-0.002444,-0.011867,0.005,0.005,0.011
GNSS-08,139,0.002583,-0.004941,0.009726,0.005,0.005,0.011
GNSS-08,140,-0.003234,-0.005223,0.016597,0.005,0.005,0.011
GNSS-08,141,0.002486,-0.000554,0.020667,0.005,0.005,0.011
GNSS-08,142,0.006431,0.01223,-0.008754,0.005,0.005,0.011
GNSS-08,143,0.004422,-0.003451,0.005536,0.005,0.005,0.011
GNSS-08,144,-0.002928,-0.016374,-0.010823,0.005,0.005,0.011
GNSS-08,145,-0.008528,-0.006553,-0.008742,0.005,0.005,0.011
GNSS-08,146,0.003842,0.004917,-0.00802,0.005,0.005,0.011
GNSS-08,147,0.008437,-0.005593,0.017929,0.005,0.005,0.011
GNSS-08,148,0.007608,0.001026,-0.00022,0.005,0.005,0.011
GNSS-08,149,0.002815,0.007842,-0.002612,0.005,0.005,0.011
GNSS-08,150,0.00236,-0.00095,0.024998,0.005,0.005,0.011
GNSS-08,151,0.002885,-0.000573,-0.013793,0.005,0.005,0.011
GNSS-08,152,0.002099,0.002097,0.020426,0.005,0.005,0.011
GNSS-08,153,0.009768,-0.010619,0.017482,0.005,0.005,0.011
GNSS-08,154,-0.003631,0.003055,-0.002497,0.005,0.005,0.011
GNSS-08,155,0.002357,-0.006424,-0.00971,0.005,0.005,0.011
GNSS-08,156,6e-05,-0.011895,-0.007518,0.005,0.005,0.011
GNSS-08,157,0.003372,0.001834,-0.016662,0.005,0.005,0.011
GNSS-08,158,0.003566,0.00588,0.00934,0.005,0.005,0.011
GNSS-08,159,0.004688,0.000783,-0.011754,0.005,0.005,0.011
GNSS-08,160,0.005026,0.000106,-0.009073,0.005,0.005,0.011
GNSS-08,161,0.008098,-0.001699,1.4e-05,0.005,0.005,0.011
GNSS-08,162,0.007038,-0.005215,0.000777,0.005,0.005,0.011
GNSS-08,163,0.005804,-0.005214,-0.004905,0.005,0.005,0.011
GNSS-08,164,0.009579,0.002958,-0.007252,0.005,0.005,0.011
GNSS-08,165,0.006032,0.001275,0.012497,0.005,0.005,0.011
GNSS-08,166,-0.000403,-0.004239,0.013656,0.005,0.005,0.011
GNSS-08,167,0.002026,-0.002856,-0.00727,0.005,0.005,0.011
GNSS-08,168,-0.003706,0.000544,-0.00796,0.005,0.005,0.011
GNSS-08,169,0.006867,0.00396,0.006357,0.005,0.005,0.011
GNSS-08,170,0.002718,0.006185,-0.006774,0.005,0.005,0.011
GNSS-08,171,0.002486,-0.001385,0.009803,0.005,0.005,0.011
GNSS-08,172,-0.001786,-0.000217,-0.000908,0.005,0.005,0.011
GNSS-08,173,-0.003095,0.004331,0.000169,0.005,0.005,0.011
GNSS-08,174,0.006441,-0.002623,-0.014848,0.005,0.005,0.011
GNSS-08,175,-0.00395,-0.002444,-0.004876,0.005,0.005,0.011
GNSS-08,176,-0.005998,0.0025,-0.009855,0.005,0.005,0.011
GNSS-08,177,0.002095,0.007288,-0.004826,0.005,0.005,0.011
GNSS-08,178,0.011475,-0.008835,0.00245,0.005,0.005,0.011
GNSS-08,179,0.003123,-0.004189,0.006838,0.005,0.005,0.011
GNSS-08,180,0.010508,-0.004038,-0.000809,0.005,0.005,0.011
GNSS-08,181,0.007097,0.003948,0.003651,0.005,0.005,0.011
GNSS-08,182,0.008965,0.00088,0.005493,0.005,0.005,0.011
GNSS-08,183,-0.001494,-0.005465,0.0073,0.005,0.005,0.011
GNSS-08,184,-0.004566,0.013052,0.003848,0.005,0.005,0.011
GNSS-08,185,0.001337,-0.010864,-0.005795,0.005,0.005,0.011
GNSS-08,186,0.001603,-0.003584,-0.016268,0.005,0.005,0.011
GNSS-08,187,-0.00393,-0.008135,0.003425,0.005,0.005,0.011
GNSS-08,188,0.003836,0.001882,0.005716,0.005,0.005,0.011
GNSS-08,189,0.002781,0.001515,-0.005842,0.005,0.005,0.011
GNSS-08,190,-0.000848,-0.00677,0.005672,0.005,0.005,0.011
GNSS-08,191,0.004604,-0.00051,-0.004382,0.005,0.005,0.011
GNSS-08,192,0.003211,-0.002191,-0.004352,0.005,0.005,0.011
GNSS-08,193,-0.001734,0.001178,-0.006228,0.005,0.005,0.011
GNSS-08,194,-0.002492,-0.005408,-0.008082,0.005,0.005,0.011
GNSS-08,195,0.004691,-0.000147,-0.00567,0.005,0.005,0.011
GNSS-08,196,0.008897,-0.005861,0.008872,0.005,0.005,0.011
GNSS-08,197,0.002544,-0.007367,0.00289,0.005,0.005,0.011
GNSS-08,198,-0.000404,0.004981,-0.013298,0.005,0.005,0.011
GNSS-08,199,-0.000187,0.005565,0.003798,0.005,0.005,0.011
GNSS-08,200,-0.00235,-0.00692,-0.006074,0.005,0.005,0.011
GNSS-08,201,-0.003802,-0.00028,-0.001753,0.005,0.005,0.011
GNSS-08,202,-0.001832,-0.004125,-0.033223,0.005,0.005,0.011
GNSS-08,203,0.006421,-0.002544,0.003911,0.005,0.005,0.011
GNSS-08,204,0.002617,-0.002761,0.027195,0.005,0.005,0.011
GNSS-08,205,0.003578,-0.004716,0.015712,0.005,0.005,0.011
GNSS-08,206,0.005231,0.00133,0.002614,0.005,0.005,0.011
GNSS-08,207,0.001991,-0.001149,-0.014705,0.005,0.005,0.011
GNSS-08,208,-0.000512,0.002416,0.008105,0.005,0.005,0.011
GNSS-08,209,0.006629,-0.004015,0.003544,0.005,0.005,0.011
GNSS-08,210,0.003307,-0.005959,0.000847,0.005,0.005,0.011
GNSS-08,211,-0.000495,-0.017358,0.010983,0.005,0.005,0.011
GNSS-08,212,0.012835,-0.001331,-0.025529,0.005,0.005,0.011
GNSS-08,213,0.016866,-0.004361,0.011225,0.005,0.005,0.011
GNSS-08,214,0.010358,0.005969,-0.005347,0.005,0.005,0.011
GNSS-08,215,0.006744,-0.00958,-0.008388,0.005,0.005,0.011
GNSS-08,216,0.006278,0.001478,0.010143,0.005,0.005,0.011
GNSS-08,217,-0.001821,0.004202,0.010855,0.005,0.005,0.011
GNSS-08,218,0.002822,0.000311,0.002534,0.005,0.005,0.011
GNSS-08,219,0.000758,0.005902,0.019345,0.005,0.005,0.011
GNSS-08,220,0.007451,-0.003392,-0.006455,0.005,0.005,0.011
GNSS-08,221,-0.003035,0.000343,0.010725,0.005,0.005,0.011
GNSS-08,222,0.00225,0.001088,-0.018284,0.005,0.005,0.011
GNSS-08,223,0.00103,0.000454,0.009861,0.005,0.005,0.011
GNSS-08,224,-0.001735,-0.002474,0.007876,0.005,0.005,0.011
GNSS-08,225,-0.00108,0.004233,0.005818,0.005,0.005,0.011
GNSS-08,226,0.002128,0.008097,-0.011393,0.005,0.005,0.011
GNSS-08,227,0.008665,0.000751,-0.0044,0.005,0.005,0.011
GNSS-08,228,0.000375,-0.008254,0.002458,0.005,0.005,0.011
GNSS-08,229,0.003375,-0.002016,0.014346,0.005,0.005,0.011
GNSS-08,230,0.001921,-0.001576,-0.011207,0.005,0.005,0.011
GNSS-08,231,0.000301,0.004562,-0.001812,0.005,0.005,0.011
GNSS-08,232,-0.005851,-0.00566,-0.005388,0.005,0.005,0.011
GNSS-08,233,-0.005992,0.001417,0.005963,0.005,0.005,0.011
GNSS-08,234,0.01149,-0.008939,-0.011454,0.005,0.005,0.011
GNSS-08,235,-0.005304,-0.002152,0.007105,0.005,0.005,0.011
GNSS-08,236,0.0028,0.007838,-0.009826,0.005,0.005,0.011
GNSS-08,237,0.006205,0.006233,0.02724,0.005,0.005,0.011
GNSS-08,238,0.01301,0.000232,-0.019828,0.005,0.005,0.011
GNSS-08,239,-0.000137,-0.010365,0.012389,0.005,0.005,0.011
GNSS-08,240,-0.00395,-0.010521,-0.003195,0.005,0.005,0.011
GNSS-08,241,-0.003548,-0.000113,0.001413,0.005,0.005,0.011
GNSS-08,242,0.006512,0.002829,0.003653,0.005,0.005,0.011
GNSS-08,243,0.003763,-0.006158,-0.009445,0.005,0.005,0.011
GNSS-08,244,0.008378,0.002197,0.001665,0.005,0.005,0.011
GNSS-08,245,-0.002376,0.002545,-0.002119,0.005,0.005,0.011
GNSS-08,246,0.007092,-0.002833,-0.015666,0.005,0.005,0.011
GNSS-08,247,0.009117,-0.002329,-0.009518,0.005,0.005,0.011
GNSS-08,248,0.002742,-0.003369,-0.004293,0.005,0.005,0.011
GNSS-08,249,0.004585,0.004291,-0.012881,0.005,0.005,0.011
GNSS-08,250,0.002227,-0.007571,-0.001132,0.005,0.005,0.011
GNSS-08,251,0.000737,-0.006259,0.015372,0.005,0.005,0.011
GNSS-08,252,-0.000148,-0.005715,-0.004192,0.005,0.005,0.011
GNSS-08,253,-0.000721,-0.001416,0.007079,0.005,0.005,0.011
GNSS-08,254,0.012511,-0.002616,0.00341,0.005,0.005,0.011
GNSS-08,255,0.00141,-0.012306,-0.010221,0.005,0.005,0.011
GNSS-08,256,-0.006035,0.002487,0.02486,0.005,0.005,0.011
GNSS-08,257,0.004503,-0.007517,0.014384,0.005,0.005,0.011
GNSS-08,258,0.009173,0.002163,0.00674,0.005,0.005,0.011
GNSS-08,259,-0.000209,-0.004992,0.002064,0.005,0.005,0.011
GNSS-08,260,0.001075,-0.011871,0.007928,0.005,0.005,0.011
GNSS-08,261,-0.001712,-0.012852,0.002783,0.005,0.005,0.011
GNSS-08,262,0.006809,0.008209,-0.001493,0.005,0.005,0.011
GNSS-08,263,0.002543,-0.006175,0.028065,0.005,0.005,0.011
GNSS-08,264,0.009738,0.001202,-0.001942,0.005,0.005,0.011
GNSS-08,265,0.005803,-0.005318,0.011307,0.005,0.005,0.011
GNSS-08,266,-0.001057,0.002311,0.002796,0.005,0.005,0.011
GNSS-08,267,0.011844,-0.005158,0.003542,0.005,0.005,0.011
GNSS-08,268,0.00511,-0.002377,-0.01712,0.005,0.005,0.011
GNSS-08,269,0.006134,0.002007,-0.010945,0.005,0.005,0.011
GNSS-08,270,0.012876,-0.007155,-0.007069,0.005,0.005,0.011
GNSS-08,271,0.004613,0.001368,0.013899,0.005,0.005,0.011
GNSS-08,272,0.001243,-0.012247,0.002942,0.005,0.005,0.011
GNSS-08,273,0.010289,-0.00331,0.01195,0.005,0.005,0.011
GNSS-08,274,0.002779,-0.002548,-0.019254,0.005,0.005,0.011
GNSS-08,275,0.006732,-0.007382,-0.01633,0.005,0.005,0.011
GNSS-08,276,0.004544,-0.000299,-0.002844,0.005,0.005,0.011
GNSS-08,277,0.008482,0.001536,0.007574,0.005,0.005,0.011
GNSS-08,278,0.008582,-0.00988,0.004478,0.005,0.005,0.011
GNSS-08,279,0.000807,0.005276,0.007245,0.005,0.005,0.011
GNSS-08,280,0.000619,-0.009857,0.000382,0.005,0.005,0.011
GNSS-08,281,-0.000151,0.007471,-0.024582,0.005,0.005,0.011
GNSS-08,282,0.003685,0.003692,-0.011595,0.005,0.005,0.011
GNSS-08,283,0.00221,-0.001833,-0.001175,0.005,0.005,0.011
GNSS-08,284,-0.004541,0.000187,-0.013893,0.005,0.005,0.011
GNSS-08,285,0.011701,0.000711,0.010076,0.005,0.005,0.011
GNSS-08,286,0.00836,0.000469,-0.01689,0.005,0.005,0.011
GNSS-08,287,-0.000332,-0.010089,0.002591,0.005,0.005,0.011
GNSS-08,288,-0.00211,0.004672,0.012795,0.005,0.005,0.011
GNSS-08,289,-0.001451,-0.00448,-0.019096,0.005,0.005,0.011
GNSS-08,290,0.006433,-0.007068,0.004608,0.005,0.005,0.011
GNSS-08,291,-0.002991,0.007698,-0.008491,0.005,0.005,0.011
GNSS-08,292,0.008074,0.008798,-0.004741,0.005,0.005,0.011
GNSS-08,293,-0.001507,-0.005698,-0.003652,0.005,0.005,0.011
GNSS-08,294,0.010056,-9.4e-05,0.003705,0.005,0.005,0.011
GNSS-08,295,-0.008465,-0.002546,-0.006004,0.005,0.005,0.011
GNSS-08,296,0.002777,-0.007608,0.001069,0.005,0.005,0.011
GNSS-08,297,0.000422,-0.002347,-0.010583,0.005,0.005,0.011
GNSS-08,298,-0.013256,-0.007453,0.018731,0.005,0.005,0.011
GNSS-08,299,-0.00021,0.005261,-0.000976,0.005,0.005,0.011
GNSS-08,300,0.007178,0.000232,-0.000336,0.005,0.005,0.011
GNSS-08,301,0.014724,-0.009265,0.013183,0.005,0.005,0.011
GNSS-08,302,0.007474,0.008077,0.02688,0.005,0.005,0.011
GNSS-08,303,-0.008898,-0.003815,0.015748,0.005,0.005,0.011
GNSS-08,304,0.004709,-0.002229,0.015219,0.005,0.005,0.011
GNSS-08,305,0.008168,0.010122,-0.00968,0.005,0.005,0.011
GNSS-08,306,-0.000105,-0.001979,0.000618,0.005,0.005,0.011
GNSS-08,307,0.006945,-0.003395,0.019407,0.005,0.005,0.011
GNSS-08,308,0.023151,-0.011276,0.013544,0.005,0.005,0.011
GNSS-08,309,-0.001726,0.001051,0.008708,0.005,0.005,0.011
GNSS-08,310,0.005034,-0.011714,0.011451,0.005,0.005,0.011
GNSS-08,311,0.014192,-0.006421,-0.001431,0.005,0.005,0.011
GNSS-08,312,0.01161,-0.003678,0.004544,0.005,0.005,0.011
GNSS-08,313,-0.002479,-0.008468,0.008068,0.005,0.005,0.011
GNSS-08,314,0.005387,-0.009831,0.003093,0.005,0.005,0.011
GNSS-08,315,0.007232,0.000735,-0.002263,0.005,0.005,0.011
GNSS-08,316,-0.000586,0.002236,0.009676,0.005,0.005,0.011
GNSS-08,317,0.005199,-0.005344,-0.002246,0.005,0.005,0.011
GNSS-08,318,0.010668,4.9e-05,-0.02503,0.005,0.005,0.011
GNSS-08,319,0.012237,-0.012306,0.011789,0.005,0.005,0.011
GNSS-08,320,0.008073,-3.1e-05,-0.002282,0.005,0.005,0.011
GNSS-08,321,0.001024,-0.000615,0.00421,0.005,0.005,0.011
GNSS-08,322,0.009088,-0.004974,0.003896,0.005,0.005,0.011
GNSS-08,323,0.003364,0.011632,-0.011913,0.005,0.005,0.011
GNSS-08,324,0.004847,-0.006077,-0.007284,0.005,0.005,0.011
GNSS-08,325,0.004873,0.000158,0.004613,0.005,0.005,0.011
GNSS-08,326,0.007485,-0.017814,-0.012979,0.005,0.005,0.011
GNSS-08,327,0.014328,0.000284,0.005849,0.005,0.005,0.011
GNSS-08,328,0.004097,-0.00208,0.004153,0.005,0.005,0.011
GNSS-08,329,-0.001957,0.002632,-0.01804,0.005,0.005,0.011
GNSS-08,330,0.008517,0.003383,-0.000353,0.005,0.005,0.011
GNSS-09,0,0.00459,0.010073,0.056379,0.012,0.012,0.025
GNSS-09,1,0.018261,-0.00493,0.021539,0.012,0.012,0.025
GNSS-09,2,-0.016517,0.009122,0.000873,0.012,0.012,0.025
GNSS-09,3,-0.02391,-0.003732,0.054453,0.012,0.012,0.025
GNSS-09,4,-0.002457,0.004143,0.02525,0.012,0.012,0.025
GNSS-09,5,-0.020217,0.004324,-0.018806,0.012,0.012,0.025
GNSS-09,6,-0.014238,0.027934,-0.0046,0.012,0.012,0.025
GNSS-09,7,-0.01418,-0.013978,0.044336,0.012,0.012,0.025
GNSS-09,8,-0.012427,0.002272,0.00227,0.012,0.012,0.025
GNSS-09,9,-0.01673,0.004286,0.033938,0.012,0.012,0.025
GNSS-09,10,-0.02171,-0.000887,0.004546,0.012,0.012,0.025
GNSS-09,11,-0.008004,-0.006193,0.034187,0.012,0.012,0.025
GNSS-09,12,-1.5e-05,0.000361,0.018804,0.012,0.012,0.025
GNSS-09,13,-0.005154,0.007645,0.023838,0.012,0.012,0.025
GNSS-09,14,0.006124,-0.001922,0.013907,0.012,0.012,0.025
GNSS-09,15,-0.012466,-0.00236,0.027795,0.012,0.012,0.025
GNSS-09,16,-0.008658,-0.009012,0.012122,0.012,0.012,0.025
GNSS-09,17,-0.005136,-0.012447,0.032249,0.012,0.012,0.025
GNSS-09,18,0.001884,0.025623,0.011184,0.012,0.012,0.025
GNSS-09,19,0.007254,-0.008428,-0.012382,0.012,0.012,0.025
GNSS-09,20,0.006401,0.009271,0.042915,0.012,0.012,0.025
GNSS-09,21,0.009567,0.012636,0.031614,0.012,0.012,0.025
GNSS-09,22,-0.020832,0.007624,-0.001068,0.012,0.012,0.025
GNSS-09,23,-0.006362,0.004337,-0.030907,0.012,0.012,0.025
GNSS-09,24,-0.009432,-0.007306,0.032015,0.012,0.012,0.025
GNSS-09,25,0.025882,0.024488,0.016959,0.012,0.012,0.025
GNSS-09,26,-0.009892,0.012009,0.034791,0.012,0.012,0.025
GNSS-09,27,-0.005803,0.021443,0.017258,0.012,0.012,0.025
GNSS-09,28,0.005876,-0.014321,0.001238,0.012,0.012,0.025
GNSS-09,29,0.010502,0.019596,-0.007297,0.012,0.012,0.025
GNSS-09,30,-0.006626,-0.00701,0.000278,0.012,0.012,0.025
GNSS-09,31,0.000552,-0.010706,0.006577,0.012,0.012,0.025
GNSS-09,32,0.025557,0.008976,-0.028646,0.012,0.012,0.025
GNSS-09,33,-0.003635,0.004521,0.022999,0.012,0.012,0.025
GNSS-09,34,-0.023872,-0.002882,-0.039735,0.012,0.012,0.025
GNSS-09,35,0.000847,-0.004766,0.030661,0.012,0.012,0.025
GNSS-09,36,-0.016015,0.015269,-0.006638,0.012,0.012,0.025
GNSS-09,37,0.022988,-0.00912,-0.014613,0.012,0.012,0.025
GNSS-09,38,0.009218,0.002718,-0.040021,0.012,0.012,0.025
GNSS-09,39,0.012649,0.0196,0.015732,0.012,0.012,0.025
GNSS-09,40,-0.010324,-0.006264,0.030713,0.012,0.012,0.025
GNSS-09,41,0.002961,-0.006989,-0.022539,0.012,0.012,0.025
GNSS-09,42,-0.022115,-0.008739,0.011857,0.012,0.012,0.025
GNSS-09,43,-0.027911,0.003024,0.013999,0.012,0.012,0.025
GNSS-09,44,0.008877,0.01335,0.027513,0.012,0.012,0.025
GNSS-09,45,-0.000249,-0.004465,0.072409,0.012,0.012,0.025
GNSS-09,46,-0.007797,-0.006118,0.02538,0.012,0.012,0.025
GNSS-09,47,0.005948,0.013159,0.020063,0.012,0.012,0.025
GNSS-09,48,-0.003295,0.014773,-0.026648,0.012,0.012,0.025
GNSS-09,49,-0.004553,-0.000739,-0.02012,0.012,0.012,0.025
GNSS-09,50,-0.004115,-0.005614,-0.001609,0.012,0.012,0.025
GNSS-09,51,-0.010318,-0.005292,0.022184,0.012,0.012,0.025
GNSS-09,52,-0.008065,-0.003915,0.006076,0.012,0.012,0.025
GNSS-09,53,0.009709,-0.015875,0.032626,0.012,0.012,0.025
GNSS-09,54,-0.008989,0.01697,0.046594,0.012,0.012,0.025
GNSS-09,55,-0.010597,0.015514,0.014692,0.012,0.012,0.025
GNSS-09,56,0.011042,0.0176,0.025884,0.012,0.012,0.025
GNSS-09,57,-0.006172,-0.015482,-0.007849,0.012,0.012,0.025
GNSS-09,58,-0.010004,-0.006498,0.047035,0.012,0.012,0.025
GNSS-09,59,-0.009506,-0.001201,-0.006986,0.012,0.012,0.025
GNSS-09,60,0.005845,0.026692,0.013296,0.012,0.012,0.025
GNSS-09,61,-0.008711,0.020696,0.035149,0.012,0.012,0.025
GNSS-09,62,-0.007734,-0.007924,0.031464,0.012,0.012,0.025
GNSS-09,63,-0.008439,-0.00724,0.008816,0.012,0.012,0.025
GNSS-09,64,-0.004703,0.01459,0.021975,0.012,0.012,0.025
GNSS-09,65,0.004698,-0.003217,0.008509,0.012,0.012,0.025
GNSS-09,66,0.006259,-0.025773,0.032601,0.012,0.012,0.025
GNSS-09,67,-0.017306,0.03835,-0.002809,0.012,0.012,0.025
GNSS-09,68,-0.000831,-0.008074,-0.000807,0.012,0.012,0.025
GNSS-09,69,-0.000143,-0.004463,0.029594,0.012,0.012,0.025
GNSS-09,70,-0.023247,0.002187,0.008065,0.012,0.012,0.025
GNSS-09,71,-0.012859,0.027597,0.022971,0.012,0.012,0.025
GNSS-09,72,0.008544,-0.002766,0.053034,0.012,0.012,0.025
GNSS-09,73,0.000104,-0.014492,0.03663,0.012,0.012,0.025
GNSS-09,74,-0.011781,-0.000483,0.031476,0.012,0.012,0.025
GNSS-09,75,-0.026645,-0.000576,-0.001699,0.012,0.012,0.025
GNSS-09,76,-0.004945,0.012321,0.044888,0.012,0.012,0.025
GNSS-09,77,0.002093,0.012479,0.010622,0.012,0.012,0.025
GNSS-09,78,-0.010374,-0.010401,0.051708,0.012,0.012,0.025
GNSS-09,79,0.004309,0.019981,0.018406,0.012,0.012,0.025
GNSS-09,80,-0.005256,0.012992,-0.005181,0.012,0.012,0.025
GNSS-09,81,-0.007471,0.003063,0.037144,0.012,0.012,0.025
GNSS-09,82,-0.013722,-0.011424,0.029722,0.012,0.012,0.025
GNSS-09,83,-0.027671,-0.010976,0.051388,0.012,0.012,0.025
GNSS-09,84,-0.032465,0.029632,0.055996,0.012,0.012,0.025
GNSS-09,85,0.004165,0.007121,0.065184,0.012,0.012,0.025
GNSS-09,86,-0.018972,0.001577,0.03892,0.012,0.012,0.025
GNSS-09,87,0.011851,0.007257,0.000555,0.012,0.012,0.025
GNSS-09,88,0.006512,0.003246,0.052653,0.012,0.012,0.025
GNSS-09,89,-0.003033,0.02354,0.038353,0.012,0.012,0.025
GNSS-09,90,-0.00544,0.032026,0.073162,0.012,0.012,0.025
GNSS-09,91,-0.018886,0.007195,0.041986,0.012,0.012,0.025
GNSS-09,92,0.012688,0.012056,0.048904,0.012,0.012,0.025
GNSS-09,93,0.01598,0.008592,0.071316,0.012,0.012,0.025
GNSS-09,94,-0.005473,0.010829,0.096657,0.012,0.012,0.025
GNSS-09,95,0.001973,0.009113,0.016289,0.012,0.012,0.025
GNSS-09,96,-0.025298,0.00441,0.046741,0.012,0.012,0.025
GNSS-09,97,-0.006936,-0.005506,0.04902,0.012,0.012,0.025
GNSS-09,98,-0.004779,0.034993,0.037468,0.012,0.012,0.025
GNSS-09,99,-0.003562,0.016297,0.007541,0.012,0.012,0.025
GNSS-09,100,-0.02065,0.002451,-0.01818,0.012,0.012,0.025
GNSS-09,101,0.010051,0.017216,0.074575,0.012,0.012,0.025
GNSS-09,102,0.006259,0.009229,0.077975,0.012,0.012,0.025
GNSS-09,103,-0.007545,0.030476,-0.000649,0.012,0.012,0.025
GNSS-09,104,-0.01474,-0.000425,-0.007871,0.012,0.012,0.025
GNSS-09,105,-0.007953,0.008315,0.053404,0.012,0.012,0.025
GNSS-09,106,-0.007777,0.006733,0.043856,0.012,0.012,0.025
GNSS-09,107,-0.002327,0.006104,0.015705,0.012,0.012,0.025
GNSS-09,108,-0.006731,0.005769,-0.003081,0.012,0.012,0.025
GNSS-09,109,0.005697,0.031255,0.065813,0.012,0.012,0.025
GNSS-09,110,-0.009118,0.039895,0.061324,0.012,0.012,0.025
GNSS-09,111,-0.002156,-0.020087,0.055264,0.012,0.012,0.025
GNSS-09,112,-0.015152,0.024269,-0.000869,0.012,0.012,0.025
GNSS-09,113,-0.001732,-0.003199,0.033256,0.012,0.012,0.025
GNSS-09,114,-0.002722,0.015397,0.006015,0.012,0.012,0.025
GNSS-09,115,-0.00206,0.001962,0.055473,0.012,0.012,0.025
GNSS-09,116,-0.001915,0.01975,0.040689,0.012,0.012,0.025
GNSS-09,117,-0.015482,0.010522,0.104021,0.012,0.012,0.025
GNSS-09,118,-0.011521,0.009487,-0.016725,0.012,0.012,0.025
GNSS-09,119,-0.003123,0.023451,0.016209,0.012,0.012,0.025
GNSS-09,120,-0.007282,0.013058,-0.004933,0.012,0.012,0.025
GNSS-09,121,-0.02516,0.019457,0.044284,0.012,0.012,0.025
GNSS-09,122,0.002196,0.011918,0.038452,0.012,0.012,0.025
GNSS-09,123,-0.00872,0.008262,0.052763,0.012,0.012,0.025
GNSS-09,124,-0.017642,-0.004478,0.084165,0.012,0.012,0.025
GNSS-09,125,0.012746,-0.003881,0.039917,0.012,0.012,0.025
GNSS-09,126,-0.008931,0.00156,0.033794,0.012,0.012,0.025
GNSS-09,127,-0.022143,0.000651,0.048607,0.012,0.012,0.025
GNSS-09,128,-0.025803,0.021567,0.01056,0.012,0.012,0.025
GNSS-09,129,-0.017903,0.027842,0.028298,0.012,0.012,0.025
GNSS-09,130,0.007478,0.013646,0.031175,0.012,0.012,0.025
GNSS-09,131,-0.001131,0.027439,0.055608,0.012,0.012,0.025
GNSS-09,132,-0.015037,-0.004232,0.029769,0.012,0.012,0.025
GNSS-09,133,-0.019559,0.034661,0.045427,0.012,0.012,0.025
GNSS-09,134,-0.027589,0.010842,0.043039,0.012,0.012,0.025
GNSS-09,135,-0.013108,0.011967,0.076985,0.012,0.012,0.025
GNSS-09,136,8.9e-05,0.030881,0.050378,0.012,0.012,0.025
GNSS-09,137,-0.011278,0.012789,0.003681,0.012,0.012,0.025
GNSS-09,138,-0.024469,0.024739,0.074529,0.012,0.012,0.025
GNSS-09,139,-0.016271,-0.011551,0.047201,0.012,0.012,0.025
GNSS-09,140,-0.024648,0.019082,0.116433,0.012,0.012,0.025
GNSS-09,141,-0.004234,0.004325,0.056613,0.012,0.012,0.025
GNSS-09,142,-0.013211,0.035701,0.070036,0.012,0.012,0.025
GNSS-09,143,-0.003128,0.025906,0.044985,0.012,0.012,0.025
GNSS-09,144,-0.015068,0.019073,0.025572,0.012,0.012,0.025
GNSS-09,145,-0.021055,0.021112,0.052475,0.012,0.012,0.025
GNSS-09,146,-0.017433,0.013286,0.035161,0.012,0.012,0.025
GNSS-09,147,-0.014393,0.003492,0.110826,0.012,0.012,0.025
GNSS-09,148,-0.010309,0.015355,-0.010884,0.012,0.012,0.025
GNSS-09,149,-0.010475,0.023879,0.05706,0.012,0.012,0.025
GNSS-09,150,-0.016872,0.00571,0.099485,0.012,0.012,0.025
GNSS-09,151,-0.008155,0.008817,0.032185,0.012,0.012,0.025
GNSS-09,152,-0.002212,0.021381,0.089383,0.012,0.012,0.025
GNSS-09,153,-0.023894,0.036076,0.054289,0.012,0.012,0.025
GNSS-09,154,-0.017969,0.015186,0.066612,0.012,0.012,0.025
GNSS-09,155,-0.003348,0.015773,0.068061,0.012,0.012,0.025
GNSS-09,156,-0.015362,0.016203,0.062047,0.012,0.012,0.025
GNSS-09,157,-0.017986,0.006479,0.045852,0.012,0.012,0.025
GNSS-09,158,-0.004392,0.02354,0.091938,0.012,0.012,0.025
GNSS-09,159,-0.026302,0.001268,0.040189,0.012,0.012,0.025
GNSS-09,160,-0.011193,0.026614,0.056006,0.012,0.012,0.025
GNSS-09,161,-0.006096,0.019916,0.061341,0.012,0.012,0.025
GNSS-09,162,-0.014349,0.015384,0.053354,0.012,0.012,0.025
GNSS-09,163,0.002175,0.021292,0.105706,0.012,0.012,0.025
GNSS-09,164,-0.035986,0.024445,0.032062,0.012,0.012,0.025
GNSS-09,165,-0.016456,0.017405,0.075133,0.012,0.012,0.025
GNSS-09,166,-0.014799,0.008755,0.081288,0.012,0.012,0.025
GNSS-09,167,-0.01014,0.021093,0.083637,0.012,0.012,0.025
GNSS-09,168,-0.022283,0.01302,0.073389,0.012,0.012,0.025
GNSS-09,169,-0.023975,0.025832,0.07606,0.012,0.012,0.025
GNSS-09,170,-0.046362,0.037624,0.090116,0.012,0.012,0.025
GNSS-09,171,-0.014918,-0.002626,0.03936,0.012,0.012,0.025
GNSS-09,172,-0.013443,0.025178,0.079994,0.012,0.012,0.025
GNSS-09,173,0.000509,0.013643,-0.023123,0.012,0.012,0.025
GNSS-09,174,-0.01995,0.026529,0.076625,0.012,0.012,0.025
GNSS-09,175,-0.02186,0.015821,0.053275,0.012,0.012,0.025
GNSS-09,176,-0.022251,0.038592,0.086444,0.012,0.012,0.025
GNSS-09,177,-0.015318,0.031244,0.07604,0.012,0.012,0.025
GNSS-09,178,-0.01952,0.008829,0.037054,0.012,0.012,0.025
GNSS-09,179,-0.015489,0.029306,-0.02845,0.012,0.012,0.025
GNSS-09,180,-0.034288,0.009246,0.05903,0.012,0.012,0.025
GNSS-09,181,-0.00818,0.02336,0.069318,0.012,0.012,0.025
GNSS-09,182,-6e-06,0.017664,0.062111,0.012,0.012,0.025
GNSS-09,183,-0.020138,0.021121,0.048109,0.012,0.012,0.025
GNSS-09,184,-0.002838,0.021345,0.053655,0.012,0.012,0.025
GNSS-09,185,-0.018472,0.011696,0.090901,0.012,0.012,0.025
GNSS-09,186,0.003962,-0.010918,0.091523,0.012,0.012,0.025
GNSS-09,187,-0.015769,0.02395,0.062825,0.012,0.012,0.025
GNSS-09,188,-0.015572,0.012574,0.042326,0.012,0.012,0.025
GNSS-09,189,-0.015434,0.024217,0.028529,0.012,0.012,0.025
GNSS-09,190,-0.03114,0.02472,0.093934,0.012,0.012,0.025
GNSS-09,191,-0.020906,0.01212,0.122451,0.012,0.012,0.025
GNSS-09,192,-0.028138,0.031257,0.11248,0.012,0.012,0.025
GNSS-09,193,-0.03088,0.016293,0.071622,0.012,0.012,0.025
GNSS-09,194,-0.004923,0.033116,0.098362,0.012,0.012,0.025
GNSS-09,195,-0.027548,0.026409,0.073803,0.012,0.012,0.025
GNSS-09,196,-0.014963,0.026825,0.098024,0.012,0.012,0.025
GNSS-09,197,-0.002311,0.014102,0.102938,0.012,0.012,0.025
GNSS-09,198,-0.007041,0.046409,0.094431,0.012,0.012,0.025
GNSS-09,199,-0.018083,0.001909,0.052709,0.012,0.012,0.025
GNSS-09,200,-0.00457,0.028115,0.110168,0.012,0.012,0.025
GNSS-09,201,-0.000815,0.014432,0.082696,0.012,0.012,0.025
GNSS-09,202,-0.013938,0.030075,0.132516,0.012,0.012,0.025
GNSS-09,203,-0.013899,0.034959,0.07944,0.012,0.012,0.025
GNSS-09,204,-0.019987,0.002365,0.073117,0.012,0.012,0.025
GNSS-09,205,-0.012332,-0.012791,0.06205,0.012,0.012,0.025
GNSS-09,206,-0.002176,0.025886,0.121656,0.012,0.012,0.025
GNSS-09,207,-0.015502,0.026871,0.096033,0.012,0.012,0.025
GNSS-09,208,-0.02989,0.040003,0.098551,0.012,0.012,0.025
GNSS-09,209,-0.012948,0.030703,0.049522,0.012,0.012,0.025
GNSS-09,210,-0.019493,0.051124,0.03952,0.012,0.012,0.025
GNSS-09,211,-0.001606,0.044894,0.112926,0.012,0.012,0.025
GNSS-09,212,0.000296,0.015686,0.054824,0.012,0.012,0.025
GNSS-09,213,-0.016978,0.040428,0.075099,0.012,0.012,0.025
GNSS-09,214,-0.015954,0.016604,0.097106,0.012,0.012,0.025
GNSS-09,215,-0.008549,0.033605,0.122799,0.012,0.012,0.025
GNSS-09,216,-0.005977,0.006717,0.068275,0.012,0.012,0.025
GNSS-09,217,-0.012898,0.037251,0.092467,0.012,0.012,0.025
GNSS-09,218,-0.021573,0.045108,0.091229,0.012,0.012,0.025
GNSS-09,219,-0.01612,0.03705,0.050254,0.012,0.012,0.025
GNSS-09,220,-0.012098,0.031865,0.10437,0.012,0.012,0.025
GNSS-09,221,-0.0149,0.044279,0.071377,0.012,0.012,0.025
GNSS-09,222,-0.017366,0.021596,0.115676,0.012,0.012,0.025
GNSS-09,223,-0.021242,0.024188,0.135577,0.012,0.012,0.025
GNSS-09,224,-0.01133,0.034762,0.109073,0.012,0.012,0.025
GNSS-09,225,-0.017304,0.03375,0.021978,0.012,0.012,0.025
GNSS-09,226,-0.020342,0.018789,0.053652,0.012,0.012,0.025
GNSS-09,227,-0.014963,0.019543,0.100347,0.012,0.012,0.025
GNSS-09,228,0.003802,0.024863,0.077298,0.012,0.012,0.025
GNSS-09,229,-0.033783,0.029225,0.09991,0.012,0.012,0.025
GNSS-09,230,-0.022345,0.019613,0.068282,0.012,0.012,0.025
GNSS-09,231,-0.022056,0.061808,0.080792,0.012,0.012,0.025
GNSS-09,232,-0.012948,0.004552,0.109696,0.012,0.012,0.025
GNSS-09,233,-0.030507,0.042685,0.129158,0.012,0.012,0.025
GNSS-09,234,-0.02656,0.033756,0.106691,0.012,0.012,0.025
GNSS-09,235,-0.003559,0.052899,0.113552,0.012,0.012,0.025
GNSS-09,236,-0.025104,0.031768,0.085842,0.012,0.012,0.025
GNSS-09,237,-0.014451,0.021478,0.115255,0.012,0.012,0.025
GNSS-09,238,-0.018412,0.024935,0.067082,0.012,0.012,0.025
GNSS-09,239,0.000753,0.041389,0.106175,0.012,0.012,0.025
GNSS-09,240,-0.021327,0.025907,0.07302,0.012,0.012,0.025
GNSS-09,241,-0.019208,0.029063,0.098423,0.012,0.012,0.025
GNSS-09,242,-0.013238,0.014756,0.101232,0.012,0.012,0.025
GNSS-09,243,-0.038967,0.011105,0.064276,0.012,0.012,0.025
GNSS-09,244,-0.017436,0.043653,0.082351,0.012,0.012,0.025
GNSS-09,245,-0.007211,0.031876,0.093068,0.012,0.012,0.025
GNSS-09,246,-0.037817,0.026442,0.108966,0.012,0.012,0.025
GNSS-09,247,-0.008664,0.043067,0.089592,0.012,0.012,0.025
GNSS-09,248,-0.005212,0.034293,0.148158,0.012,0.012,0.025
GNSS-09,249,-0.043661,0.029213,0.097116,0.012,0.012,0.025
GNSS-09,250,-0.025672,0.034688,0.093051,0.012,0.012,0.025
GNSS-09,251,-0.005766,0.023247,0.113458,0.012,0.012,0.025
GNSS-09,252,-0.028802,0.008973,0.123532,0.012,0.012,0.025
GNSS-09,253,-0.001781,0.016524,0.102108,0.012,0.012,0.025
GNSS-09,254,-0.038307,0.052029,0.093266,0.012,0.012,0.025
GNSS-09,255,-0.018898,0.017843,0.105548,0.012,0.012,0.025
GNSS-09,256,-0.036409,0.044365,0.124964,0.012,0.012,0.025
GNSS-09,257,-0.025354,0.039873,0.122407,0.012,0.012,0.025
GNSS-09,258,-0.025994,0.030568,0.129555,0.012,0.012,0.025
GNSS-09,259,-0.042968,0.047392,0.143473,0.012,0.012,0.025
GNSS-09,260,-0.000223,0.026359,0.088221,0.012,0.012,0.025
GNSS-09,261,-0.004941,0.035652,0.10324,0.012,0.012,0.025
GNSS-09,262,-0.015876,0.035836,0.136002,0.012,0.012,0.025
GNSS-09,263,-0.027896,0.037676,0.124816,0.012,0.012,0.025
GNSS-09,264,-0.02474,0.034162,0.113305,0.012,0.012,0.025
GNSS-09,265,-0.032559,0.027656,0.080719,0.012,0.012,0.025
GNSS-09,266,-0.02536,0.040172,0.108402,0.012,0.012,0.025
GNSS-09,267,-0.053347,0.040606,0.137913,0.012,0.012,0.025
GNSS-09,268,-0.046764,0.052792,0.14022,0.012,0.012,0.025
GNSS-09,269,-0.016028,0.036166,0.124989,0.012,0.012,0.025
GNSS-09,270,-0.027708,0.03705,0.096202,0.012,0.012,0.025
GNSS-09,271,-0.035239,0.027021,0.109041,0.012,0.012,0.025
GNSS-09,272,-0.020116,0.018345,0.127267,0.012,0.012,0.025
GNSS-09,273,-0.029386,0.031463,0.115616,0.012,0.012,0.025
GNSS-09,274,-0.009443,0.040762,0.054229,0.012,0.012,0.025
GNSS-09,275,-0.026884,0.030043,0.067041,0.012,0.012,0.025
GNSS-09,276,-0.027608,0.051409,0.11449,0.012,0.012,0.025
GNSS-09,277,-0.010296,0.035101,0.10872,0.012,0.012,0.025
GNSS-09,278,-0.002193,0.032481,0.143427,0.012,0.012,0.025
GNSS-09,279,-0.03071,0.042954,0.110585,0.012,0.012,0.025
GNSS-09,280,-0.041222,0.044348,0.106843,0.012,0.012,0.025
GNSS-09,281,-0.016976,0.049841,0.146776,0.012,0.012,0.025
GNSS-09,282,-0.018727,0.025428,0.094574,0.012,0.012,0.025
GNSS-09,283,-0.022462,0.028226,0.080595,0.012,0.012,0.025
GNSS-09,284,-0.020756,0.037298,0.11294,0.012,0.012,0.025
GNSS-09,285,-0.015109,0.031394,0.128513,0.012,0.012,0.025
GNSS-09,286,-0.011102,0.054609,0.160132,0.012,0.012,0.025
GNSS-09,287,-0.010382,0.053149,0.112865,0.012,0.012,0.025
GNSS-09,288,-0.030172,0.030354,0.067561,0.012,0.012,0.025
GNSS-09,289,-0.007865,0.035851,0.104478,0.012,0.012,0.025
GNSS-09,290,-0.0304,0.028655,0.150477,0.012,0.012,0.025
GNSS-09,291,-0.017633,0.039237,0.1157,0.012,0.012,0.025
GNSS-09,292,-0.022527,0.040034,0.130093,0.012,0.012,0.025
GNSS-09,293,-0.027341,0.031514,0.114928,0.012,0.012,0.025
GNSS-09,294,-0.006177,0.036632,0.132477,0.012,0.012,0.025
GNSS-09,295,-0.022405,0.037752,0.105271,0.012,0.012,0.025
GNSS-09,296,-0.046312,0.040378,0.125041,0.012,0.012,0.025
GNSS-09,297,-0.021571,0.022289,0.113266,0.012,0.012,0.025
GNSS-09,298,-0.034549,0.042223,0.076,0.012,0.012,0.025
GNSS-09,299,-0.022261,0.034539,0.136724,0.012,0.012,0.025
GNSS-09,300,-0.037182,0.032742,0.093761,0.012,0.012,0.025
GNSS-09,301,-0.031559,0.054017,0.183994,0.012,0.012,0.025
GNSS-09,302,-0.040492,0.037408,0.120913,0.012,0.012,0.025
GNSS-09,303,-0.034201,0.042768,0.115878,0.012,0.012,0.025
GNSS-09,304,-0.021507,0.048374,0.123089,0.012,0.012,0.025
GNSS-09,305,-0.056391,0.06027,0.107067,0.012,0.012,0.025
GNSS-09,306,-0.014471,0.042597,0.081057,0.012,0.012,0.025
GNSS-09,307,-0.01032,0.046417,0.103807,0.012,0.012,0.025
GNSS-09,308,-0.019527,0.03833,0.12741,0.012,0.012,0.025
GNSS-09,309,-0.028877,0.030529,0.093655,0.012,0.012,0.025
GNSS-09,310,-0.035878,0.033646,0.138298,0.012,0.012,0.025
GNSS-09,311,-0.00523,0.045567,0.150225,0.012,0.012,0.025
GNSS-09,312,-0.02781,0.0525,0.14139,0.012,0.012,0.025
GNSS-09,313,-0.038087,0.047908,0.129364,0.012,0.012,0.025
GNSS-09,314,-0.033118,0.036593,0.145799,0.012,0.012,0.025
GNSS-09,315,-0.026153,0.03239,0.141734,0.012,0.012,0.025
GNSS-09,316,-0.02361,0.045588,0.134944,0.012,0.012,0.025
GNSS-09,317,-0.039272,0.037424,0.136355,0.012,0.012,0.025
GNSS-09,318,-0.053704,0.065221,0.155971,0.012,0.012,0.025
GNSS-09,319,-0.023684,0.040857,0.135424,0.012,0.012,0.025
GNSS-09,320,-0.047147,0.016247,0.13901,0.012,0.012,0.025
GNSS-09,321,-0.049414,0.052909,0.128026,0.012,0.012,0.025
GNSS-09,322,-0.05362,0.036317,0.139626,0.012,0.012,0.025
GNSS-09,323,-0.033662,0.037613,0.138417,0.012,0.012,0.025
GNSS-09,324,-0.040072,0.062884,0.122785,0.012,0.012,0.025
GNSS-09,325,-0.060607,0.038323,0.179322,0.012,0.012,0.025
GNSS-09,326,-0.029377,0.052882,0.141058,0.012,0.012,0.025
GNSS-09,327,-0.004533,0.045391,0.168747,0.012,0.012,0.025
GNSS-09,328,0.003822,0.042365,0.14753,0.012,0.012,0.025
GNSS-09,329,-0.025342,0.040164,0.141321,0.012,0.012,0.025
GNSS-09,330,-0.021368,0.040474,0.149562,0.012,0.012,0.025
GNSS-10,0,0.000649,-0.002304,-0.010007,0.012,0.012,0.025
GNSS-10,1,0.002574,-0.011717,0.008179,0.012,0.012,0.025
GNSS-10,2,0.031826,-0.041508,-0.011736,0.012,0.012,0.025
GNSS-10,3,-0.020653,-0.003641,-0.034601,0.012,0.012,0.025
GNSS-10,4,0.011779,-0.011245,0.006078,0.012,0.012,0.025
GNSS-10,5,0.010844,-0.016398,0.005345,0.012,0.012,0.025
GNSS-10,6,-0.017733,0.027037,-0.000305,0.012,0.012,0.025
GNSS-10,7,0.012624,-0.01201,-0.01014,0.012,0.012,0.025
GNSS-10,8,0.006597,0.004768,0.001456,0.012,0.012,0.025
GNSS-10,9,-0.003991,-0.019643,0.028275,0.012,0.012,0.025
GNSS-10,10,-0.010066,0.001767,0.018725,0.012,0.012,0.025
GNSS-10,11,0.015876,0.011482,-0.013374,0.012,0.012,0.025
GNSS-10,12,0.004695,0.012498,-0.029291,0.012,0.012,0.025
GNSS-10,13,-0.011824,-0.015943,0.041178,0.012,0.012,0.025
GNSS-10,14,-0.013963,-0.005966,0.015456,0.012,0.012,0.025
GNSS-10,15,0.001923,0.002275,0.012563,0.012,0.012,0.025
GNSS-10,16,-0.005659,0.003913,0.017664,0.012,0.012,0.025
GNSS-10,17,-0.003066,-0.012786,-0.020119,0.012,0.012,0.025
GNSS-10,18,-0.020143,0.003157,0.0354,0.012,0.012,0.025
GNSS-10,19,-0.003936,0.006318,0.00852,0.012,0.012,0.025
GNSS-10,20,0.006283,-0.005721,-0.016765,0.012,0.012,0.025
GNSS-10,21,0.002689,-0.014303,0.034312,0.012,0.012,0.025
GNSS-10,22,-0.007286,-0.015281,0.010291,0.012,0.012,0.025
GNSS-10,23,-0.000242,-0.00562,0.031724,0.012,0.012,0.025
GNSS-10,24,-0.003415,-0.000109,0.055364,0.012,0.012,0.025
GNSS-10,25,0.020897,0.010686,-0.018521,0.012,0.012,0.025
GNSS-10,26,0.020975,-0.011916,0.054798,0.012,0.012,0.025
GNSS-10,27,-0.018625,0.000968,0.009952,0.012,0.012,0.025
GNSS-10,28,-0.000602,-0.007888,-0.000247,0.012,0.012,0.025
GNSS-10,29,-0.010393,-0.027421,-0.019202,0.012,0.012,0.025
GNSS-10,30,-0.005897,0.019068,-0.016894,0.012,0.012,0.025
GNSS-10,31,-0.00332,-0.00552,0.005817,0.012,0.012,0.025
GNSS-10,32,0.010513,-0.005245,0.023145,0.012,0.012,0.025
GNSS-10,33,0.005188,-0.016324,0.032609,0.012,0.012,0.025
GNSS-10,34,-0.006091,-0.02073,-0.038125,0.012,0.012,0.025
GNSS-10,35,0.005964,0.002648,0.030729,0.012,0.012,0.025
GNSS-10,36,0.003064,-0.011183,0.016338,0.012,0.012,0.025
GNSS-10,37,-0.025528,-0.025233,0.010844,0.012,0.012,0.025
GNSS-10,38,0.021502,-0.007709,0.01245,0.012,0.012,0.025
GNSS-10,39,-0.001707,-0.016418,0.030647,0.012,0.012,0.025
GNSS-10,40,0.017475,-0.013801,-0.028144,0.012,0.012,0.025
GNSS-10,41,0.021914,0.016325,0.073696,0.012,0.012,0.025
GNSS-10,42,0.00261,-0.009623,0.018201,0.012,0.012,0.025
GNSS-10,43,0.007541,-0.032151,0.026354,0.012,0.012,0.025
GNSS-10,44,0.019358,0.003291,0.042909,0.012,0.012,0.025
GNSS-10,45,-0.003002,0.012686,-0.040603,0.012,0.012,0.025
GNSS-10,46,0.02122,0.000842,0.037974,0.012,0.012,0.025
GNSS-10,47,0.014347,0.004894,-0.006781,0.012,0.012,0.025
GNSS-10,48,-0.008785,-0.022217,-0.003517,0.012,0.012,0.025
GNSS-10,49,0.001089,-0.015464,0.023427,0.012,0.012,0.025
GNSS-10,50,-0.017361,-0.003872,-8.8e-05,0.012,0.012,0.025
GNSS-10,51,0.002599,0.012683,0.048075,0.012,0.012,0.025
GNSS-10,52,-0.001932,-0.033714,0.076155,0.012,0.012,0.025
GNSS-10,53,-0.00537,-0.015046,-0.001585,0.012,0.012,0.025
GNSS-10,54,0.004617,-0.004635,0.030624,0.012,0.012,0.025
GNSS-10,55,0.017552,-0.005995,0.026772,0.012,0.012,0.025
GNSS-10,56,0.001511,0.020542,0.035274,0.012,0.012,0.025
GNSS-10,57,0.008606,-0.00134,0.04794,0.012,0.012,0.025
GNSS-10,58,0.003857,-0.024982,0.056673,0.012,0.012,0.025
GNSS-10,59,0.005449,0.023654,0.021814,0.012,0.012,0.025
GNSS-10,60,-0.007101,0.01066,0.034662,0.012,0.012,0.025
GNSS-10,61,0.00954,-0.008778,0.008192,0.012,0.012,0.025
GNSS-10,62,0.013177,0.00975,0.040701,0.012,0.012,0.025
GNSS-10,63,-0.018641,-0.007247,0.025726,0.012,0.012,0.025
GNSS-10,64,0.009998,-0.008216,0.032102,0.012,0.012,0.025
GNSS-10,65,0.014285,-0.004588,-0.008366,0.012,0.012,0.025
GNSS-10,66,0.000247,0.007493,0.029269,0.012,0.012,0.025
GNSS-10,67,-0.009881,-0.013345,0.093346,0.012,0.012,0.025
GNSS-10,68,0.012469,-0.00437,0.037046,0.012,0.012,0.025
GNSS-10,69,0.005733,6.8e-05,0.023488,0.012,0.012,0.025
GNSS-10,70,-0.006426,0.024637,0.003566,0.012,0.012,0.025
GNSS-10,71,0.009536,0.007875,0.050248,0.012,0.012,0.025
GNSS-10,72,-0.004693,-1.5e-05,0.019208,0.012,0.012,0.025
GNSS-10,73,-0.014018,-0.015886,0.039377,0.012,0.012,0.025
GNSS-10,74,-0.00222,-0.000727,0.022899,0.012,0.012,0.025
GNSS-10,75,-0.005168,-0.009593,0.002615,0.012,0.012,0.025
GNSS-10,76,-0.006488,-0.004534,0.028914,0.012,0.012,0.025
GNSS-10,77,0.016645,0.009187,0.020739,0.012,0.012,0.025
GNSS-10,78,-0.007979,0.016764,0.065017,0.012,0.012,0.025
GNSS-10,79,-0.009104,-0.003744,-0.004189,0.012,0.012,0.025
GNSS-10,80,0.019241,-0.025737,0.02846,0.012,0.012,0.025
GNSS-10,81,0.009513,-0.015769,0.045556,0.012,0.012,0.025
GNSS-10,82,0.032516,0.007052,0.031859,0.012,0.012,0.025
GNSS-10,83,0.012277,0.009229,0.086731,0.012,0.012,0.025
GNSS-10,84,0.009778,0.007099,0.055096,0.012,0.012,0.025
GNSS-10,85,-0.009537,-0.023429,0.020735,0.012,0.012,0.025
GNSS-10,86,0.001648,-0.020197,-0.001563,0.012,0.012,0.025
GNSS-10,87,-0.005798,0.01543,0.03223,0.012,0.012,0.025
GNSS-10,88,0.007561,0.002288,0.006792,0.012,0.012,0.025
GNSS-10,89,-0.002889,-0.005809,0.061904,0.012,0.012,0.025
GNSS-10,90,-0.016313,-0.006545,-0.003364,0.012,0.012,0.025
GNSS-10,91,0.012696,-0.019175,0.051719,0.012,0.012,0.025
GNSS-10,92,-0.000123,-0.005161,0.010818,0.012,0.012,0.025
GNSS-10,93,0.011052,-0.006958,0.031638,0.012,0.012,0.025
GNSS-10,94,-0.006776,-0.023121,-0.0078,0.012,0.012,0.025
GNSS-10,95,0.019413,0.005193,0.029852,0.012,0.012,0.025
GNSS-10,96,0.021733,-0.010496,0.062793,0.012,0.012,0.025
GNSS-10,97,0.016635,-0.002928,0.017278,0.012,0.012,0.025
GNSS-10,98,0.027654,-0.023745,0.003746,0.012,0.012,0.025
GNSS-10,99,0.010632,-0.008781,0.01228,0.012,0.012,0.025
GNSS-10,100,0.000517,-0.022659,0.055076,0.012,0.012,0.025
GNSS-10,101,0.017307,0.019343,0.021462,0.012,0.012,0.025
GNSS-10,102,0.013183,-0.015935,0.042887,0.012,0.012,0.025
GNSS-10,103,0.009312,0.000506,0.043888,0.012,0.012,0.025
GNSS-10,104,0.010781,-0.023683,0.040114,0.012,0.012,0.025
GNSS-10,105,0.017965,-0.010451,0.026595,0.012,0.012,0.025
GNSS-10,106,-0.003576,0.002448,0.045688,0.012,0.012,0.025
GNSS-10,107,0.032996,0.02622,0.056694,0.012,0.012,0.025
GNSS-10,108,0.010411,0.012032,0.025769,0.012,0.012,0.025
GNSS-10,109,0.004994,-0.003418,0.010075,0.012,0.012,0.025
GNSS-10,110,0.004386,0.003917,0.042037,0.012,0.012,0.025
GNSS-10,111,-0.010321,-0.000427,0.008302,0.012,0.012,0.025
GNSS-10,112,0.014218,-0.002552,-0.016202,0.012,0.012,0.025
GNSS-10,113,0.007363,-0.013854,0.08566,0.012,0.012,0.025
GNSS-10,114,0.028338,-0.019709,0.071073,0.012,0.012,0.025
GNSS-10,115,0.036521,-0.001845,0.087454,0.012,0.012,0.025
GNSS-10,116,0.000793,-0.02133,0.07111,0.012,0.012,0.025
GNSS-10,117,-0.002314,0.001524,0.06825,0.012,0.012,0.025
GNSS-10,118,-0.004861,0.026506,0.056502,0.012,0.012,0.025
GNSS-10,119,0.01008,0.007366,0.083052,0.012,0.012,0.025
GNSS-10,120,0.007911,-0.018584,0.054536,0.012,0.012,0.025
GNSS-10,121,0.007491,-0.02724,0.084494,0.012,0.012,0.025
GNSS-10,122,-0.006233,-0.02116,0.061487,0.012,0.012,0.025
GNSS-10,123,0.008767,-0.025586,0.041207,0.012,0.012,0.025
GNSS-10,124,0.025194,-0.007807,0.076475,0.012,0.012,0.025
GNSS-10,125,0.012623,-0.008216,0.043942,0.012,0.012,0.025
GNSS-10,126,0.011709,-0.015469,0.020198,0.012,0.012,0.025
GNSS-10,127,-0.005321,-0.017945,0.07314,0.012,0.012,0.025
GNSS-10,128,0.013274,-0.017817,0.037389,0.012,0.012,0.025
GNSS-10,129,-0.015466,-0.022005,0.018482,0.012,0.012,0.025
GNSS-10,130,-0.001046,-0.006422,0.090958,0.012,0.012,0.025
GNSS-10,131,0.018636,-0.000817,0.06881,0.012,0.012,0.025
GNSS-10,132,0.011896,-0.015121,0.061743,0.012,0.012,0.025
GNSS-10,133,0.009136,0.001027,0.026782,0.012,0.012,0.025
GNSS-10,134,0.018449,0.002737,0.084235,0.012,0.012,0.025
GNSS-10,135,0.009523,0.004599,0.064621,0.012,0.012,0.025
GNSS-10,136,0.021269,0.010589,0.065499,0.012,0.012,0.025
GNSS-10,137,0.033823,-0.020385,0.054771,0.012,0.012,0.025
GNSS-10,138,0.006196,-0.002786,0.043928,0.012,0.012,0.025
GNSS-10,139,0.022657,-0.004462,0.061599,0.012,0.012,0.025
GNSS-10,140,-0.014396,-0.007648,0.048456,0.012,0.012,0.025
GNSS-10,141,-0.000916,5.7e-05,0.050325,0.012,0.012,0.025
GNSS-10,142,0.007408,-0.00376,0.03543,0.012,0.012,0.025
GNSS-10,143,0.030975,0.003636,0.050171,0.012,0.012,0.025
GNSS-10,144,0.030593,0.003054,0.093294,0.012,0.012,0.025
GNSS-10,145,0.003234,-0.004125,0.02527,0.012,0.012,0.025
GNSS-10,146,-0.004564,-0.019609,0.069214,0.012,0.012,0.025
GNSS-10,147,0.02623,-0.019141,0.072888,0.012,0.012,0.025
GNSS-10,148,0.005434,-0.014284,0.07357,0.012,0.012,0.025
GNSS-10,149,-0.002777,0.003915,0.044173,0.012,0.012,0.025
GNSS-10,150,0.015566,-0.013151,0.059293,0.012,0.012,0.025
GNSS-10,151,0.037858,-0.02303,0.092388,0.012,0.012,0.025
GNSS-10,152,0.00475,-0.018473,0.074779,0.012,0.012,0.025
GNSS-10,153,-0.00776,-0.032257,0.073549,0.012,0.012,0.025
GNSS-10,154,0.014747,0.004945,0.088748,0.012,0.012,0.025
GNSS-10,155,0.026091,-0.01147,0.100463,0.012,0.012,0.025
GNSS-10,156,-0.00757,-0.018828,0.087058,0.012,0.012,0.025
GNSS-10,157,0.017633,-0.020464,0.062422,0.012,0.012,0.025
GNSS-10,158,-0.016956,-0.039109,0.045682,0.012,0.012,0.025
GNSS-10,159,0.018839,-0.013029,0.048146,0.012,0.012,0.025
GNSS-10,160,0.032149,-0.01631,0.073131,0.012,0.012,0.025
GNSS-10,161,0.026474,-0.002842,0.081694,0.012,0.012,0.025
GNSS-10,162,0.008725,-0.005293,0.061648,0.012,0.012,0.025
GNSS-10,163,0.00697,-0.01095,0.04518,0.012,0.012,0.025
GNSS-10,164,0.00409,-0.012207,0.076917,0.012,0.012,0.025
GNSS-10,165,0.007587,0.004173,0.062911,0.012,0.012,0.025
GNSS-10,166,-0.001122,-0.007705,0.114127,0.012,0.012,0.025
GNSS-10,167,0.000567,-0.005725,0.048497,0.012,0.012,0.025
GNSS-10,168,0.011764,0.000533,0.06139,0.012,0.012,0.025
GNSS-10,169,0.016547,-0.014461,0.03716,0.012,0.012,0.025
GNSS-10,170,0.006207,-0.036343,0.077281,0.012,0.012,0.025
GNSS-10,171,0.005364,-0.019644,0.00479,0.012,0.012,0.025
GNSS-10,172,0.00506,-0.005519,0.05981,0.012,0.012,0.025
GNSS-10,173,-0.004152,-0.008452,0.066539,0.012,0.012,0.025
GNSS-10,174,0.011646,0.002342,0.096183,0.012,0.012,0.025
GNSS-10,175,0.033076,0.006642,0.090575,0.012,0.012,0.025
GNSS-10,176,0.018907,-0.001739,0.079656,0.012,0.012,0.025
GNSS-10,177,-0.00465,-0.004897,0.11944,0.012,0.012,0.025
GNSS-10,178,0.001926,-0.013796,0.090218,0.012,0.012,0.025
GNSS-10,179,0.015462,-0.025195,0.063177,0.012,0.012,0.025
GNSS-10,180,0.009836,-0.033534,0.088399,0.012,0.012,0.025
GNSS-10,181,0.01828,-0.009812,0.04674,0.012,0.012,0.025
GNSS-10,182,0.005712,-0.013371,0.103152,0.012,0.012,0.025
GNSS-10,183,0.006726,-0.005003,0.036115,0.012,0.012,0.025
GNSS-10,184,0.010816,0.012873,0.084457,0.012,0.012,0.025
GNSS-10,185,0.01149,-0.002323,0.07689,0.012,0.012,0.025
GNSS-10,186,0.011265,0.003305,0.008607,0.012,0.012,0.025
GNSS-10,187,0.015879,0.003859,0.078126,0.012,0.012,0.025
GNSS-10,188,0.01836,-0.001361,0.072916,0.012,0.012,0.025
GNSS-10,189,0.022491,-0.004376,0.090588,0.012,0.012,0.025
GNSS-10,190,0.026911,0.00477,0.0989,0.012,0.012,0.025
GNSS-10,191,0.018001,-0.011457,0.079273,0.012,0.012,0.025
GNSS-10,192,0.024471,-0.02262,0.112611,0.012,0.012,0.025
GNSS-10,193,0.021736,-0.008473,0.049484,0.012,0.012,0.025
GNSS-10,194,0.028073,-0.002145,0.060952,0.012,0.012,0.025
GNSS-10,195,0.023579,-0.011276,0.092165,0.012,0.012,0.025
GNSS-10,196,0.01741,-0.00012,0.105253,0.012,0.012,0.025
GNSS-10,197,0.016284,-0.025711,0.07129,0.012,0.012,0.025
GNSS-10,198,0.015352,-0.012556,0.061901,0.012,0.012,0.025
GNSS-10,199,-0.001731,-0.009076,0.097204,0.012,0.012,0.025
GNSS-10,200,0.003705,-0.003857,0.076256,0.012,0.012,0.025
GNSS-10,201,0.005854,-0.024416,0.089369,0.012,0.012,0.025
GNSS-10,202,0.021857,0.001521,0.067673,0.012,0.012,0.025
GNSS-10,203,0.019304,-0.011314,0.115419,0.012,0.012,0.025
GNSS-10,204,0.026934,-0.023074,0.091851,0.012,0.012,0.025
GNSS-10,205,0.026996,0.003889,0.078689,0.012,0.012,0.025
GNSS-10,206,-0.000974,0.007209,0.083724,0.012,0.012,0.025
GNSS-10,207,0.018923,-0.015658,0.088702,0.012,0.012,0.025
GNSS-10,208,0.012579,-0.006609,0.05492,0.012,0.012,0.025
GNSS-10,209,0.010629,-0.017178,0.109075,0.012,0.012,0.025
GNSS-10,210,0.013156,-0.026746,0.106122,0.012,0.012,0.025
GNSS-10,211,0.013171,0.004226,0.070574,0.012,0.012,0.025
GNSS-10,212,0.04559,-0.008329,0.087868,0.012,0.012,0.025
GNSS-10,213,0.031795,-0.036436,0.131088,0.012,0.012,0.025
GNSS-10,214,0.009447,-0.017717,0.064073,0.012,0.012,0.025
GNSS-10,215,0.015444,-0.025803,0.142673,0.012,0.012,0.025
GNSS-10,216,0.017049,-0.027619,0.157394,0.012,0.012,0.025
GNSS-10,217,0.029715,-0.010007,0.101831,0.012,0.012,0.025
GNSS-10,218,0.015762,-0.020442,0.11996,0.012,0.012,0.025
GNSS-10,219,0.00322,-0.019752,0.117498,0.012,0.012,0.025
GNSS-10,220,0.035519,-0.008527,0.113594,0.012,0.012,0.025
GNSS-10,221,0.017192,-0.024331,0.077831,0.012,0.012,0.025
GNSS-10,222,0.016713,-0.002516,0.102932,0.012,0.012,0.025
GNSS-10,223,0.022511,-0.019573,0.121713,0.012,0.012,0.025
GNSS-10,224,0.028141,-0.021575,0.075323,0.012,0.012,0.025
GNSS-10,225,0.041683,-0.02658,0.12056,0.012,0.012,0.025
GNSS-10,226,0.006092,-0.00362,0.085039,0.012,0.012,0.025
GNSS-10,227,0.028068,-0.0167,0.080798,0.012,0.012,0.025
GNSS-10,228,0.023208,-0.027269,0.109262,0.012,0.012,0.025
GNSS-10,229,-0.003841,-0.002407,0.068719,0.012,0.012,0.025
GNSS-10,230,0.005768,-0.020386,0.126077,0.012,0.012,0.025
GNSS-10,231,0.02476,-0.031137,0.115062,0.012,0.012,0.025
GNSS-10,232,0.026035,-0.021212,0.093097,0.012,0.012,0.025
GNSS-10,233,-0.00857,-0.025294,0.107764,0.012,0.012,0.025
GNSS-10,234,0.016482,-0.024115,0.066566,0.012,0.012,0.025
GNSS-10,235,0.043685,-0.042237,0.109801,0.012,0.012,0.025
GNSS-10,236,0.009005,-0.031742,0.143646,0.012,0.012,0.025
GNSS-10,237,0.025571,-0.009307,0.138663,0.012,0.012,0.025
GNSS-10,238,0.03645,-0.030632,0.102192,0.012,0.012,0.025
GNSS-10,239,0.019103,-0.013252,0.049086,0.012,0.012,0.025
GNSS-10,240,0.019204,-0.021108,0.103264,0.012,0.012,0.025
GNSS-10,241,0.013669,-0.025764,0.083646,0.012,0.012,0.025
GNSS-10,242,0.025597,-0.039996,0.097563,0.012,0.012,0.025
GNSS-10,243,0.009155,-0.031623,0.066112,0.012,0.012,0.025
GNSS-10,244,0.004248,-0.02313,0.107931,0.012,0.012,0.025
GNSS-10,245,0.009155,-0.012891,0.114659,0.012,0.012,0.025
GNSS-10,246,0.03243,-0.026442,0.141761,0.012,0.012,0.025
GNSS-10,247,0.015953,-0.005112,0.142288,0.012,0.012,0.025
GNSS-10,248,0.018086,-0.01145,0.089334,0.012,0.012,0.025
GNSS-10,249,0.0262,-0.008175,0.120207,0.012,0.012,0.025
GNSS-10,250,0.021866,-0.008312,0.12409,0.012,0.012,0.025
GNSS-10,251,0.021142,-0.033026,0.094269,0.012,0.012,0.025
GNSS-10,252,0.025576,-0.01006,0.131595,0.012,0.012,0.025
GNSS-10,253,0.019465,-0.028126,0.149866,0.012,0.012,0.025
GNSS-10,254,0.01066,-0.018806,0.167461,0.012,0.012,0.025
GNSS-10,255,0.008884,-0.012791,0.120807,0.012,0.012,0.025
GNSS-10,256,0.031778,-0.042896,0.191368,0.012,0.012,0.025
GNSS-10,257,-0.000528,0.000178,0.129138,0.012,0.012,0.025
GNSS-10,258,0.020486,-0.025446,0.091642,0.012,0.012,0.025
GNSS-10,259,0.012685,0.008172,0.137828,0.012,0.012,0.025
GNSS-10,260,0.018746,-0.040259,0.146406,0.012,0.012,0.025
GNSS-10,261,0.028578,-0.028472,0.144559,0.012,0.012,0.025
GNSS-10,262,0.01732,-0.028203,0.077562,0.012,0.012,0.025
GNSS-10,263,0.02884,-0.016845,0.149635,0.012,0.012,0.025
GNSS-10,264,0.032668,-0.013139,0.126641,0.012,0.012,0.025
GNSS-10,265,0.04175,-0.026727,0.146697,0.012,0.012,0.025
GNSS-10,266,0.010998,-0.006138,0.108833,0.012,0.012,0.025
GNSS-10,267,0.015647,-0.023043,0.172537,0.012,0.012,0.025
GNSS-10,268,0.020694,-0.027531,0.119235,0.012,0.012,0.025
GNSS-10,269,0.025529,-0.038677,0.1028,0.012,0.012,0.025
GNSS-10,270,-0.004813,-0.01571,0.153102,0.012,0.012,0.025
GNSS-10,271,0.021019,-0.028095,0.133137,0.012,0.012,0.025
GNSS-10,272,0.032841,-0.030396,0.168688,0.012,0.012,0.025
GNSS-10,273,0.024468,-0.011867,0.116415,0.012,0.012,0.025
GNSS-10,274,0.025225,-0.013415,0.109095,0.012,0.012,0.025
GNSS-10,275,0.013777,0.001533,0.097472,0.012,0.012,0.025
GNSS-10,276,0.016357,-0.0377,0.151531,0.012,0.012,0.025
GNSS-10,277,0.025233,-0.0057,0.130704,0.012,0.012,0.025
GNSS-10,278,0.011342,-0.01181,0.115198,0.012,0.012,0.025
GNSS-10,279,0.030317,-0.039277,0.085004,0.012,0.012,0.025
GNSS-10,280,-0.007506,-0.035861,0.109404,0.012,0.012,0.025
GNSS-10,281,0.025901,-0.024802,0.118657,0.012,0.012,0.025
GNSS-10,282,0.028032,-0.02489,0.159676,0.012,0.012,0.025
GNSS-10,283,0.04076,-0.021175,0.127152,0.012,0.012,0.025
GNSS-10,284,0.01871,-0.037965,0.136983,0.012,0.012,0.025
GNSS-10,285,0.042409,-0.02066,0.158707,0.012,0.012,0.025
GNSS-10,286,0.016913,-0.002647,0.113135,0.012,0.012,0.025
GNSS-10,287,0.023826,-0.023966,0.170726,0.012,0.012,0.025
GNSS-10,288,0.024465,-0.028786,0.099296,0.012,0.012,0.025
GNSS-10,289,0.013013,-0.022089,0.150676,0.012,0.012,0.025
GNSS-10,290,0.025212,-0.041677,0.204837,0.012,0.012,0.025
GNSS-10,291,0.01109,-0.012628,0.112618,0.012,0.012,0.025
GNSS-10,292,0.026148,-0.011572,0.155467,0.012,0.012,0.025
GNSS-10,293,0.022391,-0.018736,0.139046,0.012,0.012,0.025
GNSS-10,294,0.001619,-0.024629,0.122388,0.012,0.012,0.025
GNSS-10,295,0.036683,-0.035424,0.162945,0.012,0.012,0.025
GNSS-10,296,0.015864,-0.031577,0.147359,0.012,0.012,0.025
GNSS-10,297,0.029248,-0.029364,0.148127,0.012,0.012,0.025
GNSS-10,298,-0.006976,-0.006394,0.147231,0.012,0.012,0.025
GNSS-10,299,0.027129,-0.009283,0.14455,0.012,0.012,0.025
GNSS-10,300,0.015939,-0.034669,0.148374,0.012,0.012,0.025
GNSS-10,301,0.039153,-0.017228,0.142266,0.012,0.012,0.025
GNSS-10,302,0.02987,-0.016765,0.167781,0.012,0.012,0.025
GNSS-10,303,0.041925,-0.000887,0.129085,0.012,0.012,0.025
GNSS-10,304,-0.002172,-0.02114,0.141551,0.012,0.012,0.025
GNSS-10,305,0.037964,-0.017747,0.124001,0.012,0.012,0.025
GNSS-10,306,0.009316,-0.00709,0.130715,0.012,0.012,0.025
GNSS-10,307,0.011423,-0.020024,0.139576,0.012,0.012,0.025
GNSS-10,308,0.032635,-0.002055,0.155903,0.012,0.012,0.025
GNSS-10,309,0.018435,-0.035946,0.08482,0.012,0.012,0.025
GNSS-10,310,0.029353,-0.024204,0.142141,0.012,0.012,0.025
GNSS-10,311,0.015942,-0.024242,0.160138,0.012,0.012,0.025
GNSS-10,312,0.026855,-0.032026,0.154177,0.012,0.012,0.025
GNSS-10,313,0.017348,-0.025931,0.121316,0.012,0.012,0.025
GNSS-10,314,0.035948,-0.030524,0.135091,0.012,0.012,0.025
GNSS-10,315,0.030817,-0.038939,0.152186,0.012,0.012,0.025
GNSS-10,316,0.030648,-0.024731,0.138526,0.012,0.012,0.025
GNSS-10,317,0.027935,-0.026577,0.213688,0.012,0.012,0.025
GNSS-10,318,-0.003037,-0.021974,0.151373,0.012,0.012,0.025
GNSS-10,319,0.019156,-0.03861,0.11423,0.012,0.012,0.025
GNSS-10,320,0.026877,-0.025257,0.15511,0.012,0.012,0.025
GNSS-10,321,0.007148,-0.037798,0.145069,0.012,0.012,0.025
GNSS-10,322,0.035852,-0.032457,0.177068,0.012,0.012,0.025
GNSS-10,323,0.027692,-0.030728,0.117393,0.012,0.012,0.025
GNSS-10,324,0.046171,-0.048317,0.180444,0.012,0.012,0.025
GNSS-10,325,0.030769,-0.011253,0.176379,0.012,0.012,0.025
GNSS-10,326,0.029616,-0.03944,0.134847,0.012,0.012,0.025
GNSS-10,327,0.034163,-0.032697,0.136535,0.012,0.012,0.025
GNSS-10,328,0.036804,-0.030272,0.18071,0.012,0.012,0.025
GNSS-10,329,0.029157,-0.032808,0.153184,0.012,0.012,0.025
GNSS-10,330,0.004363,-0.025839,0.149164,0.012,0.012,0.025
