interferogram_id,point_id,x_m,y_m,elevation_m,los_displacement_m
ASC-01,0,10943.93,2007.4,253.12,-0.002675
ASC-01,1,10659.08,2429.92,253.46,0.006493
ASC-01,2,9330.7,1357.17,258.02,0.01118
ASC-01,3,-7156.61,-1976.66,271.13,-0.001898
ASC-01,4,-12684.02,2313.65,250.99,0.001645
ASC-01,5,13393.97,479.81,250.89,0.008588
ASC-01,7,-14921.08,10406.94,250.05,0.015561
ASC-01,9,14544.1,-11992.34,250.04,-0.001176
ASC-01,10,-6411.1,3784.8,270.36,0.006417
ASC-01,11,9409.83,10697.29,250.52,0.001016
ASC-01,13,-1851.6,-14135.37,250.53,-0.008892
ASC-01,15,-2738.0,-6847.46,273.49,0.012301
ASC-01,18,9420.2,-2267.8,257.05,-0.012409
ASC-01,19,-63.98,-8337.73,264.23,-0.005274
ASC-01,20,-7551.62,944.11,268.69,-0.000733
ASC-01,21,8300.58,-2746.5,261.94,0.008123
ASC-01,22,14376.85,-3157.37,250.43,0.001433
ASC-01,23,1150.3,-11683.75,252.17,-0.003196
ASC-01,24,7114.51,7663.27,254.3,0.002278
ASC-01,26,-14096.18,1679.53,250.48,-0.002506
ASC-01,27,2969.33,-5649.8,293.64,0.001031
ASC-01,28,14018.86,14929.3,250.02,0.001866
ASC-01,29,-11479.9,6974.94,250.73,0.002991
ASC-01,31,1506.85,1762.7,642.65,0.006152
ASC-01,32,6669.82,3541.11,272.22,-0.009127
ASC-01,33,1582.57,5734.73,300.26,0.003342
ASC-01,34,1431.05,-6552.57,285.82,-0.000809
ASC-01,35,-13453.84,-7342.99,250.27,-0.005504
ASC-01,38,-12781.14,-14163.69,250.03,-0.001425
ASC-01,39,13754.05,-1156.46,250.71,0.003843
ASC-01,40,4790.14,10839.95,251.92,-0.001624
ASC-01,41,-1326.51,-2312.8,566.43,-0.00218
ASC-01,43,-663.3,12039.64,251.64,0.000322
ASC-01,46,7408.09,-14462.6,250.18,0.007743
ASC-01,51,11246.09,-12303.04,250.15,0.008887
ASC-01,52,-3850.69,6817.46,266.68,-0.010342
ASC-01,55,4629.31,-4351.04,294.96,-0.003413
ASC-01,57,1783.94,4163.38,361.95,0.000192
ASC-01,58,-1831.55,11276.78,252.32,0.011942
ASC-01,59,-14950.06,13339.66,250.02,0.001287
ASC-01,60,-2435.11,-4966.51,314.91,0.001695
ASC-01,61,-3003.03,-8511.82,259.42,-0.000513
ASC-01,63,-13364.56,-7134.47,250.29,5e-06
ASC-01,66,2994.01,-11406.58,252.13,-0.011873
ASC-01,67,-9383.13,3779.52,254.62,-0.011145
ASC-01,68,8739.13,4852.79,255.71,-0.001981
ASC-01,70,-5380.79,7084.73,259.17,0.003044
ASC-01,71,4992.69,-12862.81,250.7,-0.014052
ASC-01,72,-2242.94,5683.75,293.69,-0.010509
ASC-01,75,-13882.88,1024.1,250.56,-0.003353
ASC-01,76,-4176.96,10261.27,252.76,-0.003817
ASC-01,77,9798.67,-10617.29,250.5,0.00281
ASC-01,78,9904.85,-8999.62,250.91,-0.004184
ASC-01,80,1589.42,-12313.67,251.49,0.006919
ASC-01,81,-4386.21,-5360.34,279.28,0.004718
ASC-01,87,12509.46,-8415.78,250.35,0.005965
ASC-01,88,-3745.71,-6140.44,275.58,-0.000276
ASC-01,92,-1330.66,2289.19,546.52,0.003333
ASC-01,94,10119.03,-12763.51,250.18,0.012245
ASC-01,97,-539.9,-9719.17,256.52,0.003867
ASC-01,99,-1055.32,8899.72,259.12,-0.001409
ASC-01,100,-3753.68,9771.43,253.89,0.005128
ASC-01,101,7567.57,4420.95,261.29,-0.001681
ASC-01,103,-9561.08,10483.56,250.48,-0.000324
ASC-01,104,8632.14,5153.68,255.51,0.001594
ASC-01,105,-3009.22,9732.68,254.56,0.009341
ASC-01,106,2374.19,-774.95,633.62,0.007048
ASC-01,109,731.87,-5085.21,335.19,0.001421
ASC-01,115,-5454.87,-3259.54,289.03,0.006445
ASC-01,116,-5600.83,-4414.79,275.62,0.012044
ASC-01,117,-4271.59,6022.21,271.28,-0.003973
ASC-01,118,-635.82,3226.9,461.85,-0.007386
ASC-01,119,11798.0,-9879.35,250.3,-0.001213
ASC-01,120,-1009.74,4589.48,346.67,-0.001058
ASC-01,121,-9707.67,7600.51,251.35,-0.001492
ASC-01,122,994.22,-1429.55,828.17,-0.008428
ASC-01,123,-7209.62,-13957.69,250.23,-0.003584
ASC-01,127,-1893.01,-6712.17,279.63,0.000897
ASC-01,131,14338.69,-4761.5,250.35,-0.002644
ASC-01,133,7309.92,11767.76,250.64,-0.008043
ASC-01,134,-7069.62,8498.81,252.76,-0.001629
ASC-01,135,-13174.93,-7545.79,250.29,-0.010831
ASC-01,136,-9613.49,-2454.37,255.27,-0.000458
ASC-01,137,7527.16,7334.82,254.19,0.00073
ASC-01,138,12261.14,921.63,251.64,-0.004136
ASC-01,139,8261.78,-12011.92,250.46,-0.001518
ASC-01,142,-11445.62,-14395.85,250.05,0.012404
ASC-01,143,-2410.73,10733.4,252.92,0.012719
ASC-01,145,-14051.46,2516.87,250.46,0.010547
ASC-01,147,12851.61,11639.95,250.09,0.015255
ASC-01,151,11934.48,11198.04,250.16,0.002736
ASC-01,154,-11636.41,1497.8,251.89,-0.002122
ASC-01,156,13022.66,12986.26,250.05,-0.000319
ASC-01,160,790.13,-10171.0,255.09,0.009629
ASC-01,162,5769.49,-2639.51,295.32,-0.000198
ASC-01,163,-2096.16,5312.36,304.54,-0.009292
ASC-01,164,12950.09,4984.78,250.67,-0.006085
ASC-01,165,14913.62,-667.98,250.38,0.004124
ASC-01,166,4097.19,12746.8,250.81,0.001814
ASC-01,167,-11520.12,-11816.09,250.14,-0.004836
ASC-01,168,-5478.2,-2635.63,295.16,0.00066
ASC-01,171,-2363.82,1310.75,533.77,0.006461
ASC-01,172,-4171.99,5787.64,274.42,-0.006341
ASC-01,175,-9146.6,431.98,257.94,0.000164
ASC-01,177,3480.85,-9705.26,254.88,0.001349
ASC-01,178,-745.39,-3054.41,499.27,-0.003753
ASC-01,179,-4198.23,14193.67,250.35,-0.010673
ASC-01,180,13447.92,-5592.98,250.47,-0.008735
ASC-01,182,-10337.38,12580.53,250.15,-0.002349
ASC-01,183,-14975.49,1212.18,250.3,-0.000873
ASC-01,187,-4865.41,401.1,335.21,0.00606
ASC-01,189,7179.37,-76.65,278.19,-0.004731
ASC-01,190,9551.41,-5299.05,253.56,0.009128
ASC-01,191,9425.89,-3128.28,256.17,0.003574
ASC-01,193,984.08,-14882.39,250.37,0.001542
ASC-01,194,7137.69,12896.16,250.39,-0.009955
ASC-01,196,2395.81,6712.63,276.3,0.002605
ASC-01,197,9368.25,5005.51,254.04,-0.003432
ASC-01,198,13356.58,-6816.96,250.37,0.006595
ASC-01,202,-6346.6,4615.84,266.3,0.00559
ASC-01,203,9030.8,2297.35,258.47,0.004398
ASC-01,205,7304.54,3947.51,264.63,-0.00528
ASC-01,207,14792.44,-13171.21,250.03,0.004692
ASC-01,208,-11432.08,861.56,252.2,0.002794
ASC-01,212,1138.84,199.18,1041.08,-0.007277
ASC-01,213,-7655.74,-11936.51,250.53,-0.012368
ASC-01,215,-3387.87,-3678.02,334.85,-0.00526
ASC-01,216,-479.95,2592.96,554.47,-0.005393
ASC-01,217,-10267.86,14161.93,250.08,0.007749
ASC-01,218,-1782.47,3272.88,413.09,0.002147
ASC-01,219,-12347.39,9010.22,250.26,-0.00551
ASC-01,221,1193.59,-5471.3,316.25,-0.003631
ASC-01,222,-3373.84,2431.27,376.5,-0.005667
ASC-01,225,641.5,-4752.6,352.93,0.002372
ASC-01,226,-9585.28,-939.48,256.14,-0.001703
ASC-01,227,-8404.85,-12453.75,250.33,-0.0089
ASC-01,229,14984.49,-7273.72,250.15,-0.009861
ASC-01,230,49.12,-5093.19,336.36,-0.001102
ASC-01,232,-8915.22,-7493.72,252.09,-0.00548
ASC-01,233,606.27,-10596.49,254.04,0.011283
ASC-01,234,-1872.99,14742.88,250.34,-0.004391
ASC-01,236,-8416.52,7558.67,252.38,-0.001224
ASC-01,237,-7781.77,-12435.57,250.4,7.9e-05
ASC-01,238,7158.4,-7426.89,254.97,-0.005097
ASC-01,239,7322.92,12567.14,250.43,-0.003486
ASC-01,242,565.35,2776.7,531.6,0.011054
ASC-01,243,6794.74,5142.87,262.79,-0.010818
ASC-01,244,1830.79,-2540.96,517.36,-0.00288
ASC-01,245,10814.72,-5083.11,252.01,-0.002207
ASC-01,246,-14348.21,-7340.46,250.17,-0.003966
ASC-01,247,5885.98,6323.27,261.8,-0.007481
ASC-01,248,-11066.16,-5259.26,251.46,-0.000254
ASC-01,249,481.59,6630.87,283.5,-0.004318
ASC-01,250,-3225.09,-14293.06,250.42,-0.00455
ASC-01,253,-12282.12,-11217.62,250.13,-5.8e-05
ASC-01,254,-13528.9,-14903.42,250.02,0.010531
ASC-01,256,-412.89,-9301.03,258.26,0.006314
ASC-01,257,-2668.32,1923.73,455.02,-0.00078
ASC-01,261,11831.71,-14471.51,250.05,-0.005295
ASC-01,262,-3281.01,-6224.36,278.07,0.008849
ASC-01,263,-11121.62,-1377.89,252.56,9.2e-05
ASC-01,265,-5859.53,-5412.18,266.13,-0.001129
ASC-01,268,13894.63,-11799.47,250.06,0.000434
ASC-01,269,-9874.35,12384.18,250.19,0.008593
ASC-01,270,-7116.72,-4268.31,263.26,0.000993
ASC-01,271,-3364.16,3137.63,349.2,0.002891
ASC-01,274,-1961.87,-2218.81,513.58,-0.002763
ASC-01,275,10162.73,7671.57,251.23,-0.001464
ASC-01,276,-11413.51,-5185.77,251.25,0.001682
ASC-01,278,-12258.44,5225.13,250.78,-0.003886
ASC-01,279,297.06,-3312.6,481.94,0.004294
ASC-01,280,-8680.83,10504.72,250.66,-0.000645
ASC-01,284,-3247.31,-13936.63,250.51,-0.009412
ASC-01,285,-10854.46,-2886.84,252.55,-0.003844
ASC-01,287,10976.3,11587.23,250.2,-0.003858
ASC-01,288,1940.61,4081.41,363.0,0.000444
ASC-01,291,-11418.1,13130.23,250.08,-0.014637
ASC-01,292,11445.91,413.76,252.62,0.006436
ASC-01,293,3820.02,-14000.5,250.47,0.003553
ASC-01,295,2732.34,-13561.28,250.68,0.003552
ASC-01,297,-14704.53,86.85,250.36,0.004683
ASC-01,301,-11106.05,7225.15,250.81,-0.003142
ASC-01,304,-14181.97,13977.75,250.02,-0.005515
ASC-01,305,5723.91,-8829.57,254.4,0.000422
ASC-01,307,-3465.21,-7940.07,261.45,0.00338
ASC-01,308,-2391.36,-4064.31,351.37,0.001915
ASC-01,311,12818.2,13478.69,250.05,0.003722
ASC-01,312,-2371.65,2175.06,463.76,0.004798
ASC-01,314,-11878.35,-8502.11,250.4,0.008873
ASC-01,315,11370.01,-9995.63,250.34,-0.000282
ASC-01,322,9768.11,594.17,256.6,0.004566
ASC-01,323,-14865.08,-620.85,250.33,-0.004983
ASC-01,324,13548.62,-7331.26,250.3,-0.005635
ASC-01,325,13888.16,2750.5,250.58,0.006854
ASC-01,330,10938.13,-11823.8,250.2,-0.001709
ASC-01,331,-9654.37,-4.74,256.03,-0.001539
ASC-01,334,8527.47,4675.41,256.64,0.003964
ASC-01,337,6972.77,9904.37,251.69,0.006765
ASC-01,339,-7077.96,-8840.25,252.55,0.005664
ASC-01,340,-7520.68,13154.94,250.29,-0.002392
ASC-01,343,-14000.18,2998.48,250.45,0.004172
ASC-01,344,14536.01,13280.81,250.03,-0.001102
ASC-01,348,-11304.63,5911.37,251.06,-0.019788
ASC-01,349,-1452.69,7322.79,270.83,-0.003048
ASC-01,350,-14773.54,9783.79,250.07,0.007765
ASC-01,351,-6003.36,3837.58,274.33,0.009335
ASC-01,352,4055.07,-1936.39,376.73,0.003244
ASC-01,353,-9594.2,-14987.05,250.07,0.000182
ASC-01,356,-14236.52,-11681.22,250.05,-0.001135
ASC-01,357,-2123.08,5871.19,290.65,-0.002073
ASC-01,360,-11413.68,-1442.64,252.17,-0.008723
ASC-01,363,-3185.21,11532.72,251.7,0.004944
ASC-01,364,-7697.39,11487.62,250.59,0.002613
ASC-01,365,-1040.05,-14976.73,250.35,-0.004715
ASC-01,366,-466.68,3376.32,449.08,-0.006617
ASC-01,369,4019.46,7796.96,260.68,-0.002367
ASC-01,371,-10460.93,1771.88,253.53,0.000584
ASC-01,372,-6000.49,-12597.48,250.6,-0.004222
ASC-01,374,-13077.91,10585.67,250.11,0.004556
ASC-01,378,4262.42,1980.04,358.74,-0.010026
ASC-01,381,-8499.52,9573.06,251.04,0.000416
ASC-01,383,-9268.15,-2582.56,256.24,-0.005434
ASC-01,384,-8322.34,9500.29,251.15,-0.003142
ASC-01,385,-8533.32,-13293.81,250.21,0.000615
ASC-01,388,3581.19,10454.4,252.97,0.000846
ASC-01,389,14147.14,-11523.22,250.06,-0.004759
ASC-01,390,8753.66,1462.09,260.89,-0.004766
ASC-01,391,-12304.71,5200.82,250.76,-0.003713
ASC-01,392,13348.07,-13438.15,250.04,-0.003765
ASC-01,394,-9687.26,8568.36,250.97,-0.00481
ASC-01,395,-7653.88,-14219.95,250.18,-0.005652
ASC-01,398,-920.53,7323.16,271.95,0.007718
ASC-01,399,-11829.11,-14192.24,250.05,0.001347
ASC-01,401,-2197.97,-13510.28,250.72,0.002132
ASC-01,404,12142.62,9089.79,250.32,0.000633
ASC-01,409,-4947.36,-8794.5,255.13,0.001871
ASC-01,410,-10836.88,-10865.94,250.27,-0.01327
ASC-01,411,-1085.14,8219.46,263.23,-0.01384
ASC-01,412,6870.49,2052.75,277.86,-0.0013
ASC-01,414,-12053.37,5687.81,250.78,-0.002606
ASC-01,415,12402.89,-12554.95,250.08,-0.000344
ASC-01,416,-557.31,8784.42,260.01,0.006536
ASC-01,419,12213.29,-14735.74,250.04,0.000625
ASC-01,421,-13884.89,1786.2,250.54,0.008611
ASC-01,423,5421.06,-3261.48,295.78,-0.000611
ASC-01,424,2436.86,-14223.95,250.49,-0.00252
ASC-01,425,-14920.49,13452.09,250.02,0.002891
ASC-01,428,10958.29,-7442.38,250.98,-0.000411
ASC-01,430,-13117.79,-8270.01,250.24,-0.007785
ASC-01,431,7094.96,-13341.67,250.34,0.005696
ASC-01,435,-13797.65,-6284.98,250.29,-0.006318
ASC-01,436,-14063.36,11882.81,250.05,0.000804
ASC-01,437,14248.91,2226.83,250.5,0.002034
ASC-01,438,11124.3,-64.33,253.15,-0.004547
ASC-01,439,9003.02,-715.43,260.11,-0.005733
ASC-01,440,-511.93,2104.14,643.99,-0.003017
ASC-01,442,-9480.14,737.84,256.52,-0.00138
ASC-01,443,-14034.75,-9308.78,250.12,0.000756
ASC-01,446,7491.68,-7902.6,253.61,-0.010677
ASC-01,449,-2138.05,-4122.89,356.0,0.003081
ASC-01,452,8296.06,-13801.32,250.2,-0.002002
ASC-01,457,-9555.05,1959.66,255.67,-0.011138
ASC-01,458,4485.34,2420.93,336.81,-0.010156
ASC-01,463,-46.64,161.48,1427.58,-0.009376
ASC-01,464,-145.58,-911.49,1107.46,-0.014822
ASC-01,465,101.79,-405.61,1416.03,-0.014052
ASC-01,467,253.69,-695.66,1239.67,-0.013191
ASC-01,470,-372.12,-723.9,1133.31,-0.009734
ASC-01,472,191.49,377.6,1334.59,-0.013467
ASC-01,474,260.42,-38.29,1561.14,-0.00732
ASC-01,475,-958.05,-346.16,993.32,-0.010618
ASC-01,478,1260.49,-613.2,956.17,0.00957
ASC-01,479,403.69,-462.88,1334.7,-0.003368
ASC-01,480,-797.71,-430.55,1048.6,-0.01045
ASC-01,484,737.08,-859.55,1064.09,-0.003248
ASC-01,486,-618.55,870.72,959.85,-0.010308
ASC-01,487,-748.05,-450.39,1066.11,-0.012895
ASC-01,490,1395.73,-306.93,942.82,0.007998
ASC-01,491,-1079.42,-244.59,952.84,-0.009124
ASC-01,492,-820.59,347.24,1026.72,-0.010789
ASC-01,495,-331.31,-1083.36,1004.45,-0.006884
ASC-01,496,-508.89,-396.89,1182.66,-0.006346
ASC-01,497,-818.98,-648.2,1000.08,-0.016706
ASC-01,500,-761.09,-431.03,1063.87,-0.011991
ASC-01,505,142.66,-707.4,1237.96,-0.016193
ASC-01,506,-605.78,37.47,1165.35,-0.015736
ASC-01,507,401.52,-602.64,1264.34,-0.002968
ASC-01,509,778.84,-1175.37,944.04,-0.004526
ASC-01,511,658.37,-379.84,1258.62,0.011135
ASC-01,512,-515.5,-387.66,1181.6,-0.008421
ASC-01,513,-431.09,975.38,966.88,-0.009725
ASC-01,514,646.85,-578.64,1196.87,0.00339
ASC-01,515,276.37,-860.6,1152.27,-0.01282
ASC-01,517,-914.76,-573.02,979.5,-0.011197
ASC-01,520,-1017.73,-16.2,981.08,-0.013113
ASC-01,522,79.47,-1294.47,962.22,-0.01271
ASC-01,524,-701.97,286.81,1086.23,-0.012748
ASC-01,525,-19.02,-24.35,1518.22,-0.009106
ASC-01,527,-201.06,51.16,1386.86,-0.012591
ASC-01,529,-137.77,802.38,1085.98,-0.011945
ASC-01,530,-554.55,763.0,1010.41,-0.013112
ASC-01,533,925.95,658.11,1022.21,-0.002412
ASC-01,536,499.08,1114.2,951.36,-0.00578
ASC-01,537,706.8,-370.01,1237.77,0.010155
ASC-01,538,-813.03,-813.01,964.7,-0.016642
ASC-01,539,-36.87,-672.08,1241.58,-0.009446
ASC-01,542,-284.98,552.25,1164.04,-0.013411
ASC-01,543,-711.2,133.34,1105.19,-0.017857
ASC-01,545,-208.22,-553.17,1256.79,-0.011367
ASC-01,550,76.78,489.47,1267.65,-0.012888
ASC-01,557,512.59,528.16,1194.7,-0.00591
ASC-01,560,1045.07,481.58,1028.37,-0.006293
ASC-01,561,-1132.0,-193.27,934.87,-0.008359
ASC-01,562,1013.36,-0.55,1114.85,-0.000674
ASC-01,563,886.53,49.49,1174.05,0.005857
ASC-01,565,675.04,-473.24,1222.43,0.009542
ASC-01,567,749.59,890.34,992.88,-0.007595
ASC-01,569,-146.19,-783.23,1166.27,-0.016479
ASC-01,571,856.56,-561.28,1120.68,0.01315
ASC-01,575,-983.67,426.46,952.34,-0.009198
ASC-01,576,269.01,365.44,1333.64,-0.014156
ASC-01,577,508.33,551.1,1185.46,-0.009245
ASC-01,579,-453.85,-261.22,1236.31,-0.005496
ASC-01,582,11.97,14.51,1525.75,-0.006836
ASC-01,583,1137.59,153.46,1046.67,-0.009345
ASC-01,584,-30.0,-855.99,1149.35,-0.01404
ASC-01,585,-264.18,-720.55,1166.4,-0.015272
ASC-01,587,1085.12,-750.96,988.65,0.00753
ASC-01,589,351.15,27.86,1483.27,-0.004936
ASC-01,591,248.27,-384.24,1422.16,-0.010298
ASC-01,592,-813.75,359.03,1027.34,-0.010143
ASC-01,593,961.19,-525.31,1087.25,0.005401
ASC-01,594,502.94,67.21,1382.04,0.005841
ASC-01,596,488.74,17.07,1401.09,0.003003
ASC-01,597,260.17,-1030.84,1072.58,-0.009349
ASC-01,599,-76.69,-517.39,1314.79,-0.006104
ASC-01,600,1349.75,78.37,964.74,-0.003028
ASC-01,601,539.63,1014.75,984.11,-0.000234
ASC-01,602,-339.94,-1281.89,930.73,-0.010951
ASC-01,603,21.1,840.94,1085.14,-0.007476
ASC-01,605,3.12,-1.54,1526.29,-0.009612
ASC-01,606,-141.11,-1282.0,954.26,-0.011319
ASC-01,607,-989.63,119.39,986.19,-0.013984
ASC-01,608,1119.09,288.5,1037.0,-0.005113
ASC-01,612,-905.28,192.37,1014.14,-0.01357
ASC-01,615,-805.94,31.66,1070.19,-0.018704
ASC-01,616,1113.51,449.27,1010.14,-0.006152
ASC-01,617,-40.42,-546.07,1308.41,-0.006799
ASC-01,619,-623.86,122.23,1147.73,-0.01131
ASC-01,621,840.42,1016.07,931.68,-0.005593
ASC-01,626,-796.13,-965.98,931.38,-0.010001
ASC-01,630,208.83,688.58,1162.32,-0.009158
ASC-01,632,288.67,-1110.03,1035.9,-0.012517
ASC-01,634,-321.02,685.23,1099.81,-0.013211
ASC-01,635,605.38,-851.15,1101.24,-0.00281
ASC-01,637,-202.23,-5.91,1396.26,-0.010269
ASC-01,638,-771.35,-574.85,1033.06,-0.01448
ASC-01,639,1134.14,-848.22,949.68,0.009042
ASC-01,640,-236.57,186.38,1328.6,-0.009178
ASC-01,643,1378.49,110.54,951.75,-0.002568
ASC-01,644,-227.19,131.58,1350.98,-0.010696
ASC-01,646,-507.1,842.92,996.07,-0.013267
ASC-01,647,983.63,714.35,988.42,-0.008079
ASC-01,649,1085.35,-963.67,934.96,0.005481
ASC-01,650,20.08,351.44,1339.97,-0.007816
ASC-01,651,-0.49,-1162.92,1012.67,-0.011321
ASC-01,652,1101.41,-891.53,948.9,0.012441
ASC-01,657,-919.67,-700.4,954.33,-0.008725
ASC-01,658,-683.48,499.06,1046.64,-0.010039
ASC-01,662,279.71,-1368.87,931.69,-0.0115
ASC-01,663,-565.8,707.84,1025.0,-0.01198
ASC-01,664,-999.03,-610.35,943.09,-0.013719
ASC-01,667,-280.56,-758.19,1146.0,-0.011309
ASC-01,668,691.11,729.99,1064.89,-0.010421
ASC-01,669,-516.36,-17.47,1215.26,-0.01358
ASC-01,670,706.33,163.14,1249.17,0.002112
ASC-01,672,777.2,601.65,1086.83,-0.004709
ASC-01,674,766.89,836.1,1007.97,-0.003567
ASC-01,675,739.2,459.0,1148.38,-0.001803
ASC-01,676,25.51,-726.5,1221.13,-0.012017
ASC-01,677,-797.84,395.6,1026.72,-0.008829
ASC-02,0,10943.93,2007.4,253.12,-0.002421
ASC-02,3,-7156.61,-1976.66,271.13,-0.027044
ASC-02,4,-12684.02,2313.65,250.99,-0.026952
ASC-02,7,-14921.08,10406.94,250.05,-0.029052
ASC-02,8,12312.22,-4746.38,251.01,0.00191
ASC-02,9,14544.1,-11992.34,250.04,-0.00268
ASC-02,10,-6411.1,3784.8,270.36,-0.028346
ASC-02,11,9409.83,10697.29,250.52,-0.000352
ASC-02,12,-12527.76,-11620.94,250.1,-0.027717
ASC-02,13,-1851.6,-14135.37,250.53,-0.032066
ASC-02,14,9531.11,-5419.3,253.48,-0.001665
ASC-02,15,-2738.0,-6847.46,273.49,-0.000763
ASC-02,17,-11488.8,-6662.16,250.83,-0.032232
ASC-02,18,9420.2,-2267.8,257.05,-0.026833
ASC-02,19,-63.98,-8337.73,264.23,-0.027528
ASC-02,21,8300.58,-2746.5,261.94,-0.028895
ASC-02,23,1150.3,-11683.75,252.17,-0.024367
ASC-02,26,-14096.18,1679.53,250.48,-0.0254
ASC-02,27,2969.33,-5649.8,293.64,-0.027337
ASC-02,28,14018.86,14929.3,250.02,0.000173
ASC-02,30,-8306.96,9956.15,250.95,-0.026942
ASC-02,31,1506.85,1762.7,642.65,-0.003659
ASC-02,32,6669.82,3541.11,272.22,-0.029078
ASC-02,33,1582.57,5734.73,300.26,0.001197
ASC-02,37,-5378.95,-5544.5,268.64,0.001809
ASC-02,38,-12781.14,-14163.69,250.03,-0.026868
ASC-02,39,13754.05,-1156.46,250.71,0.000649
ASC-02,41,-1326.51,-2312.8,566.43,-0.002881
ASC-02,42,6979.54,1892.82,276.97,-0.02622
ASC-02,43,-663.3,12039.64,251.64,-0.030279
ASC-02,44,-11258.36,-10466.19,250.27,-0.026139
ASC-02,45,3137.4,-9470.63,255.87,-0.03169
ASC-02,48,1547.02,-11129.15,252.88,-0.028161
ASC-02,49,12854.75,2199.83,251.08,-0.025734
ASC-02,50,13371.38,-5010.67,250.55,0.001905
ASC-02,52,-3850.69,6817.46,266.68,-0.029271
ASC-02,54,894.36,12257.57,251.46,-0.025977
ASC-02,55,4629.31,-4351.04,294.96,-0.001509
ASC-02,56,-10182.2,1320.54,254.27,-0.030954
ASC-02,57,1783.94,4163.38,361.95,-0.000169
ASC-02,58,-1831.55,11276.78,252.32,-0.027863
ASC-02,61,-3003.03,-8511.82,259.42,0.001061
ASC-02,62,13901.68,-6713.5,250.29,-0.029691
ASC-02,65,12249.58,3661.0,251.23,0.000296
ASC-02,66,2994.01,-11406.58,252.13,-0.030102
ASC-02,68,8739.13,4852.79,255.71,0.00013
ASC-02,70,-5380.79,7084.73,259.17,-0.027044
ASC-02,71,4992.69,-12862.81,250.7,-0.023857
ASC-02,72,-2242.94,5683.75,293.69,-0.027232
ASC-02,73,-1172.24,-13283.67,250.88,-0.026228
ASC-02,77,9798.67,-10617.29,250.5,-0.027924
ASC-02,79,-12568.14,10057.46,250.17,-0.027256
ASC-02,82,-3031.23,8441.65,258.94,-0.029634
ASC-02,86,224.43,3858.54,406.92,-0.002474
ASC-02,87,12509.46,-8415.78,250.35,0.00119
ASC-02,90,6886.99,-4374.65,266.54,-0.001636
ASC-02,91,7120.29,9385.43,252.04,0.000428
ASC-02,92,-1330.66,2289.19,546.52,-0.003202
ASC-02,96,7895.02,3956.17,260.94,0.00122
ASC-02,97,-539.9,-9719.17,256.52,-0.002534
ASC-02,98,1029.43,3554.45,425.36,-0.001539
ASC-02,99,-1055.32,8899.72,259.12,-0.028088
ASC-02,100,-3753.68,9771.43,253.89,-0.030205
ASC-02,104,8632.14,5153.68,255.51,-0.028114
ASC-02,105,-3009.22,9732.68,254.56,-0.030268
ASC-02,107,14470.19,11051.4,250.06,0.001812
ASC-02,109,731.87,-5085.21,335.19,-0.028427
ASC-02,112,13812.38,-8821.42,250.17,0.001567
ASC-02,116,-5600.83,-4414.79,275.62,-0.030852
ASC-02,118,-635.82,3226.9,461.85,-0.003968
ASC-02,119,11798.0,-9879.35,250.3,-0.027358
ASC-02,123,-7209.62,-13957.69,250.23,-0.032153
ASC-02,124,4077.08,8813.77,256.32,0.00149
ASC-02,125,-4839.77,6657.43,263.28,-0.027909
ASC-02,126,13545.88,-13087.57,250.04,0.002485
ASC-02,127,-1893.01,-6712.17,279.63,-0.03047
ASC-02,128,2480.25,7811.37,264.48,-0.002299
ASC-02,129,2538.72,4021.43,350.22,-0.001226
ASC-02,130,-2585.13,-10677.63,253.2,-0.002572
ASC-02,131,14338.69,-4761.5,250.35,-0.026289
ASC-02,132,-13709.88,-13672.99,250.03,-0.028991
ASC-02,133,7309.92,11767.76,250.64,-4.9e-05
ASC-02,135,-13174.93,-7545.79,250.29,-0.001044
ASC-02,136,-9613.49,-2454.37,255.27,-0.028606
ASC-02,137,7527.16,7334.82,254.19,-0.028934
ASC-02,138,12261.14,921.63,251.64,-0.028005
ASC-02,139,8261.78,-12011.92,250.46,-0.026509
ASC-02,141,-103.7,6454.04,287.02,-0.000979
ASC-02,145,-14051.46,2516.87,250.46,-0.029006
ASC-02,149,-6784.4,-7450.06,255.06,-0.000545
ASC-02,151,11934.48,11198.04,250.16,-0.003107
ASC-02,154,-11636.41,1497.8,251.89,-0.031266
ASC-02,156,13022.66,12986.26,250.05,-0.002094
ASC-02,158,4134.58,-4762.4,295.99,-0.000648
ASC-02,162,5769.49,-2639.51,295.32,-0.027679
ASC-02,163,-2096.16,5312.36,304.54,-0.029143
ASC-02,165,14913.62,-667.98,250.38,-0.001169
ASC-02,167,-11520.12,-11816.09,250.14,-0.029697
ASC-02,169,3892.73,9274.55,255.19,0.000382
ASC-02,170,11136.33,5399.96,251.53,0.001981
ASC-02,171,-2363.82,1310.75,533.77,-0.002758
ASC-02,174,10653.43,6300.25,251.52,-0.023598
ASC-02,176,2860.42,10452.43,253.33,-0.024773
ASC-02,178,-745.39,-3054.41,499.27,-0.002193
ASC-02,179,-4198.23,14193.67,250.35,-0.03056
ASC-02,180,13447.92,-5592.98,250.47,-0.030935
ASC-02,181,9492.16,5518.87,253.3,-0.027582
ASC-02,183,-14975.49,1212.18,250.3,-0.030659
ASC-02,184,-7256.47,395.79,272.67,-0.032127
ASC-02,185,-2314.99,550.67,590.59,-0.004878
ASC-02,187,-4865.41,401.1,335.21,-0.028879
ASC-02,188,5417.15,6522.85,262.83,-0.000954
ASC-02,189,7179.37,-76.65,278.19,-0.027325
ASC-02,192,-5316.65,-12235.37,250.85,-0.027629
ASC-02,195,3368.44,-3666.54,346.26,-0.02896
ASC-02,196,2395.81,6712.63,276.3,-0.000454
ASC-02,197,9368.25,5005.51,254.04,-0.0025
ASC-02,198,13356.58,-6816.96,250.37,-0.025841
ASC-02,199,11929.1,-5830.19,250.96,-0.027013
ASC-02,200,-6894.18,4456.13,263.32,-0.029257
ASC-02,201,-11403.08,-132.19,252.28,-0.033645
ASC-02,205,7304.54,3947.51,264.63,0.001013
ASC-02,208,-11432.08,861.56,252.2,-0.026641
ASC-02,211,4186.22,-6994.42,266.38,-0.026812
ASC-02,212,1138.84,199.18,1041.08,-0.027853
ASC-02,213,-7655.74,-11936.51,250.53,-0.025565
ASC-02,214,-7117.76,5260.82,259.33,-0.030585
ASC-02,215,-3387.87,-3678.02,334.85,-0.000149
ASC-02,220,-21.86,-14868.76,250.38,-0.028636
ASC-02,221,1193.59,-5471.3,316.25,-0.02707
ASC-02,223,-206.61,-9332.42,258.17,-0.002798
ASC-02,226,-9585.28,-939.48,256.14,-0.028262
ASC-02,229,14984.49,-7273.72,250.15,-0.026787
ASC-02,230,49.12,-5093.19,336.36,-0.026165
ASC-02,232,-8915.22,-7493.72,252.09,-0.00074
ASC-02,234,-1872.99,14742.88,250.34,-0.027786
ASC-02,236,-8416.52,7558.67,252.38,-0.026687
ASC-02,237,-7781.77,-12435.57,250.4,-0.026761
ASC-02,239,7322.92,12567.14,250.43,-0.028171
ASC-02,241,-4901.3,-9670.69,253.39,-0.001409
ASC-02,242,565.35,2776.7,531.6,-0.003405
ASC-02,244,1830.79,-2540.96,517.36,-0.002392
ASC-02,245,10814.72,-5083.11,252.01,-0.002412
ASC-02,247,5885.98,6323.27,261.8,-0.029835
ASC-02,248,-11066.16,-5259.26,251.46,-0.024685
ASC-02,249,481.59,6630.87,283.5,-0.001978
ASC-02,250,-3225.09,-14293.06,250.42,-0.029137
ASC-02,252,8031.95,11492.91,250.59,0.002699
ASC-02,253,-12282.12,-11217.62,250.13,-0.029368
ASC-02,254,-13528.9,-14903.42,250.02,-0.030699
ASC-02,257,-2668.32,1923.73,455.02,-0.002687
ASC-02,258,-10432.22,-14784.07,250.06,-0.000324
ASC-02,259,92.72,-160.93,1574.97,-0.006566
ASC-02,261,11831.71,-14471.51,250.05,-0.026776
ASC-02,263,-11121.62,-1377.89,252.56,-0.032704
ASC-02,265,-5859.53,-5412.18,266.13,0.000953
ASC-02,271,-3364.16,3137.63,349.2,-0.028502
ASC-02,272,9549.55,12564.92,250.22,-0.028026
ASC-02,274,-1961.87,-2218.81,513.58,-0.004472
ASC-02,276,-11413.51,-5185.77,251.25,-0.029618
ASC-02,277,-11736.21,-14148.91,250.05,-0.000648
ASC-02,278,-12258.44,5225.13,250.78,-0.022526
ASC-02,279,297.06,-3312.6,481.94,-0.002695
ASC-02,280,-8680.83,10504.72,250.66,-0.028715
ASC-02,281,-4225.76,-14099.1,250.4,-0.0291
ASC-02,282,-196.53,6545.31,285.11,7.2e-05
ASC-02,283,880.35,-1534.14,816.91,-0.029288
ASC-02,284,-3247.31,-13936.63,250.51,-0.026849
ASC-02,285,-10854.46,-2886.84,252.55,-0.029578
ASC-02,286,9536.37,9246.49,250.9,-0.000764
ASC-02,287,10976.3,11587.23,250.2,0.002133
ASC-02,289,-6349.46,6299.83,258.89,-0.030215
ASC-02,291,-11418.1,13130.23,250.08,-0.000467
ASC-02,292,11445.91,413.76,252.62,-0.024149
ASC-02,294,-7231.69,4639.68,260.77,-0.026086
ASC-02,295,2732.34,-13561.28,250.68,-0.00117
ASC-02,296,1578.52,-13035.75,251.0,-0.003753
ASC-02,299,8252.73,-12151.15,250.43,-0.024828
ASC-02,300,4062.92,4392.63,301.56,-0.00148
ASC-02,304,-14181.97,13977.75,250.02,-0.0266
ASC-02,305,5723.91,-8829.57,254.4,-0.02487
ASC-02,308,-2391.36,-4064.31,351.37,-0.000909
ASC-02,309,-645.32,-7453.13,272.74,0.002148
ASC-02,310,-12012.51,14662.05,250.03,0.002912
ASC-02,311,12818.2,13478.69,250.05,0.001427
ASC-02,312,-2371.65,2175.06,463.76,-0.000557
ASC-02,315,11370.01,-9995.63,250.34,0.002562
ASC-02,316,5895.02,-6192.08,263.25,-0.025707
ASC-02,319,11342.29,-1567.78,252.64,-0.029225
ASC-02,320,-1138.02,9060.97,258.3,-0.026066
ASC-02,321,-6641.66,-2217.72,276.81,-0.029541
ASC-02,323,-14865.08,-620.85,250.33,-0.029968
ASC-02,324,13548.62,-7331.26,250.3,-0.026205
ASC-02,327,13287.03,-11763.16,250.08,0.000748
ASC-02,330,10938.13,-11823.8,250.2,-0.028111
ASC-02,331,-9654.37,-4.74,256.03,-0.029495
ASC-02,338,-13819.2,10690.07,250.08,-0.030811
ASC-02,340,-7520.68,13154.94,250.29,-0.027728
ASC-02,342,-934.65,12447.49,251.29,-0.028073
ASC-02,346,8183.74,10214.08,250.99,-0.003708
ASC-02,347,883.39,-4775.31,349.89,-0.000186
ASC-02,348,-11304.63,5911.37,251.06,-0.027364
ASC-02,349,-1452.69,7322.79,270.83,-0.000261
ASC-02,352,4055.07,-1936.39,376.73,-0.002369
ASC-02,353,-9594.2,-14987.05,250.07,-0.026438
ASC-02,354,12509.72,6647.96,250.56,0.002034
ASC-02,355,4042.25,2221.64,363.53,-4.6e-05
ASC-02,357,-2123.08,5871.19,290.65,-0.028156
ASC-02,361,-6704.72,8927.74,252.6,-0.029961
ASC-02,364,-7697.39,11487.62,250.59,0.002816
ASC-02,366,-466.68,3376.32,449.08,-0.00547
ASC-02,368,14928.79,-14327.35,250.02,-0.028921
ASC-02,370,-12648.19,-6713.81,250.47,-0.002741
ASC-02,372,-6000.49,-12597.48,250.6,-0.026973
ASC-02,373,13219.4,4486.98,250.64,-0.001606
ASC-02,377,-7637.14,11659.68,250.56,-0.026502
ASC-02,378,4262.42,1980.04,358.74,0.000734
ASC-02,380,8117.15,830.32,266.27,-0.028085
ASC-02,381,-8499.52,9573.06,251.04,-0.025708
ASC-02,383,-9268.15,-2582.56,256.24,-0.027433
ASC-02,384,-8322.34,9500.29,251.15,-0.026514
ASC-02,387,-5510.48,-4662.21,274.49,-0.030689
ASC-02,388,3581.19,10454.4,252.97,0.000818
ASC-02,389,14147.14,-11523.22,250.06,0.001149
ASC-02,390,8753.66,1462.09,260.89,-0.027885
ASC-02,391,-12304.71,5200.82,250.76,-0.024402
ASC-02,392,13348.07,-13438.15,250.04,0.001254
ASC-02,393,-3373.16,10322.38,253.14,-0.029874
ASC-02,394,-9687.26,8568.36,250.97,-0.025609
ASC-02,395,-7653.88,-14219.95,250.18,-0.000662
ASC-02,396,-13327.97,-1011.12,250.77,-0.028265
ASC-02,399,-11829.11,-14192.24,250.05,-0.002535
ASC-02,400,13999.04,-4659.07,250.42,-0.026151
ASC-02,402,1135.44,379.58,1015.21,-0.000652
ASC-02,403,-5477.1,-12857.27,250.6,-0.029827
ASC-02,404,12142.62,9089.79,250.32,2.3e-05
ASC-02,405,10683.85,-5230.49,252.08,-0.001573
ASC-02,406,-522.52,-14933.0,250.36,-0.029232
ASC-02,408,4761.9,1037.13,350.28,-0.025861
ASC-02,409,-4947.36,-8794.5,255.13,-0.002704
ASC-02,410,-10836.88,-10865.94,250.27,-0.025375
ASC-02,412,6870.49,2052.75,277.86,-0.026288
ASC-02,414,-12053.37,5687.81,250.78,-0.026412
ASC-02,415,12402.89,-12554.95,250.08,0.000242
ASC-02,416,-557.31,8784.42,260.01,-0.029109
ASC-02,417,12208.76,9788.74,250.24,-0.029342
ASC-02,418,-2411.83,-6701.8,277.11,-0.000801
ASC-02,421,-13884.89,1786.2,250.54,-0.02723
ASC-02,422,11617.32,-5281.38,251.28,-0.029592
ASC-02,423,5421.06,-3261.48,295.78,0.001733
ASC-02,424,2436.86,-14223.95,250.49,-0.001609
ASC-02,425,-14920.49,13452.09,250.02,-0.029344
ASC-02,428,10958.29,-7442.38,250.98,-0.001275
ASC-02,429,-3211.36,3474.93,342.41,-0.001443
ASC-02,430,-13117.79,-8270.01,250.24,-0.03172
ASC-02,431,7094.96,-13341.67,250.34,-0.027676
ASC-02,433,-5162.98,-7517.3,258.73,-0.002764
ASC-02,434,5170.85,4621.76,280.65,-0.027276
ASC-02,436,-14063.36,11882.81,250.05,-0.026806
ASC-02,437,14248.91,2226.83,250.5,-0.001971
ASC-02,438,11124.3,-64.33,253.15,-0.028716
ASC-02,442,-9480.14,737.84,256.52,-0.029047
ASC-02,443,-14034.75,-9308.78,250.12,-0.027718
ASC-02,444,8848.2,8164.07,251.8,0.000161
ASC-02,445,-7369.08,-3548.55,264.07,-0.027941
ASC-02,446,7491.68,-7902.6,253.61,0.000256
ASC-02,447,-13220.53,3274.3,250.66,-0.027505
ASC-02,449,-2138.05,-4122.89,356.0,-0.001013
ASC-02,454,3343.37,7647.28,263.45,0.003766
ASC-02,455,1881.29,-11455.43,252.34,-0.001887
ASC-02,457,-9555.05,1959.66,255.67,-0.02879
ASC-02,458,4485.34,2420.93,336.81,0.001311
ASC-02,462,-531.0,368.04,1140.12,-0.004476
ASC-02,463,-46.64,161.48,1427.58,-0.002342
ASC-02,464,-145.58,-911.49,1107.46,-0.030954
ASC-02,465,101.79,-405.61,1416.03,-0.004377
ASC-02,467,253.69,-695.66,1239.67,-0.003966
ASC-02,468,-702.05,274.47,1088.43,-0.004253
ASC-02,470,-372.12,-723.9,1133.31,-0.034075
ASC-02,471,134.28,185.46,1457.72,-0.004755
ASC-02,474,260.42,-38.29,1561.14,-0.005571
ASC-02,475,-958.05,-346.16,993.32,-0.006812
ASC-02,476,-238.34,-1002.7,1052.77,-0.031064
ASC-02,478,1260.49,-613.2,956.17,-0.031798
ASC-02,482,-483.56,-1025.64,993.87,-0.029926
ASC-02,483,-17.71,-1075.0,1049.23,-0.031141
ASC-02,485,-222.8,669.85,1129.19,-0.008723
ASC-02,486,-618.55,870.72,959.85,-0.007528
ASC-02,487,-748.05,-450.39,1066.11,-0.005183
ASC-02,488,111.67,-685.96,1249.16,-0.030236
ASC-02,489,-124.15,-382.91,1365.72,-0.005745
ASC-02,490,1395.73,-306.93,942.82,-0.028932
ASC-02,493,-339.48,-1119.87,989.31,-0.031325
ASC-02,494,1424.76,-123.2,939.26,-0.027514
ASC-02,496,-508.89,-396.89,1182.66,-0.00771
ASC-02,497,-818.98,-648.2,1000.08,-0.004049
ASC-02,500,-761.09,-431.03,1063.87,-0.005678
ASC-02,503,-559.72,-408.3,1156.69,-0.006545
ASC-02,504,576.83,-1254.45,949.24,-0.031554
ASC-02,507,401.52,-602.64,1264.34,-0.00337
ASC-02,509,778.84,-1175.37,944.04,-0.030082
ASC-02,510,-362.75,-298.02,1277.3,-0.007477
ASC-02,512,-515.5,-387.66,1181.6,-0.007017
ASC-02,514,646.85,-578.64,1196.87,-0.031895
ASC-02,515,276.37,-860.6,1152.27,-0.031937
ASC-02,516,599.76,-859.95,1098.98,-0.031444
ASC-02,517,-914.76,-573.02,979.5,-0.005138
ASC-02,518,661.14,-665.61,1159.04,-0.032111
ASC-02,519,587.98,934.4,1007.78,-0.002837
ASC-02,520,-1017.73,-16.2,981.08,-0.00644
ASC-02,522,79.47,-1294.47,962.22,-0.032557
ASC-02,523,55.15,630.78,1189.97,-0.003668
ASC-02,524,-701.97,286.81,1086.23,-0.004268
ASC-02,525,-19.02,-24.35,1518.22,-0.005362
ASC-02,526,-808.12,712.82,951.58,-0.00704
ASC-02,527,-201.06,51.16,1386.86,-0.004976
ASC-02,529,-137.77,802.38,1085.98,-0.00644
ASC-02,530,-554.55,763.0,1010.41,-0.007064
ASC-02,531,770.17,782.64,1025.87,-0.003525
ASC-02,532,234.57,115.36,1493.84,-0.005807
ASC-02,533,925.95,658.11,1022.21,-0.004615
ASC-02,536,499.08,1114.2,951.36,-0.003302
ASC-02,537,706.8,-370.01,1237.77,-0.003899
ASC-02,539,-36.87,-672.08,1241.58,-0.031309
ASC-02,541,770.96,894.49,986.77,-0.003757
ASC-02,546,207.02,-316.01,1473.34,-0.006106
ASC-02,547,-937.14,-453.76,989.2,-0.006486
ASC-02,549,-631.25,-277.08,1144.8,-0.005823
ASC-02,550,76.78,489.47,1267.65,-0.001118
ASC-02,551,149.01,-691.91,1246.53,-0.030153
ASC-02,552,-389.64,-834.53,1086.2,-0.032754
ASC-02,553,-349.22,1095.86,938.51,-0.006507
ASC-02,555,567.06,1006.62,983.34,-0.002298
ASC-02,556,468.71,-813.02,1148.0,-0.031752
ASC-02,557,512.59,528.16,1194.7,-0.004091
ASC-02,559,-890.18,620.67,947.48,-0.006968
ASC-02,560,1045.07,481.58,1028.37,-0.002067
ASC-02,561,-1132.0,-193.27,934.87,-0.007248
ASC-02,567,749.59,890.34,992.88,-0.003299
ASC-02,568,107.12,537.01,1242.88,-0.003598
ASC-02,569,-146.19,-783.23,1166.27,-0.004188
ASC-02,570,-171.34,-360.52,1354.61,-0.007956
ASC-02,571,856.56,-561.28,1120.68,-0.032684
ASC-02,572,-646.83,58.85,1143.25,-0.005528
ASC-02,574,1198.0,-573.96,985.52,-0.031048
ASC-02,575,-983.67,426.46,952.34,-0.005425
ASC-02,576,269.01,365.44,1333.64,-0.002981
ASC-02,577,508.33,551.1,1185.46,-0.004611
ASC-02,580,-439.94,397.78,1168.26,-0.004898
ASC-02,583,1137.59,153.46,1046.67,-0.000757
ASC-02,585,-264.18,-720.55,1166.4,-0.032877
ASC-02,586,126.59,-902.5,1136.34,-0.030765
ASC-02,588,-8.61,-444.77,1372.43,-0.005849
ASC-02,593,961.19,-525.31,1087.25,-0.032439
ASC-02,594,502.94,67.21,1382.04,-0.005647
ASC-02,595,656.34,-665.5,1160.68,-0.031931
ASC-02,596,488.74,17.07,1401.09,-0.006558
ASC-02,597,260.17,-1030.84,1072.58,-0.031995
ASC-02,600,1349.75,78.37,964.74,-0.027207
ASC-02,601,539.63,1014.75,984.11,-0.002563
ASC-02,605,3.12,-1.54,1526.29,-0.005371
ASC-02,606,-141.11,-1282.0,954.26,-0.03049
ASC-02,607,-989.63,119.39,986.19,-0.00577
ASC-02,609,1280.89,-216.53,993.52,-0.028721
ASC-02,610,749.58,40.71,1246.69,-0.004269
ASC-02,611,-831.56,-707.26,982.95,-0.004443
ASC-02,613,-366.4,-368.07,1257.99,-0.008161
ASC-02,614,696.46,-1063.98,999.14,-0.031136
ASC-02,617,-40.42,-546.07,1308.41,-0.003698
ASC-02,620,868.82,876.63,970.14,-0.002804
ASC-02,621,840.42,1016.07,931.68,-0.001542
ASC-02,622,-82.73,31.9,1462.9,-0.004644
ASC-02,623,-126.83,931.96,1031.62,-0.005076
ASC-02,624,140.74,106.75,1511.87,-0.004937
ASC-02,625,814.18,-374.0,1185.15,-0.004226
ASC-02,626,-796.13,-965.98,931.38,-0.005244
ASC-02,627,759.0,783.65,1028.31,-0.003526
ASC-02,628,1226.86,182.92,1006.27,-0.027638
ASC-02,629,988.48,207.86,1105.53,-0.001774
ASC-02,630,208.83,688.58,1162.32,-0.003132
ASC-02,632,288.67,-1110.03,1035.9,-0.03303
ASC-02,634,-321.02,685.23,1099.81,-0.007373
ASC-02,637,-202.23,-5.91,1396.26,-0.004803
ASC-02,638,-771.35,-574.85,1033.06,-0.004889
ASC-02,642,1038.81,-840.24,981.03,-0.029545
ASC-02,643,1378.49,110.54,951.75,-0.026087
ASC-02,644,-227.19,131.58,1350.98,-0.003583
ASC-02,645,281.19,-1002.06,1084.49,-0.032357
ASC-02,650,20.08,351.44,1339.97,-0.001939
ASC-02,651,-0.49,-1162.92,1012.67,-0.029822
ASC-02,653,-1031.74,-179.26,974.44,-0.009275
ASC-02,655,-726.68,-107.18,1110.02,-0.00582
ASC-02,656,-1042.54,207.15,958.23,-0.007375
ASC-02,660,-80.52,-332.38,1407.86,-0.005492
ASC-02,661,-342.03,-575.45,1199.85,-0.005877
ASC-02,662,279.71,-1368.87,931.69,-0.033004
ASC-02,663,-565.8,707.84,1025.0,-0.007327
ASC-02,664,-999.03,-610.35,943.09,-0.005771
ASC-02,665,112.53,-1245.38,982.5,-0.03164
ASC-02,666,588.63,-1050.73,1024.67,-0.032785
ASC-02,667,-280.56,-758.19,1146.0,-0.033434
ASC-02,669,-516.36,-17.47,1215.26,-0.006016
ASC-02,670,706.33,163.14,1249.17,-0.005833
ASC-02,672,777.2,601.65,1086.83,-0.004464
ASC-02,673,1179.02,427.46,990.12,-0.028969
ASC-02,674,766.89,836.1,1007.97,-0.004446
ASC-02,676,25.51,-726.5,1221.13,-0.03034
ASC-02,677,-797.84,395.6,1026.72,-0.004309
ASC-02,679,401.07,596.75,1187.5,-0.002724
ASC-03,2,9330.7,1357.17,258.02,0.000902
ASC-03,4,-12684.02,2313.65,250.99,0.002808
ASC-03,5,13393.97,479.81,250.89,0.001596
ASC-03,6,3413.75,-6427.88,276.54,0.004329
ASC-03,8,12312.22,-4746.38,251.01,0.000447
ASC-03,9,14544.1,-11992.34,250.04,0.001509
ASC-03,10,-6411.1,3784.8,270.36,-0.000214
ASC-03,11,9409.83,10697.29,250.52,0.000612
ASC-03,12,-12527.76,-11620.94,250.1,0.001055
ASC-03,13,-1851.6,-14135.37,250.53,-0.002201
ASC-03,17,-11488.8,-6662.16,250.83,-0.002387
ASC-03,18,9420.2,-2267.8,257.05,-0.004006
ASC-03,19,-63.98,-8337.73,264.23,-0.001195
ASC-03,20,-7551.62,944.11,268.69,-0.001511
ASC-03,21,8300.58,-2746.5,261.94,-0.00113
ASC-03,24,7114.51,7663.27,254.3,-0.001457
ASC-03,25,14782.82,3601.63,250.32,-0.001764
ASC-03,27,2969.33,-5649.8,293.64,0.001558
ASC-03,29,-11479.9,6974.94,250.73,-0.00121
ASC-03,30,-8306.96,9956.15,250.95,0.000116
ASC-03,32,6669.82,3541.11,272.22,-0.001511
ASC-03,33,1582.57,5734.73,300.26,0.000667
ASC-03,34,1431.05,-6552.57,285.82,0.001123
ASC-03,35,-13453.84,-7342.99,250.27,-0.000434
ASC-03,36,7176.89,8016.01,253.63,-0.00123
ASC-03,37,-5378.95,-5544.5,268.64,0.00063
ASC-03,39,13754.05,-1156.46,250.71,-0.002385
ASC-03,41,-1326.51,-2312.8,566.43,-0.002199
ASC-03,42,6979.54,1892.82,276.97,0.00099
ASC-03,43,-663.3,12039.64,251.64,-0.000792
ASC-03,44,-11258.36,-10466.19,250.27,-0.000871
ASC-03,45,3137.4,-9470.63,255.87,-0.00255
ASC-03,47,7324.4,-4333.02,263.61,-0.001003
ASC-03,48,1547.02,-11129.15,252.88,-0.000131
ASC-03,50,13371.38,-5010.67,250.55,-1.3e-05
ASC-03,51,11246.09,-12303.04,250.15,-0.000282
ASC-03,52,-3850.69,6817.46,266.68,-2.3e-05
ASC-03,55,4629.31,-4351.04,294.96,0.003498
ASC-03,58,-1831.55,11276.78,252.32,0.000119
ASC-03,59,-14950.06,13339.66,250.02,-0.003372
ASC-03,64,12856.38,8236.74,250.3,0.001391
ASC-03,65,12249.58,3661.0,251.23,0.001141
ASC-03,66,2994.01,-11406.58,252.13,-0.001137
ASC-03,67,-9383.13,3779.52,254.62,-0.001621
ASC-03,68,8739.13,4852.79,255.71,0.001632
ASC-03,70,-5380.79,7084.73,259.17,-0.001461
ASC-03,74,-5905.28,10664.53,251.48,0.001675
ASC-03,75,-13882.88,1024.1,250.56,-0.000168
ASC-03,76,-4176.96,10261.27,252.76,-4.4e-05
ASC-03,77,9798.67,-10617.29,250.5,-0.001863
ASC-03,78,9904.85,-8999.62,250.91,-0.000189
ASC-03,79,-12568.14,10057.46,250.17,-0.001611
ASC-03,81,-4386.21,-5360.34,279.28,-0.003101
ASC-03,82,-3031.23,8441.65,258.94,-0.000463
ASC-03,83,14636.83,10649.19,250.06,-0.001377
ASC-03,84,9277.05,-10801.03,250.56,-0.001382
ASC-03,85,209.37,-13049.28,251.04,-0.001645
ASC-03,86,224.43,3858.54,406.92,-0.003865
ASC-03,87,12509.46,-8415.78,250.35,0.003128
ASC-03,88,-3745.71,-6140.44,275.58,-0.00404
ASC-03,90,6886.99,-4374.65,266.54,-0.002675
ASC-03,92,-1330.66,2289.19,546.52,-0.002568
ASC-03,93,5560.01,-14106.1,250.33,-0.001499
ASC-03,96,7895.02,3956.17,260.94,-0.000204
ASC-03,97,-539.9,-9719.17,256.52,-0.002043
ASC-03,101,7567.57,4420.95,261.29,0.00354
ASC-03,102,-3243.98,-10763.73,252.76,-0.000396
ASC-03,107,14470.19,11051.4,250.06,-0.003955
ASC-03,108,4428.82,9077.38,255.1,-0.000699
ASC-03,109,731.87,-5085.21,335.19,-0.002561
ASC-03,110,-6486.01,-10388.54,251.54,-0.001764
ASC-03,111,6271.22,3622.27,276.31,-0.001939
ASC-03,112,13812.38,-8821.42,250.17,-0.00084
ASC-03,114,8096.8,-8183.3,252.56,0.002541
ASC-03,116,-5600.83,-4414.79,275.62,0.001467
ASC-03,118,-635.82,3226.9,461.85,-0.003353
ASC-03,119,11798.0,-9879.35,250.3,0.001834
ASC-03,121,-9707.67,7600.51,251.35,-0.000465
ASC-03,123,-7209.62,-13957.69,250.23,0.000449
ASC-03,125,-4839.77,6657.43,263.28,0.001074
ASC-03,126,13545.88,-13087.57,250.04,0.001035
ASC-03,129,2538.72,4021.43,350.22,-0.000921
ASC-03,133,7309.92,11767.76,250.64,-0.002119
ASC-03,135,-13174.93,-7545.79,250.29,0.001341
ASC-03,141,-103.7,6454.04,287.02,0.000764
ASC-03,144,-7264.79,-702.97,272.43,-0.002575
ASC-03,146,-6263.99,5368.46,263.05,9.4e-05
ASC-03,147,12851.61,11639.95,250.09,-0.000357
ASC-03,148,921.41,-51.35,1161.75,-0.003844
ASC-03,149,-6784.4,-7450.06,255.06,-0.001392
ASC-03,152,-12255.03,3951.72,251.0,0.000619
ASC-03,153,-13850.75,1382.25,250.56,-0.00127
ASC-03,154,-11636.41,1497.8,251.89,-0.000284
ASC-03,155,7578.82,-335.19,272.53,0.000515
ASC-03,158,4134.58,-4762.4,295.99,0.000853
ASC-03,160,790.13,-10171.0,255.09,-0.00132
ASC-03,161,-14884.34,-7407.8,250.13,-0.001841
ASC-03,163,-2096.16,5312.36,304.54,-0.001703
ASC-03,164,12950.09,4984.78,250.67,-0.001117
ASC-03,165,14913.62,-667.98,250.38,0.003664
ASC-03,166,4097.19,12746.8,250.81,0.000278
ASC-03,167,-11520.12,-11816.09,250.14,0.000151
ASC-03,168,-5478.2,-2635.63,295.16,0.000951
ASC-03,170,11136.33,5399.96,251.53,-0.001488
ASC-03,173,3199.12,-14784.55,250.33,-0.000745
ASC-03,174,10653.43,6300.25,251.52,0.001434
ASC-03,176,2860.42,10452.43,253.33,0.000325
ASC-03,177,3480.85,-9705.26,254.88,-0.001781
ASC-03,179,-4198.23,14193.67,250.35,0.001172
ASC-03,180,13447.92,-5592.98,250.47,0.001166
ASC-03,182,-10337.38,12580.53,250.15,0.000603
ASC-03,183,-14975.49,1212.18,250.3,-0.001742
ASC-03,184,-7256.47,395.79,272.67,0.000104
ASC-03,186,-10135.86,-7416.08,251.25,0.001821
ASC-03,187,-4865.41,401.1,335.21,-0.000657
ASC-03,188,5417.15,6522.85,262.83,0.000587
ASC-03,190,9551.41,-5299.05,253.56,-0.001194
ASC-03,191,9425.89,-3128.28,256.17,0.000408
ASC-03,195,3368.44,-3666.54,346.26,-0.000158
ASC-03,197,9368.25,5005.51,254.04,0.00241
ASC-03,202,-6346.6,4615.84,266.3,-0.00088
ASC-03,203,9030.8,2297.35,258.47,0.000569
ASC-03,205,7304.54,3947.51,264.63,-8.1e-05
ASC-03,207,14792.44,-13171.21,250.03,0.00052
ASC-03,208,-11432.08,861.56,252.2,-8.2e-05
ASC-03,209,9852.33,13434.45,250.14,-0.001784
ASC-03,213,-7655.74,-11936.51,250.53,-0.000824
ASC-03,214,-7117.76,5260.82,259.33,-0.001904
ASC-03,216,-479.95,2592.96,554.47,-0.003987
ASC-03,218,-1782.47,3272.88,413.09,-0.002744
ASC-03,220,-21.86,-14868.76,250.38,0.000717
ASC-03,221,1193.59,-5471.3,316.25,-9.1e-05
ASC-03,222,-3373.84,2431.27,376.5,-0.003216
ASC-03,224,2069.87,1425.43,610.98,-0.000127
ASC-03,225,641.5,-4752.6,352.93,-0.002994
ASC-03,226,-9585.28,-939.48,256.14,6.5e-05
ASC-03,228,-7028.09,6508.96,256.24,-0.000171
ASC-03,229,14984.49,-7273.72,250.15,-0.000456
ASC-03,230,49.12,-5093.19,336.36,-0.002509
ASC-03,233,606.27,-10596.49,254.04,-0.00014
ASC-03,235,-8925.93,9283.9,251.0,-9.5e-05
ASC-03,236,-8416.52,7558.67,252.38,0.00046
ASC-03,237,-7781.77,-12435.57,250.4,0.000643
ASC-03,238,7158.4,-7426.89,254.97,-0.001461
ASC-03,240,11019.95,11822.96,250.18,-0.002615
ASC-03,243,6794.74,5142.87,262.79,6.2e-05
ASC-03,244,1830.79,-2540.96,517.36,0.00043
ASC-03,248,-11066.16,-5259.26,251.46,-0.001133
ASC-03,249,481.59,6630.87,283.5,1e-05
ASC-03,253,-12282.12,-11217.62,250.13,0.000403
ASC-03,254,-13528.9,-14903.42,250.02,0.003508
ASC-03,255,13134.32,6809.04,250.4,-0.000298
ASC-03,258,-10432.22,-14784.07,250.06,0.001713
ASC-03,259,92.72,-160.93,1574.97,-0.007115
ASC-03,260,4987.03,-2598.35,317.67,-8.3e-05
ASC-03,261,11831.71,-14471.51,250.05,-0.001768
ASC-03,262,-3281.01,-6224.36,278.07,-0.001735
ASC-03,264,7708.35,487.53,270.77,0.002341
ASC-03,265,-5859.53,-5412.18,266.13,-0.001968
ASC-03,267,9030.99,7469.27,252.16,0.000593
ASC-03,270,-7116.72,-4268.31,263.26,-0.001247
ASC-03,271,-3364.16,3137.63,349.2,0.001905
ASC-03,272,9549.55,12564.92,250.22,0.000831
ASC-03,276,-11413.51,-5185.77,251.25,-0.003617
ASC-03,279,297.06,-3312.6,481.94,-0.004159
ASC-03,282,-196.53,6545.31,285.11,0.000704
ASC-03,284,-3247.31,-13936.63,250.51,-0.003706
ASC-03,285,-10854.46,-2886.84,252.55,-0.00124
ASC-03,286,9536.37,9246.49,250.9,-0.000901
ASC-03,287,10976.3,11587.23,250.2,-0.001989
ASC-03,294,-7231.69,4639.68,260.77,-0.000173
ASC-03,297,-14704.53,86.85,250.36,-0.00319
ASC-03,298,-1034.15,3264.05,445.08,-0.001842
ASC-03,299,8252.73,-12151.15,250.43,0.00132
ASC-03,300,4062.92,4392.63,301.56,0.000457
ASC-03,301,-11106.05,7225.15,250.81,7.4e-05
ASC-03,304,-14181.97,13977.75,250.02,-0.002411
ASC-03,305,5723.91,-8829.57,254.4,-0.00021
ASC-03,306,1020.1,2106.98,628.65,-0.000831
ASC-03,308,-2391.36,-4064.31,351.37,0.000744
ASC-03,309,-645.32,-7453.13,272.74,0.000813
ASC-03,310,-12012.51,14662.05,250.03,-0.000522
ASC-03,312,-2371.65,2175.06,463.76,-0.000568
ASC-03,315,11370.01,-9995.63,250.34,-5.4e-05
ASC-03,316,5895.02,-6192.08,263.25,-0.001031
ASC-03,318,12105.38,-3292.77,251.44,0.000816
ASC-03,319,11342.29,-1567.78,252.64,-0.002491
ASC-03,321,-6641.66,-2217.72,276.81,-0.001132
ASC-03,328,-6489.59,2329.15,277.67,-0.000726
ASC-03,329,9377.25,5866.37,253.14,0.005067
ASC-03,330,10938.13,-11823.8,250.2,0.00109
ASC-03,331,-9654.37,-4.74,256.03,-0.000124
ASC-03,332,-4737.99,-11455.41,251.44,8.2e-05
ASC-03,338,-13819.2,10690.07,250.08,-0.002901
ASC-03,342,-934.65,12447.49,251.29,0.000428
ASC-03,343,-14000.18,2998.48,250.45,0.003033
ASC-03,346,8183.74,10214.08,250.99,0.000385
ASC-03,348,-11304.63,5911.37,251.06,-0.002048
ASC-03,352,4055.07,-1936.39,376.73,-0.000581
ASC-03,354,12509.72,6647.96,250.56,0.000413
ASC-03,355,4042.25,2221.64,363.53,-0.000329
ASC-03,357,-2123.08,5871.19,290.65,-0.000405
ASC-03,359,-7316.49,4705.99,260.15,-0.000221
ASC-03,360,-11413.68,-1442.64,252.17,0.00199
ASC-03,361,-6704.72,8927.74,252.6,-0.00195
ASC-03,362,-459.28,6795.93,280.24,0.000759
ASC-03,365,-1040.05,-14976.73,250.35,0.000346
ASC-03,366,-466.68,3376.32,449.08,-0.002291
ASC-03,368,14928.79,-14327.35,250.02,-0.000943
ASC-03,369,4019.46,7796.96,260.68,6.3e-05
ASC-03,371,-10460.93,1771.88,253.53,-0.000501
ASC-03,374,-13077.91,10585.67,250.11,-0.004592
ASC-03,375,4523.06,7433.7,261.18,-0.000191
ASC-03,378,4262.42,1980.04,358.74,-0.004627
ASC-03,379,7711.12,-8431.64,252.68,0.001666
ASC-03,381,-8499.52,9573.06,251.04,-0.001511
ASC-03,384,-8322.34,9500.29,251.15,-0.001612
ASC-03,387,-5510.48,-4662.21,274.49,-0.000178
ASC-03,388,3581.19,10454.4,252.97,-0.001686
ASC-03,390,8753.66,1462.09,260.89,0.00247
ASC-03,391,-12304.71,5200.82,250.76,-0.000985
ASC-03,392,13348.07,-13438.15,250.04,0.001955
ASC-03,395,-7653.88,-14219.95,250.18,0.001551
ASC-03,400,13999.04,-4659.07,250.42,0.001061
ASC-03,402,1135.44,379.58,1015.21,-0.000342
ASC-03,403,-5477.1,-12857.27,250.6,-0.000881
ASC-03,406,-522.52,-14933.0,250.36,0.000434
ASC-03,409,-4947.36,-8794.5,255.13,-0.001765
ASC-03,412,6870.49,2052.75,277.86,0.001975
ASC-03,413,4825.8,-14047.04,250.39,4.5e-05
ASC-03,415,12402.89,-12554.95,250.08,0.001696
ASC-03,416,-557.31,8784.42,260.01,0.001784
ASC-03,420,10291.42,1159.96,254.8,-0.000791
ASC-03,421,-13884.89,1786.2,250.54,-0.000837
ASC-03,422,11617.32,-5281.38,251.28,-0.000541
ASC-03,425,-14920.49,13452.09,250.02,-0.002472
ASC-03,427,4275.77,-1469.01,374.68,-0.003018
ASC-03,429,-3211.36,3474.93,342.41,0.000986
ASC-03,431,7094.96,-13341.67,250.34,-0.003073
ASC-03,432,-3976.73,196.96,390.67,-0.002835
ASC-03,433,-5162.98,-7517.3,258.73,0.001172
ASC-03,437,14248.91,2226.83,250.5,0.000537
ASC-03,438,11124.3,-64.33,253.15,0.004553
ASC-03,441,-3341.57,1334.94,422.65,-0.001507
ASC-03,443,-14034.75,-9308.78,250.12,-0.004301
ASC-03,445,-7369.08,-3548.55,264.07,-0.002025
ASC-03,446,7491.68,-7902.6,253.61,0.001221
ASC-03,447,-13220.53,3274.3,250.66,0.001592
ASC-03,449,-2138.05,-4122.89,356.0,-0.000731
ASC-03,450,-3695.76,6166.9,273.78,0.001647
ASC-03,452,8296.06,-13801.32,250.2,-0.001307
ASC-03,453,-12874.82,-8588.94,250.25,-0.002277
ASC-03,455,1881.29,-11455.43,252.34,0.001371
ASC-03,456,658.74,4443.6,361.64,0.000375
ASC-03,458,4485.34,2420.93,336.81,-0.000264
ASC-03,459,6534.64,-5172.61,264.99,-0.001308
ASC-03,460,-679.82,-142.02,1131.77,-0.006943
ASC-03,462,-531.0,368.04,1140.12,-0.003838
ASC-03,463,-46.64,161.48,1427.58,-0.003928
ASC-03,464,-145.58,-911.49,1107.46,-0.009224
ASC-03,466,-268.39,-355.2,1309.99,-0.006759
ASC-03,467,253.69,-695.66,1239.67,-0.006054
ASC-03,468,-702.05,274.47,1088.43,-0.007021
ASC-03,469,1048.6,-404.67,1073.38,-0.005578
ASC-03,470,-372.12,-723.9,1133.31,-0.006932
ASC-03,472,191.49,377.6,1334.59,-0.002368
ASC-03,473,-86.68,-1045.57,1055.87,-0.006879
ASC-03,474,260.42,-38.29,1561.14,-0.006717
ASC-03,475,-958.05,-346.16,993.32,-0.007098
ASC-03,476,-238.34,-1002.7,1052.77,-0.008369
ASC-03,477,-719.19,341.79,1068.52,-0.006067
ASC-03,479,403.69,-462.88,1334.7,-0.00657
ASC-03,480,-797.71,-430.55,1048.6,-0.005788
ASC-03,482,-483.56,-1025.64,993.87,-0.006763
ASC-03,483,-17.71,-1075.0,1049.23,-0.006728
ASC-03,484,737.08,-859.55,1064.09,-0.004969
ASC-03,486,-618.55,870.72,959.85,-0.005137
ASC-03,487,-748.05,-450.39,1066.11,-0.005356
ASC-03,488,111.67,-685.96,1249.16,-0.006756
ASC-03,491,-1079.42,-244.59,952.84,-0.005453
ASC-03,492,-820.59,347.24,1026.72,-0.007828
ASC-03,495,-331.31,-1083.36,1004.45,-0.007643
ASC-03,496,-508.89,-396.89,1182.66,-0.005835
ASC-03,497,-818.98,-648.2,1000.08,-0.007775
ASC-03,501,281.64,1185.43,940.5,-0.002005
ASC-03,502,224.37,-1348.44,941.13,-0.007339
ASC-03,504,576.83,-1254.45,949.24,-0.007094
ASC-03,505,142.66,-707.4,1237.96,-0.006219
ASC-03,506,-605.78,37.47,1165.35,-0.007697
ASC-03,507,401.52,-602.64,1264.34,-0.005718
ASC-03,509,778.84,-1175.37,944.04,-0.003732
ASC-03,511,658.37,-379.84,1258.62,-0.005438
ASC-03,512,-515.5,-387.66,1181.6,-0.006022
ASC-03,514,646.85,-578.64,1196.87,-0.00643
ASC-03,516,599.76,-859.95,1098.98,-0.006508
ASC-03,517,-914.76,-573.02,979.5,-0.006523
ASC-03,518,661.14,-665.61,1159.04,-0.007085
ASC-03,521,256.06,14.28,1543.87,-0.005934
ASC-03,522,79.47,-1294.47,962.22,-0.006565
ASC-03,523,55.15,630.78,1189.97,-0.005074
ASC-03,524,-701.97,286.81,1086.23,-0.006962
ASC-03,525,-19.02,-24.35,1518.22,-0.00742
ASC-03,526,-808.12,712.82,951.58,-0.004849
ASC-03,529,-137.77,802.38,1085.98,-0.004415
ASC-03,530,-554.55,763.0,1010.41,-0.004508
ASC-03,532,234.57,115.36,1493.84,-0.004357
ASC-03,533,925.95,658.11,1022.21,0.001121
ASC-03,534,-239.33,385.59,1249.3,-0.002864
ASC-03,536,499.08,1114.2,951.36,-0.00229
ASC-03,537,706.8,-370.01,1237.77,-0.005673
ASC-03,538,-813.03,-813.01,964.7,-0.008252
ASC-03,542,-284.98,552.25,1164.04,-0.00193
ASC-03,552,-389.64,-834.53,1086.2,-0.007007
ASC-03,553,-349.22,1095.86,938.51,-0.004031
ASC-03,554,-599.63,-961.35,986.15,-0.008783
ASC-03,555,567.06,1006.62,983.34,-0.001946
ASC-03,556,468.71,-813.02,1148.0,-0.007737
ASC-03,558,-913.03,-189.32,1023.2,-0.00696
ASC-03,559,-890.18,620.67,947.48,-0.007227
ASC-03,563,886.53,49.49,1174.05,-0.003235
ASC-03,564,94.65,228.71,1426.13,-0.003645
ASC-03,565,675.04,-473.24,1222.43,-0.006269
ASC-03,566,1239.02,114.01,1007.25,-0.001579
ASC-03,567,749.59,890.34,992.88,-0.002135
ASC-03,569,-146.19,-783.23,1166.27,-0.007471
ASC-03,572,-646.83,58.85,1143.25,-0.007002
ASC-03,573,-860.2,660.03,948.22,-0.005835
ASC-03,574,1198.0,-573.96,985.52,-0.002746
ASC-03,575,-983.67,426.46,952.34,-0.006684
ASC-03,577,508.33,551.1,1185.46,-0.002498
ASC-03,578,645.16,1020.32,966.15,-0.002625
ASC-03,581,542.59,41.96,1364.14,-0.00303
ASC-03,582,11.97,14.51,1525.75,-0.006902
ASC-03,583,1137.59,153.46,1046.67,-0.002924
ASC-03,584,-30.0,-855.99,1149.35,-0.008063
ASC-03,585,-264.18,-720.55,1166.4,-0.005617
ASC-03,586,126.59,-902.5,1136.34,-0.009467
ASC-03,587,1085.12,-750.96,988.65,-0.004694
ASC-03,589,351.15,27.86,1483.27,-0.004283
ASC-03,590,410.23,174.54,1393.67,-0.004746
ASC-03,593,961.19,-525.31,1087.25,-0.005937
ASC-03,595,656.34,-665.5,1160.68,-0.007074
ASC-03,596,488.74,17.07,1401.09,-0.003732
ASC-03,598,-121.78,1013.62,998.58,-0.005389
ASC-03,599,-76.69,-517.39,1314.79,-0.007416
ASC-03,600,1349.75,78.37,964.74,0.000756
ASC-03,603,21.1,840.94,1085.14,-0.005758
ASC-03,604,935.56,462.84,1073.65,-0.000784
ASC-03,605,3.12,-1.54,1526.29,-0.007139
ASC-03,608,1119.09,288.5,1037.0,-0.002597
ASC-03,609,1280.89,-216.53,993.52,-0.00415
ASC-03,612,-905.28,192.37,1014.14,-0.005003
ASC-03,615,-805.94,31.66,1070.19,-0.004158
ASC-03,617,-40.42,-546.07,1308.41,-0.007221
ASC-03,618,177.42,1110.96,972.28,-0.002708
ASC-03,619,-623.86,122.23,1147.73,-0.00578
ASC-03,624,140.74,106.75,1511.87,-0.005362
ASC-03,628,1226.86,182.92,1006.27,-0.001385
ASC-03,630,208.83,688.58,1162.32,-0.003498
ASC-03,631,150.53,-538.27,1335.33,-0.005632
ASC-03,632,288.67,-1110.03,1035.9,-0.008038
ASC-03,633,-1011.59,-630.44,935.48,-0.008401
ASC-03,634,-321.02,685.23,1099.81,-0.003931
ASC-03,636,-368.14,-1086.89,996.3,-0.008012
ASC-03,637,-202.23,-5.91,1396.26,-0.006877
ASC-03,638,-771.35,-574.85,1033.06,-0.006799
ASC-03,643,1378.49,110.54,951.75,0.001546
ASC-03,644,-227.19,131.58,1350.98,-0.006742
ASC-03,645,281.19,-1002.06,1084.49,-0.009366
ASC-03,646,-507.1,842.92,996.07,-0.004353
ASC-03,647,983.63,714.35,988.42,0.000165
ASC-03,649,1085.35,-963.67,934.96,-0.002175
ASC-03,650,20.08,351.44,1339.97,-0.004744
ASC-03,651,-0.49,-1162.92,1012.67,-0.006356
ASC-03,652,1101.41,-891.53,948.9,-0.002719
ASC-03,653,-1031.74,-179.26,974.44,-0.005268
ASC-03,654,463.19,-1271.26,956.22,-0.006349
ASC-03,655,-726.68,-107.18,1110.02,-0.006263
ASC-03,657,-919.67,-700.4,954.33,-0.006507
ASC-03,659,377.82,-1104.84,1031.31,-0.008856
ASC-03,662,279.71,-1368.87,931.69,-0.007651
ASC-03,663,-565.8,707.84,1025.0,-0.003727
ASC-03,664,-999.03,-610.35,943.09,-0.007567
ASC-03,665,112.53,-1245.38,982.5,-0.006041
ASC-03,666,588.63,-1050.73,1024.67,-0.007807
ASC-03,668,691.11,729.99,1064.89,-0.00038
ASC-03,669,-516.36,-17.47,1215.26,-0.007938
ASC-03,670,706.33,163.14,1249.17,-0.004045
ASC-03,672,777.2,601.65,1086.83,-0.001454
ASC-03,674,766.89,836.1,1007.97,-0.00186
ASC-03,676,25.51,-726.5,1221.13,-0.007331
ASC-03,679,401.07,596.75,1187.5,-0.002602
ASC-04,1,10659.08,2429.92,253.46,0.003585
ASC-04,2,9330.7,1357.17,258.02,0.008467
ASC-04,4,-12684.02,2313.65,250.99,0.002295
ASC-04,7,-14921.08,10406.94,250.05,0.008875
ASC-04,8,12312.22,-4746.38,251.01,-0.007166
ASC-04,9,14544.1,-11992.34,250.04,0.007511
ASC-04,11,9409.83,10697.29,250.52,0.003072
ASC-04,12,-12527.76,-11620.94,250.1,0.00121
ASC-04,14,9531.11,-5419.3,253.48,0.014448
ASC-04,15,-2738.0,-6847.46,273.49,-0.00836
ASC-04,17,-11488.8,-6662.16,250.83,-0.00856
ASC-04,18,9420.2,-2267.8,257.05,0.00241
ASC-04,19,-63.98,-8337.73,264.23,0.002714
ASC-04,20,-7551.62,944.11,268.69,-0.016177
ASC-04,25,14782.82,3601.63,250.32,-0.006009
ASC-04,27,2969.33,-5649.8,293.64,-0.004603
ASC-04,30,-8306.96,9956.15,250.95,0.008901
ASC-04,32,6669.82,3541.11,272.22,-0.005317
ASC-04,34,1431.05,-6552.57,285.82,0.007124
ASC-04,35,-13453.84,-7342.99,250.27,0.001681
ASC-04,37,-5378.95,-5544.5,268.64,-0.001365
ASC-04,39,13754.05,-1156.46,250.71,0.001935
ASC-04,40,4790.14,10839.95,251.92,0.005384
ASC-04,41,-1326.51,-2312.8,566.43,0.020995
ASC-04,43,-663.3,12039.64,251.64,-0.001053
ASC-04,44,-11258.36,-10466.19,250.27,0.002284
ASC-04,45,3137.4,-9470.63,255.87,-0.003263
ASC-04,48,1547.02,-11129.15,252.88,-0.000295
ASC-04,50,13371.38,-5010.67,250.55,-0.002705
ASC-04,51,11246.09,-12303.04,250.15,-0.002239
ASC-04,52,-3850.69,6817.46,266.68,0.007036
ASC-04,53,-6966.9,7696.68,254.01,-0.000294
ASC-04,54,894.36,12257.57,251.46,-0.004267
ASC-04,57,1783.94,4163.38,361.95,-0.005823
ASC-04,58,-1831.55,11276.78,252.32,0.004899
ASC-04,59,-14950.06,13339.66,250.02,-0.004379
ASC-04,60,-2435.11,-4966.51,314.91,0.000111
ASC-04,61,-3003.03,-8511.82,259.42,-9e-05
ASC-04,64,12856.38,8236.74,250.3,-0.003762
ASC-04,65,12249.58,3661.0,251.23,0.005082
ASC-04,66,2994.01,-11406.58,252.13,0.003848
ASC-04,68,8739.13,4852.79,255.71,0.009247
ASC-04,70,-5380.79,7084.73,259.17,-0.000658
ASC-04,72,-2242.94,5683.75,293.69,-0.006372
ASC-04,73,-1172.24,-13283.67,250.88,0.00086
ASC-04,74,-5905.28,10664.53,251.48,0.000712
ASC-04,77,9798.67,-10617.29,250.5,0.000248
ASC-04,78,9904.85,-8999.62,250.91,-0.009924
ASC-04,79,-12568.14,10057.46,250.17,-0.00882
ASC-04,80,1589.42,-12313.67,251.49,-0.000184
ASC-04,81,-4386.21,-5360.34,279.28,0.010377
ASC-04,85,209.37,-13049.28,251.04,0.003044
ASC-04,86,224.43,3858.54,406.92,0.005485
ASC-04,87,12509.46,-8415.78,250.35,-0.001197
ASC-04,89,8457.05,-13398.23,250.23,-0.000604
ASC-04,92,-1330.66,2289.19,546.52,-0.002386
ASC-04,93,5560.01,-14106.1,250.33,0.000233
ASC-04,94,10119.03,-12763.51,250.18,0.005042
ASC-04,95,-6129.21,11734.34,250.83,-0.002398
ASC-04,96,7895.02,3956.17,260.94,0.009396
ASC-04,97,-539.9,-9719.17,256.52,-0.00054
ASC-04,98,1029.43,3554.45,425.36,-0.005386
ASC-04,101,7567.57,4420.95,261.29,-4.4e-05
ASC-04,106,2374.19,-774.95,633.62,-0.007498
ASC-04,107,14470.19,11051.4,250.06,0.00079
ASC-04,108,4428.82,9077.38,255.1,-0.004567
ASC-04,110,-6486.01,-10388.54,251.54,-0.007221
ASC-04,111,6271.22,3622.27,276.31,-0.005017
ASC-04,112,13812.38,-8821.42,250.17,0.001116
ASC-04,115,-5454.87,-3259.54,289.03,-0.009886
ASC-04,118,-635.82,3226.9,461.85,-0.002445
ASC-04,119,11798.0,-9879.35,250.3,0.001498
ASC-04,120,-1009.74,4589.48,346.67,-0.004048
ASC-04,121,-9707.67,7600.51,251.35,0.001155
ASC-04,122,994.22,-1429.55,828.17,0.002733
ASC-04,123,-7209.62,-13957.69,250.23,-0.006244
ASC-04,124,4077.08,8813.77,256.32,-0.002882
ASC-04,126,13545.88,-13087.57,250.04,-0.002281
ASC-04,127,-1893.01,-6712.17,279.63,-0.005585
ASC-04,130,-2585.13,-10677.63,253.2,5.3e-05
ASC-04,133,7309.92,11767.76,250.64,-0.008264
ASC-04,134,-7069.62,8498.81,252.76,-0.0106
ASC-04,135,-13174.93,-7545.79,250.29,-0.000193
ASC-04,136,-9613.49,-2454.37,255.27,-0.003394
ASC-04,137,7527.16,7334.82,254.19,0.003166
ASC-04,138,12261.14,921.63,251.64,-0.005107
ASC-04,139,8261.78,-12011.92,250.46,-0.006488
ASC-04,142,-11445.62,-14395.85,250.05,0.005335
ASC-04,148,921.41,-51.35,1161.75,-0.005728
ASC-04,150,-11580.96,-2850.97,251.73,-0.005482
ASC-04,152,-12255.03,3951.72,251.0,-0.007174
ASC-04,157,-12129.37,13486.99,250.05,0.007427
ASC-04,158,4134.58,-4762.4,295.99,-0.001997
ASC-04,159,4560.34,-14863.35,250.27,0.003078
ASC-04,161,-14884.34,-7407.8,250.13,0.00246
ASC-04,162,5769.49,-2639.51,295.32,0.009798
ASC-04,163,-2096.16,5312.36,304.54,-0.004271
ASC-04,164,12950.09,4984.78,250.67,-0.004404
ASC-04,165,14913.62,-667.98,250.38,0.011282
ASC-04,167,-11520.12,-11816.09,250.14,-0.008057
ASC-04,168,-5478.2,-2635.63,295.16,-0.000319
ASC-04,169,3892.73,9274.55,255.19,-0.000627
ASC-04,170,11136.33,5399.96,251.53,-0.007012
ASC-04,172,-4171.99,5787.64,274.42,0.000805
ASC-04,174,10653.43,6300.25,251.52,-0.000252
ASC-04,175,-9146.6,431.98,257.94,-0.001694
ASC-04,176,2860.42,10452.43,253.33,-0.004176
ASC-04,180,13447.92,-5592.98,250.47,0.007779
ASC-04,182,-10337.38,12580.53,250.15,0.002054
ASC-04,184,-7256.47,395.79,272.67,0.00762
ASC-04,185,-2314.99,550.67,590.59,-0.005914
ASC-04,189,7179.37,-76.65,278.19,-0.000655
ASC-04,191,9425.89,-3128.28,256.17,-0.01091
ASC-04,193,984.08,-14882.39,250.37,0.006836
ASC-04,194,7137.69,12896.16,250.39,-0.00916
ASC-04,195,3368.44,-3666.54,346.26,0.001297
ASC-04,196,2395.81,6712.63,276.3,0.003059
ASC-04,200,-6894.18,4456.13,263.32,-0.010946
ASC-04,204,-5513.11,-877.21,308.38,-0.001325
ASC-04,209,9852.33,13434.45,250.14,0.004156
ASC-04,210,-13609.47,7272.0,250.24,0.005374
ASC-04,211,4186.22,-6994.42,266.38,-0.002893
ASC-04,212,1138.84,199.18,1041.08,0.001577
ASC-04,213,-7655.74,-11936.51,250.53,0.000753
ASC-04,214,-7117.76,5260.82,259.33,-0.004501
ASC-04,215,-3387.87,-3678.02,334.85,0.009161
ASC-04,216,-479.95,2592.96,554.47,-0.001743
ASC-04,221,1193.59,-5471.3,316.25,-0.000424
ASC-04,223,-206.61,-9332.42,258.17,0.001082
ASC-04,229,14984.49,-7273.72,250.15,-0.003794
ASC-04,230,49.12,-5093.19,336.36,-0.00431
ASC-04,231,6218.69,-10139.48,252.05,-0.00018
ASC-04,233,606.27,-10596.49,254.04,0.002352
ASC-04,234,-1872.99,14742.88,250.34,0.005306
ASC-04,236,-8416.52,7558.67,252.38,-0.003245
ASC-04,240,11019.95,11822.96,250.18,-0.000117
ASC-04,242,565.35,2776.7,531.6,-0.002551
ASC-04,244,1830.79,-2540.96,517.36,0.009485
ASC-04,245,10814.72,-5083.11,252.01,0.008518
ASC-04,248,-11066.16,-5259.26,251.46,-0.004979
ASC-04,252,8031.95,11492.91,250.59,-0.012583
ASC-04,253,-12282.12,-11217.62,250.13,0.002786
ASC-04,258,-10432.22,-14784.07,250.06,0.004829
ASC-04,259,92.72,-160.93,1574.97,-0.004843
ASC-04,260,4987.03,-2598.35,317.67,-0.000524
ASC-04,262,-3281.01,-6224.36,278.07,0.003224
ASC-04,264,7708.35,487.53,270.77,0.000592
ASC-04,269,-9874.35,12384.18,250.19,-0.001801
ASC-04,270,-7116.72,-4268.31,263.26,-0.000997
ASC-04,271,-3364.16,3137.63,349.2,-0.010363
ASC-04,272,9549.55,12564.92,250.22,-0.006432
ASC-04,273,-1931.03,5625.77,297.95,-0.008351
ASC-04,275,10162.73,7671.57,251.23,0.003275
ASC-04,278,-12258.44,5225.13,250.78,-0.004195
ASC-04,283,880.35,-1534.14,816.91,0.001974
ASC-04,286,9536.37,9246.49,250.9,0.008432
ASC-04,287,10976.3,11587.23,250.2,-0.004895
ASC-04,288,1940.61,4081.41,363.0,-0.008036
ASC-04,292,11445.91,413.76,252.62,-0.00315
ASC-04,294,-7231.69,4639.68,260.77,-0.004849
ASC-04,296,1578.52,-13035.75,251.0,-0.005013
ASC-04,297,-14704.53,86.85,250.36,0.001787
ASC-04,298,-1034.15,3264.05,445.08,-0.001709
ASC-04,300,4062.92,4392.63,301.56,0.002303
ASC-04,303,5854.39,-1532.27,303.2,0.008019
ASC-04,307,-3465.21,-7940.07,261.45,0.002417
ASC-04,309,-645.32,-7453.13,272.74,-0.005279
ASC-04,310,-12012.51,14662.05,250.03,0.008336
ASC-04,311,12818.2,13478.69,250.05,-0.004512
ASC-04,313,4893.33,-12707.01,250.78,0.006995
ASC-04,314,-11878.35,-8502.11,250.4,-0.002918
ASC-04,315,11370.01,-9995.63,250.34,0.002505
ASC-04,316,5895.02,-6192.08,263.25,-0.007735
ASC-04,318,12105.38,-3292.77,251.44,0.003898
ASC-04,319,11342.29,-1567.78,252.64,0.002273
ASC-04,320,-1138.02,9060.97,258.3,0.001813
ASC-04,323,-14865.08,-620.85,250.33,0.001617
ASC-04,325,13888.16,2750.5,250.58,-0.001544
ASC-04,328,-6489.59,2329.15,277.67,0.004634
ASC-04,331,-9654.37,-4.74,256.03,-0.007775
ASC-04,333,13705.34,-4793.79,250.48,-0.004085
ASC-04,334,8527.47,4675.41,256.64,-0.000985
ASC-04,336,-7968.52,-2385.73,262.88,-0.006267
ASC-04,338,-13819.2,10690.07,250.08,0.015979
ASC-04,339,-7077.96,-8840.25,252.55,-0.004713
ASC-04,341,-13285.07,-7725.79,250.26,-0.000461
ASC-04,346,8183.74,10214.08,250.99,0.004734
ASC-04,347,883.39,-4775.31,349.89,-0.013763
ASC-04,348,-11304.63,5911.37,251.06,-0.004611
ASC-04,349,-1452.69,7322.79,270.83,0.007189
ASC-04,350,-14773.54,9783.79,250.07,0.004001
ASC-04,351,-6003.36,3837.58,274.33,-0.000221
ASC-04,353,-9594.2,-14987.05,250.07,-0.007648
ASC-04,354,12509.72,6647.96,250.56,-0.00599
ASC-04,358,11877.1,-3556.57,251.57,0.010273
ASC-04,360,-11413.68,-1442.64,252.17,-0.002288
ASC-04,361,-6704.72,8927.74,252.6,-0.000988
ASC-04,362,-459.28,6795.93,280.24,-0.007309
ASC-04,363,-3185.21,11532.72,251.7,-0.008124
ASC-04,366,-466.68,3376.32,449.08,0.004609
ASC-04,367,5959.06,14456.34,250.23,0.009154
ASC-04,368,14928.79,-14327.35,250.02,-0.011025
ASC-04,370,-12648.19,-6713.81,250.47,-0.007087
ASC-04,372,-6000.49,-12597.48,250.6,0.008359
ASC-04,379,7711.12,-8431.64,252.68,-0.00037
ASC-04,380,8117.15,830.32,266.27,-0.00151
ASC-04,383,-9268.15,-2582.56,256.24,-0.008222
ASC-04,385,-8533.32,-13293.81,250.21,0.009816
ASC-04,386,682.86,-13434.14,250.83,0.006138
ASC-04,387,-5510.48,-4662.21,274.49,-0.003347
ASC-04,389,14147.14,-11523.22,250.06,0.007378
ASC-04,390,8753.66,1462.09,260.89,0.01059
ASC-04,391,-12304.71,5200.82,250.76,-0.008687
ASC-04,392,13348.07,-13438.15,250.04,0.008927
ASC-04,396,-13327.97,-1011.12,250.77,-0.005401
ASC-04,397,-6526.48,-2455.44,277.31,0.002316
ASC-04,398,-920.53,7323.16,271.95,-0.001347
ASC-04,399,-11829.11,-14192.24,250.05,-0.008261
ASC-04,404,12142.62,9089.79,250.32,0.003078
ASC-04,405,10683.85,-5230.49,252.08,0.00252
ASC-04,407,-14969.41,-6101.23,250.17,0.005084
ASC-04,408,4761.9,1037.13,350.28,-0.002799
ASC-04,410,-10836.88,-10865.94,250.27,0.007246
ASC-04,415,12402.89,-12554.95,250.08,0.000586
ASC-04,417,12208.76,9788.74,250.24,-0.003643
ASC-04,418,-2411.83,-6701.8,277.11,0.001665
ASC-04,419,12213.29,-14735.74,250.04,-0.004138
ASC-04,420,10291.42,1159.96,254.8,0.006902
ASC-04,422,11617.32,-5281.38,251.28,-0.005331
ASC-04,424,2436.86,-14223.95,250.49,-0.005854
ASC-04,426,3957.1,-12112.31,251.26,-0.002111
ASC-04,427,4275.77,-1469.01,374.68,-0.00444
ASC-04,428,10958.29,-7442.38,250.98,0.007363
ASC-04,432,-3976.73,196.96,390.67,0.002844
ASC-04,433,-5162.98,-7517.3,258.73,0.000207
ASC-04,434,5170.85,4621.76,280.65,0.000475
ASC-04,435,-13797.65,-6284.98,250.29,0.000824
ASC-04,444,8848.2,8164.07,251.8,-0.007907
ASC-04,445,-7369.08,-3548.55,264.07,-0.012994
ASC-04,446,7491.68,-7902.6,253.61,-0.005126
ASC-04,448,-7653.17,4081.53,260.29,-0.001364
ASC-04,450,-3695.76,6166.9,273.78,0.002523
ASC-04,451,-8794.1,-9033.13,251.24,0.00413
ASC-04,453,-12874.82,-8588.94,250.25,-0.002472
ASC-04,455,1881.29,-11455.43,252.34,-0.003088
ASC-04,456,658.74,4443.6,361.64,0.004543
ASC-04,458,4485.34,2420.93,336.81,-0.000214
ASC-04,459,6534.64,-5172.61,264.99,-0.001561
ASC-04,460,-679.82,-142.02,1131.77,-0.013269
ASC-04,462,-531.0,368.04,1140.12,-0.001394
ASC-04,463,-46.64,161.48,1427.58,-0.004315
ASC-04,464,-145.58,-911.49,1107.46,0.001005
ASC-04,465,101.79,-405.61,1416.03,-0.012595
ASC-04,467,253.69,-695.66,1239.67,0.001455
ASC-04,468,-702.05,274.47,1088.43,-0.00524
ASC-04,469,1048.6,-404.67,1073.38,-0.008596
ASC-04,472,191.49,377.6,1334.59,-0.005898
ASC-04,474,260.42,-38.29,1561.14,-0.010362
ASC-04,475,-958.05,-346.16,993.32,-0.007933
ASC-04,476,-238.34,-1002.7,1052.77,0.002477
ASC-04,477,-719.19,341.79,1068.52,-0.004041
ASC-04,480,-797.71,-430.55,1048.6,-0.011188
ASC-04,481,-680.64,-41.03,1132.06,-0.010098
ASC-04,482,-483.56,-1025.64,993.87,-0.001793
ASC-04,485,-222.8,669.85,1129.19,0.000836
ASC-04,486,-618.55,870.72,959.85,-0.012818
ASC-04,489,-124.15,-382.91,1365.72,-0.009854
ASC-04,490,1395.73,-306.93,942.82,-0.010932
ASC-04,492,-820.59,347.24,1026.72,-0.009531
ASC-04,495,-331.31,-1083.36,1004.45,0.001492
ASC-04,498,1144.64,145.75,1044.4,-0.00029
ASC-04,499,722.19,59.06,1259.38,0.002043
ASC-04,500,-761.09,-431.03,1063.87,-0.013794
ASC-04,501,281.64,1185.43,940.5,0.002645
ASC-04,502,224.37,-1348.44,941.13,0.003383
ASC-04,504,576.83,-1254.45,949.24,-0.002447
ASC-04,505,142.66,-707.4,1237.96,-0.000997
ASC-04,507,401.52,-602.64,1264.34,-0.004822
ASC-04,509,778.84,-1175.37,944.04,0.005214
ASC-04,511,658.37,-379.84,1258.62,-0.010878
ASC-04,512,-515.5,-387.66,1181.6,-0.011923
ASC-04,513,-431.09,975.38,966.88,-0.017112
ASC-04,514,646.85,-578.64,1196.87,-0.003855
ASC-04,516,599.76,-859.95,1098.98,0.00087
ASC-04,519,587.98,934.4,1007.78,0.002105
ASC-04,522,79.47,-1294.47,962.22,0.008697
ASC-04,524,-701.97,286.81,1086.23,-0.004031
ASC-04,525,-19.02,-24.35,1518.22,-0.007952
ASC-04,526,-808.12,712.82,951.58,-0.011766
ASC-04,527,-201.06,51.16,1386.86,-0.004955
ASC-04,528,-860.53,-832.03,945.36,-0.003692
ASC-04,530,-554.55,763.0,1010.41,-0.005236
ASC-04,532,234.57,115.36,1493.84,0.000384
ASC-04,535,420.38,187.32,1383.42,-0.004027
ASC-04,536,499.08,1114.2,951.36,0.003691
ASC-04,537,706.8,-370.01,1237.77,-0.010939
ASC-04,538,-813.03,-813.01,964.7,-0.008853
ASC-04,539,-36.87,-672.08,1241.58,-0.004177
ASC-04,540,681.86,-1052.34,1006.35,0.001128
ASC-04,543,-711.2,133.34,1105.19,-0.006544
ASC-04,544,1085.03,-871.45,958.86,0.000234
ASC-04,548,-459.05,998.4,953.57,-0.015644
ASC-04,549,-631.25,-277.08,1144.8,-0.017012
ASC-04,550,76.78,489.47,1267.65,-0.007692
ASC-04,551,149.01,-691.91,1246.53,-9.7e-05
ASC-04,552,-389.64,-834.53,1086.2,-0.004159
ASC-04,553,-349.22,1095.86,938.51,-0.012748
ASC-04,555,567.06,1006.62,983.34,0.00554
ASC-04,556,468.71,-813.02,1148.0,-0.000997
ASC-04,558,-913.03,-189.32,1023.2,-0.005951
ASC-04,559,-890.18,620.67,947.48,-0.009666
ASC-04,561,-1132.0,-193.27,934.87,-0.007534
ASC-04,562,1013.36,-0.55,1114.85,-0.004557
ASC-04,563,886.53,49.49,1174.05,-0.002597
ASC-04,564,94.65,228.71,1426.13,-0.003779
ASC-04,567,749.59,890.34,992.88,0.002741
ASC-04,568,107.12,537.01,1242.88,-0.010597
ASC-04,574,1198.0,-573.96,985.52,-0.01158
ASC-04,579,-453.85,-261.22,1236.31,-0.010145
ASC-04,581,542.59,41.96,1364.14,4e-06
ASC-04,582,11.97,14.51,1525.75,-0.003824
ASC-04,585,-264.18,-720.55,1166.4,-0.012146
ASC-04,589,351.15,27.86,1483.27,-0.00747
ASC-04,590,410.23,174.54,1393.67,-0.003534
ASC-04,591,248.27,-384.24,1422.16,-0.004835
ASC-04,592,-813.75,359.03,1027.34,-0.009047
ASC-04,596,488.74,17.07,1401.09,-0.003694
ASC-04,597,260.17,-1030.84,1072.58,0.000173
ASC-04,599,-76.69,-517.39,1314.79,-0.004089
ASC-04,603,21.1,840.94,1085.14,-0.00908
ASC-04,604,935.56,462.84,1073.65,0.005587
ASC-04,606,-141.11,-1282.0,954.26,0.007098
ASC-04,607,-989.63,119.39,986.19,-0.011968
ASC-04,608,1119.09,288.5,1037.0,-0.001488
ASC-04,611,-831.56,-707.26,982.95,-0.007592
ASC-04,613,-366.4,-368.07,1257.99,-0.015496
ASC-04,614,696.46,-1063.98,999.14,0.002799
ASC-04,615,-805.94,31.66,1070.19,-0.013059
ASC-04,616,1113.51,449.27,1010.14,-0.00281
ASC-04,617,-40.42,-546.07,1308.41,-0.002007
ASC-04,618,177.42,1110.96,972.28,-0.005194
ASC-04,619,-623.86,122.23,1147.73,-0.005542
ASC-04,621,840.42,1016.07,931.68,-0.006191
ASC-04,622,-82.73,31.9,1462.9,-0.009178
ASC-04,624,140.74,106.75,1511.87,-0.000565
ASC-04,627,759.0,783.65,1028.31,0.000246
ASC-04,629,988.48,207.86,1105.53,0.000735
ASC-04,630,208.83,688.58,1162.32,-0.006894
ASC-04,633,-1011.59,-630.44,935.48,-0.004549
ASC-04,638,-771.35,-574.85,1033.06,-0.014462
ASC-04,639,1134.14,-848.22,949.68,-0.005203
ASC-04,640,-236.57,186.38,1328.6,0.000937
ASC-04,646,-507.1,842.92,996.07,-0.01039
ASC-04,647,983.63,714.35,988.42,-0.00326
ASC-04,650,20.08,351.44,1339.97,-0.00197
ASC-04,653,-1031.74,-179.26,974.44,-0.006773
ASC-04,654,463.19,-1271.26,956.22,0.004003
ASC-04,655,-726.68,-107.18,1110.02,-0.011597
ASC-04,657,-919.67,-700.4,954.33,-0.010591
ASC-04,658,-683.48,499.06,1046.64,-0.006007
ASC-04,659,377.82,-1104.84,1031.31,0.00502
ASC-04,660,-80.52,-332.38,1407.86,-0.010185
ASC-04,661,-342.03,-575.45,1199.85,-0.005125
ASC-04,664,-999.03,-610.35,943.09,-0.003091
ASC-04,665,112.53,-1245.38,982.5,0.009153
ASC-04,666,588.63,-1050.73,1024.67,-0.001117
ASC-04,667,-280.56,-758.19,1146.0,-0.005675
ASC-04,669,-516.36,-17.47,1215.26,-0.011366
ASC-04,670,706.33,163.14,1249.17,0.008638
ASC-04,673,1179.02,427.46,990.12,-0.002693
ASC-04,674,766.89,836.1,1007.97,0.003075
ASC-04,676,25.51,-726.5,1221.13,0.005104
ASC-04,677,-797.84,395.6,1026.72,-0.010509
ASC-04,678,-133.84,431.51,1261.55,-0.004609
ASC-04,679,401.07,596.75,1187.5,0.001716
ASC-05,0,10943.93,2007.4,253.12,-0.001818
ASC-05,5,13393.97,479.81,250.89,-0.000661
ASC-05,7,-14921.08,10406.94,250.05,-0.004419
ASC-05,8,12312.22,-4746.38,251.01,0.000318
ASC-05,10,-6411.1,3784.8,270.36,-0.003229
ASC-05,12,-12527.76,-11620.94,250.1,-0.00151
ASC-05,13,-1851.6,-14135.37,250.53,-0.001539
ASC-05,15,-2738.0,-6847.46,273.49,-0.000211
ASC-05,17,-11488.8,-6662.16,250.83,0.001291
ASC-05,20,-7551.62,944.11,268.69,0.001012
ASC-05,21,8300.58,-2746.5,261.94,-0.000367
ASC-05,24,7114.51,7663.27,254.3,-0.001426
ASC-05,27,2969.33,-5649.8,293.64,0.000292
ASC-05,28,14018.86,14929.3,250.02,0.000421
ASC-05,29,-11479.9,6974.94,250.73,0.001862
ASC-05,30,-8306.96,9956.15,250.95,0.002374
ASC-05,32,6669.82,3541.11,272.22,0.002804
ASC-05,34,1431.05,-6552.57,285.82,0.001287
ASC-05,35,-13453.84,-7342.99,250.27,-0.001447
ASC-05,37,-5378.95,-5544.5,268.64,-0.000799
ASC-05,41,-1326.51,-2312.8,566.43,-0.002472
ASC-05,42,6979.54,1892.82,276.97,0.001113
ASC-05,43,-663.3,12039.64,251.64,-0.000952
ASC-05,44,-11258.36,-10466.19,250.27,-0.001048
ASC-05,48,1547.02,-11129.15,252.88,-6.3e-05
ASC-05,49,12854.75,2199.83,251.08,0.00075
ASC-05,50,13371.38,-5010.67,250.55,0.000698
ASC-05,51,11246.09,-12303.04,250.15,0.001232
ASC-05,52,-3850.69,6817.46,266.68,-0.00428
ASC-05,53,-6966.9,7696.68,254.01,0.002018
ASC-05,55,4629.31,-4351.04,294.96,0.000921
ASC-05,56,-10182.2,1320.54,254.27,-0.002017
ASC-05,58,-1831.55,11276.78,252.32,-0.002259
ASC-05,59,-14950.06,13339.66,250.02,-0.00138
ASC-05,61,-3003.03,-8511.82,259.42,-0.005495
ASC-05,63,-13364.56,-7134.47,250.29,0.000885
ASC-05,64,12856.38,8236.74,250.3,-0.001627
ASC-05,67,-9383.13,3779.52,254.62,-0.001426
ASC-05,69,-10154.35,-210.93,254.57,-0.001483
ASC-05,70,-5380.79,7084.73,259.17,0.00015
ASC-05,71,4992.69,-12862.81,250.7,-0.002163
ASC-05,73,-1172.24,-13283.67,250.88,0.001276
ASC-05,77,9798.67,-10617.29,250.5,0.00035
ASC-05,78,9904.85,-8999.62,250.91,0.001761
ASC-05,79,-12568.14,10057.46,250.17,0.001788
ASC-05,81,-4386.21,-5360.34,279.28,-0.000874
ASC-05,83,14636.83,10649.19,250.06,0.000889
ASC-05,86,224.43,3858.54,406.92,-0.001423
ASC-05,89,8457.05,-13398.23,250.23,-0.001601
ASC-05,90,6886.99,-4374.65,266.54,-0.001409
ASC-05,91,7120.29,9385.43,252.04,0.0033
ASC-05,93,5560.01,-14106.1,250.33,0.001705
ASC-05,94,10119.03,-12763.51,250.18,-0.000997
ASC-05,95,-6129.21,11734.34,250.83,-0.000342
ASC-05,96,7895.02,3956.17,260.94,0.002649
ASC-05,97,-539.9,-9719.17,256.52,-0.000578
ASC-05,98,1029.43,3554.45,425.36,0.001484
ASC-05,100,-3753.68,9771.43,253.89,-0.000854
ASC-05,104,8632.14,5153.68,255.51,0.002606
ASC-05,107,14470.19,11051.4,250.06,-0.001761
ASC-05,113,6249.03,-4660.55,270.22,-0.001565
ASC-05,115,-5454.87,-3259.54,289.03,-0.0006
ASC-05,116,-5600.83,-4414.79,275.62,-0.000832
ASC-05,117,-4271.59,6022.21,271.28,-0.000266
ASC-05,118,-635.82,3226.9,461.85,0.001111
ASC-05,120,-1009.74,4589.48,346.67,0.002044
ASC-05,122,994.22,-1429.55,828.17,-0.005078
ASC-05,124,4077.08,8813.77,256.32,-0.001741
ASC-05,125,-4839.77,6657.43,263.28,-0.001331
ASC-05,126,13545.88,-13087.57,250.04,0.000397
ASC-05,128,2480.25,7811.37,264.48,-0.003205
ASC-05,130,-2585.13,-10677.63,253.2,0.000846
ASC-05,135,-13174.93,-7545.79,250.29,-0.001081
ASC-05,136,-9613.49,-2454.37,255.27,-0.002081
ASC-05,137,7527.16,7334.82,254.19,-0.002226
ASC-05,140,-6456.01,8454.98,253.48,0.00119
ASC-05,141,-103.7,6454.04,287.02,0.000597
ASC-05,142,-11445.62,-14395.85,250.05,-0.001691
ASC-05,144,-7264.79,-702.97,272.43,-0.001245
ASC-05,146,-6263.99,5368.46,263.05,0.002648
ASC-05,147,12851.61,11639.95,250.09,0.000804
ASC-05,148,921.41,-51.35,1161.75,-0.00508
ASC-05,151,11934.48,11198.04,250.16,0.000868
ASC-05,153,-13850.75,1382.25,250.56,0.000106
ASC-05,154,-11636.41,1497.8,251.89,-0.001974
ASC-05,155,7578.82,-335.19,272.53,-0.002172
ASC-05,156,13022.66,12986.26,250.05,0.003511
ASC-05,160,790.13,-10171.0,255.09,-0.002127
ASC-05,163,-2096.16,5312.36,304.54,-0.003877
ASC-05,165,14913.62,-667.98,250.38,0.001088
ASC-05,167,-11520.12,-11816.09,250.14,-0.002343
ASC-05,168,-5478.2,-2635.63,295.16,-0.001339
ASC-05,173,3199.12,-14784.55,250.33,0.00039
ASC-05,176,2860.42,10452.43,253.33,0.000704
ASC-05,177,3480.85,-9705.26,254.88,-0.000859
ASC-05,181,9492.16,5518.87,253.3,-0.002338
ASC-05,183,-14975.49,1212.18,250.3,-0.002413
ASC-05,187,-4865.41,401.1,335.21,-0.000749
ASC-05,188,5417.15,6522.85,262.83,0.000189
ASC-05,190,9551.41,-5299.05,253.56,0.000392
ASC-05,195,3368.44,-3666.54,346.26,0.000759
ASC-05,197,9368.25,5005.51,254.04,-0.001324
ASC-05,199,11929.1,-5830.19,250.96,0.002341
ASC-05,200,-6894.18,4456.13,263.32,-0.001593
ASC-05,201,-11403.08,-132.19,252.28,0.000804
ASC-05,202,-6346.6,4615.84,266.3,-0.001457
ASC-05,204,-5513.11,-877.21,308.38,-0.002466
ASC-05,206,2771.68,-1457.08,520.17,-0.001263
ASC-05,207,14792.44,-13171.21,250.03,0.000107
ASC-05,208,-11432.08,861.56,252.2,-0.000618
ASC-05,209,9852.33,13434.45,250.14,0.001306
ASC-05,210,-13609.47,7272.0,250.24,0.001598
ASC-05,215,-3387.87,-3678.02,334.85,-0.000231
ASC-05,220,-21.86,-14868.76,250.38,-0.000466
ASC-05,221,1193.59,-5471.3,316.25,0.000122
ASC-05,222,-3373.84,2431.27,376.5,-0.00228
ASC-05,223,-206.61,-9332.42,258.17,-0.000808
ASC-05,224,2069.87,1425.43,610.98,-0.002211
ASC-05,225,641.5,-4752.6,352.93,-0.002108
ASC-05,226,-9585.28,-939.48,256.14,-0.001402
ASC-05,227,-8404.85,-12453.75,250.33,-0.001231
ASC-05,231,6218.69,-10139.48,252.05,0.001866
ASC-05,233,606.27,-10596.49,254.04,0.000777
ASC-05,237,-7781.77,-12435.57,250.4,-0.004167
ASC-05,241,-4901.3,-9670.69,253.39,-0.000722
ASC-05,243,6794.74,5142.87,262.79,0.001025
ASC-05,244,1830.79,-2540.96,517.36,-0.00218
ASC-05,245,10814.72,-5083.11,252.01,-0.003007
ASC-05,247,5885.98,6323.27,261.8,0.000784
ASC-05,250,-3225.09,-14293.06,250.42,-0.002179
ASC-05,251,-1431.22,1033.13,728.16,-0.006415
ASC-05,254,-13528.9,-14903.42,250.02,0.001804
ASC-05,255,13134.32,6809.04,250.4,0.000508
ASC-05,256,-412.89,-9301.03,258.26,-0.00119
ASC-05,259,92.72,-160.93,1574.97,-0.008118
ASC-05,261,11831.71,-14471.51,250.05,0.001299
ASC-05,264,7708.35,487.53,270.77,0.000654
ASC-05,265,-5859.53,-5412.18,266.13,-0.000898
ASC-05,266,6431.22,4663.93,267.66,0.000756
ASC-05,267,9030.99,7469.27,252.16,-0.002844
ASC-05,269,-9874.35,12384.18,250.19,0.002533
ASC-05,272,9549.55,12564.92,250.22,0.001664
ASC-05,273,-1931.03,5625.77,297.95,0.000293
ASC-05,276,-11413.51,-5185.77,251.25,-0.002093
ASC-05,277,-11736.21,-14148.91,250.05,-1.5e-05
ASC-05,278,-12258.44,5225.13,250.78,-7.4e-05
ASC-05,279,297.06,-3312.6,481.94,-0.001204
ASC-05,282,-196.53,6545.31,285.11,6e-05
ASC-05,284,-3247.31,-13936.63,250.51,-0.003699
ASC-05,286,9536.37,9246.49,250.9,0.001383
ASC-05,287,10976.3,11587.23,250.2,0.002299
ASC-05,288,1940.61,4081.41,363.0,-0.00286
ASC-05,289,-6349.46,6299.83,258.89,0.000136
ASC-05,290,14983.28,11546.71,250.04,-0.003097
ASC-05,291,-11418.1,13130.23,250.08,-0.000177
ASC-05,292,11445.91,413.76,252.62,-0.003889
ASC-05,293,3820.02,-14000.5,250.47,0.002039
ASC-05,295,2732.34,-13561.28,250.68,-0.001032
ASC-05,296,1578.52,-13035.75,251.0,-0.000405
ASC-05,297,-14704.53,86.85,250.36,-0.001217
ASC-05,298,-1034.15,3264.05,445.08,0.001453
ASC-05,300,4062.92,4392.63,301.56,-0.000144
ASC-05,301,-11106.05,7225.15,250.81,0.001881
ASC-05,303,5854.39,-1532.27,303.2,0.000745
ASC-05,307,-3465.21,-7940.07,261.45,-0.002856
ASC-05,309,-645.32,-7453.13,272.74,0.001085
ASC-05,312,-2371.65,2175.06,463.76,-0.004042
ASC-05,313,4893.33,-12707.01,250.78,6.4e-05
ASC-05,314,-11878.35,-8502.11,250.4,-0.000857
ASC-05,315,11370.01,-9995.63,250.34,0.001103
ASC-05,316,5895.02,-6192.08,263.25,0.001597
ASC-05,317,-7379.37,-1672.97,269.47,-1.5e-05
ASC-05,319,11342.29,-1567.78,252.64,0.000474
ASC-05,321,-6641.66,-2217.72,276.81,-0.001903
ASC-05,324,13548.62,-7331.26,250.3,0.002324
ASC-05,326,-12557.42,-9913.39,250.19,-0.000962
ASC-05,330,10938.13,-11823.8,250.2,0.00132
ASC-05,331,-9654.37,-4.74,256.03,-0.001725
ASC-05,332,-4737.99,-11455.41,251.44,-0.002741
ASC-05,333,13705.34,-4793.79,250.48,-0.001327
ASC-05,334,8527.47,4675.41,256.64,0.002359
ASC-05,337,6972.77,9904.37,251.69,-0.001658
ASC-05,340,-7520.68,13154.94,250.29,6.4e-05
ASC-05,342,-934.65,12447.49,251.29,-0.004666
ASC-05,343,-14000.18,2998.48,250.45,-0.00024
ASC-05,345,-370.82,-4983.37,340.45,-0.00151
ASC-05,346,8183.74,10214.08,250.99,-0.001101
ASC-05,348,-11304.63,5911.37,251.06,-0.000948
ASC-05,349,-1452.69,7322.79,270.83,-0.001115
ASC-05,350,-14773.54,9783.79,250.07,0.000427
ASC-05,351,-6003.36,3837.58,274.33,-0.001783
ASC-05,352,4055.07,-1936.39,376.73,-0.000993
ASC-05,353,-9594.2,-14987.05,250.07,-0.002821
ASC-05,354,12509.72,6647.96,250.56,0.001235
ASC-05,355,4042.25,2221.64,363.53,-0.001217
ASC-05,357,-2123.08,5871.19,290.65,0.00184
ASC-05,361,-6704.72,8927.74,252.6,-0.002628
ASC-05,365,-1040.05,-14976.73,250.35,-0.00185
ASC-05,366,-466.68,3376.32,449.08,0.000244
ASC-05,367,5959.06,14456.34,250.23,0.003446
ASC-05,368,14928.79,-14327.35,250.02,0.001387
ASC-05,371,-10460.93,1771.88,253.53,-0.000348
ASC-05,373,13219.4,4486.98,250.64,0.000519
ASC-05,375,4523.06,7433.7,261.18,-0.004243
ASC-05,377,-7637.14,11659.68,250.56,0.002477
ASC-05,378,4262.42,1980.04,358.74,0.000832
ASC-05,379,7711.12,-8431.64,252.68,-0.000518
ASC-05,382,-9231.18,-5649.64,253.26,-0.000665
ASC-05,383,-9268.15,-2582.56,256.24,0.001363
ASC-05,384,-8322.34,9500.29,251.15,-0.001836
ASC-05,385,-8533.32,-13293.81,250.21,-0.001722
ASC-05,386,682.86,-13434.14,250.83,0.002318
ASC-05,389,14147.14,-11523.22,250.06,-0.001613
ASC-05,391,-12304.71,5200.82,250.76,-0.000167
ASC-05,393,-3373.16,10322.38,253.14,-0.001326
ASC-05,394,-9687.26,8568.36,250.97,0.000193
ASC-05,395,-7653.88,-14219.95,250.18,-0.001143
ASC-05,396,-13327.97,-1011.12,250.77,0.00086
ASC-05,398,-920.53,7323.16,271.95,0.000221
ASC-05,400,13999.04,-4659.07,250.42,-0.00032
ASC-05,401,-2197.97,-13510.28,250.72,-0.00034
ASC-05,402,1135.44,379.58,1015.21,-0.003621
ASC-05,407,-14969.41,-6101.23,250.17,0.001268
ASC-05,408,4761.9,1037.13,350.28,0.002147
ASC-05,410,-10836.88,-10865.94,250.27,0.001054
ASC-05,411,-1085.14,8219.46,263.23,0.000584
ASC-05,414,-12053.37,5687.81,250.78,-0.000134
ASC-05,415,12402.89,-12554.95,250.08,-0.005197
ASC-05,416,-557.31,8784.42,260.01,0.000714
ASC-05,417,12208.76,9788.74,250.24,3.8e-05
ASC-05,419,12213.29,-14735.74,250.04,-0.000203
ASC-05,420,10291.42,1159.96,254.8,0.001538
ASC-05,421,-13884.89,1786.2,250.54,0.000491
ASC-05,423,5421.06,-3261.48,295.78,0.000592
ASC-05,425,-14920.49,13452.09,250.02,-0.001356
ASC-05,428,10958.29,-7442.38,250.98,-0.002537
ASC-05,430,-13117.79,-8270.01,250.24,7.2e-05
ASC-05,431,7094.96,-13341.67,250.34,-0.003275
ASC-05,434,5170.85,4621.76,280.65,0.003512
ASC-05,436,-14063.36,11882.81,250.05,-0.000851
ASC-05,438,11124.3,-64.33,253.15,-0.001353
ASC-05,442,-9480.14,737.84,256.52,0.000772
ASC-05,444,8848.2,8164.07,251.8,-0.0001
ASC-05,445,-7369.08,-3548.55,264.07,-0.000373
ASC-05,448,-7653.17,4081.53,260.29,-0.0
ASC-05,449,-2138.05,-4122.89,356.0,-0.002924
ASC-05,450,-3695.76,6166.9,273.78,-0.000139
ASC-05,451,-8794.1,-9033.13,251.24,0.000309
ASC-05,452,8296.06,-13801.32,250.2,0.000664
ASC-05,453,-12874.82,-8588.94,250.25,0.002345
ASC-05,454,3343.37,7647.28,263.45,-0.001442
ASC-05,455,1881.29,-11455.43,252.34,0.000179
ASC-05,456,658.74,4443.6,361.64,0.000856
ASC-05,457,-9555.05,1959.66,255.67,-0.00067
ASC-05,458,4485.34,2420.93,336.81,-9.6e-05
ASC-05,459,6534.64,-5172.61,264.99,0.001247
ASC-05,463,-46.64,161.48,1427.58,-0.007013
ASC-05,464,-145.58,-911.49,1107.46,-0.00954
ASC-05,466,-268.39,-355.2,1309.99,-0.009196
ASC-05,467,253.69,-695.66,1239.67,-0.009444
ASC-05,468,-702.05,274.47,1088.43,-0.008086
ASC-05,471,134.28,185.46,1457.72,-0.006969
ASC-05,472,191.49,377.6,1334.59,-0.005786
ASC-05,473,-86.68,-1045.57,1055.87,-0.00892
ASC-05,474,260.42,-38.29,1561.14,-0.009477
ASC-05,475,-958.05,-346.16,993.32,-0.007264
ASC-05,477,-719.19,341.79,1068.52,-0.008288
ASC-05,479,403.69,-462.88,1334.7,-0.007667
ASC-05,480,-797.71,-430.55,1048.6,-0.006065
ASC-05,483,-17.71,-1075.0,1049.23,-0.007485
ASC-05,484,737.08,-859.55,1064.09,-0.006165
ASC-05,485,-222.8,669.85,1129.19,-0.006402
ASC-05,487,-748.05,-450.39,1066.11,-0.0074
ASC-05,488,111.67,-685.96,1249.16,-0.007722
ASC-05,490,1395.73,-306.93,942.82,-0.004975
ASC-05,492,-820.59,347.24,1026.72,-0.007904
ASC-05,493,-339.48,-1119.87,989.31,-0.007511
ASC-05,498,1144.64,145.75,1044.4,-0.006162
ASC-05,499,722.19,59.06,1259.38,-0.005739
ASC-05,501,281.64,1185.43,940.5,-0.003857
ASC-05,502,224.37,-1348.44,941.13,-0.008031
ASC-05,504,576.83,-1254.45,949.24,-0.006411
ASC-05,505,142.66,-707.4,1237.96,-0.007905
ASC-05,506,-605.78,37.47,1165.35,-0.007619
ASC-05,507,401.52,-602.64,1264.34,-0.00771
ASC-05,509,778.84,-1175.37,944.04,-0.005088
ASC-05,510,-362.75,-298.02,1277.3,-0.009074
ASC-05,511,658.37,-379.84,1258.62,-0.006321
ASC-05,512,-515.5,-387.66,1181.6,-0.007023
ASC-05,515,276.37,-860.6,1152.27,-0.008542
ASC-05,516,599.76,-859.95,1098.98,-0.005027
ASC-05,517,-914.76,-573.02,979.5,-0.007429
ASC-05,518,661.14,-665.61,1159.04,-0.006117
ASC-05,521,256.06,14.28,1543.87,-0.009843
ASC-05,524,-701.97,286.81,1086.23,-0.007878
ASC-05,526,-808.12,712.82,951.58,-0.008144
ASC-05,528,-860.53,-832.03,945.36,-0.006667
ASC-05,532,234.57,115.36,1493.84,-0.009483
ASC-05,535,420.38,187.32,1383.42,-0.006427
ASC-05,539,-36.87,-672.08,1241.58,-0.008432
ASC-05,540,681.86,-1052.34,1006.35,-0.007057
ASC-05,541,770.96,894.49,986.77,-0.00401
ASC-05,542,-284.98,552.25,1164.04,-0.006335
ASC-05,544,1085.03,-871.45,958.86,-0.004366
ASC-05,545,-208.22,-553.17,1256.79,-0.010034
ASC-05,546,207.02,-316.01,1473.34,-0.008555
ASC-05,549,-631.25,-277.08,1144.8,-0.007506
ASC-05,550,76.78,489.47,1267.65,-0.005391
ASC-05,551,149.01,-691.91,1246.53,-0.008214
ASC-05,552,-389.64,-834.53,1086.2,-0.00871
ASC-05,553,-349.22,1095.86,938.51,-0.006818
ASC-05,555,567.06,1006.62,983.34,-0.004362
ASC-05,558,-913.03,-189.32,1023.2,-0.008654
ASC-05,559,-890.18,620.67,947.48,-0.008528
ASC-05,560,1045.07,481.58,1028.37,-0.002584
ASC-05,564,94.65,228.71,1426.13,-0.006304
ASC-05,567,749.59,890.34,992.88,-0.004159
ASC-05,571,856.56,-561.28,1120.68,-0.005304
ASC-05,573,-860.2,660.03,948.22,-0.008529
ASC-05,574,1198.0,-573.96,985.52,-0.003602
ASC-05,575,-983.67,426.46,952.34,-0.00877
ASC-05,576,269.01,365.44,1333.64,-0.006233
ASC-05,578,645.16,1020.32,966.15,-0.002793
ASC-05,579,-453.85,-261.22,1236.31,-0.009457
ASC-05,580,-439.94,397.78,1168.26,-0.008573
ASC-05,582,11.97,14.51,1525.75,-0.008985
ASC-05,584,-30.0,-855.99,1149.35,-0.009315
ASC-05,586,126.59,-902.5,1136.34,-0.007599
ASC-05,587,1085.12,-750.96,988.65,-0.00444
ASC-05,588,-8.61,-444.77,1372.43,-0.010143
ASC-05,590,410.23,174.54,1393.67,-0.00739
ASC-05,593,961.19,-525.31,1087.25,-0.00505
ASC-05,595,656.34,-665.5,1160.68,-0.00599
ASC-05,596,488.74,17.07,1401.09,-0.0059
ASC-05,598,-121.78,1013.62,998.58,-0.004622
ASC-05,599,-76.69,-517.39,1314.79,-0.009997
ASC-05,600,1349.75,78.37,964.74,-0.007419
ASC-05,604,935.56,462.84,1073.65,-0.00338
ASC-05,606,-141.11,-1282.0,954.26,-0.007579
ASC-05,608,1119.09,288.5,1037.0,-0.006085
ASC-05,610,749.58,40.71,1246.69,-0.005976
ASC-05,613,-366.4,-368.07,1257.99,-0.007398
ASC-05,615,-805.94,31.66,1070.19,-0.007619
ASC-05,618,177.42,1110.96,972.28,-0.004715
ASC-05,619,-623.86,122.23,1147.73,-0.007805
ASC-05,621,840.42,1016.07,931.68,-0.002433
ASC-05,622,-82.73,31.9,1462.9,-0.007973
ASC-05,623,-126.83,931.96,1031.62,-0.007141
ASC-05,625,814.18,-374.0,1185.15,-0.00529
ASC-05,627,759.0,783.65,1028.31,-0.002582
ASC-05,630,208.83,688.58,1162.32,-0.006669
ASC-05,631,150.53,-538.27,1335.33,-0.006884
ASC-05,632,288.67,-1110.03,1035.9,-0.005185
ASC-05,633,-1011.59,-630.44,935.48,-0.009119
ASC-05,634,-321.02,685.23,1099.81,-0.006382
ASC-05,635,605.38,-851.15,1101.24,-0.004964
ASC-05,640,-236.57,186.38,1328.6,-0.008325
ASC-05,642,1038.81,-840.24,981.03,-0.00415
ASC-05,643,1378.49,110.54,951.75,-0.007852
ASC-05,644,-227.19,131.58,1350.98,-0.008259
ASC-05,645,281.19,-1002.06,1084.49,-0.005538
ASC-05,654,463.19,-1271.26,956.22,-0.007218
ASC-05,656,-1042.54,207.15,958.23,-0.010462
ASC-05,657,-919.67,-700.4,954.33,-0.008385
ASC-05,658,-683.48,499.06,1046.64,-0.008275
ASC-05,659,377.82,-1104.84,1031.31,-0.005986
ASC-05,661,-342.03,-575.45,1199.85,-0.008688
ASC-05,662,279.71,-1368.87,931.69,-0.007911
ASC-05,663,-565.8,707.84,1025.0,-0.006624
ASC-05,666,588.63,-1050.73,1024.67,-0.006205
ASC-05,667,-280.56,-758.19,1146.0,-0.007956
ASC-05,669,-516.36,-17.47,1215.26,-0.008825
ASC-05,670,706.33,163.14,1249.17,-0.004954
ASC-05,671,197.89,861.48,1079.24,-0.004498
ASC-05,676,25.51,-726.5,1221.13,-0.008666
ASC-05,679,401.07,596.75,1187.5,-0.00392
ASC-06,0,10943.93,2007.4,253.12,0.000679
ASC-06,1,10659.08,2429.92,253.46,0.000859
ASC-06,2,9330.7,1357.17,258.02,0.000792
ASC-06,3,-7156.61,-1976.66,271.13,-0.003762
ASC-06,4,-12684.02,2313.65,250.99,-0.000349
ASC-06,6,3413.75,-6427.88,276.54,0.002334
ASC-06,9,14544.1,-11992.34,250.04,0.001271
ASC-06,10,-6411.1,3784.8,270.36,-0.002018
ASC-06,11,9409.83,10697.29,250.52,0.001555
ASC-06,12,-12527.76,-11620.94,250.1,3.3e-05
ASC-06,13,-1851.6,-14135.37,250.53,-0.002395
ASC-06,14,9531.11,-5419.3,253.48,0.002115
ASC-06,16,532.49,-10344.86,254.65,-0.001568
ASC-06,17,-11488.8,-6662.16,250.83,0.001542
ASC-06,19,-63.98,-8337.73,264.23,-0.003421
ASC-06,21,8300.58,-2746.5,261.94,0.00374
ASC-06,23,1150.3,-11683.75,252.17,-0.000351
ASC-06,24,7114.51,7663.27,254.3,0.001007
ASC-06,25,14782.82,3601.63,250.32,0.001409
ASC-06,26,-14096.18,1679.53,250.48,-0.000229
ASC-06,27,2969.33,-5649.8,293.64,-0.001655
ASC-06,28,14018.86,14929.3,250.02,-0.001764
ASC-06,29,-11479.9,6974.94,250.73,0.000388
ASC-06,31,1506.85,1762.7,642.65,-0.003372
ASC-06,32,6669.82,3541.11,272.22,0.001141
ASC-06,33,1582.57,5734.73,300.26,-0.000599
ASC-06,35,-13453.84,-7342.99,250.27,-0.000443
ASC-06,36,7176.89,8016.01,253.63,-0.000444
ASC-06,37,-5378.95,-5544.5,268.64,-0.004747
ASC-06,38,-12781.14,-14163.69,250.03,-0.000229
ASC-06,39,13754.05,-1156.46,250.71,-0.00108
ASC-06,40,4790.14,10839.95,251.92,0.001843
ASC-06,41,-1326.51,-2312.8,566.43,-0.018153
ASC-06,42,6979.54,1892.82,276.97,-0.001424
ASC-06,43,-663.3,12039.64,251.64,0.001234
ASC-06,44,-11258.36,-10466.19,250.27,-0.000218
ASC-06,45,3137.4,-9470.63,255.87,0.001119
ASC-06,47,7324.4,-4333.02,263.61,-0.00112
ASC-06,48,1547.02,-11129.15,252.88,-0.001806
ASC-06,49,12854.75,2199.83,251.08,0.00138
ASC-06,50,13371.38,-5010.67,250.55,-0.000611
ASC-06,51,11246.09,-12303.04,250.15,0.000706
ASC-06,54,894.36,12257.57,251.46,-0.002087
ASC-06,55,4629.31,-4351.04,294.96,0.0019
ASC-06,56,-10182.2,1320.54,254.27,-0.004553
ASC-06,57,1783.94,4163.38,361.95,0.000501
ASC-06,58,-1831.55,11276.78,252.32,8.9e-05
ASC-06,59,-14950.06,13339.66,250.02,0.001653
ASC-06,61,-3003.03,-8511.82,259.42,-0.000379
ASC-06,63,-13364.56,-7134.47,250.29,-0.002466
ASC-06,65,12249.58,3661.0,251.23,0.003933
ASC-06,66,2994.01,-11406.58,252.13,0.001342
ASC-06,67,-9383.13,3779.52,254.62,-0.001542
ASC-06,68,8739.13,4852.79,255.71,-0.001078
ASC-06,69,-10154.35,-210.93,254.57,-0.002293
ASC-06,70,-5380.79,7084.73,259.17,0.000194
ASC-06,71,4992.69,-12862.81,250.7,0.001808
ASC-06,72,-2242.94,5683.75,293.69,0.000436
ASC-06,73,-1172.24,-13283.67,250.88,0.00133
ASC-06,74,-5905.28,10664.53,251.48,-0.000131
ASC-06,75,-13882.88,1024.1,250.56,0.001135
ASC-06,78,9904.85,-8999.62,250.91,0.001084
ASC-06,79,-12568.14,10057.46,250.17,-0.004172
ASC-06,80,1589.42,-12313.67,251.49,-0.001811
ASC-06,81,-4386.21,-5360.34,279.28,-0.002402
ASC-06,82,-3031.23,8441.65,258.94,-0.003063
ASC-06,83,14636.83,10649.19,250.06,0.000982
ASC-06,85,209.37,-13049.28,251.04,-7e-06
ASC-06,86,224.43,3858.54,406.92,-0.007191
ASC-06,87,12509.46,-8415.78,250.35,-0.002299
ASC-06,89,8457.05,-13398.23,250.23,-0.000952
ASC-06,90,6886.99,-4374.65,266.54,0.000277
ASC-06,91,7120.29,9385.43,252.04,0.000851
ASC-06,92,-1330.66,2289.19,546.52,-0.011225
ASC-06,93,5560.01,-14106.1,250.33,-0.000387
ASC-06,95,-6129.21,11734.34,250.83,4.4e-05
ASC-06,96,7895.02,3956.17,260.94,0.002788
ASC-06,97,-539.9,-9719.17,256.52,0.000753
ASC-06,98,1029.43,3554.45,425.36,-0.000257
ASC-06,99,-1055.32,8899.72,259.12,-0.002817
ASC-06,100,-3753.68,9771.43,253.89,-0.000385
ASC-06,101,7567.57,4420.95,261.29,0.003798
ASC-06,103,-9561.08,10483.56,250.48,-0.000692
ASC-06,104,8632.14,5153.68,255.51,2.9e-05
ASC-06,106,2374.19,-774.95,633.62,-0.004069
ASC-06,107,14470.19,11051.4,250.06,-0.001082
ASC-06,108,4428.82,9077.38,255.1,-0.00049
ASC-06,110,-6486.01,-10388.54,251.54,-0.001125
ASC-06,111,6271.22,3622.27,276.31,0.001692
ASC-06,112,13812.38,-8821.42,250.17,-0.001354
ASC-06,113,6249.03,-4660.55,270.22,-0.002109
ASC-06,114,8096.8,-8183.3,252.56,0.003002
ASC-06,115,-5454.87,-3259.54,289.03,-0.004483
ASC-06,116,-5600.83,-4414.79,275.62,-0.002491
ASC-06,117,-4271.59,6022.21,271.28,-0.003216
ASC-06,119,11798.0,-9879.35,250.3,-0.001074
ASC-06,120,-1009.74,4589.48,346.67,-0.003047
ASC-06,121,-9707.67,7600.51,251.35,-0.000177
ASC-06,122,994.22,-1429.55,828.17,-0.015673
ASC-06,124,4077.08,8813.77,256.32,-0.001934
ASC-06,125,-4839.77,6657.43,263.28,-0.003566
ASC-06,126,13545.88,-13087.57,250.04,0.0013
ASC-06,128,2480.25,7811.37,264.48,-0.001196
ASC-06,130,-2585.13,-10677.63,253.2,-0.003687
ASC-06,131,14338.69,-4761.5,250.35,-0.002906
ASC-06,132,-13709.88,-13672.99,250.03,-0.000247
ASC-06,135,-13174.93,-7545.79,250.29,-0.00123
ASC-06,136,-9613.49,-2454.37,255.27,0.001143
ASC-06,137,7527.16,7334.82,254.19,-0.001072
ASC-06,138,12261.14,921.63,251.64,0.001976
ASC-06,139,8261.78,-12011.92,250.46,-0.00301
ASC-06,143,-2410.73,10733.4,252.92,0.000841
ASC-06,144,-7264.79,-702.97,272.43,-0.004189
ASC-06,145,-14051.46,2516.87,250.46,-0.003
ASC-06,146,-6263.99,5368.46,263.05,-0.005172
ASC-06,149,-6784.4,-7450.06,255.06,0.000916
ASC-06,153,-13850.75,1382.25,250.56,-0.00032
ASC-06,154,-11636.41,1497.8,251.89,-0.00416
ASC-06,155,7578.82,-335.19,272.53,0.001568
ASC-06,156,13022.66,12986.26,250.05,0.000484
ASC-06,158,4134.58,-4762.4,295.99,-6e-06
ASC-06,159,4560.34,-14863.35,250.27,0.00097
ASC-06,164,12950.09,4984.78,250.67,0.001892
ASC-06,165,14913.62,-667.98,250.38,-0.000498
ASC-06,167,-11520.12,-11816.09,250.14,0.003526
ASC-06,168,-5478.2,-2635.63,295.16,-0.006249
ASC-06,169,3892.73,9274.55,255.19,-0.001615
ASC-06,170,11136.33,5399.96,251.53,0.00102
ASC-06,171,-2363.82,1310.75,533.77,-0.018132
ASC-06,176,2860.42,10452.43,253.33,0.0027
ASC-06,177,3480.85,-9705.26,254.88,0.001045
ASC-06,178,-745.39,-3054.41,499.27,-0.013072
ASC-06,179,-4198.23,14193.67,250.35,8e-05
ASC-06,182,-10337.38,12580.53,250.15,-0.001608
ASC-06,183,-14975.49,1212.18,250.3,-0.002969
ASC-06,186,-10135.86,-7416.08,251.25,-0.00085
ASC-06,187,-4865.41,401.1,335.21,-0.006476
ASC-06,189,7179.37,-76.65,278.19,0.004105
ASC-06,190,9551.41,-5299.05,253.56,0.00243
ASC-06,191,9425.89,-3128.28,256.17,-0.000729
ASC-06,192,-5316.65,-12235.37,250.85,-0.002179
ASC-06,193,984.08,-14882.39,250.37,-0.002406
ASC-06,195,3368.44,-3666.54,346.26,-0.002535
ASC-06,196,2395.81,6712.63,276.3,0.000405
ASC-06,199,11929.1,-5830.19,250.96,-0.001331
ASC-06,200,-6894.18,4456.13,263.32,-0.001807
ASC-06,202,-6346.6,4615.84,266.3,-0.00143
ASC-06,203,9030.8,2297.35,258.47,0.002422
ASC-06,204,-5513.11,-877.21,308.38,-0.006791
ASC-06,208,-11432.08,861.56,252.2,-0.001737
ASC-06,212,1138.84,199.18,1041.08,-0.018704
ASC-06,214,-7117.76,5260.82,259.33,-0.002414
ASC-06,216,-479.95,2592.96,554.47,-0.012408
ASC-06,217,-10267.86,14161.93,250.08,-0.000811
ASC-06,218,-1782.47,3272.88,413.09,-0.007575
ASC-06,219,-12347.39,9010.22,250.26,-0.001364
ASC-06,220,-21.86,-14868.76,250.38,-0.000994
ASC-06,223,-206.61,-9332.42,258.17,-0.0031
ASC-06,224,2069.87,1425.43,610.98,-0.001884
ASC-06,225,641.5,-4752.6,352.93,-0.005371
ASC-06,226,-9585.28,-939.48,256.14,-0.002219
ASC-06,227,-8404.85,-12453.75,250.33,2.1e-05
ASC-06,228,-7028.09,6508.96,256.24,-0.003259
ASC-06,229,14984.49,-7273.72,250.15,-0.000333
ASC-06,230,49.12,-5093.19,336.36,-0.006768
ASC-06,231,6218.69,-10139.48,252.05,0.001717
ASC-06,232,-8915.22,-7493.72,252.09,-0.002839
ASC-06,233,606.27,-10596.49,254.04,-0.000999
ASC-06,234,-1872.99,14742.88,250.34,0.000314
ASC-06,235,-8925.93,9283.9,251.0,0.001774
ASC-06,236,-8416.52,7558.67,252.38,-0.000338
ASC-06,237,-7781.77,-12435.57,250.4,-0.00167
ASC-06,238,7158.4,-7426.89,254.97,0.003872
ASC-06,239,7322.92,12567.14,250.43,0.001247
ASC-06,240,11019.95,11822.96,250.18,-0.001857
ASC-06,241,-4901.3,-9670.69,253.39,0.000122
ASC-06,242,565.35,2776.7,531.6,-0.007005
ASC-06,243,6794.74,5142.87,262.79,0.00139
ASC-06,245,10814.72,-5083.11,252.01,0.001002
ASC-06,246,-14348.21,-7340.46,250.17,-0.002886
ASC-06,247,5885.98,6323.27,261.8,0.000657
ASC-06,249,481.59,6630.87,283.5,0.001626
ASC-06,250,-3225.09,-14293.06,250.42,0.001132
ASC-06,251,-1431.22,1033.13,728.16,-0.020816
ASC-06,252,8031.95,11492.91,250.59,0.00317
ASC-06,253,-12282.12,-11217.62,250.13,-0.002399
ASC-06,254,-13528.9,-14903.42,250.02,-0.000545
ASC-06,255,13134.32,6809.04,250.4,0.001132
ASC-06,256,-412.89,-9301.03,258.26,-0.004752
ASC-06,260,4987.03,-2598.35,317.67,0.001403
ASC-06,261,11831.71,-14471.51,250.05,0.002169
ASC-06,262,-3281.01,-6224.36,278.07,-0.000575
ASC-06,263,-11121.62,-1377.89,252.56,-0.002257
ASC-06,266,6431.22,4663.93,267.66,0.002994
ASC-06,267,9030.99,7469.27,252.16,0.000532
ASC-06,268,13894.63,-11799.47,250.06,0.001148
ASC-06,269,-9874.35,12384.18,250.19,0.001435
ASC-06,270,-7116.72,-4268.31,263.26,-0.000365
ASC-06,273,-1931.03,5625.77,297.95,-0.000969
ASC-06,275,10162.73,7671.57,251.23,0.00439
ASC-06,276,-11413.51,-5185.77,251.25,0.001933
ASC-06,278,-12258.44,5225.13,250.78,0.000908
ASC-06,279,297.06,-3312.6,481.94,-0.010967
ASC-06,281,-4225.76,-14099.1,250.4,-0.000233
ASC-06,282,-196.53,6545.31,285.11,-0.001009
ASC-06,284,-3247.31,-13936.63,250.51,0.000282
ASC-06,287,10976.3,11587.23,250.2,-0.000212
ASC-06,288,1940.61,4081.41,363.0,0.003542
ASC-06,290,14983.28,11546.71,250.04,0.000674
ASC-06,291,-11418.1,13130.23,250.08,-0.00276
ASC-06,292,11445.91,413.76,252.62,0.000123
ASC-06,293,3820.02,-14000.5,250.47,0.00242
ASC-06,295,2732.34,-13561.28,250.68,0.002807
ASC-06,296,1578.52,-13035.75,251.0,-0.002445
ASC-06,297,-14704.53,86.85,250.36,0.00168
ASC-06,299,8252.73,-12151.15,250.43,0.000135
ASC-06,302,-8653.27,12691.9,250.25,-0.002503
ASC-06,304,-14181.97,13977.75,250.02,0.002319
ASC-06,305,5723.91,-8829.57,254.4,0.001445
ASC-06,306,1020.1,2106.98,628.65,-0.00843
ASC-06,307,-3465.21,-7940.07,261.45,-0.002947
ASC-06,308,-2391.36,-4064.31,351.37,-0.00965
ASC-06,310,-12012.51,14662.05,250.03,0.000381
ASC-06,311,12818.2,13478.69,250.05,-0.000775
ASC-06,313,4893.33,-12707.01,250.78,0.000366
ASC-06,314,-11878.35,-8502.11,250.4,0.00288
ASC-06,316,5895.02,-6192.08,263.25,-0.000129
ASC-06,318,12105.38,-3292.77,251.44,0.000504
ASC-06,319,11342.29,-1567.78,252.64,-0.001309
ASC-06,323,-14865.08,-620.85,250.33,0.00177
ASC-06,325,13888.16,2750.5,250.58,0.003373
ASC-06,327,13287.03,-11763.16,250.08,-0.000439
ASC-06,328,-6489.59,2329.15,277.67,-0.001767
ASC-06,329,9377.25,5866.37,253.14,-0.000983
ASC-06,330,10938.13,-11823.8,250.2,0.002483
ASC-06,331,-9654.37,-4.74,256.03,-0.002068
ASC-06,332,-4737.99,-11455.41,251.44,0.001037
ASC-06,333,13705.34,-4793.79,250.48,-0.001842
ASC-06,335,6065.05,4970.94,268.6,0.001071
ASC-06,336,-7968.52,-2385.73,262.88,0.00049
ASC-06,337,6972.77,9904.37,251.69,0.001213
ASC-06,339,-7077.96,-8840.25,252.55,-0.002382
ASC-06,340,-7520.68,13154.94,250.29,0.002404
ASC-06,341,-13285.07,-7725.79,250.26,0.00135
ASC-06,342,-934.65,12447.49,251.29,0.000213
ASC-06,343,-14000.18,2998.48,250.45,-0.003227
ASC-06,346,8183.74,10214.08,250.99,0.002507
ASC-06,348,-11304.63,5911.37,251.06,-0.000698
ASC-06,350,-14773.54,9783.79,250.07,0.000948
ASC-06,351,-6003.36,3837.58,274.33,-0.002734
ASC-06,352,4055.07,-1936.39,376.73,0.001835
ASC-06,353,-9594.2,-14987.05,250.07,0.003334
ASC-06,354,12509.72,6647.96,250.56,0.006052
ASC-06,356,-14236.52,-11681.22,250.05,-0.003123
ASC-06,359,-7316.49,4705.99,260.15,-0.002604
ASC-06,360,-11413.68,-1442.64,252.17,-0.004099
ASC-06,362,-459.28,6795.93,280.24,0.002389
ASC-06,363,-3185.21,11532.72,251.7,-0.001178
ASC-06,365,-1040.05,-14976.73,250.35,-0.000138
ASC-06,366,-466.68,3376.32,449.08,-0.008706
ASC-06,368,14928.79,-14327.35,250.02,0.000681
ASC-06,369,4019.46,7796.96,260.68,-0.000374
ASC-06,370,-12648.19,-6713.81,250.47,0.000117
ASC-06,373,13219.4,4486.98,250.64,-0.000833
ASC-06,374,-13077.91,10585.67,250.11,-2.2e-05
ASC-06,375,4523.06,7433.7,261.18,-4.2e-05
ASC-06,376,-2849.95,6272.3,278.26,-0.000138
ASC-06,377,-7637.14,11659.68,250.56,0.001267
ASC-06,378,4262.42,1980.04,358.74,0.000452
ASC-06,380,8117.15,830.32,266.27,0.002192
ASC-06,381,-8499.52,9573.06,251.04,-6e-05
ASC-06,383,-9268.15,-2582.56,256.24,0.002293
ASC-06,384,-8322.34,9500.29,251.15,-0.001412
ASC-06,387,-5510.48,-4662.21,274.49,-0.004005
ASC-06,388,3581.19,10454.4,252.97,0.001548
ASC-06,390,8753.66,1462.09,260.89,0.002291
ASC-06,391,-12304.71,5200.82,250.76,-0.000555
ASC-06,392,13348.07,-13438.15,250.04,-0.002623
ASC-06,393,-3373.16,10322.38,253.14,-0.000917
ASC-06,395,-7653.88,-14219.95,250.18,-0.001815
ASC-06,396,-13327.97,-1011.12,250.77,0.002655
ASC-06,398,-920.53,7323.16,271.95,0.003331
ASC-06,399,-11829.11,-14192.24,250.05,0.000121
ASC-06,400,13999.04,-4659.07,250.42,-0.003924
ASC-06,401,-2197.97,-13510.28,250.72,0.002789
ASC-06,404,12142.62,9089.79,250.32,-0.000308
ASC-06,405,10683.85,-5230.49,252.08,-0.0005
ASC-06,406,-522.52,-14933.0,250.36,-0.000746
ASC-06,408,4761.9,1037.13,350.28,0.003684
ASC-06,409,-4947.36,-8794.5,255.13,-0.002826
ASC-06,410,-10836.88,-10865.94,250.27,-0.001112
ASC-06,411,-1085.14,8219.46,263.23,-0.000904
ASC-06,412,6870.49,2052.75,277.86,0.000683
ASC-06,413,4825.8,-14047.04,250.39,0.000206
ASC-06,415,12402.89,-12554.95,250.08,-0.000493
ASC-06,416,-557.31,8784.42,260.01,-0.001343
ASC-06,417,12208.76,9788.74,250.24,0.001506
ASC-06,418,-2411.83,-6701.8,277.11,-0.001707
ASC-06,419,12213.29,-14735.74,250.04,-0.000122
ASC-06,420,10291.42,1159.96,254.8,0.000513
ASC-06,422,11617.32,-5281.38,251.28,0.002138
ASC-06,424,2436.86,-14223.95,250.49,0.003375
ASC-06,426,3957.1,-12112.31,251.26,-0.000619
ASC-06,428,10958.29,-7442.38,250.98,-0.001086
ASC-06,430,-13117.79,-8270.01,250.24,0.00278
ASC-06,432,-3976.73,196.96,390.67,-0.009207
ASC-06,433,-5162.98,-7517.3,258.73,-0.000225
ASC-06,436,-14063.36,11882.81,250.05,-0.001991
ASC-06,437,14248.91,2226.83,250.5,0.002668
ASC-06,438,11124.3,-64.33,253.15,-0.000343
ASC-06,439,9003.02,-715.43,260.11,0.00023
ASC-06,442,-9480.14,737.84,256.52,-0.001141
ASC-06,443,-14034.75,-9308.78,250.12,-0.000766
ASC-06,444,8848.2,8164.07,251.8,0.00111
ASC-06,446,7491.68,-7902.6,253.61,0.001055
ASC-06,447,-13220.53,3274.3,250.66,-0.002595
ASC-06,449,-2138.05,-4122.89,356.0,-0.007719
ASC-06,450,-3695.76,6166.9,273.78,-0.003073
ASC-06,452,8296.06,-13801.32,250.2,-0.000157
ASC-06,453,-12874.82,-8588.94,250.25,0.000916
ASC-06,454,3343.37,7647.28,263.45,-0.002673
ASC-06,455,1881.29,-11455.43,252.34,-0.001961
ASC-06,456,658.74,4443.6,361.64,-0.002769
ASC-06,458,4485.34,2420.93,336.81,-0.000509
ASC-06,459,6534.64,-5172.61,264.99,0.000306
ASC-06,460,-679.82,-142.02,1131.77,-0.035365
ASC-06,461,268.39,-1253.08,977.2,-0.027813
ASC-06,464,-145.58,-911.49,1107.46,-0.031171
ASC-06,466,-268.39,-355.2,1309.99,-0.034364
ASC-06,468,-702.05,274.47,1088.43,-0.034059
ASC-06,469,1048.6,-404.67,1073.38,-0.019262
ASC-06,470,-372.12,-723.9,1133.31,-0.032218
ASC-06,472,191.49,377.6,1334.59,-0.030063
ASC-06,474,260.42,-38.29,1561.14,-0.030026
ASC-06,475,-958.05,-346.16,993.32,-0.031249
ASC-06,476,-238.34,-1002.7,1052.77,-0.02822
ASC-06,478,1260.49,-613.2,956.17,-0.015237
ASC-06,479,403.69,-462.88,1334.7,-0.031282
ASC-06,480,-797.71,-430.55,1048.6,-0.032323
ASC-06,481,-680.64,-41.03,1132.06,-0.034959
ASC-06,482,-483.56,-1025.64,993.87,-0.029927
ASC-06,484,737.08,-859.55,1064.09,-0.023526
ASC-06,485,-222.8,669.85,1129.19,-0.028191
ASC-06,486,-618.55,870.72,959.85,-0.028691
ASC-06,487,-748.05,-450.39,1066.11,-0.032436
ASC-06,488,111.67,-685.96,1249.16,-0.032026
ASC-06,490,1395.73,-306.93,942.82,-0.013875
ASC-06,493,-339.48,-1119.87,989.31,-0.030338
ASC-06,495,-331.31,-1083.36,1004.45,-0.028475
ASC-06,496,-508.89,-396.89,1182.66,-0.034942
ASC-06,497,-818.98,-648.2,1000.08,-0.031095
ASC-06,499,722.19,59.06,1259.38,-0.027051
ASC-06,502,224.37,-1348.44,941.13,-0.025907
ASC-06,503,-559.72,-408.3,1156.69,-0.035564
ASC-06,504,576.83,-1254.45,949.24,-0.022058
ASC-06,507,401.52,-602.64,1264.34,-0.030869
ASC-06,509,778.84,-1175.37,944.04,-0.01989
ASC-06,510,-362.75,-298.02,1277.3,-0.034023
ASC-06,511,658.37,-379.84,1258.62,-0.027659
ASC-06,512,-515.5,-387.66,1181.6,-0.034415
ASC-06,514,646.85,-578.64,1196.87,-0.026734
ASC-06,517,-914.76,-573.02,979.5,-0.031319
ASC-06,519,587.98,934.4,1007.78,-0.021203
ASC-06,520,-1017.73,-16.2,981.08,-0.032984
ASC-06,521,256.06,14.28,1543.87,-0.030525
ASC-06,522,79.47,-1294.47,962.22,-0.027922
ASC-06,523,55.15,630.78,1189.97,-0.027173
ASC-06,524,-701.97,286.81,1086.23,-0.034346
ASC-06,525,-19.02,-24.35,1518.22,-0.034132
ASC-06,526,-808.12,712.82,951.58,-0.027171
ASC-06,528,-860.53,-832.03,945.36,-0.028754
ASC-06,529,-137.77,802.38,1085.98,-0.026997
ASC-06,531,770.17,782.64,1025.87,-0.021315
ASC-06,532,234.57,115.36,1493.84,-0.029914
ASC-06,533,925.95,658.11,1022.21,-0.017026
ASC-06,534,-239.33,385.59,1249.3,-0.033905
ASC-06,535,420.38,187.32,1383.42,-0.026639
ASC-06,536,499.08,1114.2,951.36,-0.017969
ASC-06,537,706.8,-370.01,1237.77,-0.026637
ASC-06,538,-813.03,-813.01,964.7,-0.030561
ASC-06,539,-36.87,-672.08,1241.58,-0.03223
ASC-06,540,681.86,-1052.34,1006.35,-0.021649
ASC-06,541,770.96,894.49,986.77,-0.018876
ASC-06,542,-284.98,552.25,1164.04,-0.029379
ASC-06,543,-711.2,133.34,1105.19,-0.033434
ASC-06,544,1085.03,-871.45,958.86,-0.020164
ASC-06,545,-208.22,-553.17,1256.79,-0.033083
ASC-06,546,207.02,-316.01,1473.34,-0.029129
ASC-06,547,-937.14,-453.76,989.2,-0.031647
ASC-06,548,-459.05,998.4,953.57,-0.02695
ASC-06,549,-631.25,-277.08,1144.8,-0.035079
ASC-06,550,76.78,489.47,1267.65,-0.028963
ASC-06,554,-599.63,-961.35,986.15,-0.030658
ASC-06,555,567.06,1006.62,983.34,-0.019952
ASC-06,557,512.59,528.16,1194.7,-0.024838
ASC-06,558,-913.03,-189.32,1023.2,-0.031403
ASC-06,560,1045.07,481.58,1028.37,-0.0171
ASC-06,561,-1132.0,-193.27,934.87,-0.030956
ASC-06,562,1013.36,-0.55,1114.85,-0.02099
ASC-06,563,886.53,49.49,1174.05,-0.022957
ASC-06,567,749.59,890.34,992.88,-0.019569
ASC-06,569,-146.19,-783.23,1166.27,-0.03226
ASC-06,570,-171.34,-360.52,1354.61,-0.033507
ASC-06,571,856.56,-561.28,1120.68,-0.023204
ASC-06,572,-646.83,58.85,1143.25,-0.035194
ASC-06,574,1198.0,-573.96,985.52,-0.014932
ASC-06,577,508.33,551.1,1185.46,-0.025256
ASC-06,579,-453.85,-261.22,1236.31,-0.035574
ASC-06,580,-439.94,397.78,1168.26,-0.031588
ASC-06,582,11.97,14.51,1525.75,-0.033695
ASC-06,583,1137.59,153.46,1046.67,-0.018855
ASC-06,584,-30.0,-855.99,1149.35,-0.030192
ASC-06,586,126.59,-902.5,1136.34,-0.029552
ASC-06,587,1085.12,-750.96,988.65,-0.019157
ASC-06,588,-8.61,-444.77,1372.43,-0.032142
ASC-06,590,410.23,174.54,1393.67,-0.027308
ASC-06,591,248.27,-384.24,1422.16,-0.030448
ASC-06,592,-813.75,359.03,1027.34,-0.030727
ASC-06,593,961.19,-525.31,1087.25,-0.021307
ASC-06,595,656.34,-665.5,1160.68,-0.027639
ASC-06,597,260.17,-1030.84,1072.58,-0.028009
ASC-06,599,-76.69,-517.39,1314.79,-0.032967
ASC-06,600,1349.75,78.37,964.74,-0.015861
ASC-06,601,539.63,1014.75,984.11,-0.020543
ASC-06,602,-339.94,-1281.89,930.73,-0.026357
ASC-06,605,3.12,-1.54,1526.29,-0.034421
ASC-06,607,-989.63,119.39,986.19,-0.032491
ASC-06,608,1119.09,288.5,1037.0,-0.018015
ASC-06,609,1280.89,-216.53,993.52,-0.016824
ASC-06,613,-366.4,-368.07,1257.99,-0.035084
ASC-06,615,-805.94,31.66,1070.19,-0.031623
ASC-06,616,1113.51,449.27,1010.14,-0.017058
ASC-06,618,177.42,1110.96,972.28,-0.021398
ASC-06,619,-623.86,122.23,1147.73,-0.035401
ASC-06,620,868.82,876.63,970.14,-0.020812
ASC-06,621,840.42,1016.07,931.68,-0.017132
ASC-06,622,-82.73,31.9,1462.9,-0.035155
ASC-06,623,-126.83,931.96,1031.62,-0.025847
ASC-06,624,140.74,106.75,1511.87,-0.030763
ASC-06,626,-796.13,-965.98,931.38,-0.029789
ASC-06,629,988.48,207.86,1105.53,-0.020027
ASC-06,631,150.53,-538.27,1335.33,-0.031964
ASC-06,632,288.67,-1110.03,1035.9,-0.027376
ASC-06,633,-1011.59,-630.44,935.48,-0.027539
ASC-06,634,-321.02,685.23,1099.81,-0.027123
ASC-06,635,605.38,-851.15,1101.24,-0.025654
ASC-06,636,-368.14,-1086.89,996.3,-0.0292
ASC-06,637,-202.23,-5.91,1396.26,-0.035634
ASC-06,640,-236.57,186.38,1328.6,-0.035517
ASC-06,641,768.01,-1211.17,934.11,-0.019137
ASC-06,643,1378.49,110.54,951.75,-0.015804
ASC-06,644,-227.19,131.58,1350.98,-0.035357
ASC-06,645,281.19,-1002.06,1084.49,-0.027057
ASC-06,646,-507.1,842.92,996.07,-0.027243
ASC-06,648,-321.9,-481.66,1242.23,-0.034454
ASC-06,650,20.08,351.44,1339.97,-0.031966
ASC-06,655,-726.68,-107.18,1110.02,-0.033306
ASC-06,656,-1042.54,207.15,958.23,-0.031069
ASC-06,657,-919.67,-700.4,954.33,-0.029402
ASC-06,658,-683.48,499.06,1046.64,-0.030822
ASC-06,659,377.82,-1104.84,1031.31,-0.025782
ASC-06,661,-342.03,-575.45,1199.85,-0.033851
ASC-06,662,279.71,-1368.87,931.69,-0.024956
ASC-06,665,112.53,-1245.38,982.5,-0.028916
ASC-06,666,588.63,-1050.73,1024.67,-0.025147
ASC-06,667,-280.56,-758.19,1146.0,-0.032551
ASC-06,672,777.2,601.65,1086.83,-0.020231
ASC-06,673,1179.02,427.46,990.12,-0.017642
ASC-06,674,766.89,836.1,1007.97,-0.021581
ASC-06,675,739.2,459.0,1148.38,-0.020693
ASC-06,676,25.51,-726.5,1221.13,-0.031176
ASC-06,677,-797.84,395.6,1026.72,-0.031394
ASC-06,678,-133.84,431.51,1261.55,-0.032523
ASC-06,679,401.07,596.75,1187.5,-0.028053
ASC-07,3,-7156.61,-1976.66,271.13,-0.001472
ASC-07,4,-12684.02,2313.65,250.99,-0.005532
ASC-07,5,13393.97,479.81,250.89,-0.001026
ASC-07,7,-14921.08,10406.94,250.05,-0.01057
ASC-07,8,12312.22,-4746.38,251.01,-0.002894
ASC-07,9,14544.1,-11992.34,250.04,0.004015
ASC-07,10,-6411.1,3784.8,270.36,-0.010876
ASC-07,11,9409.83,10697.29,250.52,-0.006883
ASC-07,12,-12527.76,-11620.94,250.1,-0.003289
ASC-07,13,-1851.6,-14135.37,250.53,-0.004534
ASC-07,14,9531.11,-5419.3,253.48,0.005464
ASC-07,15,-2738.0,-6847.46,273.49,0.001097
ASC-07,16,532.49,-10344.86,254.65,0.008138
ASC-07,17,-11488.8,-6662.16,250.83,-0.002254
ASC-07,18,9420.2,-2267.8,257.05,-0.003353
ASC-07,19,-63.98,-8337.73,264.23,0.005875
ASC-07,21,8300.58,-2746.5,261.94,0.00213
ASC-07,22,14376.85,-3157.37,250.43,-0.001498
ASC-07,23,1150.3,-11683.75,252.17,0.011631
ASC-07,26,-14096.18,1679.53,250.48,0.005438
ASC-07,30,-8306.96,9956.15,250.95,-0.002952
ASC-07,31,1506.85,1762.7,642.65,0.001643
ASC-07,32,6669.82,3541.11,272.22,0.006156
ASC-07,34,1431.05,-6552.57,285.82,-0.004538
ASC-07,35,-13453.84,-7342.99,250.27,0.004609
ASC-07,37,-5378.95,-5544.5,268.64,-0.012028
ASC-07,38,-12781.14,-14163.69,250.03,-0.005109
ASC-07,39,13754.05,-1156.46,250.71,0.003722
ASC-07,41,-1326.51,-2312.8,566.43,0.001215
ASC-07,42,6979.54,1892.82,276.97,0.00564
ASC-07,43,-663.3,12039.64,251.64,-0.002797
ASC-07,44,-11258.36,-10466.19,250.27,-0.008118
ASC-07,45,3137.4,-9470.63,255.87,0.0115
ASC-07,46,7408.09,-14462.6,250.18,-0.007672
ASC-07,47,7324.4,-4333.02,263.61,-0.004234
ASC-07,50,13371.38,-5010.67,250.55,-0.000997
ASC-07,51,11246.09,-12303.04,250.15,-0.00368
ASC-07,54,894.36,12257.57,251.46,0.006399
ASC-07,56,-10182.2,1320.54,254.27,0.005545
ASC-07,58,-1831.55,11276.78,252.32,-0.002628
ASC-07,59,-14950.06,13339.66,250.02,-0.009448
ASC-07,60,-2435.11,-4966.51,314.91,-0.001228
ASC-07,62,13901.68,-6713.5,250.29,0.001061
ASC-07,63,-13364.56,-7134.47,250.29,0.003281
ASC-07,64,12856.38,8236.74,250.3,0.001188
ASC-07,66,2994.01,-11406.58,252.13,-0.001047
ASC-07,67,-9383.13,3779.52,254.62,0.006856
ASC-07,68,8739.13,4852.79,255.71,-0.00474
ASC-07,69,-10154.35,-210.93,254.57,-0.007288
ASC-07,72,-2242.94,5683.75,293.69,0.008546
ASC-07,74,-5905.28,10664.53,251.48,0.002184
ASC-07,76,-4176.96,10261.27,252.76,-0.007699
ASC-07,82,-3031.23,8441.65,258.94,-0.010422
ASC-07,86,224.43,3858.54,406.92,-0.007834
ASC-07,91,7120.29,9385.43,252.04,-0.006251
ASC-07,92,-1330.66,2289.19,546.52,-0.015422
ASC-07,93,5560.01,-14106.1,250.33,0.008158
ASC-07,95,-6129.21,11734.34,250.83,0.003825
ASC-07,96,7895.02,3956.17,260.94,-0.007982
ASC-07,98,1029.43,3554.45,425.36,-0.007297
ASC-07,99,-1055.32,8899.72,259.12,0.003316
ASC-07,102,-3243.98,-10763.73,252.76,0.002849
ASC-07,104,8632.14,5153.68,255.51,0.010687
ASC-07,106,2374.19,-774.95,633.62,-0.011129
ASC-07,107,14470.19,11051.4,250.06,-0.001545
ASC-07,108,4428.82,9077.38,255.1,-0.006404
ASC-07,109,731.87,-5085.21,335.19,0.001304
ASC-07,110,-6486.01,-10388.54,251.54,-0.012191
ASC-07,111,6271.22,3622.27,276.31,0.006776
ASC-07,113,6249.03,-4660.55,270.22,-0.000272
ASC-07,114,8096.8,-8183.3,252.56,0.000392
ASC-07,116,-5600.83,-4414.79,275.62,-0.003777
ASC-07,117,-4271.59,6022.21,271.28,0.001287
ASC-07,121,-9707.67,7600.51,251.35,0.003592
ASC-07,124,4077.08,8813.77,256.32,0.004229
ASC-07,126,13545.88,-13087.57,250.04,-0.00152
ASC-07,127,-1893.01,-6712.17,279.63,0.004522
ASC-07,129,2538.72,4021.43,350.22,0.000889
ASC-07,132,-13709.88,-13672.99,250.03,-0.007321
ASC-07,133,7309.92,11767.76,250.64,-0.001335
ASC-07,134,-7069.62,8498.81,252.76,0.000358
ASC-07,135,-13174.93,-7545.79,250.29,0.003948
ASC-07,136,-9613.49,-2454.37,255.27,0.006638
ASC-07,138,12261.14,921.63,251.64,-0.004091
ASC-07,139,8261.78,-12011.92,250.46,-0.000474
ASC-07,140,-6456.01,8454.98,253.48,-0.007284
ASC-07,141,-103.7,6454.04,287.02,0.003586
ASC-07,142,-11445.62,-14395.85,250.05,0.002467
ASC-07,147,12851.61,11639.95,250.09,0.01246
ASC-07,148,921.41,-51.35,1161.75,-0.021077
ASC-07,149,-6784.4,-7450.06,255.06,0.000834
ASC-07,151,11934.48,11198.04,250.16,0.003351
ASC-07,153,-13850.75,1382.25,250.56,0.005519
ASC-07,156,13022.66,12986.26,250.05,0.012595
ASC-07,157,-12129.37,13486.99,250.05,0.002536
ASC-07,158,4134.58,-4762.4,295.99,0.01077
ASC-07,159,4560.34,-14863.35,250.27,-0.007463
ASC-07,160,790.13,-10171.0,255.09,0.00177
ASC-07,162,5769.49,-2639.51,295.32,0.005426
ASC-07,163,-2096.16,5312.36,304.54,0.007267
ASC-07,164,12950.09,4984.78,250.67,0.003173
ASC-07,166,4097.19,12746.8,250.81,0.005038
ASC-07,171,-2363.82,1310.75,533.77,-0.013857
ASC-07,172,-4171.99,5787.64,274.42,-0.007769
ASC-07,173,3199.12,-14784.55,250.33,-0.00048
ASC-07,176,2860.42,10452.43,253.33,-0.004172
ASC-07,178,-745.39,-3054.41,499.27,-0.013678
ASC-07,180,13447.92,-5592.98,250.47,0.010047
ASC-07,181,9492.16,5518.87,253.3,-0.003692
ASC-07,182,-10337.38,12580.53,250.15,-0.000596
ASC-07,183,-14975.49,1212.18,250.3,-0.004211
ASC-07,185,-2314.99,550.67,590.59,-0.015166
ASC-07,186,-10135.86,-7416.08,251.25,-0.000544
ASC-07,187,-4865.41,401.1,335.21,0.006303
ASC-07,188,5417.15,6522.85,262.83,-0.00482
ASC-07,191,9425.89,-3128.28,256.17,0.006678
ASC-07,192,-5316.65,-12235.37,250.85,-0.004134
ASC-07,193,984.08,-14882.39,250.37,-0.010997
ASC-07,194,7137.69,12896.16,250.39,-0.006595
ASC-07,195,3368.44,-3666.54,346.26,0.00353
ASC-07,196,2395.81,6712.63,276.3,0.000467
ASC-07,197,9368.25,5005.51,254.04,-0.001855
ASC-07,199,11929.1,-5830.19,250.96,0.004522
ASC-07,200,-6894.18,4456.13,263.32,0.005322
ASC-07,201,-11403.08,-132.19,252.28,0.003201
ASC-07,202,-6346.6,4615.84,266.3,0.003628
ASC-07,204,-5513.11,-877.21,308.38,-0.003798
ASC-07,205,7304.54,3947.51,264.63,-0.002136
ASC-07,207,14792.44,-13171.21,250.03,-0.007951
ASC-07,208,-11432.08,861.56,252.2,0.003188
ASC-07,210,-13609.47,7272.0,250.24,-0.006171
ASC-07,212,1138.84,199.18,1041.08,-0.003141
ASC-07,213,-7655.74,-11936.51,250.53,0.008538
ASC-07,216,-479.95,2592.96,554.47,-0.009886
ASC-07,218,-1782.47,3272.88,413.09,-0.005948
ASC-07,219,-12347.39,9010.22,250.26,-0.005056
ASC-07,221,1193.59,-5471.3,316.25,-0.004623
ASC-07,224,2069.87,1425.43,610.98,-0.007025
ASC-07,226,-9585.28,-939.48,256.14,-0.01437
ASC-07,228,-7028.09,6508.96,256.24,-0.007172
ASC-07,229,14984.49,-7273.72,250.15,-0.000296
ASC-07,230,49.12,-5093.19,336.36,0.000512
ASC-07,233,606.27,-10596.49,254.04,0.000136
ASC-07,234,-1872.99,14742.88,250.34,0.006055
ASC-07,235,-8925.93,9283.9,251.0,-0.006255
ASC-07,237,-7781.77,-12435.57,250.4,-0.002799
ASC-07,239,7322.92,12567.14,250.43,-0.013001
ASC-07,241,-4901.3,-9670.69,253.39,0.005025
ASC-07,242,565.35,2776.7,531.6,-0.013252
ASC-07,243,6794.74,5142.87,262.79,0.009466
ASC-07,246,-14348.21,-7340.46,250.17,-0.010114
ASC-07,247,5885.98,6323.27,261.8,-0.003285
ASC-07,248,-11066.16,-5259.26,251.46,-0.003093
ASC-07,251,-1431.22,1033.13,728.16,-0.024228
ASC-07,254,-13528.9,-14903.42,250.02,-0.008387
ASC-07,255,13134.32,6809.04,250.4,-4.5e-05
ASC-07,256,-412.89,-9301.03,258.26,0.000551
ASC-07,259,92.72,-160.93,1574.97,-0.02044
ASC-07,262,-3281.01,-6224.36,278.07,-3e-06
ASC-07,263,-11121.62,-1377.89,252.56,-0.004118
ASC-07,264,7708.35,487.53,270.77,0.002556
ASC-07,265,-5859.53,-5412.18,266.13,-0.00571
ASC-07,267,9030.99,7469.27,252.16,0.007939
ASC-07,269,-9874.35,12384.18,250.19,-0.003563
ASC-07,273,-1931.03,5625.77,297.95,0.00466
ASC-07,275,10162.73,7671.57,251.23,0.001007
ASC-07,276,-11413.51,-5185.77,251.25,-0.00127
ASC-07,277,-11736.21,-14148.91,250.05,-0.005352
ASC-07,280,-8680.83,10504.72,250.66,-0.00869
ASC-07,281,-4225.76,-14099.1,250.4,-0.00192
ASC-07,282,-196.53,6545.31,285.11,0.009414
ASC-07,283,880.35,-1534.14,816.91,-0.006296
ASC-07,288,1940.61,4081.41,363.0,0.002588
ASC-07,290,14983.28,11546.71,250.04,0.004151
ASC-07,292,11445.91,413.76,252.62,0.004348
ASC-07,295,2732.34,-13561.28,250.68,0.006133
ASC-07,296,1578.52,-13035.75,251.0,-0.00676
ASC-07,297,-14704.53,86.85,250.36,0.000127
ASC-07,299,8252.73,-12151.15,250.43,-0.001009
ASC-07,300,4062.92,4392.63,301.56,0.010531
ASC-07,301,-11106.05,7225.15,250.81,-0.000905
ASC-07,302,-8653.27,12691.9,250.25,-0.003774
ASC-07,303,5854.39,-1532.27,303.2,-0.007218
ASC-07,305,5723.91,-8829.57,254.4,0.004207
ASC-07,307,-3465.21,-7940.07,261.45,-0.010127
ASC-07,308,-2391.36,-4064.31,351.37,-0.001399
ASC-07,309,-645.32,-7453.13,272.74,-0.01506
ASC-07,310,-12012.51,14662.05,250.03,-0.000422
ASC-07,311,12818.2,13478.69,250.05,0.000202
ASC-07,312,-2371.65,2175.06,463.76,-0.003107
ASC-07,315,11370.01,-9995.63,250.34,0.010142
ASC-07,316,5895.02,-6192.08,263.25,0.003908
ASC-07,321,-6641.66,-2217.72,276.81,0.011183
ASC-07,322,9768.11,594.17,256.6,-0.001357
ASC-07,325,13888.16,2750.5,250.58,-0.002782
ASC-07,327,13287.03,-11763.16,250.08,-0.003055
ASC-07,328,-6489.59,2329.15,277.67,-0.008508
ASC-07,331,-9654.37,-4.74,256.03,-0.021863
ASC-07,332,-4737.99,-11455.41,251.44,0.006769
ASC-07,333,13705.34,-4793.79,250.48,-0.004133
ASC-07,336,-7968.52,-2385.73,262.88,-0.003208
ASC-07,337,6972.77,9904.37,251.69,-0.008207
ASC-07,338,-13819.2,10690.07,250.08,0.00387
ASC-07,341,-13285.07,-7725.79,250.26,0.005693
ASC-07,342,-934.65,12447.49,251.29,-0.000793
ASC-07,345,-370.82,-4983.37,340.45,0.006088
ASC-07,348,-11304.63,5911.37,251.06,0.003379
ASC-07,350,-14773.54,9783.79,250.07,-0.003218
ASC-07,352,4055.07,-1936.39,376.73,0.00517
ASC-07,354,12509.72,6647.96,250.56,-0.006189
ASC-07,355,4042.25,2221.64,363.53,0.002939
ASC-07,356,-14236.52,-11681.22,250.05,0.003895
ASC-07,361,-6704.72,8927.74,252.6,0.004374
ASC-07,362,-459.28,6795.93,280.24,0.013077
ASC-07,364,-7697.39,11487.62,250.59,-0.006587
ASC-07,365,-1040.05,-14976.73,250.35,-0.004005
ASC-07,366,-466.68,3376.32,449.08,-0.001505
ASC-07,368,14928.79,-14327.35,250.02,-0.007573
ASC-07,370,-12648.19,-6713.81,250.47,0.00113
ASC-07,371,-10460.93,1771.88,253.53,0.007527
ASC-07,373,13219.4,4486.98,250.64,0.010335
ASC-07,375,4523.06,7433.7,261.18,-0.000378
ASC-07,376,-2849.95,6272.3,278.26,-0.006647
ASC-07,377,-7637.14,11659.68,250.56,-0.010299
ASC-07,379,7711.12,-8431.64,252.68,0.002608
ASC-07,381,-8499.52,9573.06,251.04,-0.014148
ASC-07,384,-8322.34,9500.29,251.15,-0.016416
ASC-07,386,682.86,-13434.14,250.83,-0.002559
ASC-07,389,14147.14,-11523.22,250.06,0.002207
ASC-07,390,8753.66,1462.09,260.89,-0.000744
ASC-07,392,13348.07,-13438.15,250.04,-0.013802
ASC-07,393,-3373.16,10322.38,253.14,-0.007483
ASC-07,394,-9687.26,8568.36,250.97,0.002588
ASC-07,395,-7653.88,-14219.95,250.18,-0.003275
ASC-07,397,-6526.48,-2455.44,277.31,0.003911
ASC-07,398,-920.53,7323.16,271.95,-0.001387
ASC-07,399,-11829.11,-14192.24,250.05,-0.010125
ASC-07,400,13999.04,-4659.07,250.42,0.001057
ASC-07,401,-2197.97,-13510.28,250.72,0.001773
ASC-07,402,1135.44,379.58,1015.21,-0.005644
ASC-07,404,12142.62,9089.79,250.32,0.005504
ASC-07,405,10683.85,-5230.49,252.08,0.001693
ASC-07,406,-522.52,-14933.0,250.36,0.003686
ASC-07,407,-14969.41,-6101.23,250.17,-0.001424
ASC-07,408,4761.9,1037.13,350.28,-0.000354
ASC-07,409,-4947.36,-8794.5,255.13,0.008118
ASC-07,411,-1085.14,8219.46,263.23,-0.007568
ASC-07,412,6870.49,2052.75,277.86,0.002831
ASC-07,415,12402.89,-12554.95,250.08,0.002641
ASC-07,418,-2411.83,-6701.8,277.11,-0.003899
ASC-07,419,12213.29,-14735.74,250.04,-0.00727
ASC-07,426,3957.1,-12112.31,251.26,-0.000356
ASC-07,427,4275.77,-1469.01,374.68,-0.003686
ASC-07,428,10958.29,-7442.38,250.98,-0.001257
ASC-07,430,-13117.79,-8270.01,250.24,0.004148
ASC-07,432,-3976.73,196.96,390.67,-0.012663
ASC-07,433,-5162.98,-7517.3,258.73,-0.005722
ASC-07,434,5170.85,4621.76,280.65,0.001155
ASC-07,435,-13797.65,-6284.98,250.29,0.004897
ASC-07,439,9003.02,-715.43,260.11,0.006728
ASC-07,441,-3341.57,1334.94,422.65,-0.009597
ASC-07,442,-9480.14,737.84,256.52,-0.004869
ASC-07,445,-7369.08,-3548.55,264.07,1.3e-05
ASC-07,448,-7653.17,4081.53,260.29,0.000141
ASC-07,449,-2138.05,-4122.89,356.0,-0.007658
ASC-07,451,-8794.1,-9033.13,251.24,0.003692
ASC-07,452,8296.06,-13801.32,250.2,-0.006187
ASC-07,453,-12874.82,-8588.94,250.25,0.006564
ASC-07,456,658.74,4443.6,361.64,-0.00267
ASC-07,460,-679.82,-142.02,1131.77,-0.010143
ASC-07,464,-145.58,-911.49,1107.46,-0.020681
ASC-07,466,-268.39,-355.2,1309.99,-0.024433
ASC-07,468,-702.05,274.47,1088.43,-0.014829
ASC-07,471,134.28,185.46,1457.72,-0.016857
ASC-07,474,260.42,-38.29,1561.14,-0.019244
ASC-07,476,-238.34,-1002.7,1052.77,-0.022367
ASC-07,482,-483.56,-1025.64,993.87,-0.022571
ASC-07,486,-618.55,870.72,959.85,-0.002887
ASC-07,491,-1079.42,-244.59,952.84,-0.016257
ASC-07,493,-339.48,-1119.87,989.31,-0.023635
ASC-07,495,-331.31,-1083.36,1004.45,-0.020815
ASC-07,500,-761.09,-431.03,1063.87,-0.020813
ASC-07,503,-559.72,-408.3,1156.69,-0.025401
ASC-07,505,142.66,-707.4,1237.96,-0.021341
ASC-07,506,-605.78,37.47,1165.35,-0.010171
ASC-07,507,401.52,-602.64,1264.34,-0.020546
ASC-07,510,-362.75,-298.02,1277.3,-0.01774
ASC-07,511,658.37,-379.84,1258.62,-0.022271
ASC-07,512,-515.5,-387.66,1181.6,-0.024599
ASC-07,514,646.85,-578.64,1196.87,-0.018568
ASC-07,517,-914.76,-573.02,979.5,-0.014509
ASC-07,518,661.14,-665.61,1159.04,-0.02284
ASC-07,519,587.98,934.4,1007.78,-0.009682
ASC-07,521,256.06,14.28,1543.87,-0.017658
ASC-07,523,55.15,630.78,1189.97,-0.017866
ASC-07,525,-19.02,-24.35,1518.22,-0.013215
ASC-07,528,-860.53,-832.03,945.36,-0.009775
ASC-07,529,-137.77,802.38,1085.98,-0.009738
ASC-07,532,234.57,115.36,1493.84,-0.013453
ASC-07,536,499.08,1114.2,951.36,-0.00741
ASC-07,538,-813.03,-813.01,964.7,-0.009775
ASC-07,539,-36.87,-672.08,1241.58,-0.019228
ASC-07,543,-711.2,133.34,1105.19,-0.014895
ASC-07,544,1085.03,-871.45,958.86,-0.011257
ASC-07,545,-208.22,-553.17,1256.79,-0.022716
ASC-07,546,207.02,-316.01,1473.34,-0.025151
ASC-07,548,-459.05,998.4,953.57,0.003824
ASC-07,549,-631.25,-277.08,1144.8,-0.019085
ASC-07,550,76.78,489.47,1267.65,-0.018971
ASC-07,551,149.01,-691.91,1246.53,-0.021006
ASC-07,552,-389.64,-834.53,1086.2,-0.017523
ASC-07,553,-349.22,1095.86,938.51,0.003301
ASC-07,556,468.71,-813.02,1148.0,-0.020964
ASC-07,558,-913.03,-189.32,1023.2,-0.017398
ASC-07,560,1045.07,481.58,1028.37,-0.007249
ASC-07,561,-1132.0,-193.27,934.87,-0.018411
ASC-07,562,1013.36,-0.55,1114.85,-0.010704
ASC-07,563,886.53,49.49,1174.05,-0.015181
ASC-07,564,94.65,228.71,1426.13,-0.01314
ASC-07,565,675.04,-473.24,1222.43,-0.017081
ASC-07,566,1239.02,114.01,1007.25,-0.002912
ASC-07,568,107.12,537.01,1242.88,-0.013491
ASC-07,570,-171.34,-360.52,1354.61,-0.021056
ASC-07,571,856.56,-561.28,1120.68,-0.015548
ASC-07,572,-646.83,58.85,1143.25,-0.014311
ASC-07,573,-860.2,660.03,948.22,-0.011224
ASC-07,575,-983.67,426.46,952.34,-0.015996
ASC-07,579,-453.85,-261.22,1236.31,-0.01507
ASC-07,585,-264.18,-720.55,1166.4,-0.026001
ASC-07,587,1085.12,-750.96,988.65,-0.022429
ASC-07,588,-8.61,-444.77,1372.43,-0.02577
ASC-07,590,410.23,174.54,1393.67,-0.009319
ASC-07,591,248.27,-384.24,1422.16,-0.02874
ASC-07,592,-813.75,359.03,1027.34,-0.014787
ASC-07,595,656.34,-665.5,1160.68,-0.023769
ASC-07,597,260.17,-1030.84,1072.58,-0.020355
ASC-07,602,-339.94,-1281.89,930.73,-0.016622
ASC-07,610,749.58,40.71,1246.69,-0.016374
ASC-07,611,-831.56,-707.26,982.95,-0.017384
ASC-07,612,-905.28,192.37,1014.14,-0.019994
ASC-07,613,-366.4,-368.07,1257.99,-0.019761
ASC-07,614,696.46,-1063.98,999.14,-0.017516
ASC-07,616,1113.51,449.27,1010.14,-0.008905
ASC-07,617,-40.42,-546.07,1308.41,-0.023155
ASC-07,618,177.42,1110.96,972.28,-9e-05
ASC-07,619,-623.86,122.23,1147.73,-0.010466
ASC-07,620,868.82,876.63,970.14,-0.00832
ASC-07,622,-82.73,31.9,1462.9,-0.01118
ASC-07,627,759.0,783.65,1028.31,-0.011023
ASC-07,628,1226.86,182.92,1006.27,-0.00047
ASC-07,629,988.48,207.86,1105.53,-0.008372
ASC-07,631,150.53,-538.27,1335.33,-0.02991
ASC-07,632,288.67,-1110.03,1035.9,-0.022932
ASC-07,634,-321.02,685.23,1099.81,-0.004792
ASC-07,635,605.38,-851.15,1101.24,-0.016117
ASC-07,636,-368.14,-1086.89,996.3,-0.022501
ASC-07,639,1134.14,-848.22,949.68,-0.017619
ASC-07,642,1038.81,-840.24,981.03,-0.011497
ASC-07,643,1378.49,110.54,951.75,-0.004602
ASC-07,644,-227.19,131.58,1350.98,-0.016016
ASC-07,646,-507.1,842.92,996.07,-0.00524
ASC-07,647,983.63,714.35,988.42,-0.006604
ASC-07,648,-321.9,-481.66,1242.23,-0.02499
ASC-07,649,1085.35,-963.67,934.96,-0.006271
ASC-07,650,20.08,351.44,1339.97,-0.011293
ASC-07,653,-1031.74,-179.26,974.44,-0.021754
ASC-07,654,463.19,-1271.26,956.22,-0.020858
ASC-07,658,-683.48,499.06,1046.64,-0.007528
ASC-07,659,377.82,-1104.84,1031.31,-0.017745
ASC-07,660,-80.52,-332.38,1407.86,-0.021499
ASC-07,661,-342.03,-575.45,1199.85,-0.027434
ASC-07,662,279.71,-1368.87,931.69,-0.015573
ASC-07,665,112.53,-1245.38,982.5,-0.023522
ASC-07,666,588.63,-1050.73,1024.67,-0.020184
ASC-07,667,-280.56,-758.19,1146.0,-0.025788
ASC-07,670,706.33,163.14,1249.17,-0.020774
ASC-07,672,777.2,601.65,1086.83,-0.01655
ASC-07,675,739.2,459.0,1148.38,-0.01046
ASC-07,677,-797.84,395.6,1026.72,-0.011148
ASC-07,678,-133.84,431.51,1261.55,-0.014993
ASC-08,1,10659.08,2429.92,253.46,0.001055
ASC-08,2,9330.7,1357.17,258.02,-0.000799
ASC-08,3,-7156.61,-1976.66,271.13,-0.003761
ASC-08,4,-12684.02,2313.65,250.99,0.000737
ASC-08,5,13393.97,479.81,250.89,0.001467
ASC-08,6,3413.75,-6427.88,276.54,-0.002741
ASC-08,11,9409.83,10697.29,250.52,-0.001631
ASC-08,14,9531.11,-5419.3,253.48,-0.00075
ASC-08,15,-2738.0,-6847.46,273.49,0.0012
ASC-08,16,532.49,-10344.86,254.65,0.001432
ASC-08,17,-11488.8,-6662.16,250.83,0.001432
ASC-08,18,9420.2,-2267.8,257.05,-0.001816
ASC-08,19,-63.98,-8337.73,264.23,0.001528
ASC-08,20,-7551.62,944.11,268.69,0.000889
ASC-08,21,8300.58,-2746.5,261.94,-0.002157
ASC-08,22,14376.85,-3157.37,250.43,0.00147
ASC-08,23,1150.3,-11683.75,252.17,-0.002825
ASC-08,24,7114.51,7663.27,254.3,-0.000533
ASC-08,25,14782.82,3601.63,250.32,0.000419
ASC-08,26,-14096.18,1679.53,250.48,0.0
ASC-08,27,2969.33,-5649.8,293.64,0.001088
ASC-08,28,14018.86,14929.3,250.02,0.000308
ASC-08,31,1506.85,1762.7,642.65,-0.003558
ASC-08,32,6669.82,3541.11,272.22,0.001579
ASC-08,34,1431.05,-6552.57,285.82,0.000997
ASC-08,35,-13453.84,-7342.99,250.27,0.001255
ASC-08,37,-5378.95,-5544.5,268.64,-0.00329
ASC-08,40,4790.14,10839.95,251.92,0.000338
ASC-08,42,6979.54,1892.82,276.97,-0.00207
ASC-08,44,-11258.36,-10466.19,250.27,-0.002034
ASC-08,45,3137.4,-9470.63,255.87,0.001634
ASC-08,46,7408.09,-14462.6,250.18,-0.001372
ASC-08,48,1547.02,-11129.15,252.88,-0.003086
ASC-08,50,13371.38,-5010.67,250.55,-0.00271
ASC-08,52,-3850.69,6817.46,266.68,-0.000868
ASC-08,54,894.36,12257.57,251.46,-0.000925
ASC-08,58,-1831.55,11276.78,252.32,-0.000218
ASC-08,61,-3003.03,-8511.82,259.42,0.00174
ASC-08,62,13901.68,-6713.5,250.29,-0.001263
ASC-08,63,-13364.56,-7134.47,250.29,-0.000457
ASC-08,65,12249.58,3661.0,251.23,0.000999
ASC-08,69,-10154.35,-210.93,254.57,-0.001577
ASC-08,71,4992.69,-12862.81,250.7,0.002285
ASC-08,72,-2242.94,5683.75,293.69,-0.001515
ASC-08,73,-1172.24,-13283.67,250.88,-0.001417
ASC-08,75,-13882.88,1024.1,250.56,-0.003005
ASC-08,76,-4176.96,10261.27,252.76,-0.001737
ASC-08,78,9904.85,-8999.62,250.91,-0.002955
ASC-08,79,-12568.14,10057.46,250.17,-0.002869
ASC-08,80,1589.42,-12313.67,251.49,-0.003084
ASC-08,81,-4386.21,-5360.34,279.28,-0.005037
ASC-08,83,14636.83,10649.19,250.06,-0.001416
ASC-08,84,9277.05,-10801.03,250.56,-0.005619
ASC-08,85,209.37,-13049.28,251.04,-0.00083
ASC-08,88,-3745.71,-6140.44,275.58,-0.003479
ASC-08,89,8457.05,-13398.23,250.23,0.001023
ASC-08,93,5560.01,-14106.1,250.33,-0.001762
ASC-08,94,10119.03,-12763.51,250.18,-0.002924
ASC-08,96,7895.02,3956.17,260.94,-0.000546
ASC-08,97,-539.9,-9719.17,256.52,-0.001143
ASC-08,99,-1055.32,8899.72,259.12,0.000263
ASC-08,102,-3243.98,-10763.73,252.76,0.000802
ASC-08,103,-9561.08,10483.56,250.48,-0.001197
ASC-08,104,8632.14,5153.68,255.51,0.00075
ASC-08,106,2374.19,-774.95,633.62,-0.003197
ASC-08,107,14470.19,11051.4,250.06,-0.00215
ASC-08,108,4428.82,9077.38,255.1,-0.000496
ASC-08,109,731.87,-5085.21,335.19,-0.004172
ASC-08,111,6271.22,3622.27,276.31,0.001438
ASC-08,112,13812.38,-8821.42,250.17,4.7e-05
ASC-08,113,6249.03,-4660.55,270.22,-0.003727
ASC-08,114,8096.8,-8183.3,252.56,-0.00118
ASC-08,116,-5600.83,-4414.79,275.62,0.000743
ASC-08,117,-4271.59,6022.21,271.28,-0.000761
ASC-08,119,11798.0,-9879.35,250.3,-0.000958
ASC-08,121,-9707.67,7600.51,251.35,-0.004434
ASC-08,122,994.22,-1429.55,828.17,-0.00828
ASC-08,123,-7209.62,-13957.69,250.23,-0.001234
ASC-08,124,4077.08,8813.77,256.32,-0.00068
ASC-08,125,-4839.77,6657.43,263.28,0.003764
ASC-08,127,-1893.01,-6712.17,279.63,-0.003214
ASC-08,128,2480.25,7811.37,264.48,-0.002116
ASC-08,129,2538.72,4021.43,350.22,0.001066
ASC-08,130,-2585.13,-10677.63,253.2,-0.001441
ASC-08,132,-13709.88,-13672.99,250.03,-0.00302
ASC-08,133,7309.92,11767.76,250.64,-0.000914
ASC-08,134,-7069.62,8498.81,252.76,-0.000141
ASC-08,135,-13174.93,-7545.79,250.29,-0.001828
ASC-08,136,-9613.49,-2454.37,255.27,-0.003404
ASC-08,137,7527.16,7334.82,254.19,0.00159
ASC-08,139,8261.78,-12011.92,250.46,9.1e-05
ASC-08,141,-103.7,6454.04,287.02,-0.001279
ASC-08,142,-11445.62,-14395.85,250.05,-0.001738
ASC-08,143,-2410.73,10733.4,252.92,0.001053
ASC-08,144,-7264.79,-702.97,272.43,-0.004042
ASC-08,145,-14051.46,2516.87,250.46,0.00168
ASC-08,149,-6784.4,-7450.06,255.06,-0.000963
ASC-08,151,11934.48,11198.04,250.16,-0.002173
ASC-08,152,-12255.03,3951.72,251.0,0.002051
ASC-08,153,-13850.75,1382.25,250.56,-0.001279
ASC-08,154,-11636.41,1497.8,251.89,-0.00045
ASC-08,155,7578.82,-335.19,272.53,0.002895
ASC-08,157,-12129.37,13486.99,250.05,0.000658
ASC-08,158,4134.58,-4762.4,295.99,0.000597
ASC-08,160,790.13,-10171.0,255.09,0.000219
ASC-08,161,-14884.34,-7407.8,250.13,0.003371
ASC-08,164,12950.09,4984.78,250.67,-0.001617
ASC-08,166,4097.19,12746.8,250.81,0.002722
ASC-08,167,-11520.12,-11816.09,250.14,0.001146
ASC-08,168,-5478.2,-2635.63,295.16,-0.002784
ASC-08,169,3892.73,9274.55,255.19,0.001173
ASC-08,172,-4171.99,5787.64,274.42,0.00153
ASC-08,173,3199.12,-14784.55,250.33,-0.00141
ASC-08,174,10653.43,6300.25,251.52,-0.00021
ASC-08,175,-9146.6,431.98,257.94,-0.000594
ASC-08,177,3480.85,-9705.26,254.88,-0.002585
ASC-08,178,-745.39,-3054.41,499.27,-0.007241
ASC-08,179,-4198.23,14193.67,250.35,-0.002736
ASC-08,180,13447.92,-5592.98,250.47,0.002794
ASC-08,181,9492.16,5518.87,253.3,0.000661
ASC-08,182,-10337.38,12580.53,250.15,-0.000251
ASC-08,183,-14975.49,1212.18,250.3,-0.000806
ASC-08,184,-7256.47,395.79,272.67,-0.002635
ASC-08,185,-2314.99,550.67,590.59,-0.012872
ASC-08,186,-10135.86,-7416.08,251.25,-0.001121
ASC-08,190,9551.41,-5299.05,253.56,-0.001719
ASC-08,192,-5316.65,-12235.37,250.85,0.000161
ASC-08,193,984.08,-14882.39,250.37,-0.00024
ASC-08,194,7137.69,12896.16,250.39,-0.001296
ASC-08,195,3368.44,-3666.54,346.26,0.001012
ASC-08,196,2395.81,6712.63,276.3,-0.000914
ASC-08,197,9368.25,5005.51,254.04,0.001565
ASC-08,198,13356.58,-6816.96,250.37,0.001641
ASC-08,199,11929.1,-5830.19,250.96,0.001925
ASC-08,200,-6894.18,4456.13,263.32,-0.000416
ASC-08,202,-6346.6,4615.84,266.3,-0.002884
ASC-08,205,7304.54,3947.51,264.63,-0.001777
ASC-08,206,2771.68,-1457.08,520.17,-0.004277
ASC-08,207,14792.44,-13171.21,250.03,0.000475
ASC-08,210,-13609.47,7272.0,250.24,-0.000558
ASC-08,211,4186.22,-6994.42,266.38,-0.002404
ASC-08,212,1138.84,199.18,1041.08,-0.009057
ASC-08,217,-10267.86,14161.93,250.08,-0.000279
ASC-08,218,-1782.47,3272.88,413.09,-0.002849
ASC-08,221,1193.59,-5471.3,316.25,0.000254
ASC-08,223,-206.61,-9332.42,258.17,-0.001292
ASC-08,225,641.5,-4752.6,352.93,-0.000975
ASC-08,227,-8404.85,-12453.75,250.33,-0.004418
ASC-08,229,14984.49,-7273.72,250.15,0.001437
ASC-08,230,49.12,-5093.19,336.36,-0.003335
ASC-08,232,-8915.22,-7493.72,252.09,0.000153
ASC-08,233,606.27,-10596.49,254.04,-0.001037
ASC-08,235,-8925.93,9283.9,251.0,-0.001888
ASC-08,236,-8416.52,7558.67,252.38,0.000664
ASC-08,237,-7781.77,-12435.57,250.4,-0.003362
ASC-08,239,7322.92,12567.14,250.43,-0.003015
ASC-08,240,11019.95,11822.96,250.18,-1.6e-05
ASC-08,241,-4901.3,-9670.69,253.39,-0.001423
ASC-08,244,1830.79,-2540.96,517.36,-0.003153
ASC-08,245,10814.72,-5083.11,252.01,-0.00187
ASC-08,247,5885.98,6323.27,261.8,0.001305
ASC-08,249,481.59,6630.87,283.5,-0.001697
ASC-08,252,8031.95,11492.91,250.59,-0.000731
ASC-08,253,-12282.12,-11217.62,250.13,-0.00127
ASC-08,256,-412.89,-9301.03,258.26,-0.001181
ASC-08,258,-10432.22,-14784.07,250.06,-0.003227
ASC-08,261,11831.71,-14471.51,250.05,0.001204
ASC-08,262,-3281.01,-6224.36,278.07,-0.002781
ASC-08,263,-11121.62,-1377.89,252.56,-0.002866
ASC-08,264,7708.35,487.53,270.77,0.004167
ASC-08,265,-5859.53,-5412.18,266.13,-0.00163
ASC-08,266,6431.22,4663.93,267.66,0.003268
ASC-08,267,9030.99,7469.27,252.16,0.000502
ASC-08,269,-9874.35,12384.18,250.19,0.002106
ASC-08,270,-7116.72,-4268.31,263.26,-0.005215
ASC-08,271,-3364.16,3137.63,349.2,-0.000507
ASC-08,272,9549.55,12564.92,250.22,6.8e-05
ASC-08,277,-11736.21,-14148.91,250.05,0.001428
ASC-08,279,297.06,-3312.6,481.94,-0.005693
ASC-08,280,-8680.83,10504.72,250.66,0.002421
ASC-08,281,-4225.76,-14099.1,250.4,-0.002166
ASC-08,282,-196.53,6545.31,285.11,-0.003471
ASC-08,283,880.35,-1534.14,816.91,-0.008543
ASC-08,285,-10854.46,-2886.84,252.55,-0.004059
ASC-08,286,9536.37,9246.49,250.9,0.000336
ASC-08,291,-11418.1,13130.23,250.08,0.004272
ASC-08,293,3820.02,-14000.5,250.47,0.001084
ASC-08,295,2732.34,-13561.28,250.68,0.000453
ASC-08,296,1578.52,-13035.75,251.0,-0.003294
ASC-08,297,-14704.53,86.85,250.36,-0.000417
ASC-08,298,-1034.15,3264.05,445.08,-0.002842
ASC-08,299,8252.73,-12151.15,250.43,-5.6e-05
ASC-08,300,4062.92,4392.63,301.56,0.000713
ASC-08,302,-8653.27,12691.9,250.25,-0.000347
ASC-08,303,5854.39,-1532.27,303.2,0.001009
ASC-08,305,5723.91,-8829.57,254.4,0.001387
ASC-08,306,1020.1,2106.98,628.65,-0.002199
ASC-08,307,-3465.21,-7940.07,261.45,-0.000385
ASC-08,308,-2391.36,-4064.31,351.37,-0.007148
ASC-08,310,-12012.51,14662.05,250.03,-0.000827
ASC-08,315,11370.01,-9995.63,250.34,-0.003508
ASC-08,316,5895.02,-6192.08,263.25,-0.000991
ASC-08,318,12105.38,-3292.77,251.44,0.000475
ASC-08,319,11342.29,-1567.78,252.64,-0.001078
ASC-08,320,-1138.02,9060.97,258.3,-0.001624
ASC-08,321,-6641.66,-2217.72,276.81,-0.000594
ASC-08,323,-14865.08,-620.85,250.33,0.001077
ASC-08,324,13548.62,-7331.26,250.3,9e-05
ASC-08,327,13287.03,-11763.16,250.08,-0.001059
ASC-08,328,-6489.59,2329.15,277.67,-0.001952
ASC-08,329,9377.25,5866.37,253.14,0.002076
ASC-08,332,-4737.99,-11455.41,251.44,-0.001532
ASC-08,333,13705.34,-4793.79,250.48,0.000575
ASC-08,334,8527.47,4675.41,256.64,0.001033
ASC-08,335,6065.05,4970.94,268.6,0.001082
ASC-08,337,6972.77,9904.37,251.69,0.002457
ASC-08,338,-13819.2,10690.07,250.08,0.000371
ASC-08,339,-7077.96,-8840.25,252.55,-0.001172
ASC-08,340,-7520.68,13154.94,250.29,-0.00042
ASC-08,341,-13285.07,-7725.79,250.26,0.000263
ASC-08,343,-14000.18,2998.48,250.45,0.0036
ASC-08,344,14536.01,13280.81,250.03,-0.000393
ASC-08,345,-370.82,-4983.37,340.45,-0.002779
ASC-08,347,883.39,-4775.31,349.89,-0.001692
ASC-08,348,-11304.63,5911.37,251.06,-0.002463
ASC-08,350,-14773.54,9783.79,250.07,-0.000416
ASC-08,353,-9594.2,-14987.05,250.07,-0.002879
ASC-08,354,12509.72,6647.96,250.56,-2.8e-05
ASC-08,355,4042.25,2221.64,363.53,-0.000145
ASC-08,356,-14236.52,-11681.22,250.05,0.00155
ASC-08,357,-2123.08,5871.19,290.65,-0.002422
ASC-08,360,-11413.68,-1442.64,252.17,-0.004555
ASC-08,361,-6704.72,8927.74,252.6,-0.002182
ASC-08,362,-459.28,6795.93,280.24,-0.005245
ASC-08,364,-7697.39,11487.62,250.59,-0.000483
ASC-08,366,-466.68,3376.32,449.08,-0.004429
ASC-08,375,4523.06,7433.7,261.18,0.001208
ASC-08,376,-2849.95,6272.3,278.26,-0.003401
ASC-08,380,8117.15,830.32,266.27,0.001407
ASC-08,382,-9231.18,-5649.64,253.26,-0.001424
ASC-08,384,-8322.34,9500.29,251.15,-0.001403
ASC-08,385,-8533.32,-13293.81,250.21,-0.000387
ASC-08,386,682.86,-13434.14,250.83,-0.00065
ASC-08,388,3581.19,10454.4,252.97,0.002635
ASC-08,389,14147.14,-11523.22,250.06,-0.002298
ASC-08,390,8753.66,1462.09,260.89,-0.001546
ASC-08,393,-3373.16,10322.38,253.14,-0.001167
ASC-08,399,-11829.11,-14192.24,250.05,0.001774
ASC-08,400,13999.04,-4659.07,250.42,0.002583
ASC-08,404,12142.62,9089.79,250.32,0.001322
ASC-08,405,10683.85,-5230.49,252.08,-0.001253
ASC-08,406,-522.52,-14933.0,250.36,-0.002192
ASC-08,407,-14969.41,-6101.23,250.17,0.00218
ASC-08,408,4761.9,1037.13,350.28,-0.001016
ASC-08,409,-4947.36,-8794.5,255.13,-0.002374
ASC-08,410,-10836.88,-10865.94,250.27,-0.000949
ASC-08,411,-1085.14,8219.46,263.23,0.002267
ASC-08,413,4825.8,-14047.04,250.39,7.9e-05
ASC-08,414,-12053.37,5687.81,250.78,-0.001483
ASC-08,417,12208.76,9788.74,250.24,0.001489
ASC-08,418,-2411.83,-6701.8,277.11,-0.000605
ASC-08,419,12213.29,-14735.74,250.04,-0.001133
ASC-08,420,10291.42,1159.96,254.8,0.000501
ASC-08,421,-13884.89,1786.2,250.54,0.001445
ASC-08,422,11617.32,-5281.38,251.28,-0.001331
ASC-08,424,2436.86,-14223.95,250.49,0.00066
ASC-08,425,-14920.49,13452.09,250.02,0.002266
ASC-08,426,3957.1,-12112.31,251.26,0.001571
ASC-08,428,10958.29,-7442.38,250.98,-0.000898
ASC-08,429,-3211.36,3474.93,342.41,-0.002525
ASC-08,433,-5162.98,-7517.3,258.73,-0.002282
ASC-08,436,-14063.36,11882.81,250.05,-0.00132
ASC-08,439,9003.02,-715.43,260.11,-0.000433
ASC-08,441,-3341.57,1334.94,422.65,-0.004856
ASC-08,442,-9480.14,737.84,256.52,0.001153
ASC-08,446,7491.68,-7902.6,253.61,9.7e-05
ASC-08,448,-7653.17,4081.53,260.29,0.000173
ASC-08,449,-2138.05,-4122.89,356.0,-0.006634
ASC-08,450,-3695.76,6166.9,273.78,-0.003334
ASC-08,453,-12874.82,-8588.94,250.25,-0.001678
ASC-08,455,1881.29,-11455.43,252.34,-0.003119
ASC-08,456,658.74,4443.6,361.64,0.001017
ASC-08,458,4485.34,2420.93,336.81,0.001619
ASC-08,459,6534.64,-5172.61,264.99,-0.003351
ASC-08,460,-679.82,-142.02,1131.77,-0.02086
ASC-08,461,268.39,-1253.08,977.2,-0.013515
ASC-08,463,-46.64,161.48,1427.58,-0.017049
ASC-08,464,-145.58,-911.49,1107.46,-0.020221
ASC-08,466,-268.39,-355.2,1309.99,-0.019933
ASC-08,467,253.69,-695.66,1239.67,-0.018559
ASC-08,468,-702.05,274.47,1088.43,-0.019132
ASC-08,469,1048.6,-404.67,1073.38,-0.011123
ASC-08,470,-372.12,-723.9,1133.31,-0.021757
ASC-08,471,134.28,185.46,1457.72,-0.016005
ASC-08,472,191.49,377.6,1334.59,-0.017114
ASC-08,473,-86.68,-1045.57,1055.87,-0.017643
ASC-08,474,260.42,-38.29,1561.14,-0.016575
ASC-08,475,-958.05,-346.16,993.32,-0.018872
ASC-08,478,1260.49,-613.2,956.17,-0.011635
ASC-08,482,-483.56,-1025.64,993.87,-0.018346
ASC-08,483,-17.71,-1075.0,1049.23,-0.01774
ASC-08,484,737.08,-859.55,1064.09,-0.012547
ASC-08,486,-618.55,870.72,959.85,-0.016435
ASC-08,488,111.67,-685.96,1249.16,-0.019729
ASC-08,489,-124.15,-382.91,1365.72,-0.022302
ASC-08,491,-1079.42,-244.59,952.84,-0.017973
ASC-08,492,-820.59,347.24,1026.72,-0.018441
ASC-08,493,-339.48,-1119.87,989.31,-0.017614
ASC-08,495,-331.31,-1083.36,1004.45,-0.018076
ASC-08,497,-818.98,-648.2,1000.08,-0.020712
ASC-08,498,1144.64,145.75,1044.4,-0.009334
ASC-08,499,722.19,59.06,1259.38,-0.016555
ASC-08,500,-761.09,-431.03,1063.87,-0.020632
ASC-08,501,281.64,1185.43,940.5,-0.014504
ASC-08,504,576.83,-1254.45,949.24,-0.011182
ASC-08,507,401.52,-602.64,1264.34,-0.018268
ASC-08,508,-261.44,561.32,1166.83,-0.017273
ASC-08,509,778.84,-1175.37,944.04,-0.008961
ASC-08,511,658.37,-379.84,1258.62,-0.013505
ASC-08,513,-431.09,975.38,966.88,-0.015
ASC-08,514,646.85,-578.64,1196.87,-0.013467
ASC-08,515,276.37,-860.6,1152.27,-0.017716
ASC-08,516,599.76,-859.95,1098.98,-0.013908
ASC-08,518,661.14,-665.61,1159.04,-0.014476
ASC-08,519,587.98,934.4,1007.78,-0.012752
ASC-08,522,79.47,-1294.47,962.22,-0.017325
ASC-08,523,55.15,630.78,1189.97,-0.016429
ASC-08,524,-701.97,286.81,1086.23,-0.018884
ASC-08,525,-19.02,-24.35,1518.22,-0.019152
ASC-08,526,-808.12,712.82,951.58,-0.011488
ASC-08,528,-860.53,-832.03,945.36,-0.020014
ASC-08,529,-137.77,802.38,1085.98,-0.017987
ASC-08,530,-554.55,763.0,1010.41,-0.015473
ASC-08,531,770.17,782.64,1025.87,-0.010383
ASC-08,532,234.57,115.36,1493.84,-0.017008
ASC-08,533,925.95,658.11,1022.21,-0.010442
ASC-08,534,-239.33,385.59,1249.3,-0.016075
ASC-08,535,420.38,187.32,1383.42,-0.016047
ASC-08,536,499.08,1114.2,951.36,-0.011369
ASC-08,537,706.8,-370.01,1237.77,-0.013764
ASC-08,538,-813.03,-813.01,964.7,-0.020286
ASC-08,539,-36.87,-672.08,1241.58,-0.021962
ASC-08,540,681.86,-1052.34,1006.35,-0.012552
ASC-08,542,-284.98,552.25,1164.04,-0.017844
ASC-08,545,-208.22,-553.17,1256.79,-0.021807
ASC-08,546,207.02,-316.01,1473.34,-0.019045
ASC-08,549,-631.25,-277.08,1144.8,-0.021434
ASC-08,551,149.01,-691.91,1246.53,-0.019109
ASC-08,552,-389.64,-834.53,1086.2,-0.021858
ASC-08,554,-599.63,-961.35,986.15,-0.019634
ASC-08,557,512.59,528.16,1194.7,-0.013245
ASC-08,558,-913.03,-189.32,1023.2,-0.01968
ASC-08,560,1045.07,481.58,1028.37,-0.009068
ASC-08,561,-1132.0,-193.27,934.87,-0.018321
ASC-08,563,886.53,49.49,1174.05,-0.012472
ASC-08,564,94.65,228.71,1426.13,-0.015448
ASC-08,569,-146.19,-783.23,1166.27,-0.020882
ASC-08,571,856.56,-561.28,1120.68,-0.012325
ASC-08,572,-646.83,58.85,1143.25,-0.020214
ASC-08,573,-860.2,660.03,948.22,-0.012944
ASC-08,574,1198.0,-573.96,985.52,-0.010455
ASC-08,575,-983.67,426.46,952.34,-0.015901
ASC-08,576,269.01,365.44,1333.64,-0.016403
ASC-08,577,508.33,551.1,1185.46,-0.012861
ASC-08,579,-453.85,-261.22,1236.31,-0.020822
ASC-08,581,542.59,41.96,1364.14,-0.014901
ASC-08,584,-30.0,-855.99,1149.35,-0.021017
ASC-08,586,126.59,-902.5,1136.34,-0.018298
ASC-08,587,1085.12,-750.96,988.65,-0.012229
ASC-08,588,-8.61,-444.77,1372.43,-0.021611
ASC-08,589,351.15,27.86,1483.27,-0.015932
ASC-08,590,410.23,174.54,1393.67,-0.015934
ASC-08,592,-813.75,359.03,1027.34,-0.017523
ASC-08,593,961.19,-525.31,1087.25,-0.012202
ASC-08,595,656.34,-665.5,1160.68,-0.014299
ASC-08,597,260.17,-1030.84,1072.58,-0.017577
ASC-08,601,539.63,1014.75,984.11,-0.01243
ASC-08,603,21.1,840.94,1085.14,-0.016218
ASC-08,604,935.56,462.84,1073.65,-0.009861
ASC-08,605,3.12,-1.54,1526.29,-0.019616
ASC-08,606,-141.11,-1282.0,954.26,-0.01441
ASC-08,607,-989.63,119.39,986.19,-0.018116
ASC-08,610,749.58,40.71,1246.69,-0.015157
ASC-08,612,-905.28,192.37,1014.14,-0.01983
ASC-08,613,-366.4,-368.07,1257.99,-0.019493
ASC-08,615,-805.94,31.66,1070.19,-0.019821
ASC-08,616,1113.51,449.27,1010.14,-0.009628
ASC-08,619,-623.86,122.23,1147.73,-0.020298
ASC-08,622,-82.73,31.9,1462.9,-0.018523
ASC-08,623,-126.83,931.96,1031.62,-0.017479
ASC-08,625,814.18,-374.0,1185.15,-0.012904
ASC-08,626,-796.13,-965.98,931.38,-0.019599
ASC-08,631,150.53,-538.27,1335.33,-0.018941
ASC-08,632,288.67,-1110.03,1035.9,-0.017468
ASC-08,638,-771.35,-574.85,1033.06,-0.019213
ASC-08,639,1134.14,-848.22,949.68,-0.011376
ASC-08,641,768.01,-1211.17,934.11,-0.00891
ASC-08,642,1038.81,-840.24,981.03,-0.012487
ASC-08,644,-227.19,131.58,1350.98,-0.016149
ASC-08,645,281.19,-1002.06,1084.49,-0.01704
ASC-08,648,-321.9,-481.66,1242.23,-0.022759
ASC-08,649,1085.35,-963.67,934.96,-0.011756
ASC-08,650,20.08,351.44,1339.97,-0.016112
ASC-08,652,1101.41,-891.53,948.9,-0.011862
ASC-08,655,-726.68,-107.18,1110.02,-0.021317
ASC-08,656,-1042.54,207.15,958.23,-0.018796
ASC-08,657,-919.67,-700.4,954.33,-0.019159
ASC-08,660,-80.52,-332.38,1407.86,-0.021317
ASC-08,663,-565.8,707.84,1025.0,-0.015952
ASC-08,664,-999.03,-610.35,943.09,-0.019182
ASC-08,668,691.11,729.99,1064.89,-0.010852
ASC-08,669,-516.36,-17.47,1215.26,-0.01981
ASC-08,670,706.33,163.14,1249.17,-0.01493
ASC-08,671,197.89,861.48,1079.24,-0.015393
ASC-08,673,1179.02,427.46,990.12,-0.010353
ASC-08,674,766.89,836.1,1007.97,-0.010151
ASC-08,676,25.51,-726.5,1221.13,-0.021025
ASC-08,677,-797.84,395.6,1026.72,-0.017298
ASC-08,678,-133.84,431.51,1261.55,-0.017633
ASC-09,0,10943.93,2007.4,253.12,-0.001974
ASC-09,1,10659.08,2429.92,253.46,-7.2e-05
ASC-09,3,-7156.61,-1976.66,271.13,-0.00142
ASC-09,7,-14921.08,10406.94,250.05,-0.001563
ASC-09,9,14544.1,-11992.34,250.04,0.000768
ASC-09,11,9409.83,10697.29,250.52,0.001068
ASC-09,12,-12527.76,-11620.94,250.1,-0.000132
ASC-09,16,532.49,-10344.86,254.65,-0.00366
ASC-09,18,9420.2,-2267.8,257.05,0.005839
ASC-09,19,-63.98,-8337.73,264.23,-0.000364
ASC-09,20,-7551.62,944.11,268.69,0.000739
ASC-09,22,14376.85,-3157.37,250.43,0.001685
ASC-09,23,1150.3,-11683.75,252.17,0.000694
ASC-09,25,14782.82,3601.63,250.32,0.001205
ASC-09,27,2969.33,-5649.8,293.64,-0.002644
ASC-09,28,14018.86,14929.3,250.02,0.001718
ASC-09,32,6669.82,3541.11,272.22,0.001806
ASC-09,36,7176.89,8016.01,253.63,-0.001754
ASC-09,37,-5378.95,-5544.5,268.64,0.001118
ASC-09,38,-12781.14,-14163.69,250.03,0.0015
ASC-09,39,13754.05,-1156.46,250.71,-0.002394
ASC-09,40,4790.14,10839.95,251.92,-0.000601
ASC-09,44,-11258.36,-10466.19,250.27,-0.000681
ASC-09,50,13371.38,-5010.67,250.55,0.00353
ASC-09,51,11246.09,-12303.04,250.15,-0.000869
ASC-09,55,4629.31,-4351.04,294.96,0.000367
ASC-09,56,-10182.2,1320.54,254.27,-0.003625
ASC-09,57,1783.94,4163.38,361.95,0.002063
ASC-09,59,-14950.06,13339.66,250.02,-0.002246
ASC-09,61,-3003.03,-8511.82,259.42,0.001099
ASC-09,63,-13364.56,-7134.47,250.29,-0.002761
ASC-09,64,12856.38,8236.74,250.3,0.001028
ASC-09,65,12249.58,3661.0,251.23,-0.000235
ASC-09,66,2994.01,-11406.58,252.13,0.002465
ASC-09,67,-9383.13,3779.52,254.62,-8.9e-05
ASC-09,68,8739.13,4852.79,255.71,0.003252
ASC-09,69,-10154.35,-210.93,254.57,-0.00071
ASC-09,71,4992.69,-12862.81,250.7,-0.000168
ASC-09,72,-2242.94,5683.75,293.69,-0.00203
ASC-09,73,-1172.24,-13283.67,250.88,0.001127
ASC-09,75,-13882.88,1024.1,250.56,0.001315
ASC-09,81,-4386.21,-5360.34,279.28,-0.001809
ASC-09,82,-3031.23,8441.65,258.94,-0.000755
ASC-09,83,14636.83,10649.19,250.06,-0.00195
ASC-09,84,9277.05,-10801.03,250.56,0.001175
ASC-09,87,12509.46,-8415.78,250.35,0.001518
ASC-09,88,-3745.71,-6140.44,275.58,-0.002188
ASC-09,89,8457.05,-13398.23,250.23,-0.00228
ASC-09,90,6886.99,-4374.65,266.54,0.001754
ASC-09,91,7120.29,9385.43,252.04,-0.002637
ASC-09,92,-1330.66,2289.19,546.52,-0.004097
ASC-09,93,5560.01,-14106.1,250.33,0.002336
ASC-09,95,-6129.21,11734.34,250.83,-0.000984
ASC-09,100,-3753.68,9771.43,253.89,-0.005423
ASC-09,101,7567.57,4420.95,261.29,0.00205
ASC-09,102,-3243.98,-10763.73,252.76,0.000161
ASC-09,105,-3009.22,9732.68,254.56,0.001731
ASC-09,107,14470.19,11051.4,250.06,-0.003012
ASC-09,110,-6486.01,-10388.54,251.54,0.00109
ASC-09,111,6271.22,3622.27,276.31,0.001493
ASC-09,113,6249.03,-4660.55,270.22,-0.002369
ASC-09,115,-5454.87,-3259.54,289.03,-0.003599
ASC-09,117,-4271.59,6022.21,271.28,0.000874
ASC-09,118,-635.82,3226.9,461.85,-0.001438
ASC-09,122,994.22,-1429.55,828.17,-0.007843
ASC-09,124,4077.08,8813.77,256.32,0.001643
ASC-09,125,-4839.77,6657.43,263.28,-0.001499
ASC-09,126,13545.88,-13087.57,250.04,-0.001516
ASC-09,127,-1893.01,-6712.17,279.63,-0.000125
ASC-09,128,2480.25,7811.37,264.48,-0.000284
ASC-09,131,14338.69,-4761.5,250.35,-0.000624
ASC-09,132,-13709.88,-13672.99,250.03,0.00327
ASC-09,135,-13174.93,-7545.79,250.29,-0.000657
ASC-09,136,-9613.49,-2454.37,255.27,0.000468
ASC-09,137,7527.16,7334.82,254.19,-0.000136
ASC-09,140,-6456.01,8454.98,253.48,0.001142
ASC-09,141,-103.7,6454.04,287.02,-0.001672
ASC-09,145,-14051.46,2516.87,250.46,-0.001909
ASC-09,151,11934.48,11198.04,250.16,0.001868
ASC-09,152,-12255.03,3951.72,251.0,0.000769
ASC-09,153,-13850.75,1382.25,250.56,0.002328
ASC-09,158,4134.58,-4762.4,295.99,-0.002132
ASC-09,159,4560.34,-14863.35,250.27,0.001155
ASC-09,165,14913.62,-667.98,250.38,0.001996
ASC-09,166,4097.19,12746.8,250.81,0.001816
ASC-09,168,-5478.2,-2635.63,295.16,-0.004148
ASC-09,169,3892.73,9274.55,255.19,0.00238
ASC-09,170,11136.33,5399.96,251.53,0.002403
ASC-09,172,-4171.99,5787.64,274.42,0.001216
ASC-09,175,-9146.6,431.98,257.94,-0.000651
ASC-09,176,2860.42,10452.43,253.33,-0.001379
ASC-09,178,-745.39,-3054.41,499.27,-0.005323
ASC-09,179,-4198.23,14193.67,250.35,0.0018
ASC-09,180,13447.92,-5592.98,250.47,0.002018
ASC-09,181,9492.16,5518.87,253.3,-0.000107
ASC-09,185,-2314.99,550.67,590.59,-0.010797
ASC-09,187,-4865.41,401.1,335.21,-0.002489
ASC-09,189,7179.37,-76.65,278.19,0.002593
ASC-09,190,9551.41,-5299.05,253.56,-0.001241
ASC-09,192,-5316.65,-12235.37,250.85,-0.000547
ASC-09,195,3368.44,-3666.54,346.26,-0.002631
ASC-09,196,2395.81,6712.63,276.3,-0.002443
ASC-09,197,9368.25,5005.51,254.04,0.005005
ASC-09,198,13356.58,-6816.96,250.37,-0.000338
ASC-09,199,11929.1,-5830.19,250.96,0.000338
ASC-09,200,-6894.18,4456.13,263.32,0.004818
ASC-09,208,-11432.08,861.56,252.2,-0.001743
ASC-09,209,9852.33,13434.45,250.14,0.002527
ASC-09,210,-13609.47,7272.0,250.24,-0.00424
ASC-09,211,4186.22,-6994.42,266.38,-0.00096
ASC-09,216,-479.95,2592.96,554.47,-0.005917
ASC-09,217,-10267.86,14161.93,250.08,-0.001446
ASC-09,218,-1782.47,3272.88,413.09,-7.7e-05
ASC-09,219,-12347.39,9010.22,250.26,-0.000709
ASC-09,220,-21.86,-14868.76,250.38,0.000391
ASC-09,222,-3373.84,2431.27,376.5,-0.005471
ASC-09,223,-206.61,-9332.42,258.17,-0.00017
ASC-09,225,641.5,-4752.6,352.93,-0.002323
ASC-09,226,-9585.28,-939.48,256.14,-0.000766
ASC-09,227,-8404.85,-12453.75,250.33,0.000189
ASC-09,228,-7028.09,6508.96,256.24,0.000452
ASC-09,231,6218.69,-10139.48,252.05,-8e-05
ASC-09,232,-8915.22,-7493.72,252.09,0.001239
ASC-09,235,-8925.93,9283.9,251.0,0.002376
ASC-09,236,-8416.52,7558.67,252.38,-0.001521
ASC-09,237,-7781.77,-12435.57,250.4,0.001438
ASC-09,240,11019.95,11822.96,250.18,-0.002137
ASC-09,241,-4901.3,-9670.69,253.39,-0.001469
ASC-09,242,565.35,2776.7,531.6,-0.001938
ASC-09,243,6794.74,5142.87,262.79,0.000645
ASC-09,245,10814.72,-5083.11,252.01,0.001131
ASC-09,249,481.59,6630.87,283.5,0.000359
ASC-09,251,-1431.22,1033.13,728.16,-0.011589
ASC-09,253,-12282.12,-11217.62,250.13,-0.001881
ASC-09,255,13134.32,6809.04,250.4,0.003507
ASC-09,256,-412.89,-9301.03,258.26,0.000417
ASC-09,257,-2668.32,1923.73,455.02,-0.007212
ASC-09,259,92.72,-160.93,1574.97,-0.019509
ASC-09,261,11831.71,-14471.51,250.05,-0.000538
ASC-09,262,-3281.01,-6224.36,278.07,0.000335
ASC-09,263,-11121.62,-1377.89,252.56,-0.001015
ASC-09,264,7708.35,487.53,270.77,0.000493
ASC-09,266,6431.22,4663.93,267.66,-0.000271
ASC-09,267,9030.99,7469.27,252.16,0.000674
ASC-09,269,-9874.35,12384.18,250.19,-0.002333
ASC-09,271,-3364.16,3137.63,349.2,-0.003663
ASC-09,273,-1931.03,5625.77,297.95,-0.002391
ASC-09,275,10162.73,7671.57,251.23,-0.001019
ASC-09,276,-11413.51,-5185.77,251.25,0.000962
ASC-09,277,-11736.21,-14148.91,250.05,0.002096
ASC-09,278,-12258.44,5225.13,250.78,0.000395
ASC-09,279,297.06,-3312.6,481.94,-0.006533
ASC-09,280,-8680.83,10504.72,250.66,-0.000536
ASC-09,282,-196.53,6545.31,285.11,-0.000578
ASC-09,284,-3247.31,-13936.63,250.51,0.001752
ASC-09,286,9536.37,9246.49,250.9,0.000574
ASC-09,288,1940.61,4081.41,363.0,0.002934
ASC-09,289,-6349.46,6299.83,258.89,0.001519
ASC-09,290,14983.28,11546.71,250.04,-0.001672
ASC-09,295,2732.34,-13561.28,250.68,0.000439
ASC-09,296,1578.52,-13035.75,251.0,-0.00039
ASC-09,297,-14704.53,86.85,250.36,-0.000329
ASC-09,299,8252.73,-12151.15,250.43,0.000789
ASC-09,303,5854.39,-1532.27,303.2,0.001067
ASC-09,306,1020.1,2106.98,628.65,-0.003344
ASC-09,307,-3465.21,-7940.07,261.45,0.00292
ASC-09,311,12818.2,13478.69,250.05,0.00092
ASC-09,312,-2371.65,2175.06,463.76,-0.00739
ASC-09,313,4893.33,-12707.01,250.78,0.000363
ASC-09,314,-11878.35,-8502.11,250.4,-0.001602
ASC-09,315,11370.01,-9995.63,250.34,-8e-05
ASC-09,317,-7379.37,-1672.97,269.47,-0.004623
ASC-09,320,-1138.02,9060.97,258.3,0.003156
ASC-09,321,-6641.66,-2217.72,276.81,-0.003004
ASC-09,326,-12557.42,-9913.39,250.19,-0.000118
ASC-09,328,-6489.59,2329.15,277.67,-0.001206
ASC-09,333,13705.34,-4793.79,250.48,0.004603
ASC-09,334,8527.47,4675.41,256.64,0.001958
ASC-09,335,6065.05,4970.94,268.6,0.001779
ASC-09,337,6972.77,9904.37,251.69,0.002639
ASC-09,338,-13819.2,10690.07,250.08,-0.00056
ASC-09,342,-934.65,12447.49,251.29,0.000744
ASC-09,345,-370.82,-4983.37,340.45,-0.0031
ASC-09,346,8183.74,10214.08,250.99,-0.003963
ASC-09,353,-9594.2,-14987.05,250.07,0.000974
ASC-09,354,12509.72,6647.96,250.56,-0.000106
ASC-09,356,-14236.52,-11681.22,250.05,-0.001324
ASC-09,359,-7316.49,4705.99,260.15,0.000779
ASC-09,361,-6704.72,8927.74,252.6,-0.000343
ASC-09,366,-466.68,3376.32,449.08,-3.6e-05
ASC-09,367,5959.06,14456.34,250.23,0.000565
ASC-09,370,-12648.19,-6713.81,250.47,-0.003436
ASC-09,371,-10460.93,1771.88,253.53,-0.003079
ASC-09,372,-6000.49,-12597.48,250.6,-0.001226
ASC-09,373,13219.4,4486.98,250.64,0.00181
ASC-09,376,-2849.95,6272.3,278.26,-0.002212
ASC-09,380,8117.15,830.32,266.27,0.00119
ASC-09,381,-8499.52,9573.06,251.04,-0.003235
ASC-09,386,682.86,-13434.14,250.83,-0.000161
ASC-09,395,-7653.88,-14219.95,250.18,0.003609
ASC-09,396,-13327.97,-1011.12,250.77,0.000376
ASC-09,397,-6526.48,-2455.44,277.31,-0.000998
ASC-09,398,-920.53,7323.16,271.95,0.00222
ASC-09,399,-11829.11,-14192.24,250.05,0.002279
ASC-09,400,13999.04,-4659.07,250.42,0.003465
ASC-09,401,-2197.97,-13510.28,250.72,0.001992
ASC-09,402,1135.44,379.58,1015.21,-0.00765
ASC-09,403,-5477.1,-12857.27,250.6,0.000212
ASC-09,409,-4947.36,-8794.5,255.13,-0.002953
ASC-09,411,-1085.14,8219.46,263.23,0.002587
ASC-09,412,6870.49,2052.75,277.86,0.002841
ASC-09,414,-12053.37,5687.81,250.78,-0.000861
ASC-09,415,12402.89,-12554.95,250.08,0.001984
ASC-09,421,-13884.89,1786.2,250.54,-0.000962
ASC-09,422,11617.32,-5281.38,251.28,0.000114
ASC-09,423,5421.06,-3261.48,295.78,-0.001548
ASC-09,431,7094.96,-13341.67,250.34,-0.001021
ASC-09,432,-3976.73,196.96,390.67,-0.002738
ASC-09,435,-13797.65,-6284.98,250.29,0.000474
ASC-09,437,14248.91,2226.83,250.5,-0.00074
ASC-09,439,9003.02,-715.43,260.11,0.000807
ASC-09,440,-511.93,2104.14,643.99,-0.009458
ASC-09,444,8848.2,8164.07,251.8,-0.002076
ASC-09,448,-7653.17,4081.53,260.29,-0.002259
ASC-09,449,-2138.05,-4122.89,356.0,-0.004545
ASC-09,452,8296.06,-13801.32,250.2,-0.000635
ASC-09,454,3343.37,7647.28,263.45,0.000488
ASC-09,456,658.74,4443.6,361.64,-0.000112
ASC-09,457,-9555.05,1959.66,255.67,-0.00029
ASC-09,459,6534.64,-5172.61,264.99,-0.002546
ASC-09,460,-679.82,-142.02,1131.77,-0.020098
ASC-09,461,268.39,-1253.08,977.2,-0.013362
ASC-09,464,-145.58,-911.49,1107.46,-0.014215
ASC-09,465,101.79,-405.61,1416.03,-0.016504
ASC-09,467,253.69,-695.66,1239.67,-0.013508
ASC-09,468,-702.05,274.47,1088.43,-0.019269
ASC-09,472,191.49,377.6,1334.59,-0.018232
ASC-09,477,-719.19,341.79,1068.52,-0.017541
ASC-09,481,-680.64,-41.03,1132.06,-0.021667
ASC-09,482,-483.56,-1025.64,993.87,-0.015393
ASC-09,483,-17.71,-1075.0,1049.23,-0.012357
ASC-09,484,737.08,-859.55,1064.09,-0.00974
ASC-09,485,-222.8,669.85,1129.19,-0.018508
ASC-09,487,-748.05,-450.39,1066.11,-0.018713
ASC-09,488,111.67,-685.96,1249.16,-0.015356
ASC-09,490,1395.73,-306.93,942.82,-0.010773
ASC-09,491,-1079.42,-244.59,952.84,-0.017062
ASC-09,493,-339.48,-1119.87,989.31,-0.014168
ASC-09,494,1424.76,-123.2,939.26,-0.009906
ASC-09,496,-508.89,-396.89,1182.66,-0.019367
ASC-09,497,-818.98,-648.2,1000.08,-0.015761
ASC-09,498,1144.64,145.75,1044.4,-0.009924
ASC-09,499,722.19,59.06,1259.38,-0.012924
ASC-09,501,281.64,1185.43,940.5,-0.014445
ASC-09,503,-559.72,-408.3,1156.69,-0.019646
ASC-09,504,576.83,-1254.45,949.24,-0.009702
ASC-09,507,401.52,-602.64,1264.34,-0.014682
ASC-09,509,778.84,-1175.37,944.04,-0.008459
ASC-09,510,-362.75,-298.02,1277.3,-0.018501
ASC-09,511,658.37,-379.84,1258.62,-0.014215
ASC-09,515,276.37,-860.6,1152.27,-0.013909
ASC-09,516,599.76,-859.95,1098.98,-0.011783
ASC-09,517,-914.76,-573.02,979.5,-0.015191
ASC-09,518,661.14,-665.61,1159.04,-0.012018
ASC-09,521,256.06,14.28,1543.87,-0.017253
ASC-09,522,79.47,-1294.47,962.22,-0.012661
ASC-09,523,55.15,630.78,1189.97,-0.019516
ASC-09,525,-19.02,-24.35,1518.22,-0.017985
ASC-09,527,-201.06,51.16,1386.86,-0.021487
ASC-09,530,-554.55,763.0,1010.41,-0.014769
ASC-09,532,234.57,115.36,1493.84,-0.016873
ASC-09,533,925.95,658.11,1022.21,-0.007995
ASC-09,534,-239.33,385.59,1249.3,-0.021919
ASC-09,535,420.38,187.32,1383.42,-0.01495
ASC-09,537,706.8,-370.01,1237.77,-0.014446
ASC-09,539,-36.87,-672.08,1241.58,-0.017005
ASC-09,541,770.96,894.49,986.77,-0.010901
ASC-09,542,-284.98,552.25,1164.04,-0.020056
ASC-09,543,-711.2,133.34,1105.19,-0.020786
ASC-09,545,-208.22,-553.17,1256.79,-0.018324
ASC-09,547,-937.14,-453.76,989.2,-0.017512
ASC-09,549,-631.25,-277.08,1144.8,-0.021229
ASC-09,550,76.78,489.47,1267.65,-0.019968
ASC-09,551,149.01,-691.91,1246.53,-0.013985
ASC-09,552,-389.64,-834.53,1086.2,-0.017257
ASC-09,553,-349.22,1095.86,938.51,-0.015254
ASC-09,554,-599.63,-961.35,986.15,-0.014088
ASC-09,555,567.06,1006.62,983.34,-0.00899
ASC-09,556,468.71,-813.02,1148.0,-0.013565
ASC-09,557,512.59,528.16,1194.7,-0.013481
ASC-09,558,-913.03,-189.32,1023.2,-0.018878
ASC-09,560,1045.07,481.58,1028.37,-0.008335
ASC-09,561,-1132.0,-193.27,934.87,-0.016799
ASC-09,563,886.53,49.49,1174.05,-0.011225
ASC-09,564,94.65,228.71,1426.13,-0.018136
ASC-09,565,675.04,-473.24,1222.43,-0.012422
ASC-09,567,749.59,890.34,992.88,-0.010402
ASC-09,570,-171.34,-360.52,1354.61,-0.019878
ASC-09,578,645.16,1020.32,966.15,-0.008799
ASC-09,579,-453.85,-261.22,1236.31,-0.020236
ASC-09,582,11.97,14.51,1525.75,-0.01771
ASC-09,585,-264.18,-720.55,1166.4,-0.017206
ASC-09,586,126.59,-902.5,1136.34,-0.014829
ASC-09,587,1085.12,-750.96,988.65,-0.008351
ASC-09,588,-8.61,-444.77,1372.43,-0.016665
ASC-09,590,410.23,174.54,1393.67,-0.014856
ASC-09,592,-813.75,359.03,1027.34,-0.018322
ASC-09,593,961.19,-525.31,1087.25,-0.011795
ASC-09,594,502.94,67.21,1382.04,-0.011787
ASC-09,596,488.74,17.07,1401.09,-0.012341
ASC-09,597,260.17,-1030.84,1072.58,-0.014656
ASC-09,599,-76.69,-517.39,1314.79,-0.01673
ASC-09,602,-339.94,-1281.89,930.73,-0.013479
ASC-09,603,21.1,840.94,1085.14,-0.01796
ASC-09,606,-141.11,-1282.0,954.26,-0.012235
ASC-09,612,-905.28,192.37,1014.14,-0.020053
ASC-09,613,-366.4,-368.07,1257.99,-0.018897
ASC-09,617,-40.42,-546.07,1308.41,-0.01638
ASC-09,622,-82.73,31.9,1462.9,-0.017626
ASC-09,623,-126.83,931.96,1031.62,-0.016097
ASC-09,624,140.74,106.75,1511.87,-0.018959
ASC-09,625,814.18,-374.0,1185.15,-0.013859
ASC-09,626,-796.13,-965.98,931.38,-0.016442
ASC-09,627,759.0,783.65,1028.31,-0.010503
ASC-09,629,988.48,207.86,1105.53,-0.009104
ASC-09,630,208.83,688.58,1162.32,-0.01796
ASC-09,631,150.53,-538.27,1335.33,-0.015039
ASC-09,632,288.67,-1110.03,1035.9,-0.014631
ASC-09,633,-1011.59,-630.44,935.48,-0.015456
ASC-09,636,-368.14,-1086.89,996.3,-0.015396
ASC-09,639,1134.14,-848.22,949.68,-0.007551
ASC-09,640,-236.57,186.38,1328.6,-0.022644
ASC-09,641,768.01,-1211.17,934.11,-0.009207
ASC-09,642,1038.81,-840.24,981.03,-0.007285
ASC-09,644,-227.19,131.58,1350.98,-0.022488
ASC-09,647,983.63,714.35,988.42,-0.007184
ASC-09,649,1085.35,-963.67,934.96,-0.006623
ASC-09,650,20.08,351.44,1339.97,-0.018107
ASC-09,651,-0.49,-1162.92,1012.67,-0.01097
ASC-09,652,1101.41,-891.53,948.9,-0.008251
ASC-09,654,463.19,-1271.26,956.22,-0.012223
ASC-09,658,-683.48,499.06,1046.64,-0.016246
ASC-09,660,-80.52,-332.38,1407.86,-0.019433
ASC-09,663,-565.8,707.84,1025.0,-0.01572
ASC-09,668,691.11,729.99,1064.89,-0.010424
ASC-09,670,706.33,163.14,1249.17,-0.011574
ASC-09,671,197.89,861.48,1079.24,-0.016369
ASC-09,672,777.2,601.65,1086.83,-0.010072
ASC-09,673,1179.02,427.46,990.12,-0.007805
ASC-09,674,766.89,836.1,1007.97,-0.010408
ASC-09,675,739.2,459.0,1148.38,-0.012375
ASC-09,679,401.07,596.75,1187.5,-0.014416
ASC-10,1,10659.08,2429.92,253.46,0.005205
ASC-10,2,9330.7,1357.17,258.02,-0.010047
ASC-10,5,13393.97,479.81,250.89,-0.012463
ASC-10,8,12312.22,-4746.38,251.01,-0.011041
ASC-10,9,14544.1,-11992.34,250.04,-0.004421
ASC-10,11,9409.83,10697.29,250.52,-0.004222
ASC-10,12,-12527.76,-11620.94,250.1,-0.003347
ASC-10,13,-1851.6,-14135.37,250.53,-0.003566
ASC-10,14,9531.11,-5419.3,253.48,-0.000421
ASC-10,15,-2738.0,-6847.46,273.49,-0.004537
ASC-10,16,532.49,-10344.86,254.65,-0.004802
ASC-10,17,-11488.8,-6662.16,250.83,-0.003933
ASC-10,19,-63.98,-8337.73,264.23,-0.003755
ASC-10,21,8300.58,-2746.5,261.94,-0.000242
ASC-10,23,1150.3,-11683.75,252.17,-0.00979
ASC-10,24,7114.51,7663.27,254.3,0.000454
ASC-10,26,-14096.18,1679.53,250.48,-0.009518
ASC-10,27,2969.33,-5649.8,293.64,-0.003062
ASC-10,30,-8306.96,9956.15,250.95,-0.005803
ASC-10,31,1506.85,1762.7,642.65,0.004829
ASC-10,32,6669.82,3541.11,272.22,0.002006
ASC-10,35,-13453.84,-7342.99,250.27,0.003539
ASC-10,36,7176.89,8016.01,253.63,0.00192
ASC-10,39,13754.05,-1156.46,250.71,-0.016092
ASC-10,40,4790.14,10839.95,251.92,-0.000145
ASC-10,41,-1326.51,-2312.8,566.43,-0.007272
ASC-10,42,6979.54,1892.82,276.97,0.006375
ASC-10,46,7408.09,-14462.6,250.18,0.001216
ASC-10,47,7324.4,-4333.02,263.61,0.00098
ASC-10,49,12854.75,2199.83,251.08,-0.002114
ASC-10,50,13371.38,-5010.67,250.55,0.004541
ASC-10,52,-3850.69,6817.46,266.68,-0.005373
ASC-10,54,894.36,12257.57,251.46,-0.001617
ASC-10,55,4629.31,-4351.04,294.96,0.00505
ASC-10,56,-10182.2,1320.54,254.27,-0.008359
ASC-10,60,-2435.11,-4966.51,314.91,-0.007326
ASC-10,61,-3003.03,-8511.82,259.42,-0.005951
ASC-10,62,13901.68,-6713.5,250.29,0.013114
ASC-10,64,12856.38,8236.74,250.3,0.00656
ASC-10,70,-5380.79,7084.73,259.17,0.00549
ASC-10,71,4992.69,-12862.81,250.7,-0.009811
ASC-10,73,-1172.24,-13283.67,250.88,0.000822
ASC-10,75,-13882.88,1024.1,250.56,-0.005386
ASC-10,78,9904.85,-8999.62,250.91,0.002321
ASC-10,80,1589.42,-12313.67,251.49,0.000447
ASC-10,81,-4386.21,-5360.34,279.28,-0.004904
ASC-10,83,14636.83,10649.19,250.06,0.000207
ASC-10,84,9277.05,-10801.03,250.56,0.00331
ASC-10,85,209.37,-13049.28,251.04,-0.004373
ASC-10,87,12509.46,-8415.78,250.35,0.000192
ASC-10,88,-3745.71,-6140.44,275.58,0.002239
ASC-10,90,6886.99,-4374.65,266.54,0.006836
ASC-10,91,7120.29,9385.43,252.04,0.004747
ASC-10,92,-1330.66,2289.19,546.52,-0.024941
ASC-10,96,7895.02,3956.17,260.94,0.005823
ASC-10,99,-1055.32,8899.72,259.12,-0.010398
ASC-10,100,-3753.68,9771.43,253.89,-0.000423
ASC-10,102,-3243.98,-10763.73,252.76,-0.000431
ASC-10,103,-9561.08,10483.56,250.48,-0.00893
ASC-10,104,8632.14,5153.68,255.51,0.007028
ASC-10,105,-3009.22,9732.68,254.56,0.004055
ASC-10,106,2374.19,-774.95,633.62,-0.011835
ASC-10,107,14470.19,11051.4,250.06,-0.007001
ASC-10,108,4428.82,9077.38,255.1,0.009387
ASC-10,113,6249.03,-4660.55,270.22,-0.009272
ASC-10,114,8096.8,-8183.3,252.56,0.002677
ASC-10,115,-5454.87,-3259.54,289.03,-0.00422
ASC-10,116,-5600.83,-4414.79,275.62,-0.001429
ASC-10,117,-4271.59,6022.21,271.28,0.006595
ASC-10,118,-635.82,3226.9,461.85,-0.008589
ASC-10,122,994.22,-1429.55,828.17,-0.026897
ASC-10,123,-7209.62,-13957.69,250.23,-0.001295
ASC-10,125,-4839.77,6657.43,263.28,0.003104
ASC-10,129,2538.72,4021.43,350.22,0.00676
ASC-10,130,-2585.13,-10677.63,253.2,0.003588
ASC-10,132,-13709.88,-13672.99,250.03,-0.006816
ASC-10,134,-7069.62,8498.81,252.76,-0.0061
ASC-10,136,-9613.49,-2454.37,255.27,-0.008498
ASC-10,137,7527.16,7334.82,254.19,0.005484
ASC-10,138,12261.14,921.63,251.64,-0.002326
ASC-10,139,8261.78,-12011.92,250.46,0.006578
ASC-10,140,-6456.01,8454.98,253.48,0.010571
ASC-10,141,-103.7,6454.04,287.02,0.002431
ASC-10,143,-2410.73,10733.4,252.92,-0.002489
ASC-10,144,-7264.79,-702.97,272.43,-0.006776
ASC-10,145,-14051.46,2516.87,250.46,-0.01224
ASC-10,147,12851.61,11639.95,250.09,0.000592
ASC-10,148,921.41,-51.35,1161.75,-0.013358
ASC-10,151,11934.48,11198.04,250.16,0.00435
ASC-10,152,-12255.03,3951.72,251.0,-0.007046
ASC-10,153,-13850.75,1382.25,250.56,-0.005244
ASC-10,155,7578.82,-335.19,272.53,-0.00868
ASC-10,156,13022.66,12986.26,250.05,-0.015745
ASC-10,158,4134.58,-4762.4,295.99,0.008311
ASC-10,164,12950.09,4984.78,250.67,-0.001288
ASC-10,167,-11520.12,-11816.09,250.14,-0.004456
ASC-10,169,3892.73,9274.55,255.19,0.006759
ASC-10,170,11136.33,5399.96,251.53,-0.002782
ASC-10,171,-2363.82,1310.75,533.77,-0.016686
ASC-10,172,-4171.99,5787.64,274.42,0.000558
ASC-10,174,10653.43,6300.25,251.52,-0.011284
ASC-10,176,2860.42,10452.43,253.33,-0.000563
ASC-10,181,9492.16,5518.87,253.3,0.002242
ASC-10,182,-10337.38,12580.53,250.15,0.001786
ASC-10,184,-7256.47,395.79,272.67,-0.014267
ASC-10,185,-2314.99,550.67,590.59,-0.003369
ASC-10,186,-10135.86,-7416.08,251.25,-0.005128
ASC-10,187,-4865.41,401.1,335.21,-0.012657
ASC-10,190,9551.41,-5299.05,253.56,0.005517
ASC-10,192,-5316.65,-12235.37,250.85,0.006272
ASC-10,193,984.08,-14882.39,250.37,0.004482
ASC-10,194,7137.69,12896.16,250.39,-0.000843
ASC-10,196,2395.81,6712.63,276.3,0.000932
ASC-10,198,13356.58,-6816.96,250.37,0.0072
ASC-10,199,11929.1,-5830.19,250.96,0.000352
ASC-10,201,-11403.08,-132.19,252.28,0.007922
ASC-10,203,9030.8,2297.35,258.47,-0.000675
ASC-10,205,7304.54,3947.51,264.63,-0.001746
ASC-10,207,14792.44,-13171.21,250.03,0.006986
ASC-10,208,-11432.08,861.56,252.2,-0.004044
ASC-10,210,-13609.47,7272.0,250.24,0.005116
ASC-10,212,1138.84,199.18,1041.08,-0.016661
ASC-10,216,-479.95,2592.96,554.47,-0.008774
ASC-10,217,-10267.86,14161.93,250.08,0.006345
ASC-10,219,-12347.39,9010.22,250.26,-0.00125
ASC-10,222,-3373.84,2431.27,376.5,-0.009338
ASC-10,225,641.5,-4752.6,352.93,-0.008468
ASC-10,226,-9585.28,-939.48,256.14,-0.007796
ASC-10,227,-8404.85,-12453.75,250.33,0.001227
ASC-10,230,49.12,-5093.19,336.36,-0.000916
ASC-10,233,606.27,-10596.49,254.04,-0.005059
ASC-10,235,-8925.93,9283.9,251.0,-0.00493
ASC-10,236,-8416.52,7558.67,252.38,0.004474
ASC-10,237,-7781.77,-12435.57,250.4,0.004476
ASC-10,241,-4901.3,-9670.69,253.39,2.5e-05
ASC-10,243,6794.74,5142.87,262.79,0.002177
ASC-10,244,1830.79,-2540.96,517.36,-0.010247
ASC-10,245,10814.72,-5083.11,252.01,-0.001935
ASC-10,247,5885.98,6323.27,261.8,-0.00179
ASC-10,250,-3225.09,-14293.06,250.42,0.001799
ASC-10,251,-1431.22,1033.13,728.16,-0.014072
ASC-10,252,8031.95,11492.91,250.59,0.001282
ASC-10,253,-12282.12,-11217.62,250.13,-0.004972
ASC-10,258,-10432.22,-14784.07,250.06,-0.005222
ASC-10,262,-3281.01,-6224.36,278.07,-0.000607
ASC-10,264,7708.35,487.53,270.77,0.003383
ASC-10,265,-5859.53,-5412.18,266.13,-0.003806
ASC-10,266,6431.22,4663.93,267.66,-0.005906
ASC-10,267,9030.99,7469.27,252.16,-0.001698
ASC-10,268,13894.63,-11799.47,250.06,-0.002449
ASC-10,269,-9874.35,12384.18,250.19,0.006379
ASC-10,270,-7116.72,-4268.31,263.26,-0.003208
ASC-10,271,-3364.16,3137.63,349.2,-0.010256
ASC-10,272,9549.55,12564.92,250.22,0.003982
ASC-10,273,-1931.03,5625.77,297.95,-0.001975
ASC-10,275,10162.73,7671.57,251.23,-0.001492
ASC-10,276,-11413.51,-5185.77,251.25,0.005371
ASC-10,277,-11736.21,-14148.91,250.05,-0.000952
ASC-10,281,-4225.76,-14099.1,250.4,0.005665
ASC-10,283,880.35,-1534.14,816.91,-0.024372
ASC-10,285,-10854.46,-2886.84,252.55,-0.008985
ASC-10,287,10976.3,11587.23,250.2,0.004661
ASC-10,288,1940.61,4081.41,363.0,0.00536
ASC-10,289,-6349.46,6299.83,258.89,0.002624
ASC-10,290,14983.28,11546.71,250.04,-0.0029
ASC-10,291,-11418.1,13130.23,250.08,0.008478
ASC-10,292,11445.91,413.76,252.62,-0.011878
ASC-10,294,-7231.69,4639.68,260.77,-0.003395
ASC-10,297,-14704.53,86.85,250.36,-0.003703
ASC-10,298,-1034.15,3264.05,445.08,-0.003353
ASC-10,299,8252.73,-12151.15,250.43,0.008892
ASC-10,300,4062.92,4392.63,301.56,0.005328
ASC-10,303,5854.39,-1532.27,303.2,-0.002417
ASC-10,306,1020.1,2106.98,628.65,0.002616
ASC-10,308,-2391.36,-4064.31,351.37,0.007379
ASC-10,309,-645.32,-7453.13,272.74,-0.005243
ASC-10,312,-2371.65,2175.06,463.76,-0.003396
ASC-10,313,4893.33,-12707.01,250.78,-0.002484
ASC-10,314,-11878.35,-8502.11,250.4,-0.001566
ASC-10,315,11370.01,-9995.63,250.34,-0.001662
ASC-10,317,-7379.37,-1672.97,269.47,-0.002557
ASC-10,318,12105.38,-3292.77,251.44,-0.002095
ASC-10,320,-1138.02,9060.97,258.3,-0.0031
ASC-10,322,9768.11,594.17,256.6,0.003284
ASC-10,324,13548.62,-7331.26,250.3,0.000356
ASC-10,325,13888.16,2750.5,250.58,-0.009636
ASC-10,328,-6489.59,2329.15,277.67,-0.003575
ASC-10,329,9377.25,5866.37,253.14,0.005776
ASC-10,330,10938.13,-11823.8,250.2,0.003261
ASC-10,333,13705.34,-4793.79,250.48,0.001453
ASC-10,335,6065.05,4970.94,268.6,0.000717
ASC-10,336,-7968.52,-2385.73,262.88,0.000283
ASC-10,337,6972.77,9904.37,251.69,-0.003034
ASC-10,338,-13819.2,10690.07,250.08,-0.00359
ASC-10,339,-7077.96,-8840.25,252.55,0.002783
ASC-10,340,-7520.68,13154.94,250.29,-0.000882
ASC-10,341,-13285.07,-7725.79,250.26,-0.005196
ASC-10,342,-934.65,12447.49,251.29,-0.007509
ASC-10,344,14536.01,13280.81,250.03,-0.002215
ASC-10,346,8183.74,10214.08,250.99,-0.012231
ASC-10,348,-11304.63,5911.37,251.06,0.003607
ASC-10,349,-1452.69,7322.79,270.83,-0.003911
ASC-10,350,-14773.54,9783.79,250.07,-0.001755
ASC-10,352,4055.07,-1936.39,376.73,-0.000466
ASC-10,353,-9594.2,-14987.05,250.07,-0.001936
ASC-10,354,12509.72,6647.96,250.56,-0.013606
ASC-10,355,4042.25,2221.64,363.53,0.019356
ASC-10,357,-2123.08,5871.19,290.65,0.005771
ASC-10,358,11877.1,-3556.57,251.57,0.01012
ASC-10,359,-7316.49,4705.99,260.15,0.001676
ASC-10,360,-11413.68,-1442.64,252.17,0.012193
ASC-10,362,-459.28,6795.93,280.24,0.007046
ASC-10,364,-7697.39,11487.62,250.59,0.000478
ASC-10,366,-466.68,3376.32,449.08,-0.014641
ASC-10,370,-12648.19,-6713.81,250.47,0.002146
ASC-10,371,-10460.93,1771.88,253.53,-0.009
ASC-10,372,-6000.49,-12597.48,250.6,0.009232
ASC-10,374,-13077.91,10585.67,250.11,-0.007076
ASC-10,375,4523.06,7433.7,261.18,0.005204
ASC-10,376,-2849.95,6272.3,278.26,-0.002116
ASC-10,377,-7637.14,11659.68,250.56,0.001614
ASC-10,378,4262.42,1980.04,358.74,0.008624
ASC-10,379,7711.12,-8431.64,252.68,0.004159
ASC-10,384,-8322.34,9500.29,251.15,-0.005984
ASC-10,387,-5510.48,-4662.21,274.49,0.001208
ASC-10,389,14147.14,-11523.22,250.06,0.006466
ASC-10,391,-12304.71,5200.82,250.76,0.005543
ASC-10,393,-3373.16,10322.38,253.14,0.00595
ASC-10,394,-9687.26,8568.36,250.97,-0.002842
ASC-10,395,-7653.88,-14219.95,250.18,0.002746
ASC-10,396,-13327.97,-1011.12,250.77,-0.000273
ASC-10,397,-6526.48,-2455.44,277.31,-0.007487
ASC-10,398,-920.53,7323.16,271.95,0.001868
ASC-10,399,-11829.11,-14192.24,250.05,0.004566
ASC-10,400,13999.04,-4659.07,250.42,-0.008548
ASC-10,401,-2197.97,-13510.28,250.72,-0.003507
ASC-10,403,-5477.1,-12857.27,250.6,0.006826
ASC-10,404,12142.62,9089.79,250.32,0.013337
ASC-10,405,10683.85,-5230.49,252.08,-0.000523
ASC-10,406,-522.52,-14933.0,250.36,-0.003217
ASC-10,407,-14969.41,-6101.23,250.17,-0.007168
ASC-10,408,4761.9,1037.13,350.28,0.017199
ASC-10,409,-4947.36,-8794.5,255.13,0.004046
ASC-10,410,-10836.88,-10865.94,250.27,0.002309
ASC-10,411,-1085.14,8219.46,263.23,-0.003035
ASC-10,415,12402.89,-12554.95,250.08,0.010787
ASC-10,417,12208.76,9788.74,250.24,0.005652
ASC-10,418,-2411.83,-6701.8,277.11,-0.005686
ASC-10,419,12213.29,-14735.74,250.04,0.00583
ASC-10,420,10291.42,1159.96,254.8,0.009153
ASC-10,422,11617.32,-5281.38,251.28,-0.012432
ASC-10,429,-3211.36,3474.93,342.41,-0.010633
ASC-10,432,-3976.73,196.96,390.67,-0.005252
ASC-10,435,-13797.65,-6284.98,250.29,-0.007375
ASC-10,437,14248.91,2226.83,250.5,-0.006836
ASC-10,438,11124.3,-64.33,253.15,-0.007922
ASC-10,439,9003.02,-715.43,260.11,-0.006606
ASC-10,442,-9480.14,737.84,256.52,-0.001304
ASC-10,443,-14034.75,-9308.78,250.12,-0.003833
ASC-10,448,-7653.17,4081.53,260.29,-0.011063
ASC-10,449,-2138.05,-4122.89,356.0,-2e-06
ASC-10,451,-8794.1,-9033.13,251.24,0.002107
ASC-10,452,8296.06,-13801.32,250.2,-0.007759
ASC-10,453,-12874.82,-8588.94,250.25,0.010264
ASC-10,454,3343.37,7647.28,263.45,0.000537
ASC-10,457,-9555.05,1959.66,255.67,-0.010537
ASC-10,458,4485.34,2420.93,336.81,0.001564
ASC-10,460,-679.82,-142.02,1131.77,-0.01586
ASC-10,463,-46.64,161.48,1427.58,-0.013952
ASC-10,465,101.79,-405.61,1416.03,-0.012566
ASC-10,467,253.69,-695.66,1239.67,-0.007256
ASC-10,470,-372.12,-723.9,1133.31,-0.022636
ASC-10,471,134.28,185.46,1457.72,-0.011048
ASC-10,473,-86.68,-1045.57,1055.87,-0.020604
ASC-10,474,260.42,-38.29,1561.14,-0.014444
ASC-10,476,-238.34,-1002.7,1052.77,-0.026206
ASC-10,477,-719.19,341.79,1068.52,-0.028724
ASC-10,479,403.69,-462.88,1334.7,-0.010774
ASC-10,481,-680.64,-41.03,1132.06,-0.022197
ASC-10,482,-483.56,-1025.64,993.87,-0.02293
ASC-10,483,-17.71,-1075.0,1049.23,-0.023494
ASC-10,485,-222.8,669.85,1129.19,-0.021458
ASC-10,486,-618.55,870.72,959.85,-0.025275
ASC-10,487,-748.05,-450.39,1066.11,-0.013775
ASC-10,488,111.67,-685.96,1249.16,-0.010988
ASC-10,489,-124.15,-382.91,1365.72,-0.014147
ASC-10,491,-1079.42,-244.59,952.84,-0.018057
ASC-10,492,-820.59,347.24,1026.72,-0.030291
ASC-10,493,-339.48,-1119.87,989.31,-0.020159
ASC-10,495,-331.31,-1083.36,1004.45,-0.02014
ASC-10,496,-508.89,-396.89,1182.66,-0.01862
ASC-10,497,-818.98,-648.2,1000.08,-0.017335
ASC-10,498,1144.64,145.75,1044.4,-0.010077
ASC-10,499,722.19,59.06,1259.38,-0.015022
ASC-10,500,-761.09,-431.03,1063.87,-0.014204
ASC-10,503,-559.72,-408.3,1156.69,-0.018078
ASC-10,505,142.66,-707.4,1237.96,-0.00943
ASC-10,508,-261.44,561.32,1166.83,-0.016537
ASC-10,509,778.84,-1175.37,944.04,-0.015575
ASC-10,510,-362.75,-298.02,1277.3,-0.015085
ASC-10,511,658.37,-379.84,1258.62,-0.007918
ASC-10,513,-431.09,975.38,966.88,-0.021773
ASC-10,514,646.85,-578.64,1196.87,-0.01556
ASC-10,515,276.37,-860.6,1152.27,-0.011291
ASC-10,516,599.76,-859.95,1098.98,-0.018507
ASC-10,517,-914.76,-573.02,979.5,-0.012787
ASC-10,518,661.14,-665.61,1159.04,-0.015312
ASC-10,519,587.98,934.4,1007.78,-0.001236
ASC-10,520,-1017.73,-16.2,981.08,-0.018609
ASC-10,524,-701.97,286.81,1086.23,-0.030231
ASC-10,525,-19.02,-24.35,1518.22,-0.011522
ASC-10,526,-808.12,712.82,951.58,-0.025831
ASC-10,528,-860.53,-832.03,945.36,-0.025171
ASC-10,530,-554.55,763.0,1010.41,-0.029799
ASC-10,531,770.17,782.64,1025.87,-0.008664
ASC-10,533,925.95,658.11,1022.21,-0.001389
ASC-10,534,-239.33,385.59,1249.3,-0.015669
ASC-10,535,420.38,187.32,1383.42,-0.013327
ASC-10,536,499.08,1114.2,951.36,-0.001041
ASC-10,539,-36.87,-672.08,1241.58,-0.020266
ASC-10,540,681.86,-1052.34,1006.35,-0.022074
ASC-10,542,-284.98,552.25,1164.04,-0.017471
ASC-10,543,-711.2,133.34,1105.19,-0.026256
ASC-10,544,1085.03,-871.45,958.86,-0.01729
ASC-10,546,207.02,-316.01,1473.34,-0.010015
ASC-10,548,-459.05,998.4,953.57,-0.023564
ASC-10,550,76.78,489.47,1267.65,-0.019505
ASC-10,551,149.01,-691.91,1246.53,-0.010206
ASC-10,553,-349.22,1095.86,938.51,-0.022068
ASC-10,554,-599.63,-961.35,986.15,-0.022087
ASC-10,555,567.06,1006.62,983.34,-0.006122
ASC-10,559,-890.18,620.67,947.48,-0.033311
ASC-10,560,1045.07,481.58,1028.37,-0.006094
ASC-10,561,-1132.0,-193.27,934.87,-0.019284
ASC-10,564,94.65,228.71,1426.13,-0.012236
ASC-10,566,1239.02,114.01,1007.25,-0.009889
ASC-10,568,107.12,537.01,1242.88,-0.020104
ASC-10,570,-171.34,-360.52,1354.61,-0.016818
ASC-10,572,-646.83,58.85,1143.25,-0.022057
ASC-10,573,-860.2,660.03,948.22,-0.031831
ASC-10,574,1198.0,-573.96,985.52,-0.011388
ASC-10,575,-983.67,426.46,952.34,-0.025916
ASC-10,576,269.01,365.44,1333.64,-0.012228
ASC-10,577,508.33,551.1,1185.46,0.000282
ASC-10,578,645.16,1020.32,966.15,-0.003835
ASC-10,579,-453.85,-261.22,1236.31,-0.018088
ASC-10,580,-439.94,397.78,1168.26,-0.02447
ASC-10,582,11.97,14.51,1525.75,-0.015332
ASC-10,583,1137.59,153.46,1046.67,-0.013507
ASC-10,584,-30.0,-855.99,1149.35,-0.018301
ASC-10,585,-264.18,-720.55,1166.4,-0.024447
ASC-10,589,351.15,27.86,1483.27,-0.009574
ASC-10,591,248.27,-384.24,1422.16,-0.009491
ASC-10,593,961.19,-525.31,1087.25,-0.006854
ASC-10,596,488.74,17.07,1401.09,-0.016057
ASC-10,598,-121.78,1013.62,998.58,-0.022487
ASC-10,602,-339.94,-1281.89,930.73,-0.018213
ASC-10,603,21.1,840.94,1085.14,-0.019471
ASC-10,605,3.12,-1.54,1526.29,-0.016224
ASC-10,606,-141.11,-1282.0,954.26,-0.016275
ASC-10,608,1119.09,288.5,1037.0,-0.012078
ASC-10,609,1280.89,-216.53,993.52,-0.008617
ASC-10,610,749.58,40.71,1246.69,-0.012946
ASC-10,611,-831.56,-707.26,982.95,-0.019115
ASC-10,612,-905.28,192.37,1014.14,-0.024711
ASC-10,613,-366.4,-368.07,1257.99,-0.01311
ASC-10,615,-805.94,31.66,1070.19,-0.020402
ASC-10,618,177.42,1110.96,972.28,-0.011193
ASC-10,619,-623.86,122.23,1147.73,-0.021022
ASC-10,620,868.82,876.63,970.14,-0.004902
ASC-10,621,840.42,1016.07,931.68,0.004268
ASC-10,623,-126.83,931.96,1031.62,-0.025589
ASC-10,624,140.74,106.75,1511.87,-0.012549
ASC-10,626,-796.13,-965.98,931.38,-0.029949
ASC-10,627,759.0,783.65,1028.31,-0.009289
ASC-10,628,1226.86,182.92,1006.27,-0.013915
ASC-10,629,988.48,207.86,1105.53,-0.012153
ASC-10,633,-1011.59,-630.44,935.48,-0.020387
ASC-10,634,-321.02,685.23,1099.81,-0.025286
ASC-10,635,605.38,-851.15,1101.24,-0.018221
ASC-10,636,-368.14,-1086.89,996.3,-0.01996
ASC-10,637,-202.23,-5.91,1396.26,-0.013045
ASC-10,641,768.01,-1211.17,934.11,-0.019463
ASC-10,642,1038.81,-840.24,981.03,-0.017732
ASC-10,643,1378.49,110.54,951.75,-0.000935
ASC-10,645,281.19,-1002.06,1084.49,-0.014198
ASC-10,647,983.63,714.35,988.42,-0.002434
ASC-10,649,1085.35,-963.67,934.96,-0.02108
ASC-10,651,-0.49,-1162.92,1012.67,-0.022822
ASC-10,652,1101.41,-891.53,948.9,-0.017312
ASC-10,655,-726.68,-107.18,1110.02,-0.016723
ASC-10,657,-919.67,-700.4,954.33,-0.017556
ASC-10,658,-683.48,499.06,1046.64,-0.029552
ASC-10,659,377.82,-1104.84,1031.31,-0.016708
ASC-10,660,-80.52,-332.38,1407.86,-0.018466
ASC-10,661,-342.03,-575.45,1199.85,-0.018854
ASC-10,665,112.53,-1245.38,982.5,-0.017378
ASC-10,666,588.63,-1050.73,1024.67,-0.02041
ASC-10,667,-280.56,-758.19,1146.0,-0.026888
ASC-10,670,706.33,163.14,1249.17,-0.009877
ASC-10,674,766.89,836.1,1007.97,-0.009771
ASC-10,675,739.2,459.0,1148.38,-0.009645
ASC-10,676,25.51,-726.5,1221.13,-0.014408
ASC-10,678,-133.84,431.51,1261.55,-0.019736
ASC-10,679,401.07,596.75,1187.5,-0.004366
ASC-11,0,10943.93,2007.4,253.12,0.002616
ASC-11,1,10659.08,2429.92,253.46,0.001652
ASC-11,3,-7156.61,-1976.66,271.13,0.000811
ASC-11,4,-12684.02,2313.65,250.99,2.8e-05
ASC-11,7,-14921.08,10406.94,250.05,-0.002198
ASC-11,8,12312.22,-4746.38,251.01,-0.001221
ASC-11,9,14544.1,-11992.34,250.04,-0.001885
ASC-11,10,-6411.1,3784.8,270.36,-0.004332
ASC-11,14,9531.11,-5419.3,253.48,-1.3e-05
ASC-11,17,-11488.8,-6662.16,250.83,-0.004829
ASC-11,21,8300.58,-2746.5,261.94,0.001376
ASC-11,23,1150.3,-11683.75,252.17,-0.001028
ASC-11,25,14782.82,3601.63,250.32,-0.001479
ASC-11,26,-14096.18,1679.53,250.48,-0.003488
ASC-11,27,2969.33,-5649.8,293.64,-0.003687
ASC-11,28,14018.86,14929.3,250.02,-0.004065
ASC-11,29,-11479.9,6974.94,250.73,-0.000195
ASC-11,30,-8306.96,9956.15,250.95,-0.002603
ASC-11,32,6669.82,3541.11,272.22,0.002328
ASC-11,33,1582.57,5734.73,300.26,-0.00308
ASC-11,35,-13453.84,-7342.99,250.27,-0.001289
ASC-11,36,7176.89,8016.01,253.63,-0.002389
ASC-11,38,-12781.14,-14163.69,250.03,-0.001914
ASC-11,41,-1326.51,-2312.8,566.43,-0.010898
ASC-11,44,-11258.36,-10466.19,250.27,-0.001287
ASC-11,45,3137.4,-9470.63,255.87,-0.00338
ASC-11,46,7408.09,-14462.6,250.18,0.000489
ASC-11,48,1547.02,-11129.15,252.88,0.003111
ASC-11,50,13371.38,-5010.67,250.55,0.001384
ASC-11,51,11246.09,-12303.04,250.15,-0.000783
ASC-11,55,4629.31,-4351.04,294.96,0.000775
ASC-11,56,-10182.2,1320.54,254.27,0.002058
ASC-11,57,1783.94,4163.38,361.95,-0.000967
ASC-11,58,-1831.55,11276.78,252.32,-0.001192
ASC-11,59,-14950.06,13339.66,250.02,-0.000897
ASC-11,60,-2435.11,-4966.51,314.91,-0.005978
ASC-11,61,-3003.03,-8511.82,259.42,-0.000686
ASC-11,64,12856.38,8236.74,250.3,-0.000565
ASC-11,67,-9383.13,3779.52,254.62,-0.001074
ASC-11,68,8739.13,4852.79,255.71,0.000105
ASC-11,71,4992.69,-12862.81,250.7,-0.001618
ASC-11,72,-2242.94,5683.75,293.69,0.000844
ASC-11,73,-1172.24,-13283.67,250.88,0.000787
ASC-11,76,-4176.96,10261.27,252.76,-0.001383
ASC-11,77,9798.67,-10617.29,250.5,0.001395
ASC-11,79,-12568.14,10057.46,250.17,0.000819
ASC-11,84,9277.05,-10801.03,250.56,0.000385
ASC-11,86,224.43,3858.54,406.92,-0.002833
ASC-11,87,12509.46,-8415.78,250.35,-0.003423
ASC-11,88,-3745.71,-6140.44,275.58,-0.00331
ASC-11,89,8457.05,-13398.23,250.23,-0.003271
ASC-11,90,6886.99,-4374.65,266.54,0.000393
ASC-11,93,5560.01,-14106.1,250.33,-0.000191
ASC-11,95,-6129.21,11734.34,250.83,-0.001804
ASC-11,97,-539.9,-9719.17,256.52,-0.001397
ASC-11,101,7567.57,4420.95,261.29,0.001494
ASC-11,103,-9561.08,10483.56,250.48,-0.005208
ASC-11,105,-3009.22,9732.68,254.56,-5.3e-05
ASC-11,107,14470.19,11051.4,250.06,0.003057
ASC-11,110,-6486.01,-10388.54,251.54,0.003726
ASC-11,111,6271.22,3622.27,276.31,0.001444
ASC-11,113,6249.03,-4660.55,270.22,0.002409
ASC-11,114,8096.8,-8183.3,252.56,0.002821
ASC-11,115,-5454.87,-3259.54,289.03,-0.003771
ASC-11,116,-5600.83,-4414.79,275.62,-0.002755
ASC-11,118,-635.82,3226.9,461.85,-0.003958
ASC-11,119,11798.0,-9879.35,250.3,0.003804
ASC-11,120,-1009.74,4589.48,346.67,-0.002486
ASC-11,122,994.22,-1429.55,828.17,-0.01495
ASC-11,126,13545.88,-13087.57,250.04,0.001583
ASC-11,127,-1893.01,-6712.17,279.63,-0.004997
ASC-11,129,2538.72,4021.43,350.22,0.000192
ASC-11,130,-2585.13,-10677.63,253.2,-0.002024
ASC-11,131,14338.69,-4761.5,250.35,0.00431
ASC-11,133,7309.92,11767.76,250.64,0.002519
ASC-11,135,-13174.93,-7545.79,250.29,0.002734
ASC-11,136,-9613.49,-2454.37,255.27,0.000605
ASC-11,137,7527.16,7334.82,254.19,0.004831
ASC-11,138,12261.14,921.63,251.64,0.000857
ASC-11,139,8261.78,-12011.92,250.46,-0.003278
ASC-11,140,-6456.01,8454.98,253.48,7e-05
ASC-11,141,-103.7,6454.04,287.02,0.000201
ASC-11,145,-14051.46,2516.87,250.46,-0.003352
ASC-11,146,-6263.99,5368.46,263.05,-0.004656
ASC-11,148,921.41,-51.35,1161.75,-0.01702
ASC-11,150,-11580.96,-2850.97,251.73,-0.002956
ASC-11,151,11934.48,11198.04,250.16,0.000999
ASC-11,152,-12255.03,3951.72,251.0,0.001341
ASC-11,153,-13850.75,1382.25,250.56,-0.001141
ASC-11,154,-11636.41,1497.8,251.89,0.001055
ASC-11,155,7578.82,-335.19,272.53,0.001258
ASC-11,156,13022.66,12986.26,250.05,0.003836
ASC-11,157,-12129.37,13486.99,250.05,9.7e-05
ASC-11,159,4560.34,-14863.35,250.27,-0.001738
ASC-11,163,-2096.16,5312.36,304.54,0.002137
ASC-11,164,12950.09,4984.78,250.67,0.002558
ASC-11,166,4097.19,12746.8,250.81,0.00261
ASC-11,167,-11520.12,-11816.09,250.14,0.000755
ASC-11,168,-5478.2,-2635.63,295.16,-0.002981
ASC-11,170,11136.33,5399.96,251.53,0.004554
ASC-11,171,-2363.82,1310.75,533.77,-0.012031
ASC-11,174,10653.43,6300.25,251.52,-0.002796
ASC-11,178,-745.39,-3054.41,499.27,-0.006741
ASC-11,179,-4198.23,14193.67,250.35,0.000687
ASC-11,180,13447.92,-5592.98,250.47,0.000308
ASC-11,182,-10337.38,12580.53,250.15,-0.002779
ASC-11,186,-10135.86,-7416.08,251.25,-0.002288
ASC-11,187,-4865.41,401.1,335.21,-0.006644
ASC-11,188,5417.15,6522.85,262.83,-0.001195
ASC-11,189,7179.37,-76.65,278.19,0.000369
ASC-11,190,9551.41,-5299.05,253.56,-0.000563
ASC-11,191,9425.89,-3128.28,256.17,0.004131
ASC-11,192,-5316.65,-12235.37,250.85,-0.000194
ASC-11,195,3368.44,-3666.54,346.26,0.000693
ASC-11,199,11929.1,-5830.19,250.96,-0.002669
ASC-11,201,-11403.08,-132.19,252.28,0.00088
ASC-11,203,9030.8,2297.35,258.47,0.002172
ASC-11,204,-5513.11,-877.21,308.38,-0.003707
ASC-11,205,7304.54,3947.51,264.63,0.002308
ASC-11,207,14792.44,-13171.21,250.03,-0.0031
ASC-11,212,1138.84,199.18,1041.08,-0.012828
ASC-11,215,-3387.87,-3678.02,334.85,-0.005743
ASC-11,216,-479.95,2592.96,554.47,-0.008173
ASC-11,220,-21.86,-14868.76,250.38,0.001264
ASC-11,222,-3373.84,2431.27,376.5,-0.00702
ASC-11,223,-206.61,-9332.42,258.17,0.001626
ASC-11,225,641.5,-4752.6,352.93,-0.002755
ASC-11,226,-9585.28,-939.48,256.14,-0.005508
ASC-11,227,-8404.85,-12453.75,250.33,-0.003172
ASC-11,229,14984.49,-7273.72,250.15,0.002061
ASC-11,230,49.12,-5093.19,336.36,-0.000779
ASC-11,234,-1872.99,14742.88,250.34,0.00107
ASC-11,235,-8925.93,9283.9,251.0,0.000688
ASC-11,236,-8416.52,7558.67,252.38,-0.001785
ASC-11,237,-7781.77,-12435.57,250.4,-0.003708
ASC-11,242,565.35,2776.7,531.6,-0.001398
ASC-11,244,1830.79,-2540.96,517.36,-0.005572
ASC-11,246,-14348.21,-7340.46,250.17,-0.002911
ASC-11,247,5885.98,6323.27,261.8,-0.00074
ASC-11,249,481.59,6630.87,283.5,-0.000547
ASC-11,250,-3225.09,-14293.06,250.42,-0.001779
ASC-11,251,-1431.22,1033.13,728.16,-0.017674
ASC-11,253,-12282.12,-11217.62,250.13,0.001912
ASC-11,254,-13528.9,-14903.42,250.02,0.000255
ASC-11,257,-2668.32,1923.73,455.02,-0.008484
ASC-11,258,-10432.22,-14784.07,250.06,-0.000253
ASC-11,259,92.72,-160.93,1574.97,-0.025818
ASC-11,260,4987.03,-2598.35,317.67,0.000213
ASC-11,261,11831.71,-14471.51,250.05,-0.000932
ASC-11,263,-11121.62,-1377.89,252.56,0.000761
ASC-11,264,7708.35,487.53,270.77,0.001911
ASC-11,265,-5859.53,-5412.18,266.13,-0.003954
ASC-11,270,-7116.72,-4268.31,263.26,0.001318
ASC-11,271,-3364.16,3137.63,349.2,-0.005406
ASC-11,272,9549.55,12564.92,250.22,0.004546
ASC-11,273,-1931.03,5625.77,297.95,-3.1e-05
ASC-11,274,-1961.87,-2218.81,513.58,-0.010472
ASC-11,275,10162.73,7671.57,251.23,-2e-05
ASC-11,278,-12258.44,5225.13,250.78,-0.001363
ASC-11,280,-8680.83,10504.72,250.66,-0.001545
ASC-11,281,-4225.76,-14099.1,250.4,-0.000445
ASC-11,282,-196.53,6545.31,285.11,0.001209
ASC-11,284,-3247.31,-13936.63,250.51,-0.000752
ASC-11,286,9536.37,9246.49,250.9,-0.002282
ASC-11,287,10976.3,11587.23,250.2,0.002123
ASC-11,290,14983.28,11546.71,250.04,0.000991
ASC-11,292,11445.91,413.76,252.62,-0.001946
ASC-11,293,3820.02,-14000.5,250.47,-0.000283
ASC-11,294,-7231.69,4639.68,260.77,-0.001856
ASC-11,295,2732.34,-13561.28,250.68,-0.003121
ASC-11,296,1578.52,-13035.75,251.0,-0.002349
ASC-11,297,-14704.53,86.85,250.36,0.000509
ASC-11,299,8252.73,-12151.15,250.43,-0.003739
ASC-11,301,-11106.05,7225.15,250.81,-0.000603
ASC-11,305,5723.91,-8829.57,254.4,0.002085
ASC-11,308,-2391.36,-4064.31,351.37,-0.006035
ASC-11,310,-12012.51,14662.05,250.03,0.001105
ASC-11,312,-2371.65,2175.06,463.76,-0.009837
ASC-11,316,5895.02,-6192.08,263.25,-0.000322
ASC-11,317,-7379.37,-1672.97,269.47,-0.00108
ASC-11,319,11342.29,-1567.78,252.64,-0.00103
ASC-11,320,-1138.02,9060.97,258.3,-0.000641
ASC-11,321,-6641.66,-2217.72,276.81,-0.002929
ASC-11,322,9768.11,594.17,256.6,0.000231
ASC-11,323,-14865.08,-620.85,250.33,0.001324
ASC-11,324,13548.62,-7331.26,250.3,0.000276
ASC-11,325,13888.16,2750.5,250.58,0.000194
ASC-11,326,-12557.42,-9913.39,250.19,0.00042
ASC-11,327,13287.03,-11763.16,250.08,0.002214
ASC-11,328,-6489.59,2329.15,277.67,-0.005162
ASC-11,330,10938.13,-11823.8,250.2,-0.000614
ASC-11,331,-9654.37,-4.74,256.03,2.8e-05
ASC-11,334,8527.47,4675.41,256.64,0.001132
ASC-11,337,6972.77,9904.37,251.69,0.001739
ASC-11,340,-7520.68,13154.94,250.29,-0.002003
ASC-11,342,-934.65,12447.49,251.29,-0.000613
ASC-11,343,-14000.18,2998.48,250.45,-0.00457
ASC-11,344,14536.01,13280.81,250.03,0.003579
ASC-11,345,-370.82,-4983.37,340.45,-0.002228
ASC-11,346,8183.74,10214.08,250.99,0.000572
ASC-11,347,883.39,-4775.31,349.89,-0.00114
ASC-11,348,-11304.63,5911.37,251.06,-0.001004
ASC-11,350,-14773.54,9783.79,250.07,-0.003054
ASC-11,351,-6003.36,3837.58,274.33,-0.003399
ASC-11,355,4042.25,2221.64,363.53,0.00159
ASC-11,356,-14236.52,-11681.22,250.05,-0.00276
ASC-11,358,11877.1,-3556.57,251.57,0.000874
ASC-11,360,-11413.68,-1442.64,252.17,0.000814
ASC-11,361,-6704.72,8927.74,252.6,0.001986
ASC-11,362,-459.28,6795.93,280.24,0.001236
ASC-11,364,-7697.39,11487.62,250.59,0.000297
ASC-11,365,-1040.05,-14976.73,250.35,9.5e-05
ASC-11,367,5959.06,14456.34,250.23,0.000691
ASC-11,368,14928.79,-14327.35,250.02,0.001425
ASC-11,369,4019.46,7796.96,260.68,0.000854
ASC-11,370,-12648.19,-6713.81,250.47,0.001422
ASC-11,378,4262.42,1980.04,358.74,0.002083
ASC-11,380,8117.15,830.32,266.27,0.000788
ASC-11,381,-8499.52,9573.06,251.04,-0.001485
ASC-11,383,-9268.15,-2582.56,256.24,-0.001736
ASC-11,385,-8533.32,-13293.81,250.21,-0.001666
ASC-11,386,682.86,-13434.14,250.83,-0.000922
ASC-11,387,-5510.48,-4662.21,274.49,-0.003304
ASC-11,388,3581.19,10454.4,252.97,-0.001382
ASC-11,389,14147.14,-11523.22,250.06,-0.000217
ASC-11,392,13348.07,-13438.15,250.04,0.000938
ASC-11,395,-7653.88,-14219.95,250.18,-0.001001
ASC-11,396,-13327.97,-1011.12,250.77,-0.001956
ASC-11,397,-6526.48,-2455.44,277.31,-0.001156
ASC-11,399,-11829.11,-14192.24,250.05,-0.003105
ASC-11,403,-5477.1,-12857.27,250.6,-0.000918
ASC-11,404,12142.62,9089.79,250.32,-0.001145
ASC-11,406,-522.52,-14933.0,250.36,-0.000846
ASC-11,408,4761.9,1037.13,350.28,0.002362
ASC-11,410,-10836.88,-10865.94,250.27,-0.000306
ASC-11,411,-1085.14,8219.46,263.23,-0.002163
ASC-11,415,12402.89,-12554.95,250.08,0.000135
ASC-11,419,12213.29,-14735.74,250.04,0.000437
ASC-11,420,10291.42,1159.96,254.8,-0.000444
ASC-11,422,11617.32,-5281.38,251.28,-0.001464
ASC-11,425,-14920.49,13452.09,250.02,-0.001082
ASC-11,426,3957.1,-12112.31,251.26,0.000708
ASC-11,430,-13117.79,-8270.01,250.24,-0.003331
ASC-11,431,7094.96,-13341.67,250.34,-0.000499
ASC-11,432,-3976.73,196.96,390.67,-0.006182
ASC-11,434,5170.85,4621.76,280.65,0.000317
ASC-11,435,-13797.65,-6284.98,250.29,-0.001212
ASC-11,436,-14063.36,11882.81,250.05,0.00089
ASC-11,439,9003.02,-715.43,260.11,0.003246
ASC-11,440,-511.93,2104.14,643.99,-0.010008
ASC-11,441,-3341.57,1334.94,422.65,-0.009052
ASC-11,444,8848.2,8164.07,251.8,-0.001141
ASC-11,445,-7369.08,-3548.55,264.07,-0.001015
ASC-11,447,-13220.53,3274.3,250.66,-0.002682
ASC-11,448,-7653.17,4081.53,260.29,-0.000292
ASC-11,451,-8794.1,-9033.13,251.24,-0.001424
ASC-11,453,-12874.82,-8588.94,250.25,-0.00362
ASC-11,454,3343.37,7647.28,263.45,-0.000849
ASC-11,455,1881.29,-11455.43,252.34,0.004507
ASC-11,459,6534.64,-5172.61,264.99,0.001173
ASC-11,463,-46.64,161.48,1427.58,-0.024487
ASC-11,465,101.79,-405.61,1416.03,-0.023729
ASC-11,468,-702.05,274.47,1088.43,-0.026275
ASC-11,470,-372.12,-723.9,1133.31,-0.026055
ASC-11,472,191.49,377.6,1334.59,-0.023217
ASC-11,475,-958.05,-346.16,993.32,-0.024213
ASC-11,476,-238.34,-1002.7,1052.77,-0.024075
ASC-11,477,-719.19,341.79,1068.52,-0.02603
ASC-11,479,403.69,-462.88,1334.7,-0.024446
ASC-11,480,-797.71,-430.55,1048.6,-0.025894
ASC-11,481,-680.64,-41.03,1132.06,-0.026995
ASC-11,482,-483.56,-1025.64,993.87,-0.022246
ASC-11,483,-17.71,-1075.0,1049.23,-0.023601
ASC-11,486,-618.55,870.72,959.85,-0.018887
ASC-11,487,-748.05,-450.39,1066.11,-0.02587
ASC-11,488,111.67,-685.96,1249.16,-0.024313
ASC-11,490,1395.73,-306.93,942.82,-0.009943
ASC-11,491,-1079.42,-244.59,952.84,-0.024125
ASC-11,494,1424.76,-123.2,939.26,-0.010313
ASC-11,495,-331.31,-1083.36,1004.45,-0.022951
ASC-11,497,-818.98,-648.2,1000.08,-0.024607
ASC-11,504,576.83,-1254.45,949.24,-0.018947
ASC-11,506,-605.78,37.47,1165.35,-0.027051
ASC-11,507,401.52,-602.64,1264.34,-0.023198
ASC-11,508,-261.44,561.32,1166.83,-0.027389
ASC-11,509,778.84,-1175.37,944.04,-0.017307
ASC-11,510,-362.75,-298.02,1277.3,-0.024703
ASC-11,511,658.37,-379.84,1258.62,-0.019873
ASC-11,513,-431.09,975.38,966.88,-0.018111
ASC-11,516,599.76,-859.95,1098.98,-0.019201
ASC-11,517,-914.76,-573.02,979.5,-0.025575
ASC-11,519,587.98,934.4,1007.78,-0.01429
ASC-11,520,-1017.73,-16.2,981.08,-0.023542
ASC-11,521,256.06,14.28,1543.87,-0.02435
ASC-11,522,79.47,-1294.47,962.22,-0.023123
ASC-11,523,55.15,630.78,1189.97,-0.020466
ASC-11,525,-19.02,-24.35,1518.22,-0.02622
ASC-11,527,-201.06,51.16,1386.86,-0.026643
ASC-11,528,-860.53,-832.03,945.36,-0.024759
ASC-11,531,770.17,782.64,1025.87,-0.012888
ASC-11,532,234.57,115.36,1493.84,-0.023998
ASC-11,535,420.38,187.32,1383.42,-0.021203
ASC-11,538,-813.03,-813.01,964.7,-0.02533
ASC-11,540,681.86,-1052.34,1006.35,-0.020092
ASC-11,541,770.96,894.49,986.77,-0.0122
ASC-11,543,-711.2,133.34,1105.19,-0.025514
ASC-11,545,-208.22,-553.17,1256.79,-0.024173
ASC-11,547,-937.14,-453.76,989.2,-0.024513
ASC-11,548,-459.05,998.4,953.57,-0.016804
ASC-11,550,76.78,489.47,1267.65,-0.02168
ASC-11,551,149.01,-691.91,1246.53,-0.024011
ASC-11,552,-389.64,-834.53,1086.2,-0.024867
ASC-11,558,-913.03,-189.32,1023.2,-0.024568
ASC-11,559,-890.18,620.67,947.48,-0.021459
ASC-11,560,1045.07,481.58,1028.37,-0.010663
ASC-11,562,1013.36,-0.55,1114.85,-0.015881
ASC-11,563,886.53,49.49,1174.05,-0.014856
ASC-11,564,94.65,228.71,1426.13,-0.025089
ASC-11,567,749.59,890.34,992.88,-0.012211
ASC-11,569,-146.19,-783.23,1166.27,-0.025117
ASC-11,570,-171.34,-360.52,1354.61,-0.025146
ASC-11,571,856.56,-561.28,1120.68,-0.017854
ASC-11,573,-860.2,660.03,948.22,-0.022775
ASC-11,576,269.01,365.44,1333.64,-0.022783
ASC-11,578,645.16,1020.32,966.15,-0.01436
ASC-11,579,-453.85,-261.22,1236.31,-0.02629
ASC-11,580,-439.94,397.78,1168.26,-0.027023
ASC-11,582,11.97,14.51,1525.75,-0.02598
ASC-11,584,-30.0,-855.99,1149.35,-0.02395
ASC-11,585,-264.18,-720.55,1166.4,-0.026043
ASC-11,589,351.15,27.86,1483.27,-0.023391
ASC-11,590,410.23,174.54,1393.67,-0.021928
ASC-11,591,248.27,-384.24,1422.16,-0.024507
ASC-11,592,-813.75,359.03,1027.34,-0.02569
ASC-11,593,961.19,-525.31,1087.25,-0.018135
ASC-11,595,656.34,-665.5,1160.68,-0.022387
ASC-11,596,488.74,17.07,1401.09,-0.020486
ASC-11,599,-76.69,-517.39,1314.79,-0.024327
ASC-11,601,539.63,1014.75,984.11,-0.015284
ASC-11,602,-339.94,-1281.89,930.73,-0.021425
ASC-11,604,935.56,462.84,1073.65,-0.013631
ASC-11,605,3.12,-1.54,1526.29,-0.026134
ASC-11,607,-989.63,119.39,986.19,-0.023448
ASC-11,612,-905.28,192.37,1014.14,-0.02276
ASC-11,615,-805.94,31.66,1070.19,-0.024688
ASC-11,616,1113.51,449.27,1010.14,-0.011321
ASC-11,617,-40.42,-546.07,1308.41,-0.025597
ASC-11,619,-623.86,122.23,1147.73,-0.026681
ASC-11,620,868.82,876.63,970.14,-0.010893
ASC-11,621,840.42,1016.07,931.68,-0.011879
ASC-11,622,-82.73,31.9,1462.9,-0.026348
ASC-11,624,140.74,106.75,1511.87,-0.02546
ASC-11,625,814.18,-374.0,1185.15,-0.0176
ASC-11,627,759.0,783.65,1028.31,-0.012642
ASC-11,628,1226.86,182.92,1006.27,-0.011871
ASC-11,629,988.48,207.86,1105.53,-0.014573
ASC-11,630,208.83,688.58,1162.32,-0.019737
ASC-11,632,288.67,-1110.03,1035.9,-0.020005
ASC-11,634,-321.02,685.23,1099.81,-0.025498
ASC-11,636,-368.14,-1086.89,996.3,-0.021397
ASC-11,638,-771.35,-574.85,1033.06,-0.024526
ASC-11,640,-236.57,186.38,1328.6,-0.026705
ASC-11,643,1378.49,110.54,951.75,-0.009518
ASC-11,645,281.19,-1002.06,1084.49,-0.019918
ASC-11,647,983.63,714.35,988.42,-0.009628
ASC-11,648,-321.9,-481.66,1242.23,-0.023329
ASC-11,649,1085.35,-963.67,934.96,-0.016721
ASC-11,650,20.08,351.44,1339.97,-0.024689
ASC-11,652,1101.41,-891.53,948.9,-0.01553
ASC-11,653,-1031.74,-179.26,974.44,-0.023916
ASC-11,656,-1042.54,207.15,958.23,-0.023852
ASC-11,658,-683.48,499.06,1046.64,-0.025507
ASC-11,659,377.82,-1104.84,1031.31,-0.018903
ASC-11,661,-342.03,-575.45,1199.85,-0.025365
ASC-11,663,-565.8,707.84,1025.0,-0.022226
ASC-11,665,112.53,-1245.38,982.5,-0.024358
ASC-11,666,588.63,-1050.73,1024.67,-0.01994
ASC-11,667,-280.56,-758.19,1146.0,-0.026566
ASC-11,671,197.89,861.48,1079.24,-0.016921
ASC-11,672,777.2,601.65,1086.83,-0.013689
ASC-11,673,1179.02,427.46,990.12,-0.011465
ASC-11,674,766.89,836.1,1007.97,-0.012915
ASC-11,675,739.2,459.0,1148.38,-0.016591
ASC-11,676,25.51,-726.5,1221.13,-0.023954
ASC-11,677,-797.84,395.6,1026.72,-0.025615
ASC-11,678,-133.84,431.51,1261.55,-0.025236
ASC-11,679,401.07,596.75,1187.5,-0.018061
ASC-12,1,10659.08,2429.92,253.46,0.000387
ASC-12,5,13393.97,479.81,250.89,0.000468
ASC-12,6,3413.75,-6427.88,276.54,0.000921
ASC-12,7,-14921.08,10406.94,250.05,0.003402
ASC-12,8,12312.22,-4746.38,251.01,0.000588
ASC-12,11,9409.83,10697.29,250.52,-0.001498
ASC-12,12,-12527.76,-11620.94,250.1,-0.002144
ASC-12,15,-2738.0,-6847.46,273.49,0.001293
ASC-12,16,532.49,-10344.86,254.65,0.002225
ASC-12,17,-11488.8,-6662.16,250.83,0.00168
ASC-12,19,-63.98,-8337.73,264.23,0.000301
ASC-12,20,-7551.62,944.11,268.69,0.000657
ASC-12,24,7114.51,7663.27,254.3,0.001355
ASC-12,26,-14096.18,1679.53,250.48,-0.001011
ASC-12,27,2969.33,-5649.8,293.64,-0.001298
ASC-12,30,-8306.96,9956.15,250.95,0.000254
ASC-12,32,6669.82,3541.11,272.22,0.00326
ASC-12,33,1582.57,5734.73,300.26,0.001205
ASC-12,34,1431.05,-6552.57,285.82,0.00088
ASC-12,35,-13453.84,-7342.99,250.27,0.000288
ASC-12,38,-12781.14,-14163.69,250.03,0.002262
ASC-12,39,13754.05,-1156.46,250.71,-0.001432
ASC-12,44,-11258.36,-10466.19,250.27,-0.001166
ASC-12,45,3137.4,-9470.63,255.87,0.002546
ASC-12,47,7324.4,-4333.02,263.61,-0.000474
ASC-12,48,1547.02,-11129.15,252.88,-0.002032
ASC-12,50,13371.38,-5010.67,250.55,-0.001607
ASC-12,51,11246.09,-12303.04,250.15,-0.003209
ASC-12,53,-6966.9,7696.68,254.01,0.000839
ASC-12,54,894.36,12257.57,251.46,-0.003326
ASC-12,55,4629.31,-4351.04,294.96,0.002694
ASC-12,59,-14950.06,13339.66,250.02,0.00148
ASC-12,60,-2435.11,-4966.51,314.91,-0.004902
ASC-12,67,-9383.13,3779.52,254.62,0.002043
ASC-12,70,-5380.79,7084.73,259.17,0.002253
ASC-12,71,4992.69,-12862.81,250.7,-0.002116
ASC-12,72,-2242.94,5683.75,293.69,-0.000718
ASC-12,73,-1172.24,-13283.67,250.88,-0.001101
ASC-12,77,9798.67,-10617.29,250.5,0.000918
ASC-12,79,-12568.14,10057.46,250.17,-0.000873
ASC-12,81,-4386.21,-5360.34,279.28,-0.00188
ASC-12,83,14636.83,10649.19,250.06,-0.000533
ASC-12,85,209.37,-13049.28,251.04,-0.002304
ASC-12,86,224.43,3858.54,406.92,-0.004432
ASC-12,87,12509.46,-8415.78,250.35,0.001296
ASC-12,88,-3745.71,-6140.44,275.58,-0.002925
ASC-12,89,8457.05,-13398.23,250.23,-0.001154
ASC-12,91,7120.29,9385.43,252.04,0.001162
ASC-12,92,-1330.66,2289.19,546.52,-0.002753
ASC-12,94,10119.03,-12763.51,250.18,0.002086
ASC-12,96,7895.02,3956.17,260.94,-0.001294
ASC-12,98,1029.43,3554.45,425.36,0.001746
ASC-12,100,-3753.68,9771.43,253.89,-0.002879
ASC-12,102,-3243.98,-10763.73,252.76,-0.002106
ASC-12,103,-9561.08,10483.56,250.48,0.002146
ASC-12,104,8632.14,5153.68,255.51,9.1e-05
ASC-12,106,2374.19,-774.95,633.62,-0.004476
ASC-12,108,4428.82,9077.38,255.1,-0.000332
ASC-12,110,-6486.01,-10388.54,251.54,-0.001678
ASC-12,111,6271.22,3622.27,276.31,0.002497
ASC-12,112,13812.38,-8821.42,250.17,-0.001058
ASC-12,114,8096.8,-8183.3,252.56,-0.001067
ASC-12,115,-5454.87,-3259.54,289.03,0.000422
ASC-12,116,-5600.83,-4414.79,275.62,-0.003435
ASC-12,117,-4271.59,6022.21,271.28,-0.00283
ASC-12,118,-635.82,3226.9,461.85,-0.001454
ASC-12,121,-9707.67,7600.51,251.35,0.000774
ASC-12,123,-7209.62,-13957.69,250.23,0.000443
ASC-12,124,4077.08,8813.77,256.32,0.000284
ASC-12,127,-1893.01,-6712.17,279.63,0.000327
ASC-12,130,-2585.13,-10677.63,253.2,0.001942
ASC-12,134,-7069.62,8498.81,252.76,0.001292
ASC-12,136,-9613.49,-2454.37,255.27,-0.000856
ASC-12,137,7527.16,7334.82,254.19,0.002382
ASC-12,138,12261.14,921.63,251.64,0.001072
ASC-12,139,8261.78,-12011.92,250.46,-0.002053
ASC-12,143,-2410.73,10733.4,252.92,-0.000594
ASC-12,144,-7264.79,-702.97,272.43,-0.002785
ASC-12,148,921.41,-51.35,1161.75,-0.013116
ASC-12,149,-6784.4,-7450.06,255.06,-0.001593
ASC-12,150,-11580.96,-2850.97,251.73,0.000699
ASC-12,151,11934.48,11198.04,250.16,0.004236
ASC-12,156,13022.66,12986.26,250.05,0.001013
ASC-12,157,-12129.37,13486.99,250.05,0.000119
ASC-12,158,4134.58,-4762.4,295.99,-0.002332
ASC-12,159,4560.34,-14863.35,250.27,-0.000386
ASC-12,160,790.13,-10171.0,255.09,0.001163
ASC-12,162,5769.49,-2639.51,295.32,0.002011
ASC-12,166,4097.19,12746.8,250.81,0.001337
ASC-12,167,-11520.12,-11816.09,250.14,0.002068
ASC-12,173,3199.12,-14784.55,250.33,-0.002676
ASC-12,175,-9146.6,431.98,257.94,-0.000915
ASC-12,176,2860.42,10452.43,253.33,-0.000194
ASC-12,177,3480.85,-9705.26,254.88,0.000473
ASC-12,178,-745.39,-3054.41,499.27,-0.00916
ASC-12,180,13447.92,-5592.98,250.47,-0.002827
ASC-12,183,-14975.49,1212.18,250.3,0.000849
ASC-12,187,-4865.41,401.1,335.21,-0.002101
ASC-12,193,984.08,-14882.39,250.37,0.001376
ASC-12,194,7137.69,12896.16,250.39,0.002824
ASC-12,195,3368.44,-3666.54,346.26,-0.001149
ASC-12,196,2395.81,6712.63,276.3,0.00192
ASC-12,197,9368.25,5005.51,254.04,-0.001455
ASC-12,198,13356.58,-6816.96,250.37,-0.001554
ASC-12,202,-6346.6,4615.84,266.3,-0.000627
ASC-12,203,9030.8,2297.35,258.47,0.000818
ASC-12,204,-5513.11,-877.21,308.38,-0.000493
ASC-12,205,7304.54,3947.51,264.63,0.004408
ASC-12,206,2771.68,-1457.08,520.17,-0.001017
ASC-12,207,14792.44,-13171.21,250.03,-0.000583
ASC-12,208,-11432.08,861.56,252.2,-0.001346
ASC-12,213,-7655.74,-11936.51,250.53,0.00085
ASC-12,214,-7117.76,5260.82,259.33,-0.000545
ASC-12,216,-479.95,2592.96,554.47,-0.004757
ASC-12,219,-12347.39,9010.22,250.26,0.001752
ASC-12,223,-206.61,-9332.42,258.17,0.000425
ASC-12,225,641.5,-4752.6,352.93,-0.004445
ASC-12,228,-7028.09,6508.96,256.24,-3.8e-05
ASC-12,230,49.12,-5093.19,336.36,-0.004648
ASC-12,231,6218.69,-10139.48,252.05,0.002819
ASC-12,233,606.27,-10596.49,254.04,0.000681
ASC-12,234,-1872.99,14742.88,250.34,0.000138
ASC-12,237,-7781.77,-12435.57,250.4,0.0037
ASC-12,240,11019.95,11822.96,250.18,0.001757
ASC-12,241,-4901.3,-9670.69,253.39,0.000239
ASC-12,242,565.35,2776.7,531.6,0.001182
ASC-12,245,10814.72,-5083.11,252.01,0.000945
ASC-12,248,-11066.16,-5259.26,251.46,-0.003513
ASC-12,251,-1431.22,1033.13,728.16,-0.011954
ASC-12,252,8031.95,11492.91,250.59,0.00022
ASC-12,253,-12282.12,-11217.62,250.13,0.001804
ASC-12,256,-412.89,-9301.03,258.26,-0.000275
ASC-12,257,-2668.32,1923.73,455.02,-0.004572
ASC-12,258,-10432.22,-14784.07,250.06,0.002953
ASC-12,259,92.72,-160.93,1574.97,-0.017614
ASC-12,260,4987.03,-2598.35,317.67,0.000324
ASC-12,261,11831.71,-14471.51,250.05,0.001658
ASC-12,263,-11121.62,-1377.89,252.56,0.001899
ASC-12,264,7708.35,487.53,270.77,0.002651
ASC-12,265,-5859.53,-5412.18,266.13,-0.004605
ASC-12,267,9030.99,7469.27,252.16,0.001615
ASC-12,268,13894.63,-11799.47,250.06,0.002624
ASC-12,270,-7116.72,-4268.31,263.26,-0.001592
ASC-12,273,-1931.03,5625.77,297.95,-0.003008
ASC-12,274,-1961.87,-2218.81,513.58,-0.007017
ASC-12,275,10162.73,7671.57,251.23,-0.000676
ASC-12,277,-11736.21,-14148.91,250.05,-0.001613
ASC-12,278,-12258.44,5225.13,250.78,0.001079
ASC-12,279,297.06,-3312.6,481.94,-0.006099
ASC-12,281,-4225.76,-14099.1,250.4,-0.000142
ASC-12,283,880.35,-1534.14,816.91,-0.009159
ASC-12,284,-3247.31,-13936.63,250.51,-0.001156
ASC-12,286,9536.37,9246.49,250.9,0.002087
ASC-12,287,10976.3,11587.23,250.2,0.0025
ASC-12,288,1940.61,4081.41,363.0,0.001121
ASC-12,289,-6349.46,6299.83,258.89,0.000412
ASC-12,290,14983.28,11546.71,250.04,0.0037
ASC-12,291,-11418.1,13130.23,250.08,-0.000279
ASC-12,292,11445.91,413.76,252.62,-0.000865
ASC-12,293,3820.02,-14000.5,250.47,-0.000412
ASC-12,295,2732.34,-13561.28,250.68,-0.003657
ASC-12,300,4062.92,4392.63,301.56,0.000234
ASC-12,301,-11106.05,7225.15,250.81,0.002635
ASC-12,306,1020.1,2106.98,628.65,0.000389
ASC-12,307,-3465.21,-7940.07,261.45,-0.000283
ASC-12,308,-2391.36,-4064.31,351.37,-0.002859
ASC-12,310,-12012.51,14662.05,250.03,-0.00083
ASC-12,312,-2371.65,2175.06,463.76,-0.006102
ASC-12,314,-11878.35,-8502.11,250.4,-0.000207
ASC-12,315,11370.01,-9995.63,250.34,-0.000527
ASC-12,318,12105.38,-3292.77,251.44,-0.001479
ASC-12,319,11342.29,-1567.78,252.64,0.001032
ASC-12,320,-1138.02,9060.97,258.3,0.002654
ASC-12,321,-6641.66,-2217.72,276.81,-0.002393
ASC-12,322,9768.11,594.17,256.6,0.001924
ASC-12,323,-14865.08,-620.85,250.33,-0.003358
ASC-12,325,13888.16,2750.5,250.58,-0.000581
ASC-12,326,-12557.42,-9913.39,250.19,0.003584
ASC-12,328,-6489.59,2329.15,277.67,0.002304
ASC-12,329,9377.25,5866.37,253.14,0.000868
ASC-12,330,10938.13,-11823.8,250.2,-0.000884
ASC-12,331,-9654.37,-4.74,256.03,0.000414
ASC-12,332,-4737.99,-11455.41,251.44,0.001623
ASC-12,333,13705.34,-4793.79,250.48,0.000313
ASC-12,334,8527.47,4675.41,256.64,-0.000852
ASC-12,336,-7968.52,-2385.73,262.88,-0.003974
ASC-12,337,6972.77,9904.37,251.69,0.00118
ASC-12,338,-13819.2,10690.07,250.08,0.001604
ASC-12,340,-7520.68,13154.94,250.29,0.000582
ASC-12,343,-14000.18,2998.48,250.45,-0.003219
ASC-12,344,14536.01,13280.81,250.03,-0.00015
ASC-12,346,8183.74,10214.08,250.99,0.002297
ASC-12,347,883.39,-4775.31,349.89,-0.004568
ASC-12,349,-1452.69,7322.79,270.83,0.001569
ASC-12,352,4055.07,-1936.39,376.73,-0.003492
ASC-12,354,12509.72,6647.96,250.56,0.001798
ASC-12,355,4042.25,2221.64,363.53,-0.000246
ASC-12,356,-14236.52,-11681.22,250.05,-0.001632
ASC-12,359,-7316.49,4705.99,260.15,0.001908
ASC-12,360,-11413.68,-1442.64,252.17,-0.00022
ASC-12,361,-6704.72,8927.74,252.6,0.000644
ASC-12,362,-459.28,6795.93,280.24,0.000503
ASC-12,364,-7697.39,11487.62,250.59,0.000353
ASC-12,367,5959.06,14456.34,250.23,-0.001739
ASC-12,368,14928.79,-14327.35,250.02,-0.000175
ASC-12,369,4019.46,7796.96,260.68,0.00023
ASC-12,371,-10460.93,1771.88,253.53,-0.001434
ASC-12,372,-6000.49,-12597.48,250.6,0.001514
ASC-12,373,13219.4,4486.98,250.64,0.000203
ASC-12,375,4523.06,7433.7,261.18,0.000479
ASC-12,376,-2849.95,6272.3,278.26,0.000995
ASC-12,377,-7637.14,11659.68,250.56,0.004556
ASC-12,380,8117.15,830.32,266.27,0.002059
ASC-12,381,-8499.52,9573.06,251.04,-0.000426
ASC-12,384,-8322.34,9500.29,251.15,0.00151
ASC-12,386,682.86,-13434.14,250.83,0.000885
ASC-12,388,3581.19,10454.4,252.97,0.000925
ASC-12,391,-12304.71,5200.82,250.76,0.00059
ASC-12,392,13348.07,-13438.15,250.04,-0.002639
ASC-12,393,-3373.16,10322.38,253.14,-0.000798
ASC-12,394,-9687.26,8568.36,250.97,-0.000986
ASC-12,396,-13327.97,-1011.12,250.77,0.000684
ASC-12,397,-6526.48,-2455.44,277.31,-0.00134
ASC-12,398,-920.53,7323.16,271.95,0.00054
ASC-12,399,-11829.11,-14192.24,250.05,-0.000438
ASC-12,400,13999.04,-4659.07,250.42,0.001565
ASC-12,403,-5477.1,-12857.27,250.6,-0.000586
ASC-12,404,12142.62,9089.79,250.32,0.002772
ASC-12,406,-522.52,-14933.0,250.36,-0.000844
ASC-12,408,4761.9,1037.13,350.28,-0.001675
ASC-12,411,-1085.14,8219.46,263.23,0.002438
ASC-12,412,6870.49,2052.75,277.86,0.002791
ASC-12,414,-12053.37,5687.81,250.78,0.000256
ASC-12,415,12402.89,-12554.95,250.08,-0.001276
ASC-12,417,12208.76,9788.74,250.24,-3.5e-05
ASC-12,418,-2411.83,-6701.8,277.11,0.000981
ASC-12,419,12213.29,-14735.74,250.04,0.002207
ASC-12,420,10291.42,1159.96,254.8,-0.000797
ASC-12,421,-13884.89,1786.2,250.54,0.000622
ASC-12,422,11617.32,-5281.38,251.28,0.003589
ASC-12,424,2436.86,-14223.95,250.49,0.00031
ASC-12,426,3957.1,-12112.31,251.26,-0.000127
ASC-12,428,10958.29,-7442.38,250.98,0.000802
ASC-12,429,-3211.36,3474.93,342.41,-0.003004
ASC-12,430,-13117.79,-8270.01,250.24,-6.1e-05
ASC-12,432,-3976.73,196.96,390.67,-0.004771
ASC-12,433,-5162.98,-7517.3,258.73,6e-05
ASC-12,434,5170.85,4621.76,280.65,0.001967
ASC-12,438,11124.3,-64.33,253.15,0.000231
ASC-12,439,9003.02,-715.43,260.11,0.00203
ASC-12,440,-511.93,2104.14,643.99,-0.004932
ASC-12,443,-14034.75,-9308.78,250.12,-0.002678
ASC-12,444,8848.2,8164.07,251.8,-0.000158
ASC-12,447,-13220.53,3274.3,250.66,0.00128
ASC-12,448,-7653.17,4081.53,260.29,0.002727
ASC-12,449,-2138.05,-4122.89,356.0,-0.003241
ASC-12,450,-3695.76,6166.9,273.78,-0.001473
ASC-12,454,3343.37,7647.28,263.45,0.000273
ASC-12,455,1881.29,-11455.43,252.34,-0.001581
ASC-12,456,658.74,4443.6,361.64,-9.3e-05
ASC-12,457,-9555.05,1959.66,255.67,-0.001817
ASC-12,459,6534.64,-5172.61,264.99,0.00243
ASC-12,463,-46.64,161.48,1427.58,-0.018404
ASC-12,464,-145.58,-911.49,1107.46,-0.01484
ASC-12,465,101.79,-405.61,1416.03,-0.015083
ASC-12,466,-268.39,-355.2,1309.99,-0.01827
ASC-12,467,253.69,-695.66,1239.67,-0.013621
ASC-12,468,-702.05,274.47,1088.43,-0.01661
ASC-12,469,1048.6,-404.67,1073.38,-0.009377
ASC-12,470,-372.12,-723.9,1133.31,-0.017969
ASC-12,473,-86.68,-1045.57,1055.87,-0.016388
ASC-12,474,260.42,-38.29,1561.14,-0.015542
ASC-12,475,-958.05,-346.16,993.32,-0.017753
ASC-12,477,-719.19,341.79,1068.52,-0.017667
ASC-12,479,403.69,-462.88,1334.7,-0.012901
ASC-12,480,-797.71,-430.55,1048.6,-0.017224
ASC-12,481,-680.64,-41.03,1132.06,-0.017503
ASC-12,482,-483.56,-1025.64,993.87,-0.01291
ASC-12,483,-17.71,-1075.0,1049.23,-0.014733
ASC-12,486,-618.55,870.72,959.85,-0.011262
ASC-12,488,111.67,-685.96,1249.16,-0.015641
ASC-12,489,-124.15,-382.91,1365.72,-0.017026
ASC-12,492,-820.59,347.24,1026.72,-0.016958
ASC-12,494,1424.76,-123.2,939.26,-0.009251
ASC-12,495,-331.31,-1083.36,1004.45,-0.012183
ASC-12,496,-508.89,-396.89,1182.66,-0.018408
ASC-12,503,-559.72,-408.3,1156.69,-0.018855
ASC-12,504,576.83,-1254.45,949.24,-0.013442
ASC-12,506,-605.78,37.47,1165.35,-0.017439
ASC-12,507,401.52,-602.64,1264.34,-0.011127
ASC-12,510,-362.75,-298.02,1277.3,-0.018577
ASC-12,512,-515.5,-387.66,1181.6,-0.018648
ASC-12,513,-431.09,975.38,966.88,-0.011661
ASC-12,516,599.76,-859.95,1098.98,-0.012681
ASC-12,517,-914.76,-573.02,979.5,-0.017269
ASC-12,519,587.98,934.4,1007.78,-0.011116
ASC-12,521,256.06,14.28,1543.87,-0.015779
ASC-12,523,55.15,630.78,1189.97,-0.017152
ASC-12,524,-701.97,286.81,1086.23,-0.016726
ASC-12,525,-19.02,-24.35,1518.22,-0.018363
ASC-12,526,-808.12,712.82,951.58,-0.012784
ASC-12,527,-201.06,51.16,1386.86,-0.018943
ASC-12,528,-860.53,-832.03,945.36,-0.014792
ASC-12,529,-137.77,802.38,1085.98,-0.014234
ASC-12,537,706.8,-370.01,1237.77,-0.013341
ASC-12,539,-36.87,-672.08,1241.58,-0.017711
ASC-12,540,681.86,-1052.34,1006.35,-0.011207
ASC-12,542,-284.98,552.25,1164.04,-0.0148
ASC-12,543,-711.2,133.34,1105.19,-0.016494
ASC-12,545,-208.22,-553.17,1256.79,-0.017366
ASC-12,548,-459.05,998.4,953.57,-0.011969
ASC-12,551,149.01,-691.91,1246.53,-0.0146
ASC-12,552,-389.64,-834.53,1086.2,-0.015958
ASC-12,553,-349.22,1095.86,938.51,-0.012276
ASC-12,557,512.59,528.16,1194.7,-0.012613
ASC-12,558,-913.03,-189.32,1023.2,-0.01958
ASC-12,559,-890.18,620.67,947.48,-0.011722
ASC-12,561,-1132.0,-193.27,934.87,-0.019344
ASC-12,563,886.53,49.49,1174.05,-0.012304
ASC-12,564,94.65,228.71,1426.13,-0.016852
ASC-12,567,749.59,890.34,992.88,-0.010112
ASC-12,568,107.12,537.01,1242.88,-0.016958
ASC-12,570,-171.34,-360.52,1354.61,-0.016101
ASC-12,572,-646.83,58.85,1143.25,-0.016945
ASC-12,573,-860.2,660.03,948.22,-0.012012
ASC-12,575,-983.67,426.46,952.34,-0.014296
ASC-12,577,508.33,551.1,1185.46,-0.01352
ASC-12,578,645.16,1020.32,966.15,-0.007632
ASC-12,584,-30.0,-855.99,1149.35,-0.016846
ASC-12,585,-264.18,-720.55,1166.4,-0.015847
ASC-12,586,126.59,-902.5,1136.34,-0.015362
ASC-12,587,1085.12,-750.96,988.65,-0.007893
ASC-12,590,410.23,174.54,1393.67,-0.013015
ASC-12,593,961.19,-525.31,1087.25,-0.007559
ASC-12,594,502.94,67.21,1382.04,-0.012025
ASC-12,595,656.34,-665.5,1160.68,-0.009881
ASC-12,596,488.74,17.07,1401.09,-0.012279
ASC-12,599,-76.69,-517.39,1314.79,-0.01693
ASC-12,600,1349.75,78.37,964.74,-0.010442
ASC-12,602,-339.94,-1281.89,930.73,-0.013908
ASC-12,603,21.1,840.94,1085.14,-0.01462
ASC-12,604,935.56,462.84,1073.65,-0.009319
ASC-12,605,3.12,-1.54,1526.29,-0.018442
ASC-12,606,-141.11,-1282.0,954.26,-0.013849
ASC-12,607,-989.63,119.39,986.19,-0.017106
ASC-12,608,1119.09,288.5,1037.0,-0.007708
ASC-12,609,1280.89,-216.53,993.52,-0.009279
ASC-12,613,-366.4,-368.07,1257.99,-0.017974
ASC-12,614,696.46,-1063.98,999.14,-0.010768
ASC-12,616,1113.51,449.27,1010.14,-0.008061
ASC-12,617,-40.42,-546.07,1308.41,-0.017632
ASC-12,622,-82.73,31.9,1462.9,-0.018034
ASC-12,623,-126.83,931.96,1031.62,-0.014034
ASC-12,625,814.18,-374.0,1185.15,-0.011742
ASC-12,629,988.48,207.86,1105.53,-0.008467
ASC-12,630,208.83,688.58,1162.32,-0.015509
ASC-12,631,150.53,-538.27,1335.33,-0.0143
ASC-12,634,-321.02,685.23,1099.81,-0.014541
ASC-12,636,-368.14,-1086.89,996.3,-0.012395
ASC-12,637,-202.23,-5.91,1396.26,-0.019501
ASC-12,638,-771.35,-574.85,1033.06,-0.017446
ASC-12,639,1134.14,-848.22,949.68,-0.00818
ASC-12,642,1038.81,-840.24,981.03,-0.00823
ASC-12,645,281.19,-1002.06,1084.49,-0.013354
ASC-12,646,-507.1,842.92,996.07,-0.012685
ASC-12,647,983.63,714.35,988.42,-0.007922
ASC-12,648,-321.9,-481.66,1242.23,-0.018018
ASC-12,649,1085.35,-963.67,934.96,-0.009355
ASC-12,650,20.08,351.44,1339.97,-0.017264
ASC-12,652,1101.41,-891.53,948.9,-0.009024
ASC-12,653,-1031.74,-179.26,974.44,-0.019607
ASC-12,655,-726.68,-107.18,1110.02,-0.019664
ASC-12,656,-1042.54,207.15,958.23,-0.015963
ASC-12,658,-683.48,499.06,1046.64,-0.01491
ASC-12,659,377.82,-1104.84,1031.31,-0.013718
ASC-12,661,-342.03,-575.45,1199.85,-0.017433
ASC-12,663,-565.8,707.84,1025.0,-0.014085
ASC-12,664,-999.03,-610.35,943.09,-0.017655
ASC-12,665,112.53,-1245.38,982.5,-0.013513
ASC-12,667,-280.56,-758.19,1146.0,-0.015864
ASC-12,668,691.11,729.99,1064.89,-0.011634
ASC-12,669,-516.36,-17.47,1215.26,-0.019251
ASC-12,670,706.33,163.14,1249.17,-0.012773
ASC-12,672,777.2,601.65,1086.83,-0.010735
ASC-12,673,1179.02,427.46,990.12,-0.007513
ASC-12,675,739.2,459.0,1148.38,-0.010031
ASC-12,677,-797.84,395.6,1026.72,-0.017667
ASC-12,678,-133.84,431.51,1261.55,-0.018015
ASC-12,679,401.07,596.75,1187.5,-0.01569
ASC-13,0,10943.93,2007.4,253.12,-2.1e-05
ASC-13,1,10659.08,2429.92,253.46,0.001487
ASC-13,2,9330.7,1357.17,258.02,-0.001333
ASC-13,3,-7156.61,-1976.66,271.13,-0.004065
ASC-13,4,-12684.02,2313.65,250.99,-0.003787
ASC-13,5,13393.97,479.81,250.89,-0.000182
ASC-13,8,12312.22,-4746.38,251.01,-0.000492
ASC-13,9,14544.1,-11992.34,250.04,-0.00039
ASC-13,12,-12527.76,-11620.94,250.1,-0.000575
ASC-13,13,-1851.6,-14135.37,250.53,0.001952
ASC-13,14,9531.11,-5419.3,253.48,-0.002501
ASC-13,16,532.49,-10344.86,254.65,-0.000224
ASC-13,17,-11488.8,-6662.16,250.83,-0.001707
ASC-13,18,9420.2,-2267.8,257.05,0.004695
ASC-13,19,-63.98,-8337.73,264.23,-0.002058
ASC-13,20,-7551.62,944.11,268.69,-0.003845
ASC-13,21,8300.58,-2746.5,261.94,0.001001
ASC-13,22,14376.85,-3157.37,250.43,0.002409
ASC-13,23,1150.3,-11683.75,252.17,0.001197
ASC-13,24,7114.51,7663.27,254.3,-0.002827
ASC-13,25,14782.82,3601.63,250.32,0.000895
ASC-13,28,14018.86,14929.3,250.02,-6.2e-05
ASC-13,29,-11479.9,6974.94,250.73,-0.000153
ASC-13,31,1506.85,1762.7,642.65,0.001012
ASC-13,32,6669.82,3541.11,272.22,-0.00034
ASC-13,37,-5378.95,-5544.5,268.64,-0.005467
ASC-13,38,-12781.14,-14163.69,250.03,0.002763
ASC-13,39,13754.05,-1156.46,250.71,0.000885
ASC-13,40,4790.14,10839.95,251.92,0.001987
ASC-13,43,-663.3,12039.64,251.64,-0.000375
ASC-13,46,7408.09,-14462.6,250.18,-0.00216
ASC-13,47,7324.4,-4333.02,263.61,0.002704
ASC-13,50,13371.38,-5010.67,250.55,-0.002724
ASC-13,51,11246.09,-12303.04,250.15,-0.002095
ASC-13,54,894.36,12257.57,251.46,-0.002704
ASC-13,55,4629.31,-4351.04,294.96,-0.000741
ASC-13,56,-10182.2,1320.54,254.27,0.003213
ASC-13,58,-1831.55,11276.78,252.32,-0.002354
ASC-13,60,-2435.11,-4966.51,314.91,-0.005679
ASC-13,61,-3003.03,-8511.82,259.42,0.000298
ASC-13,63,-13364.56,-7134.47,250.29,-0.000302
ASC-13,64,12856.38,8236.74,250.3,-0.00161
ASC-13,65,12249.58,3661.0,251.23,0.00018
ASC-13,66,2994.01,-11406.58,252.13,0.001862
ASC-13,67,-9383.13,3779.52,254.62,0.000514
ASC-13,68,8739.13,4852.79,255.71,0.001977
ASC-13,72,-2242.94,5683.75,293.69,0.001484
ASC-13,73,-1172.24,-13283.67,250.88,0.001024
ASC-13,75,-13882.88,1024.1,250.56,-0.000428
ASC-13,77,9798.67,-10617.29,250.5,-0.001842
ASC-13,79,-12568.14,10057.46,250.17,0.001039
ASC-13,80,1589.42,-12313.67,251.49,-0.000267
ASC-13,81,-4386.21,-5360.34,279.28,-0.001132
ASC-13,82,-3031.23,8441.65,258.94,-0.001476
ASC-13,83,14636.83,10649.19,250.06,0.00212
ASC-13,84,9277.05,-10801.03,250.56,0.002215
ASC-13,86,224.43,3858.54,406.92,-0.004314
ASC-13,88,-3745.71,-6140.44,275.58,-0.000261
ASC-13,89,8457.05,-13398.23,250.23,0.000143
ASC-13,90,6886.99,-4374.65,266.54,0.002682
ASC-13,92,-1330.66,2289.19,546.52,-0.005045
ASC-13,93,5560.01,-14106.1,250.33,0.002636
ASC-13,94,10119.03,-12763.51,250.18,-0.001027
ASC-13,95,-6129.21,11734.34,250.83,-0.002142
ASC-13,96,7895.02,3956.17,260.94,0.001298
ASC-13,97,-539.9,-9719.17,256.52,-0.000493
ASC-13,98,1029.43,3554.45,425.36,-0.002963
ASC-13,101,7567.57,4420.95,261.29,0.000898
ASC-13,102,-3243.98,-10763.73,252.76,-0.000357
ASC-13,103,-9561.08,10483.56,250.48,-0.002021
ASC-13,105,-3009.22,9732.68,254.56,-0.000883
ASC-13,106,2374.19,-774.95,633.62,0.000775
ASC-13,107,14470.19,11051.4,250.06,-0.000121
ASC-13,108,4428.82,9077.38,255.1,-0.001729
ASC-13,109,731.87,-5085.21,335.19,-0.001889
ASC-13,110,-6486.01,-10388.54,251.54,0.000965
ASC-13,111,6271.22,3622.27,276.31,0.000865
ASC-13,112,13812.38,-8821.42,250.17,-0.002052
ASC-13,115,-5454.87,-3259.54,289.03,0.00037
ASC-13,116,-5600.83,-4414.79,275.62,0.000595
ASC-13,117,-4271.59,6022.21,271.28,0.001541
ASC-13,118,-635.82,3226.9,461.85,-0.002447
ASC-13,119,11798.0,-9879.35,250.3,0.00039
ASC-13,120,-1009.74,4589.48,346.67,-0.002832
ASC-13,121,-9707.67,7600.51,251.35,-0.000997
ASC-13,123,-7209.62,-13957.69,250.23,0.000524
ASC-13,127,-1893.01,-6712.17,279.63,0.001374
ASC-13,128,2480.25,7811.37,264.48,0.000685
ASC-13,129,2538.72,4021.43,350.22,0.000484
ASC-13,130,-2585.13,-10677.63,253.2,-0.000673
ASC-13,132,-13709.88,-13672.99,250.03,0.001738
ASC-13,133,7309.92,11767.76,250.64,0.001762
ASC-13,134,-7069.62,8498.81,252.76,0.000848
ASC-13,135,-13174.93,-7545.79,250.29,-0.001083
ASC-13,137,7527.16,7334.82,254.19,0.001603
ASC-13,138,12261.14,921.63,251.64,-0.001262
ASC-13,140,-6456.01,8454.98,253.48,0.002112
ASC-13,141,-103.7,6454.04,287.02,-0.001377
ASC-13,142,-11445.62,-14395.85,250.05,0.000214
ASC-13,143,-2410.73,10733.4,252.92,-0.000647
ASC-13,145,-14051.46,2516.87,250.46,-0.000644
ASC-13,147,12851.61,11639.95,250.09,-0.001512
ASC-13,150,-11580.96,-2850.97,251.73,-6.6e-05
ASC-13,151,11934.48,11198.04,250.16,0.000383
ASC-13,152,-12255.03,3951.72,251.0,5.1e-05
ASC-13,153,-13850.75,1382.25,250.56,-0.000558
ASC-13,154,-11636.41,1497.8,251.89,0.000169
ASC-13,155,7578.82,-335.19,272.53,0.002761
ASC-13,157,-12129.37,13486.99,250.05,0.000589
ASC-13,158,4134.58,-4762.4,295.99,-0.001105
ASC-13,162,5769.49,-2639.51,295.32,-0.000661
ASC-13,165,14913.62,-667.98,250.38,-0.000995
ASC-13,167,-11520.12,-11816.09,250.14,-0.000782
ASC-13,168,-5478.2,-2635.63,295.16,-0.004593
ASC-13,169,3892.73,9274.55,255.19,0.001992
ASC-13,170,11136.33,5399.96,251.53,0.00018
ASC-13,172,-4171.99,5787.64,274.42,-7.3e-05
ASC-13,175,-9146.6,431.98,257.94,-0.000893
ASC-13,176,2860.42,10452.43,253.33,-1.1e-05
ASC-13,177,3480.85,-9705.26,254.88,0.000125
ASC-13,179,-4198.23,14193.67,250.35,-0.000831
ASC-13,180,13447.92,-5592.98,250.47,-0.000882
ASC-13,181,9492.16,5518.87,253.3,0.003707
ASC-13,184,-7256.47,395.79,272.67,-0.002898
ASC-13,185,-2314.99,550.67,590.59,-0.009322
ASC-13,186,-10135.86,-7416.08,251.25,-0.0012
ASC-13,188,5417.15,6522.85,262.83,-0.00093
ASC-13,189,7179.37,-76.65,278.19,0.002531
ASC-13,191,9425.89,-3128.28,256.17,0.002666
ASC-13,192,-5316.65,-12235.37,250.85,-0.00064
ASC-13,194,7137.69,12896.16,250.39,0.001229
ASC-13,196,2395.81,6712.63,276.3,-0.000466
ASC-13,199,11929.1,-5830.19,250.96,-0.001219
ASC-13,202,-6346.6,4615.84,266.3,-0.000306
ASC-13,205,7304.54,3947.51,264.63,-8.9e-05
ASC-13,206,2771.68,-1457.08,520.17,-0.000984
ASC-13,209,9852.33,13434.45,250.14,-0.002426
ASC-13,210,-13609.47,7272.0,250.24,-0.000121
ASC-13,211,4186.22,-6994.42,266.38,3.1e-05
ASC-13,212,1138.84,199.18,1041.08,-0.006275
ASC-13,213,-7655.74,-11936.51,250.53,-0.00229
ASC-13,214,-7117.76,5260.82,259.33,-0.00178
ASC-13,217,-10267.86,14161.93,250.08,0.000689
ASC-13,218,-1782.47,3272.88,413.09,-0.002803
ASC-13,219,-12347.39,9010.22,250.26,-0.002249
ASC-13,221,1193.59,-5471.3,316.25,-0.002934
ASC-13,223,-206.61,-9332.42,258.17,-0.003316
ASC-13,224,2069.87,1425.43,610.98,-0.00138
ASC-13,225,641.5,-4752.6,352.93,0.000305
ASC-13,226,-9585.28,-939.48,256.14,-0.00246
ASC-13,227,-8404.85,-12453.75,250.33,-0.002769
ASC-13,228,-7028.09,6508.96,256.24,-0.004008
ASC-13,229,14984.49,-7273.72,250.15,0.000488
ASC-13,230,49.12,-5093.19,336.36,-0.001219
ASC-13,231,6218.69,-10139.48,252.05,0.001187
ASC-13,232,-8915.22,-7493.72,252.09,-0.003218
ASC-13,233,606.27,-10596.49,254.04,0.000232
ASC-13,235,-8925.93,9283.9,251.0,0.00058
ASC-13,237,-7781.77,-12435.57,250.4,-0.003432
ASC-13,238,7158.4,-7426.89,254.97,0.002476
ASC-13,239,7322.92,12567.14,250.43,-2.6e-05
ASC-13,240,11019.95,11822.96,250.18,0.000559
ASC-13,241,-4901.3,-9670.69,253.39,0.001377
ASC-13,242,565.35,2776.7,531.6,-0.001081
ASC-13,243,6794.74,5142.87,262.79,-0.002545
ASC-13,246,-14348.21,-7340.46,250.17,-0.00045
ASC-13,247,5885.98,6323.27,261.8,-4e-05
ASC-13,248,-11066.16,-5259.26,251.46,0.000455
ASC-13,249,481.59,6630.87,283.5,0.001357
ASC-13,251,-1431.22,1033.13,728.16,-0.009347
ASC-13,252,8031.95,11492.91,250.59,-0.000357
ASC-13,253,-12282.12,-11217.62,250.13,-0.003253
ASC-13,254,-13528.9,-14903.42,250.02,0.002252
ASC-13,258,-10432.22,-14784.07,250.06,0.002734
ASC-13,261,11831.71,-14471.51,250.05,-0.002055
ASC-13,263,-11121.62,-1377.89,252.56,-0.004574
ASC-13,266,6431.22,4663.93,267.66,0.000953
ASC-13,269,-9874.35,12384.18,250.19,0.000724
ASC-13,274,-1961.87,-2218.81,513.58,-0.006822
ASC-13,276,-11413.51,-5185.77,251.25,0.000502
ASC-13,277,-11736.21,-14148.91,250.05,0.003597
ASC-13,278,-12258.44,5225.13,250.78,-0.001315
ASC-13,279,297.06,-3312.6,481.94,-0.003381
ASC-13,280,-8680.83,10504.72,250.66,0.000531
ASC-13,281,-4225.76,-14099.1,250.4,-1.2e-05
ASC-13,283,880.35,-1534.14,816.91,-0.006949
ASC-13,284,-3247.31,-13936.63,250.51,-0.001528
ASC-13,285,-10854.46,-2886.84,252.55,-0.001521
ASC-13,286,9536.37,9246.49,250.9,-0.000221
ASC-13,287,10976.3,11587.23,250.2,0.001983
ASC-13,288,1940.61,4081.41,363.0,-0.003733
ASC-13,290,14983.28,11546.71,250.04,0.001977
ASC-13,291,-11418.1,13130.23,250.08,-0.001851
ASC-13,292,11445.91,413.76,252.62,0.000667
ASC-13,295,2732.34,-13561.28,250.68,0.002338
ASC-13,296,1578.52,-13035.75,251.0,-0.002509
ASC-13,298,-1034.15,3264.05,445.08,-0.004246
ASC-13,299,8252.73,-12151.15,250.43,0.001119
ASC-13,300,4062.92,4392.63,301.56,0.000596
ASC-13,301,-11106.05,7225.15,250.81,0.002268
ASC-13,303,5854.39,-1532.27,303.2,-0.000118
ASC-13,305,5723.91,-8829.57,254.4,-0.000357
ASC-13,306,1020.1,2106.98,628.65,-0.003921
ASC-13,307,-3465.21,-7940.07,261.45,-0.000852
ASC-13,310,-12012.51,14662.05,250.03,-0.002857
ASC-13,311,12818.2,13478.69,250.05,0.002362
ASC-13,312,-2371.65,2175.06,463.76,-0.004206
ASC-13,313,4893.33,-12707.01,250.78,0.001159
ASC-13,315,11370.01,-9995.63,250.34,0.000138
ASC-13,316,5895.02,-6192.08,263.25,-0.000269
ASC-13,317,-7379.37,-1672.97,269.47,-0.004307
ASC-13,318,12105.38,-3292.77,251.44,0.001916
ASC-13,319,11342.29,-1567.78,252.64,-0.001829
ASC-13,320,-1138.02,9060.97,258.3,-0.001605
ASC-13,321,-6641.66,-2217.72,276.81,-0.001675
ASC-13,322,9768.11,594.17,256.6,0.000331
ASC-13,324,13548.62,-7331.26,250.3,-0.000717
ASC-13,325,13888.16,2750.5,250.58,0.000542
ASC-13,326,-12557.42,-9913.39,250.19,-0.001462
ASC-13,327,13287.03,-11763.16,250.08,-0.001444
ASC-13,329,9377.25,5866.37,253.14,0.001983
ASC-13,330,10938.13,-11823.8,250.2,0.000173
ASC-13,331,-9654.37,-4.74,256.03,-0.001794
ASC-13,332,-4737.99,-11455.41,251.44,0.000347
ASC-13,333,13705.34,-4793.79,250.48,-0.002876
ASC-13,335,6065.05,4970.94,268.6,0.001697
ASC-13,336,-7968.52,-2385.73,262.88,0.001862
ASC-13,338,-13819.2,10690.07,250.08,0.000259
ASC-13,339,-7077.96,-8840.25,252.55,-0.003229
ASC-13,342,-934.65,12447.49,251.29,0.000474
ASC-13,343,-14000.18,2998.48,250.45,-0.00134
ASC-13,344,14536.01,13280.81,250.03,0.000148
ASC-13,345,-370.82,-4983.37,340.45,-0.000116
ASC-13,346,8183.74,10214.08,250.99,0.000949
ASC-13,347,883.39,-4775.31,349.89,0.002763
ASC-13,349,-1452.69,7322.79,270.83,0.00172
ASC-13,350,-14773.54,9783.79,250.07,-0.001493
ASC-13,351,-6003.36,3837.58,274.33,-0.000217
ASC-13,352,4055.07,-1936.39,376.73,0.000144
ASC-13,353,-9594.2,-14987.05,250.07,0.00268
ASC-13,354,12509.72,6647.96,250.56,-0.002242
ASC-13,355,4042.25,2221.64,363.53,0.001355
ASC-13,356,-14236.52,-11681.22,250.05,-0.001858
ASC-13,357,-2123.08,5871.19,290.65,-0.003275
ASC-13,361,-6704.72,8927.74,252.6,0.001182
ASC-13,364,-7697.39,11487.62,250.59,-0.001099
ASC-13,365,-1040.05,-14976.73,250.35,0.001246
ASC-13,367,5959.06,14456.34,250.23,0.000168
ASC-13,369,4019.46,7796.96,260.68,-4.4e-05
ASC-13,371,-10460.93,1771.88,253.53,0.001669
ASC-13,372,-6000.49,-12597.48,250.6,-0.00084
ASC-13,373,13219.4,4486.98,250.64,0.000294
ASC-13,374,-13077.91,10585.67,250.11,-0.000615
ASC-13,377,-7637.14,11659.68,250.56,-0.001116
ASC-13,379,7711.12,-8431.64,252.68,0.000196
ASC-13,380,8117.15,830.32,266.27,0.00112
ASC-13,381,-8499.52,9573.06,251.04,0.001414
ASC-13,382,-9231.18,-5649.64,253.26,0.001903
ASC-13,385,-8533.32,-13293.81,250.21,-0.000403
ASC-13,387,-5510.48,-4662.21,274.49,-0.000785
ASC-13,392,13348.07,-13438.15,250.04,0.001905
ASC-13,393,-3373.16,10322.38,253.14,0.000882
ASC-13,395,-7653.88,-14219.95,250.18,-0.002442
ASC-13,396,-13327.97,-1011.12,250.77,0.002365
ASC-13,397,-6526.48,-2455.44,277.31,-0.00137
ASC-13,398,-920.53,7323.16,271.95,2.7e-05
ASC-13,399,-11829.11,-14192.24,250.05,0.002752
ASC-13,400,13999.04,-4659.07,250.42,-0.001199
ASC-13,401,-2197.97,-13510.28,250.72,-0.001781
ASC-13,403,-5477.1,-12857.27,250.6,-0.000778
ASC-13,404,12142.62,9089.79,250.32,0.000468
ASC-13,405,10683.85,-5230.49,252.08,0.001501
ASC-13,406,-522.52,-14933.0,250.36,0.000699
ASC-13,407,-14969.41,-6101.23,250.17,-0.000946
ASC-13,411,-1085.14,8219.46,263.23,-0.001909
ASC-13,412,6870.49,2052.75,277.86,-0.00159
ASC-13,414,-12053.37,5687.81,250.78,-0.001444
ASC-13,415,12402.89,-12554.95,250.08,-0.000125
ASC-13,417,12208.76,9788.74,250.24,0.005096
ASC-13,419,12213.29,-14735.74,250.04,-0.001252
ASC-13,420,10291.42,1159.96,254.8,0.002227
ASC-13,421,-13884.89,1786.2,250.54,-0.002517
ASC-13,423,5421.06,-3261.48,295.78,-0.001285
ASC-13,424,2436.86,-14223.95,250.49,0.000652
ASC-13,425,-14920.49,13452.09,250.02,-0.002286
ASC-13,427,4275.77,-1469.01,374.68,-0.001632
ASC-13,429,-3211.36,3474.93,342.41,-0.00379
ASC-13,430,-13117.79,-8270.01,250.24,0.000727
ASC-13,431,7094.96,-13341.67,250.34,-0.003239
ASC-13,433,-5162.98,-7517.3,258.73,0.00197
ASC-13,435,-13797.65,-6284.98,250.29,0.001417
ASC-13,440,-511.93,2104.14,643.99,-0.005109
ASC-13,442,-9480.14,737.84,256.52,0.000529
ASC-13,446,7491.68,-7902.6,253.61,-0.000968
ASC-13,448,-7653.17,4081.53,260.29,-0.003019
ASC-13,449,-2138.05,-4122.89,356.0,-0.000833
ASC-13,450,-3695.76,6166.9,273.78,0.004204
ASC-13,451,-8794.1,-9033.13,251.24,0.001013
ASC-13,452,8296.06,-13801.32,250.2,0.001266
ASC-13,454,3343.37,7647.28,263.45,0.000411
ASC-13,455,1881.29,-11455.43,252.34,0.000179
ASC-13,456,658.74,4443.6,361.64,-0.003952
ASC-13,457,-9555.05,1959.66,255.67,-0.000216
ASC-13,459,6534.64,-5172.61,264.99,0.00186
ASC-13,461,268.39,-1253.08,977.2,-0.012475
ASC-13,463,-46.64,161.48,1427.58,-0.014163
ASC-13,464,-145.58,-911.49,1107.46,-0.015151
ASC-13,465,101.79,-405.61,1416.03,-0.014453
ASC-13,467,253.69,-695.66,1239.67,-0.014127
ASC-13,468,-702.05,274.47,1088.43,-0.016302
ASC-13,469,1048.6,-404.67,1073.38,-0.005782
ASC-13,470,-372.12,-723.9,1133.31,-0.015545
ASC-13,471,134.28,185.46,1457.72,-0.014384
ASC-13,473,-86.68,-1045.57,1055.87,-0.01556
ASC-13,474,260.42,-38.29,1561.14,-0.014683
ASC-13,476,-238.34,-1002.7,1052.77,-0.014961
ASC-13,477,-719.19,341.79,1068.52,-0.016989
ASC-13,479,403.69,-462.88,1334.7,-0.013458
ASC-13,480,-797.71,-430.55,1048.6,-0.01492
ASC-13,482,-483.56,-1025.64,993.87,-0.015365
ASC-13,484,737.08,-859.55,1064.09,-0.011212
ASC-13,485,-222.8,669.85,1129.19,-0.013423
ASC-13,488,111.67,-685.96,1249.16,-0.014765
ASC-13,489,-124.15,-382.91,1365.72,-0.018111
ASC-13,491,-1079.42,-244.59,952.84,-0.017067
ASC-13,492,-820.59,347.24,1026.72,-0.01674
ASC-13,494,1424.76,-123.2,939.26,-0.0065
ASC-13,495,-331.31,-1083.36,1004.45,-0.014233
ASC-13,496,-508.89,-396.89,1182.66,-0.018492
ASC-13,497,-818.98,-648.2,1000.08,-0.015413
ASC-13,498,1144.64,145.75,1044.4,-0.006984
ASC-13,499,722.19,59.06,1259.38,-0.010883
ASC-13,502,224.37,-1348.44,941.13,-0.011686
ASC-13,503,-559.72,-408.3,1156.69,-0.016708
ASC-13,504,576.83,-1254.45,949.24,-0.011379
ASC-13,505,142.66,-707.4,1237.96,-0.015324
ASC-13,506,-605.78,37.47,1165.35,-0.016349
ASC-13,507,401.52,-602.64,1264.34,-0.012258
ASC-13,508,-261.44,561.32,1166.83,-0.013817
ASC-13,511,658.37,-379.84,1258.62,-0.010425
ASC-13,513,-431.09,975.38,966.88,-0.011167
ASC-13,514,646.85,-578.64,1196.87,-0.009709
ASC-13,515,276.37,-860.6,1152.27,-0.013009
ASC-13,518,661.14,-665.61,1159.04,-0.011123
ASC-13,519,587.98,934.4,1007.78,-0.009271
ASC-13,520,-1017.73,-16.2,981.08,-0.017818
ASC-13,522,79.47,-1294.47,962.22,-0.013322
ASC-13,523,55.15,630.78,1189.97,-0.015648
ASC-13,524,-701.97,286.81,1086.23,-0.016166
ASC-13,526,-808.12,712.82,951.58,-0.012265
ASC-13,527,-201.06,51.16,1386.86,-0.015344
ASC-13,528,-860.53,-832.03,945.36,-0.015086
ASC-13,532,234.57,115.36,1493.84,-0.015323
ASC-13,533,925.95,658.11,1022.21,-0.007549
ASC-13,534,-239.33,385.59,1249.3,-0.014929
ASC-13,536,499.08,1114.2,951.36,-0.010285
ASC-13,537,706.8,-370.01,1237.77,-0.011254
ASC-13,538,-813.03,-813.01,964.7,-0.014981
ASC-13,539,-36.87,-672.08,1241.58,-0.016665
ASC-13,541,770.96,894.49,986.77,-0.007309
ASC-13,542,-284.98,552.25,1164.04,-0.013974
ASC-13,543,-711.2,133.34,1105.19,-0.017219
ASC-13,546,207.02,-316.01,1473.34,-0.013472
ASC-13,547,-937.14,-453.76,989.2,-0.014776
ASC-13,549,-631.25,-277.08,1144.8,-0.016975
ASC-13,550,76.78,489.47,1267.65,-0.015578
ASC-13,551,149.01,-691.91,1246.53,-0.014832
ASC-13,552,-389.64,-834.53,1086.2,-0.014986
ASC-13,553,-349.22,1095.86,938.51,-0.012392
ASC-13,554,-599.63,-961.35,986.15,-0.015787
ASC-13,556,468.71,-813.02,1148.0,-0.011684
ASC-13,557,512.59,528.16,1194.7,-0.013082
ASC-13,558,-913.03,-189.32,1023.2,-0.015597
ASC-13,559,-890.18,620.67,947.48,-0.012561
ASC-13,560,1045.07,481.58,1028.37,-0.006848
ASC-13,561,-1132.0,-193.27,934.87,-0.018741
ASC-13,563,886.53,49.49,1174.05,-0.007907
ASC-13,567,749.59,890.34,992.88,-0.007085
ASC-13,568,107.12,537.01,1242.88,-0.017435
ASC-13,569,-146.19,-783.23,1166.27,-0.015122
ASC-13,570,-171.34,-360.52,1354.61,-0.018483
ASC-13,572,-646.83,58.85,1143.25,-0.017641
ASC-13,574,1198.0,-573.96,985.52,-0.006284
ASC-13,576,269.01,365.44,1333.64,-0.015687
ASC-13,577,508.33,551.1,1185.46,-0.013325
ASC-13,578,645.16,1020.32,966.15,-0.008498
ASC-13,579,-453.85,-261.22,1236.31,-0.016969
ASC-13,580,-439.94,397.78,1168.26,-0.017077
ASC-13,581,542.59,41.96,1364.14,-0.013481
ASC-13,582,11.97,14.51,1525.75,-0.013608
ASC-13,584,-30.0,-855.99,1149.35,-0.015478
ASC-13,585,-264.18,-720.55,1166.4,-0.016643
ASC-13,588,-8.61,-444.77,1372.43,-0.015742
ASC-13,592,-813.75,359.03,1027.34,-0.016746
ASC-13,595,656.34,-665.5,1160.68,-0.011314
ASC-13,596,488.74,17.07,1401.09,-0.01497
ASC-13,598,-121.78,1013.62,998.58,-0.011074
ASC-13,599,-76.69,-517.39,1314.79,-0.016707
ASC-13,600,1349.75,78.37,964.74,-0.006071
ASC-13,601,539.63,1014.75,984.11,-0.009931
ASC-13,602,-339.94,-1281.89,930.73,-0.013578
ASC-13,604,935.56,462.84,1073.65,-0.007641
ASC-13,605,3.12,-1.54,1526.29,-0.014645
ASC-13,606,-141.11,-1282.0,954.26,-0.013152
ASC-13,608,1119.09,288.5,1037.0,-0.007245
ASC-13,609,1280.89,-216.53,993.52,-0.006149
ASC-13,610,749.58,40.71,1246.69,-0.00973
ASC-13,611,-831.56,-707.26,982.95,-0.014909
ASC-13,612,-905.28,192.37,1014.14,-0.016905
ASC-13,614,696.46,-1063.98,999.14,-0.011553
ASC-13,615,-805.94,31.66,1070.19,-0.018179
ASC-13,616,1113.51,449.27,1010.14,-0.004945
ASC-13,617,-40.42,-546.07,1308.41,-0.016593
ASC-13,619,-623.86,122.23,1147.73,-0.017185
ASC-13,620,868.82,876.63,970.14,-0.007448
ASC-13,621,840.42,1016.07,931.68,-0.006462
ASC-13,622,-82.73,31.9,1462.9,-0.014947
ASC-13,624,140.74,106.75,1511.87,-0.015318
ASC-13,626,-796.13,-965.98,931.38,-0.013284
ASC-13,627,759.0,783.65,1028.31,-0.008049
ASC-13,629,988.48,207.86,1105.53,-0.008109
ASC-13,632,288.67,-1110.03,1035.9,-0.011878
ASC-13,634,-321.02,685.23,1099.81,-0.012817
ASC-13,635,605.38,-851.15,1101.24,-0.012133
ASC-13,637,-202.23,-5.91,1396.26,-0.015772
ASC-13,639,1134.14,-848.22,949.68,-0.005385
ASC-13,642,1038.81,-840.24,981.03,-0.00572
ASC-13,647,983.63,714.35,988.42,-0.00728
ASC-13,648,-321.9,-481.66,1242.23,-0.017382
ASC-13,650,20.08,351.44,1339.97,-0.01576
ASC-13,651,-0.49,-1162.92,1012.67,-0.014177
ASC-13,653,-1031.74,-179.26,974.44,-0.016935
ASC-13,654,463.19,-1271.26,956.22,-0.011905
ASC-13,658,-683.48,499.06,1046.64,-0.015716
ASC-13,659,377.82,-1104.84,1031.31,-0.010627
ASC-13,660,-80.52,-332.38,1407.86,-0.017514
ASC-13,661,-342.03,-575.45,1199.85,-0.017356
ASC-13,662,279.71,-1368.87,931.69,-0.011391
ASC-13,663,-565.8,707.84,1025.0,-0.01389
ASC-13,665,112.53,-1245.38,982.5,-0.014346
ASC-13,667,-280.56,-758.19,1146.0,-0.015626
ASC-13,668,691.11,729.99,1064.89,-0.008305
ASC-13,669,-516.36,-17.47,1215.26,-0.015234
ASC-13,671,197.89,861.48,1079.24,-0.013672
ASC-13,673,1179.02,427.46,990.12,-0.005473
ASC-13,675,739.2,459.0,1148.38,-0.00796
ASC-13,676,25.51,-726.5,1221.13,-0.017302
ASC-13,678,-133.84,431.51,1261.55,-0.014718
ASC-13,679,401.07,596.75,1187.5,-0.013872
ASC-14,2,9330.7,1357.17,258.02,0.001147
ASC-14,3,-7156.61,-1976.66,271.13,-0.00321
ASC-14,4,-12684.02,2313.65,250.99,-0.000316
ASC-14,6,3413.75,-6427.88,276.54,-0.002403
ASC-14,7,-14921.08,10406.94,250.05,-0.000464
ASC-14,8,12312.22,-4746.38,251.01,-0.000774
ASC-14,9,14544.1,-11992.34,250.04,-0.001027
ASC-14,10,-6411.1,3784.8,270.36,-0.000911
ASC-14,11,9409.83,10697.29,250.52,0.003455
ASC-14,12,-12527.76,-11620.94,250.1,-0.001395
ASC-14,15,-2738.0,-6847.46,273.49,-0.00451
ASC-14,19,-63.98,-8337.73,264.23,-0.002275
ASC-14,21,8300.58,-2746.5,261.94,0.00097
ASC-14,23,1150.3,-11683.75,252.17,-0.003707
ASC-14,24,7114.51,7663.27,254.3,0.002282
ASC-14,27,2969.33,-5649.8,293.64,-0.001823
ASC-14,29,-11479.9,6974.94,250.73,0.002617
ASC-14,30,-8306.96,9956.15,250.95,0.001059
ASC-14,32,6669.82,3541.11,272.22,0.003772
ASC-14,35,-13453.84,-7342.99,250.27,-0.003382
ASC-14,36,7176.89,8016.01,253.63,0.002291
ASC-14,41,-1326.51,-2312.8,566.43,-0.005402
ASC-14,42,6979.54,1892.82,276.97,0.001914
ASC-14,43,-663.3,12039.64,251.64,0.000513
ASC-14,44,-11258.36,-10466.19,250.27,-0.000767
ASC-14,45,3137.4,-9470.63,255.87,-0.001129
ASC-14,46,7408.09,-14462.6,250.18,0.001688
ASC-14,47,7324.4,-4333.02,263.61,-0.00145
ASC-14,48,1547.02,-11129.15,252.88,-0.000476
ASC-14,49,12854.75,2199.83,251.08,0.000424
ASC-14,52,-3850.69,6817.46,266.68,0.00274
ASC-14,53,-6966.9,7696.68,254.01,0.003133
ASC-14,56,-10182.2,1320.54,254.27,-0.002087
ASC-14,57,1783.94,4163.38,361.95,0.001138
ASC-14,58,-1831.55,11276.78,252.32,0.000724
ASC-14,61,-3003.03,-8511.82,259.42,0.004006
ASC-14,64,12856.38,8236.74,250.3,0.001692
ASC-14,68,8739.13,4852.79,255.71,0.0014
ASC-14,70,-5380.79,7084.73,259.17,0.000473
ASC-14,76,-4176.96,10261.27,252.76,0.000697
ASC-14,78,9904.85,-8999.62,250.91,0.000711
ASC-14,79,-12568.14,10057.46,250.17,0.001321
ASC-14,81,-4386.21,-5360.34,279.28,-0.001279
ASC-14,85,209.37,-13049.28,251.04,0.002243
ASC-14,87,12509.46,-8415.78,250.35,-0.002077
ASC-14,90,6886.99,-4374.65,266.54,0.000613
ASC-14,92,-1330.66,2289.19,546.52,-0.005457
ASC-14,94,10119.03,-12763.51,250.18,0.001818
ASC-14,95,-6129.21,11734.34,250.83,0.001194
ASC-14,98,1029.43,3554.45,425.36,-0.002205
ASC-14,99,-1055.32,8899.72,259.12,-0.001261
ASC-14,100,-3753.68,9771.43,253.89,1.5e-05
ASC-14,102,-3243.98,-10763.73,252.76,0.000821
ASC-14,103,-9561.08,10483.56,250.48,0.000928
ASC-14,105,-3009.22,9732.68,254.56,-0.000721
ASC-14,107,14470.19,11051.4,250.06,0.00233
ASC-14,108,4428.82,9077.38,255.1,0.000849
ASC-14,109,731.87,-5085.21,335.19,-0.003021
ASC-14,110,-6486.01,-10388.54,251.54,-0.000596
ASC-14,111,6271.22,3622.27,276.31,0.001687
ASC-14,112,13812.38,-8821.42,250.17,0.000255
ASC-14,113,6249.03,-4660.55,270.22,-0.00354
ASC-14,114,8096.8,-8183.3,252.56,-0.002798
ASC-14,115,-5454.87,-3259.54,289.03,-0.001479
ASC-14,116,-5600.83,-4414.79,275.62,-0.001693
ASC-14,117,-4271.59,6022.21,271.28,0.00106
ASC-14,120,-1009.74,4589.48,346.67,-0.003925
ASC-14,124,4077.08,8813.77,256.32,0.00101
ASC-14,125,-4839.77,6657.43,263.28,0.000108
ASC-14,126,13545.88,-13087.57,250.04,-0.000894
ASC-14,127,-1893.01,-6712.17,279.63,-0.002015
ASC-14,128,2480.25,7811.37,264.48,-0.001731
ASC-14,129,2538.72,4021.43,350.22,0.001606
ASC-14,131,14338.69,-4761.5,250.35,-0.003638
ASC-14,133,7309.92,11767.76,250.64,0.001806
ASC-14,134,-7069.62,8498.81,252.76,5.1e-05
ASC-14,136,-9613.49,-2454.37,255.27,0.001341
ASC-14,138,12261.14,921.63,251.64,0.000667
ASC-14,140,-6456.01,8454.98,253.48,0.003632
ASC-14,148,921.41,-51.35,1161.75,-0.009117
ASC-14,155,7578.82,-335.19,272.53,-0.001956
ASC-14,156,13022.66,12986.26,250.05,-0.001083
ASC-14,157,-12129.37,13486.99,250.05,0.000445
ASC-14,158,4134.58,-4762.4,295.99,0.0004
ASC-14,162,5769.49,-2639.51,295.32,0.001827
ASC-14,167,-11520.12,-11816.09,250.14,0.002512
ASC-14,168,-5478.2,-2635.63,295.16,-0.005658
ASC-14,169,3892.73,9274.55,255.19,0.000392
ASC-14,172,-4171.99,5787.64,274.42,0.001036
ASC-14,173,3199.12,-14784.55,250.33,-0.000178
ASC-14,177,3480.85,-9705.26,254.88,-0.002616
ASC-14,180,13447.92,-5592.98,250.47,-0.000497
ASC-14,182,-10337.38,12580.53,250.15,0.000576
ASC-14,183,-14975.49,1212.18,250.3,-5e-05
ASC-14,185,-2314.99,550.67,590.59,-0.007992
ASC-14,186,-10135.86,-7416.08,251.25,-0.000115
ASC-14,188,5417.15,6522.85,262.83,0.002575
ASC-14,189,7179.37,-76.65,278.19,0.00223
ASC-14,191,9425.89,-3128.28,256.17,0.003546
ASC-14,192,-5316.65,-12235.37,250.85,-0.002067
ASC-14,195,3368.44,-3666.54,346.26,0.000157
ASC-14,196,2395.81,6712.63,276.3,0.000379
ASC-14,197,9368.25,5005.51,254.04,-0.000135
ASC-14,200,-6894.18,4456.13,263.32,-0.001694
ASC-14,201,-11403.08,-132.19,252.28,-0.001325
ASC-14,202,-6346.6,4615.84,266.3,0.000899
ASC-14,203,9030.8,2297.35,258.47,0.002036
ASC-14,204,-5513.11,-877.21,308.38,-0.006098
ASC-14,205,7304.54,3947.51,264.63,-0.000714
ASC-14,206,2771.68,-1457.08,520.17,-0.002054
ASC-14,209,9852.33,13434.45,250.14,-0.000262
ASC-14,210,-13609.47,7272.0,250.24,-0.001993
ASC-14,215,-3387.87,-3678.02,334.85,-0.003526
ASC-14,216,-479.95,2592.96,554.47,-0.005335
ASC-14,217,-10267.86,14161.93,250.08,0.001067
ASC-14,218,-1782.47,3272.88,413.09,-0.003971
ASC-14,219,-12347.39,9010.22,250.26,0.001862
ASC-14,220,-21.86,-14868.76,250.38,-0.000387
ASC-14,222,-3373.84,2431.27,376.5,-0.004786
ASC-14,223,-206.61,-9332.42,258.17,5.4e-05
ASC-14,225,641.5,-4752.6,352.93,-0.003674
ASC-14,226,-9585.28,-939.48,256.14,-0.001454
ASC-14,227,-8404.85,-12453.75,250.33,0.001277
ASC-14,228,-7028.09,6508.96,256.24,0.002111
ASC-14,232,-8915.22,-7493.72,252.09,-0.004479
ASC-14,233,606.27,-10596.49,254.04,0.000213
ASC-14,234,-1872.99,14742.88,250.34,0.000384
ASC-14,235,-8925.93,9283.9,251.0,-0.001414
ASC-14,236,-8416.52,7558.67,252.38,-0.001373
ASC-14,237,-7781.77,-12435.57,250.4,0.001785
ASC-14,238,7158.4,-7426.89,254.97,-0.000376
ASC-14,240,11019.95,11822.96,250.18,-0.002084
ASC-14,241,-4901.3,-9670.69,253.39,-0.001028
ASC-14,243,6794.74,5142.87,262.79,0.005467
ASC-14,245,10814.72,-5083.11,252.01,0.001226
ASC-14,248,-11066.16,-5259.26,251.46,-0.002593
ASC-14,249,481.59,6630.87,283.5,-0.003228
ASC-14,250,-3225.09,-14293.06,250.42,0.001134
ASC-14,252,8031.95,11492.91,250.59,0.00208
ASC-14,253,-12282.12,-11217.62,250.13,-0.001308
ASC-14,257,-2668.32,1923.73,455.02,-0.005682
ASC-14,258,-10432.22,-14784.07,250.06,-0.002615
ASC-14,259,92.72,-160.93,1574.97,-0.01415
ASC-14,260,4987.03,-2598.35,317.67,-0.001507
ASC-14,261,11831.71,-14471.51,250.05,0.000772
ASC-14,268,13894.63,-11799.47,250.06,0.000835
ASC-14,269,-9874.35,12384.18,250.19,-0.0023
ASC-14,271,-3364.16,3137.63,349.2,-0.003343
ASC-14,275,10162.73,7671.57,251.23,8.4e-05
ASC-14,277,-11736.21,-14148.91,250.05,-0.001662
ASC-14,278,-12258.44,5225.13,250.78,0.001385
ASC-14,279,297.06,-3312.6,481.94,-0.004591
ASC-14,280,-8680.83,10504.72,250.66,0.002968
ASC-14,282,-196.53,6545.31,285.11,-0.002215
ASC-14,283,880.35,-1534.14,816.91,-0.008375
ASC-14,286,9536.37,9246.49,250.9,0.003033
ASC-14,287,10976.3,11587.23,250.2,-0.003073
ASC-14,288,1940.61,4081.41,363.0,0.001532
ASC-14,289,-6349.46,6299.83,258.89,0.001053
ASC-14,292,11445.91,413.76,252.62,0.003669
ASC-14,293,3820.02,-14000.5,250.47,0.001278
ASC-14,294,-7231.69,4639.68,260.77,-0.000375
ASC-14,295,2732.34,-13561.28,250.68,-0.001794
ASC-14,297,-14704.53,86.85,250.36,4e-06
ASC-14,298,-1034.15,3264.05,445.08,-0.002937
ASC-14,299,8252.73,-12151.15,250.43,-0.00356
ASC-14,300,4062.92,4392.63,301.56,0.002297
ASC-14,301,-11106.05,7225.15,250.81,-0.001255
ASC-14,303,5854.39,-1532.27,303.2,-0.000415
ASC-14,304,-14181.97,13977.75,250.02,-6.4e-05
ASC-14,305,5723.91,-8829.57,254.4,-0.000924
ASC-14,307,-3465.21,-7940.07,261.45,0.001375
ASC-14,309,-645.32,-7453.13,272.74,0.00084
ASC-14,310,-12012.51,14662.05,250.03,0.001325
ASC-14,314,-11878.35,-8502.11,250.4,0.001159
ASC-14,316,5895.02,-6192.08,263.25,-0.002174
ASC-14,317,-7379.37,-1672.97,269.47,-0.002389
ASC-14,320,-1138.02,9060.97,258.3,-0.001074
ASC-14,321,-6641.66,-2217.72,276.81,-0.004431
ASC-14,323,-14865.08,-620.85,250.33,-0.000275
ASC-14,325,13888.16,2750.5,250.58,-0.000944
ASC-14,326,-12557.42,-9913.39,250.19,-8.2e-05
ASC-14,328,-6489.59,2329.15,277.67,-0.000203
ASC-14,329,9377.25,5866.37,253.14,0.000459
ASC-14,332,-4737.99,-11455.41,251.44,0.00148
ASC-14,333,13705.34,-4793.79,250.48,-0.000608
ASC-14,334,8527.47,4675.41,256.64,0.003288
ASC-14,335,6065.05,4970.94,268.6,0.000739
ASC-14,338,-13819.2,10690.07,250.08,-0.000757
ASC-14,342,-934.65,12447.49,251.29,-0.002894
ASC-14,344,14536.01,13280.81,250.03,-0.000581
ASC-14,347,883.39,-4775.31,349.89,-0.004148
ASC-14,349,-1452.69,7322.79,270.83,-0.001725
ASC-14,350,-14773.54,9783.79,250.07,-0.000289
ASC-14,352,4055.07,-1936.39,376.73,-0.000861
ASC-14,353,-9594.2,-14987.05,250.07,-0.003583
ASC-14,356,-14236.52,-11681.22,250.05,0.000554
ASC-14,357,-2123.08,5871.19,290.65,0.000217
ASC-14,359,-7316.49,4705.99,260.15,-0.000647
ASC-14,360,-11413.68,-1442.64,252.17,0.000444
ASC-14,362,-459.28,6795.93,280.24,-0.000181
ASC-14,363,-3185.21,11532.72,251.7,-0.000202
ASC-14,365,-1040.05,-14976.73,250.35,-0.000983
ASC-14,367,5959.06,14456.34,250.23,-0.00014
ASC-14,369,4019.46,7796.96,260.68,0.003135
ASC-14,370,-12648.19,-6713.81,250.47,0.000981
ASC-14,372,-6000.49,-12597.48,250.6,0.000993
ASC-14,374,-13077.91,10585.67,250.11,0.002076
ASC-14,375,4523.06,7433.7,261.18,-0.000129
ASC-14,378,4262.42,1980.04,358.74,-0.000719
ASC-14,380,8117.15,830.32,266.27,0.002187
ASC-14,381,-8499.52,9573.06,251.04,-0.001671
ASC-14,382,-9231.18,-5649.64,253.26,0.001056
ASC-14,383,-9268.15,-2582.56,256.24,-0.002308
ASC-14,384,-8322.34,9500.29,251.15,-0.000886
ASC-14,386,682.86,-13434.14,250.83,0.000961
ASC-14,387,-5510.48,-4662.21,274.49,-0.001694
ASC-14,388,3581.19,10454.4,252.97,-0.002091
ASC-14,389,14147.14,-11523.22,250.06,-0.000523
ASC-14,390,8753.66,1462.09,260.89,-0.000506
ASC-14,392,13348.07,-13438.15,250.04,0.002663
ASC-14,394,-9687.26,8568.36,250.97,0.003399
ASC-14,395,-7653.88,-14219.95,250.18,-0.00038
ASC-14,396,-13327.97,-1011.12,250.77,0.001214
ASC-14,397,-6526.48,-2455.44,277.31,-0.003465
ASC-14,400,13999.04,-4659.07,250.42,-3.9e-05
ASC-14,402,1135.44,379.58,1015.21,-0.004916
ASC-14,406,-522.52,-14933.0,250.36,8.3e-05
ASC-14,407,-14969.41,-6101.23,250.17,-0.005363
ASC-14,408,4761.9,1037.13,350.28,0.000355
ASC-14,412,6870.49,2052.75,277.86,0.001577
ASC-14,414,-12053.37,5687.81,250.78,0.002732
ASC-14,415,12402.89,-12554.95,250.08,0.002278
ASC-14,417,12208.76,9788.74,250.24,0.001513
ASC-14,418,-2411.83,-6701.8,277.11,-0.003019
ASC-14,419,12213.29,-14735.74,250.04,0.002105
ASC-14,422,11617.32,-5281.38,251.28,-0.001187
ASC-14,424,2436.86,-14223.95,250.49,-0.003286
ASC-14,425,-14920.49,13452.09,250.02,0.000952
ASC-14,426,3957.1,-12112.31,251.26,-0.00109
ASC-14,427,4275.77,-1469.01,374.68,-0.001463
ASC-14,429,-3211.36,3474.93,342.41,-0.003607
ASC-14,430,-13117.79,-8270.01,250.24,-0.002106
ASC-14,431,7094.96,-13341.67,250.34,-0.00083
ASC-14,432,-3976.73,196.96,390.67,-0.00367
ASC-14,433,-5162.98,-7517.3,258.73,0.001146
ASC-14,434,5170.85,4621.76,280.65,0.000712
ASC-14,435,-13797.65,-6284.98,250.29,-0.001669
ASC-14,436,-14063.36,11882.81,250.05,-0.001285
ASC-14,437,14248.91,2226.83,250.5,9.7e-05
ASC-14,444,8848.2,8164.07,251.8,-0.000921
ASC-14,445,-7369.08,-3548.55,264.07,0.000179
ASC-14,446,7491.68,-7902.6,253.61,-0.00294
ASC-14,448,-7653.17,4081.53,260.29,0.000728
ASC-14,449,-2138.05,-4122.89,356.0,-0.002675
ASC-14,452,8296.06,-13801.32,250.2,-0.001587
ASC-14,453,-12874.82,-8588.94,250.25,-0.000883
ASC-14,454,3343.37,7647.28,263.45,0.000327
ASC-14,455,1881.29,-11455.43,252.34,0.000639
ASC-14,456,658.74,4443.6,361.64,0.001263
ASC-14,457,-9555.05,1959.66,255.67,-0.002462
ASC-14,459,6534.64,-5172.61,264.99,-0.001988
ASC-14,462,-531.0,368.04,1140.12,-0.01303
ASC-14,463,-46.64,161.48,1427.58,-0.015472
ASC-14,464,-145.58,-911.49,1107.46,-0.014429
ASC-14,465,101.79,-405.61,1416.03,-0.014432
ASC-14,466,-268.39,-355.2,1309.99,-0.014096
ASC-14,468,-702.05,274.47,1088.43,-0.014375
ASC-14,469,1048.6,-404.67,1073.38,-0.006536
ASC-14,471,134.28,185.46,1457.72,-0.015353
ASC-14,472,191.49,377.6,1334.59,-0.017147
ASC-14,473,-86.68,-1045.57,1055.87,-0.013194
ASC-14,475,-958.05,-346.16,993.32,-0.013857
ASC-14,478,1260.49,-613.2,956.17,-0.006374
ASC-14,480,-797.71,-430.55,1048.6,-0.016275
ASC-14,481,-680.64,-41.03,1132.06,-0.013126
ASC-14,482,-483.56,-1025.64,993.87,-0.012917
ASC-14,484,737.08,-859.55,1064.09,-0.012192
ASC-14,485,-222.8,669.85,1129.19,-0.011553
ASC-14,487,-748.05,-450.39,1066.11,-0.016216
ASC-14,488,111.67,-685.96,1249.16,-0.014676
ASC-14,490,1395.73,-306.93,942.82,-0.003834
ASC-14,491,-1079.42,-244.59,952.84,-0.015637
ASC-14,492,-820.59,347.24,1026.72,-0.013905
ASC-14,493,-339.48,-1119.87,989.31,-0.013532
ASC-14,496,-508.89,-396.89,1182.66,-0.015944
ASC-14,497,-818.98,-648.2,1000.08,-0.01387
ASC-14,500,-761.09,-431.03,1063.87,-0.016042
ASC-14,501,281.64,1185.43,940.5,-0.009276
ASC-14,502,224.37,-1348.44,941.13,-0.010687
ASC-14,505,142.66,-707.4,1237.96,-0.014426
ASC-14,513,-431.09,975.38,966.88,-0.011089
ASC-14,514,646.85,-578.64,1196.87,-0.009955
ASC-14,516,599.76,-859.95,1098.98,-0.012789
ASC-14,517,-914.76,-573.02,979.5,-0.014787
ASC-14,518,661.14,-665.61,1159.04,-0.011093
ASC-14,520,-1017.73,-16.2,981.08,-0.014657
ASC-14,521,256.06,14.28,1543.87,-0.015708
ASC-14,523,55.15,630.78,1189.97,-0.01319
ASC-14,525,-19.02,-24.35,1518.22,-0.015449
ASC-14,527,-201.06,51.16,1386.86,-0.015595
ASC-14,529,-137.77,802.38,1085.98,-0.013167
ASC-14,531,770.17,782.64,1025.87,-0.009439
ASC-14,532,234.57,115.36,1493.84,-0.017618
ASC-14,536,499.08,1114.2,951.36,-0.010679
ASC-14,538,-813.03,-813.01,964.7,-0.012788
ASC-14,539,-36.87,-672.08,1241.58,-0.013761
ASC-14,540,681.86,-1052.34,1006.35,-0.012002
ASC-14,541,770.96,894.49,986.77,-0.010745
ASC-14,542,-284.98,552.25,1164.04,-0.012314
ASC-14,543,-711.2,133.34,1105.19,-0.013687
ASC-14,544,1085.03,-871.45,958.86,-0.008373
ASC-14,545,-208.22,-553.17,1256.79,-0.014147
ASC-14,547,-937.14,-453.76,989.2,-0.015528
ASC-14,549,-631.25,-277.08,1144.8,-0.013729
ASC-14,550,76.78,489.47,1267.65,-0.010762
ASC-14,551,149.01,-691.91,1246.53,-0.014028
ASC-14,554,-599.63,-961.35,986.15,-0.013087
ASC-14,559,-890.18,620.67,947.48,-0.012981
ASC-14,561,-1132.0,-193.27,934.87,-0.013885
ASC-14,562,1013.36,-0.55,1114.85,-0.00709
ASC-14,563,886.53,49.49,1174.05,-0.009656
ASC-14,565,675.04,-473.24,1222.43,-0.009134
ASC-14,569,-146.19,-783.23,1166.27,-0.014675
ASC-14,570,-171.34,-360.52,1354.61,-0.014353
ASC-14,571,856.56,-561.28,1120.68,-0.008712
ASC-14,573,-860.2,660.03,948.22,-0.012884
ASC-14,574,1198.0,-573.96,985.52,-0.005512
ASC-14,575,-983.67,426.46,952.34,-0.015555
ASC-14,576,269.01,365.44,1333.64,-0.01634
ASC-14,578,645.16,1020.32,966.15,-0.010583
ASC-14,581,542.59,41.96,1364.14,-0.013718
ASC-14,582,11.97,14.51,1525.75,-0.015362
ASC-14,584,-30.0,-855.99,1149.35,-0.01279
ASC-14,585,-264.18,-720.55,1166.4,-0.013951
ASC-14,586,126.59,-902.5,1136.34,-0.012251
ASC-14,587,1085.12,-750.96,988.65,-0.008445
ASC-14,588,-8.61,-444.77,1372.43,-0.015214
ASC-14,589,351.15,27.86,1483.27,-0.015539
ASC-14,590,410.23,174.54,1393.67,-0.015789
ASC-14,591,248.27,-384.24,1422.16,-0.016011
ASC-14,593,961.19,-525.31,1087.25,-0.008146
ASC-14,595,656.34,-665.5,1160.68,-0.01115
ASC-14,596,488.74,17.07,1401.09,-0.014366
ASC-14,597,260.17,-1030.84,1072.58,-0.013347
ASC-14,598,-121.78,1013.62,998.58,-0.010856
ASC-14,599,-76.69,-517.39,1314.79,-0.014407
ASC-14,600,1349.75,78.37,964.74,-0.003498
ASC-14,601,539.63,1014.75,984.11,-0.010423
ASC-14,602,-339.94,-1281.89,930.73,-0.011276
ASC-14,605,3.12,-1.54,1526.29,-0.015115
ASC-14,607,-989.63,119.39,986.19,-0.014571
ASC-14,610,749.58,40.71,1246.69,-0.011578
ASC-14,611,-831.56,-707.26,982.95,-0.013708
ASC-14,614,696.46,-1063.98,999.14,-0.011491
ASC-14,615,-805.94,31.66,1070.19,-0.014973
ASC-14,616,1113.51,449.27,1010.14,-0.005792
ASC-14,617,-40.42,-546.07,1308.41,-0.014494
ASC-14,619,-623.86,122.23,1147.73,-0.013862
ASC-14,624,140.74,106.75,1511.87,-0.01552
ASC-14,627,759.0,783.65,1028.31,-0.009035
ASC-14,628,1226.86,182.92,1006.27,-0.004051
ASC-14,629,988.48,207.86,1105.53,-0.009002
ASC-14,631,150.53,-538.27,1335.33,-0.014172
ASC-14,633,-1011.59,-630.44,935.48,-0.014161
ASC-14,636,-368.14,-1086.89,996.3,-0.013616
ASC-14,637,-202.23,-5.91,1396.26,-0.015719
ASC-14,638,-771.35,-574.85,1033.06,-0.014576
ASC-14,641,768.01,-1211.17,934.11,-0.010346
ASC-14,643,1378.49,110.54,951.75,-0.004345
ASC-14,645,281.19,-1002.06,1084.49,-0.013203
ASC-14,647,983.63,714.35,988.42,-0.008337
ASC-14,649,1085.35,-963.67,934.96,-0.009322
ASC-14,650,20.08,351.44,1339.97,-0.012715
ASC-14,651,-0.49,-1162.92,1012.67,-0.011761
ASC-14,652,1101.41,-891.53,948.9,-0.008921
ASC-14,653,-1031.74,-179.26,974.44,-0.014645
ASC-14,654,463.19,-1271.26,956.22,-0.01049
ASC-14,655,-726.68,-107.18,1110.02,-0.014505
ASC-14,656,-1042.54,207.15,958.23,-0.01496
ASC-14,657,-919.67,-700.4,954.33,-0.014155
ASC-14,659,377.82,-1104.84,1031.31,-0.012291
ASC-14,660,-80.52,-332.38,1407.86,-0.01285
ASC-14,662,279.71,-1368.87,931.69,-0.010188
ASC-14,665,112.53,-1245.38,982.5,-0.010778
ASC-14,667,-280.56,-758.19,1146.0,-0.014886
ASC-14,668,691.11,729.99,1064.89,-0.008843
ASC-14,673,1179.02,427.46,990.12,-0.004568
ASC-14,675,739.2,459.0,1148.38,-0.009118
ASC-14,678,-133.84,431.51,1261.55,-0.012876
ASC-14,679,401.07,596.75,1187.5,-0.014398
ASC-15,2,9330.7,1357.17,258.02,0.00638
ASC-15,5,13393.97,479.81,250.89,0.002323
ASC-15,6,3413.75,-6427.88,276.54,0.000418
ASC-15,7,-14921.08,10406.94,250.05,0.000671
ASC-15,8,12312.22,-4746.38,251.01,-0.003156
ASC-15,12,-12527.76,-11620.94,250.1,-0.002618
ASC-15,13,-1851.6,-14135.37,250.53,0.000969
ASC-15,18,9420.2,-2267.8,257.05,-0.000964
ASC-15,20,-7551.62,944.11,268.69,0.000374
ASC-15,21,8300.58,-2746.5,261.94,-0.003763
ASC-15,22,14376.85,-3157.37,250.43,-0.000578
ASC-15,25,14782.82,3601.63,250.32,-0.001148
ASC-15,28,14018.86,14929.3,250.02,0.001086
ASC-15,30,-8306.96,9956.15,250.95,-0.000926
ASC-15,33,1582.57,5734.73,300.26,-0.001385
ASC-15,35,-13453.84,-7342.99,250.27,-0.000881
ASC-15,36,7176.89,8016.01,253.63,-3e-06
ASC-15,37,-5378.95,-5544.5,268.64,-0.003331
ASC-15,39,13754.05,-1156.46,250.71,0.003054
ASC-15,40,4790.14,10839.95,251.92,0.000172
ASC-15,42,6979.54,1892.82,276.97,-0.000128
ASC-15,43,-663.3,12039.64,251.64,0.001136
ASC-15,49,12854.75,2199.83,251.08,-0.00206
ASC-15,50,13371.38,-5010.67,250.55,0.000588
ASC-15,51,11246.09,-12303.04,250.15,0.001926
ASC-15,52,-3850.69,6817.46,266.68,-0.001432
ASC-15,57,1783.94,4163.38,361.95,0.000286
ASC-15,59,-14950.06,13339.66,250.02,-0.003562
ASC-15,61,-3003.03,-8511.82,259.42,-0.00039
ASC-15,65,12249.58,3661.0,251.23,-0.000328
ASC-15,66,2994.01,-11406.58,252.13,-0.00232
ASC-15,67,-9383.13,3779.52,254.62,0.001457
ASC-15,68,8739.13,4852.79,255.71,0.001118
ASC-15,69,-10154.35,-210.93,254.57,-0.004223
ASC-15,70,-5380.79,7084.73,259.17,-0.003123
ASC-15,74,-5905.28,10664.53,251.48,-0.000714
ASC-15,75,-13882.88,1024.1,250.56,-0.001912
ASC-15,76,-4176.96,10261.27,252.76,-0.003905
ASC-15,78,9904.85,-8999.62,250.91,-0.000681
ASC-15,79,-12568.14,10057.46,250.17,0.001521
ASC-15,80,1589.42,-12313.67,251.49,0.001593
ASC-15,82,-3031.23,8441.65,258.94,0.00038
ASC-15,84,9277.05,-10801.03,250.56,-0.000732
ASC-15,86,224.43,3858.54,406.92,-0.001259
ASC-15,87,12509.46,-8415.78,250.35,-0.001887
ASC-15,88,-3745.71,-6140.44,275.58,-0.002474
ASC-15,89,8457.05,-13398.23,250.23,-0.000877
ASC-15,90,6886.99,-4374.65,266.54,-0.001301
ASC-15,95,-6129.21,11734.34,250.83,-0.000367
ASC-15,96,7895.02,3956.17,260.94,-4.3e-05
ASC-15,97,-539.9,-9719.17,256.52,0.000739
ASC-15,99,-1055.32,8899.72,259.12,-0.002502
ASC-15,100,-3753.68,9771.43,253.89,-0.005677
ASC-15,101,7567.57,4420.95,261.29,0.000627
ASC-15,104,8632.14,5153.68,255.51,0.000967
ASC-15,105,-3009.22,9732.68,254.56,-0.002166
ASC-15,106,2374.19,-774.95,633.62,-0.002623
ASC-15,107,14470.19,11051.4,250.06,-0.0009
ASC-15,108,4428.82,9077.38,255.1,-0.00054
ASC-15,110,-6486.01,-10388.54,251.54,0.000503
ASC-15,111,6271.22,3622.27,276.31,-0.001872
ASC-15,112,13812.38,-8821.42,250.17,0.000932
ASC-15,113,6249.03,-4660.55,270.22,-9.9e-05
ASC-15,114,8096.8,-8183.3,252.56,-0.000982
ASC-15,117,-4271.59,6022.21,271.28,-0.002122
ASC-15,118,-635.82,3226.9,461.85,0.000795
ASC-15,119,11798.0,-9879.35,250.3,-0.000577
ASC-15,121,-9707.67,7600.51,251.35,0.001932
ASC-15,122,994.22,-1429.55,828.17,-0.005844
ASC-15,123,-7209.62,-13957.69,250.23,-0.002954
ASC-15,125,-4839.77,6657.43,263.28,-0.002469
ASC-15,126,13545.88,-13087.57,250.04,-0.001011
ASC-15,129,2538.72,4021.43,350.22,-0.003602
ASC-15,130,-2585.13,-10677.63,253.2,-0.002686
ASC-15,132,-13709.88,-13672.99,250.03,-0.000541
ASC-15,133,7309.92,11767.76,250.64,-0.001824
ASC-15,135,-13174.93,-7545.79,250.29,-0.00066
ASC-15,136,-9613.49,-2454.37,255.27,-0.001466
ASC-15,139,8261.78,-12011.92,250.46,0.00113
ASC-15,141,-103.7,6454.04,287.02,0.002188
ASC-15,142,-11445.62,-14395.85,250.05,0.000896
ASC-15,145,-14051.46,2516.87,250.46,0.000555
ASC-15,146,-6263.99,5368.46,263.05,-0.000334
ASC-15,147,12851.61,11639.95,250.09,0.000487
ASC-15,148,921.41,-51.35,1161.75,-0.009546
ASC-15,150,-11580.96,-2850.97,251.73,0.000858
ASC-15,151,11934.48,11198.04,250.16,0.000261
ASC-15,153,-13850.75,1382.25,250.56,-0.002773
ASC-15,154,-11636.41,1497.8,251.89,-0.001542
ASC-15,156,13022.66,12986.26,250.05,0.002072
ASC-15,157,-12129.37,13486.99,250.05,0.000435
ASC-15,158,4134.58,-4762.4,295.99,0.001928
ASC-15,159,4560.34,-14863.35,250.27,-0.001009
ASC-15,163,-2096.16,5312.36,304.54,0.00128
ASC-15,164,12950.09,4984.78,250.67,0.002954
ASC-15,166,4097.19,12746.8,250.81,0.000518
ASC-15,167,-11520.12,-11816.09,250.14,-0.001732
ASC-15,170,11136.33,5399.96,251.53,-0.00103
ASC-15,173,3199.12,-14784.55,250.33,0.000853
ASC-15,174,10653.43,6300.25,251.52,0.00474
ASC-15,176,2860.42,10452.43,253.33,-0.000897
ASC-15,177,3480.85,-9705.26,254.88,-0.00414
ASC-15,178,-745.39,-3054.41,499.27,-0.002683
ASC-15,179,-4198.23,14193.67,250.35,-0.001004
ASC-15,180,13447.92,-5592.98,250.47,-0.001663
ASC-15,183,-14975.49,1212.18,250.3,-0.001047
ASC-15,185,-2314.99,550.67,590.59,-0.008108
ASC-15,187,-4865.41,401.1,335.21,-0.002443
ASC-15,191,9425.89,-3128.28,256.17,-0.003156
ASC-15,193,984.08,-14882.39,250.37,-0.001633
ASC-15,197,9368.25,5005.51,254.04,0.004519
ASC-15,199,11929.1,-5830.19,250.96,-0.000908
ASC-15,201,-11403.08,-132.19,252.28,-0.001338
ASC-15,202,-6346.6,4615.84,266.3,-0.001466
ASC-15,206,2771.68,-1457.08,520.17,-0.001598
ASC-15,207,14792.44,-13171.21,250.03,0.000703
ASC-15,208,-11432.08,861.56,252.2,-0.001208
ASC-15,212,1138.84,199.18,1041.08,-0.007377
ASC-15,213,-7655.74,-11936.51,250.53,0.000432
ASC-15,214,-7117.76,5260.82,259.33,-0.002561
ASC-15,218,-1782.47,3272.88,413.09,-0.002839
ASC-15,221,1193.59,-5471.3,316.25,-0.003937
ASC-15,222,-3373.84,2431.27,376.5,-0.00253
ASC-15,223,-206.61,-9332.42,258.17,-0.001217
ASC-15,225,641.5,-4752.6,352.93,-0.002658
ASC-15,226,-9585.28,-939.48,256.14,-0.002054
ASC-15,227,-8404.85,-12453.75,250.33,-0.0021
ASC-15,233,606.27,-10596.49,254.04,-0.001912
ASC-15,234,-1872.99,14742.88,250.34,0.000814
ASC-15,235,-8925.93,9283.9,251.0,-0.001546
ASC-15,238,7158.4,-7426.89,254.97,-0.000351
ASC-15,241,-4901.3,-9670.69,253.39,-0.000691
ASC-15,242,565.35,2776.7,531.6,-0.00536
ASC-15,243,6794.74,5142.87,262.79,0.00017
ASC-15,248,-11066.16,-5259.26,251.46,0.001105
ASC-15,250,-3225.09,-14293.06,250.42,0.00152
ASC-15,251,-1431.22,1033.13,728.16,-0.010785
ASC-15,252,8031.95,11492.91,250.59,-0.00099
ASC-15,254,-13528.9,-14903.42,250.02,0.001134
ASC-15,255,13134.32,6809.04,250.4,-0.0012
ASC-15,256,-412.89,-9301.03,258.26,0.001092
ASC-15,258,-10432.22,-14784.07,250.06,-0.001312
ASC-15,260,4987.03,-2598.35,317.67,0.002599
ASC-15,261,11831.71,-14471.51,250.05,0.001216
ASC-15,262,-3281.01,-6224.36,278.07,-0.004066
ASC-15,263,-11121.62,-1377.89,252.56,-0.000472
ASC-15,267,9030.99,7469.27,252.16,-0.000525
ASC-15,269,-9874.35,12384.18,250.19,0.000644
ASC-15,270,-7116.72,-4268.31,263.26,-0.000749
ASC-15,271,-3364.16,3137.63,349.2,-0.001719
ASC-15,272,9549.55,12564.92,250.22,0.002393
ASC-15,273,-1931.03,5625.77,297.95,-0.003122
ASC-15,274,-1961.87,-2218.81,513.58,-0.004527
ASC-15,276,-11413.51,-5185.77,251.25,-0.000405
ASC-15,277,-11736.21,-14148.91,250.05,0.00097
ASC-15,278,-12258.44,5225.13,250.78,-0.002851
ASC-15,279,297.06,-3312.6,481.94,-0.001305
ASC-15,280,-8680.83,10504.72,250.66,-0.00012
ASC-15,282,-196.53,6545.31,285.11,0.002124
ASC-15,283,880.35,-1534.14,816.91,-0.006738
ASC-15,284,-3247.31,-13936.63,250.51,0.000247
ASC-15,286,9536.37,9246.49,250.9,-0.000148
ASC-15,287,10976.3,11587.23,250.2,-0.001862
ASC-15,290,14983.28,11546.71,250.04,-0.002527
ASC-15,291,-11418.1,13130.23,250.08,0.001706
ASC-15,292,11445.91,413.76,252.62,-0.00027
ASC-15,294,-7231.69,4639.68,260.77,-0.005062
ASC-15,295,2732.34,-13561.28,250.68,-0.00307
ASC-15,296,1578.52,-13035.75,251.0,-0.002261
ASC-15,297,-14704.53,86.85,250.36,-0.001736
ASC-15,298,-1034.15,3264.05,445.08,-0.001774
ASC-15,299,8252.73,-12151.15,250.43,0.001436
ASC-15,300,4062.92,4392.63,301.56,0.000434
ASC-15,301,-11106.05,7225.15,250.81,0.001207
ASC-15,302,-8653.27,12691.9,250.25,-0.002515
ASC-15,303,5854.39,-1532.27,303.2,0.000874
ASC-15,304,-14181.97,13977.75,250.02,-0.001711
ASC-15,305,5723.91,-8829.57,254.4,0.000763
ASC-15,308,-2391.36,-4064.31,351.37,-0.002577
ASC-15,310,-12012.51,14662.05,250.03,0.000645
ASC-15,313,4893.33,-12707.01,250.78,0.000267
ASC-15,314,-11878.35,-8502.11,250.4,0.000463
ASC-15,315,11370.01,-9995.63,250.34,-0.000667
ASC-15,316,5895.02,-6192.08,263.25,0.001165
ASC-15,318,12105.38,-3292.77,251.44,-0.001723
ASC-15,320,-1138.02,9060.97,258.3,-0.004445
ASC-15,321,-6641.66,-2217.72,276.81,-0.001107
ASC-15,323,-14865.08,-620.85,250.33,-0.000992
ASC-15,325,13888.16,2750.5,250.58,-0.000332
ASC-15,326,-12557.42,-9913.39,250.19,0.000793
ASC-15,328,-6489.59,2329.15,277.67,-0.001291
ASC-15,329,9377.25,5866.37,253.14,-0.000233
ASC-15,330,10938.13,-11823.8,250.2,0.001008
ASC-15,332,-4737.99,-11455.41,251.44,0.002767
ASC-15,333,13705.34,-4793.79,250.48,-0.001517
ASC-15,336,-7968.52,-2385.73,262.88,-0.002063
ASC-15,337,6972.77,9904.37,251.69,-0.001439
ASC-15,338,-13819.2,10690.07,250.08,0.000143
ASC-15,339,-7077.96,-8840.25,252.55,-0.001927
ASC-15,341,-13285.07,-7725.79,250.26,-0.003415
ASC-15,345,-370.82,-4983.37,340.45,-0.00316
ASC-15,347,883.39,-4775.31,349.89,-0.002754
ASC-15,348,-11304.63,5911.37,251.06,0.001108
ASC-15,349,-1452.69,7322.79,270.83,-0.004121
ASC-15,350,-14773.54,9783.79,250.07,0.002147
ASC-15,352,4055.07,-1936.39,376.73,0.002524
ASC-15,355,4042.25,2221.64,363.53,0.001048
ASC-15,358,11877.1,-3556.57,251.57,-0.002181
ASC-15,362,-459.28,6795.93,280.24,0.000455
ASC-15,363,-3185.21,11532.72,251.7,6e-06
ASC-15,366,-466.68,3376.32,449.08,-0.0013
ASC-15,367,5959.06,14456.34,250.23,0.001103
ASC-15,370,-12648.19,-6713.81,250.47,0.000756
ASC-15,371,-10460.93,1771.88,253.53,0.000578
ASC-15,372,-6000.49,-12597.48,250.6,-0.000546
ASC-15,374,-13077.91,10585.67,250.11,0.003444
ASC-15,376,-2849.95,6272.3,278.26,-0.000685
ASC-15,377,-7637.14,11659.68,250.56,-0.000971
ASC-15,378,4262.42,1980.04,358.74,0.001019
ASC-15,379,7711.12,-8431.64,252.68,-0.000987
ASC-15,380,8117.15,830.32,266.27,0.00135
ASC-15,382,-9231.18,-5649.64,253.26,0.002324
ASC-15,384,-8322.34,9500.29,251.15,-0.00106
ASC-15,385,-8533.32,-13293.81,250.21,0.000389
ASC-15,386,682.86,-13434.14,250.83,-0.001697
ASC-15,389,14147.14,-11523.22,250.06,0.002043
ASC-15,391,-12304.71,5200.82,250.76,-0.002741
ASC-15,392,13348.07,-13438.15,250.04,-0.003014
ASC-15,394,-9687.26,8568.36,250.97,0.000306
ASC-15,395,-7653.88,-14219.95,250.18,-0.002878
ASC-15,397,-6526.48,-2455.44,277.31,-0.001359
ASC-15,398,-920.53,7323.16,271.95,0.000165
ASC-15,400,13999.04,-4659.07,250.42,-0.00117
ASC-15,401,-2197.97,-13510.28,250.72,-0.001099
ASC-15,402,1135.44,379.58,1015.21,-0.008024
ASC-15,405,10683.85,-5230.49,252.08,0.001868
ASC-15,408,4761.9,1037.13,350.28,-0.00091
ASC-15,411,-1085.14,8219.46,263.23,-0.001185
ASC-15,416,-557.31,8784.42,260.01,-0.000824
ASC-15,417,12208.76,9788.74,250.24,0.003023
ASC-15,422,11617.32,-5281.38,251.28,-0.001411
ASC-15,423,5421.06,-3261.48,295.78,0.000375
ASC-15,424,2436.86,-14223.95,250.49,-0.000771
ASC-15,426,3957.1,-12112.31,251.26,-0.002524
ASC-15,428,10958.29,-7442.38,250.98,0.000121
ASC-15,429,-3211.36,3474.93,342.41,-0.001152
ASC-15,430,-13117.79,-8270.01,250.24,-0.001258
ASC-15,432,-3976.73,196.96,390.67,-0.005859
ASC-15,434,5170.85,4621.76,280.65,-0.001925
ASC-15,438,11124.3,-64.33,253.15,-0.001091
ASC-15,439,9003.02,-715.43,260.11,-0.000394
ASC-15,441,-3341.57,1334.94,422.65,-0.006828
ASC-15,442,-9480.14,737.84,256.52,-0.002584
ASC-15,443,-14034.75,-9308.78,250.12,-0.003219
ASC-15,446,7491.68,-7902.6,253.61,-0.000293
ASC-15,447,-13220.53,3274.3,250.66,-0.000432
ASC-15,449,-2138.05,-4122.89,356.0,-0.003209
ASC-15,450,-3695.76,6166.9,273.78,-0.001385
ASC-15,452,8296.06,-13801.32,250.2,-0.001068
ASC-15,456,658.74,4443.6,361.64,0.001665
ASC-15,457,-9555.05,1959.66,255.67,0.002127
ASC-15,458,4485.34,2420.93,336.81,2.3e-05
ASC-15,459,6534.64,-5172.61,264.99,0.003773
ASC-15,462,-531.0,368.04,1140.12,-0.015572
ASC-15,463,-46.64,161.48,1427.58,-0.014171
ASC-15,464,-145.58,-911.49,1107.46,-0.016613
ASC-15,467,253.69,-695.66,1239.67,-0.014903
ASC-15,468,-702.05,274.47,1088.43,-0.018195
ASC-15,470,-372.12,-723.9,1133.31,-0.017474
ASC-15,472,191.49,377.6,1334.59,-0.012052
ASC-15,473,-86.68,-1045.57,1055.87,-0.016316
ASC-15,477,-719.19,341.79,1068.52,-0.016413
ASC-15,478,1260.49,-613.2,956.17,-0.007951
ASC-15,480,-797.71,-430.55,1048.6,-0.016241
ASC-15,481,-680.64,-41.03,1132.06,-0.020015
ASC-15,483,-17.71,-1075.0,1049.23,-0.01607
ASC-15,484,737.08,-859.55,1064.09,-0.010218
ASC-15,487,-748.05,-450.39,1066.11,-0.016747
ASC-15,488,111.67,-685.96,1249.16,-0.018102
ASC-15,489,-124.15,-382.91,1365.72,-0.018735
ASC-15,490,1395.73,-306.93,942.82,-0.007578
ASC-15,491,-1079.42,-244.59,952.84,-0.017049
ASC-15,492,-820.59,347.24,1026.72,-0.016114
ASC-15,493,-339.48,-1119.87,989.31,-0.018382
ASC-15,495,-331.31,-1083.36,1004.45,-0.017785
ASC-15,496,-508.89,-396.89,1182.66,-0.017491
ASC-15,497,-818.98,-648.2,1000.08,-0.01593
ASC-15,499,722.19,59.06,1259.38,-0.011094
ASC-15,501,281.64,1185.43,940.5,-0.010255
ASC-15,503,-559.72,-408.3,1156.69,-0.018129
ASC-15,504,576.83,-1254.45,949.24,-0.011718
ASC-15,505,142.66,-707.4,1237.96,-0.016922
ASC-15,507,401.52,-602.64,1264.34,-0.013706
ASC-15,510,-362.75,-298.02,1277.3,-0.017859
ASC-15,513,-431.09,975.38,966.88,-0.013588
ASC-15,514,646.85,-578.64,1196.87,-0.011859
ASC-15,515,276.37,-860.6,1152.27,-0.016165
ASC-15,516,599.76,-859.95,1098.98,-0.0143
ASC-15,517,-914.76,-573.02,979.5,-0.015953
ASC-15,518,661.14,-665.61,1159.04,-0.012783
ASC-15,523,55.15,630.78,1189.97,-0.013234
ASC-15,524,-701.97,286.81,1086.23,-0.017927
ASC-15,525,-19.02,-24.35,1518.22,-0.015429
ASC-15,526,-808.12,712.82,951.58,-0.015044
ASC-15,528,-860.53,-832.03,945.36,-0.016078
ASC-15,529,-137.77,802.38,1085.98,-0.012941
ASC-15,530,-554.55,763.0,1010.41,-0.015853
ASC-15,532,234.57,115.36,1493.84,-0.015185
ASC-15,533,925.95,658.11,1022.21,-0.007769
ASC-15,534,-239.33,385.59,1249.3,-0.014615
ASC-15,535,420.38,187.32,1383.42,-0.012687
ASC-15,538,-813.03,-813.01,964.7,-0.016821
ASC-15,539,-36.87,-672.08,1241.58,-0.017484
ASC-15,541,770.96,894.49,986.77,-0.008292
ASC-15,547,-937.14,-453.76,989.2,-0.017698
ASC-15,548,-459.05,998.4,953.57,-0.012585
ASC-15,553,-349.22,1095.86,938.51,-0.011582
ASC-15,554,-599.63,-961.35,986.15,-0.016989
ASC-15,557,512.59,528.16,1194.7,-0.012902
ASC-15,558,-913.03,-189.32,1023.2,-0.019065
ASC-15,559,-890.18,620.67,947.48,-0.015791
ASC-15,560,1045.07,481.58,1028.37,-0.008706
ASC-15,561,-1132.0,-193.27,934.87,-0.016481
ASC-15,562,1013.36,-0.55,1114.85,-0.009932
ASC-15,563,886.53,49.49,1174.05,-0.011315
ASC-15,565,675.04,-473.24,1222.43,-0.011211
ASC-15,566,1239.02,114.01,1007.25,-0.007416
ASC-15,575,-983.67,426.46,952.34,-0.015362
ASC-15,577,508.33,551.1,1185.46,-0.011842
ASC-15,579,-453.85,-261.22,1236.31,-0.018522
ASC-15,580,-439.94,397.78,1168.26,-0.013953
ASC-15,581,542.59,41.96,1364.14,-0.011571
ASC-15,582,11.97,14.51,1525.75,-0.015975
ASC-15,589,351.15,27.86,1483.27,-0.014251
ASC-15,590,410.23,174.54,1393.67,-0.012273
ASC-15,591,248.27,-384.24,1422.16,-0.015718
ASC-15,592,-813.75,359.03,1027.34,-0.015677
ASC-15,593,961.19,-525.31,1087.25,-0.008909
ASC-15,595,656.34,-665.5,1160.68,-0.01286
ASC-15,597,260.17,-1030.84,1072.58,-0.015855
ASC-15,598,-121.78,1013.62,998.58,-0.01081
ASC-15,599,-76.69,-517.39,1314.79,-0.019624
ASC-15,600,1349.75,78.37,964.74,-0.006418
ASC-15,602,-339.94,-1281.89,930.73,-0.016407
ASC-15,608,1119.09,288.5,1037.0,-0.008728
ASC-15,609,1280.89,-216.53,993.52,-0.009157
ASC-15,610,749.58,40.71,1246.69,-0.009897
ASC-15,611,-831.56,-707.26,982.95,-0.015504
ASC-15,614,696.46,-1063.98,999.14,-0.011609
ASC-15,619,-623.86,122.23,1147.73,-0.017961
ASC-15,620,868.82,876.63,970.14,-0.006993
ASC-15,621,840.42,1016.07,931.68,-0.008469
ASC-15,622,-82.73,31.9,1462.9,-0.015084
ASC-15,623,-126.83,931.96,1031.62,-0.012409
ASC-15,625,814.18,-374.0,1185.15,-0.011595
ASC-15,627,759.0,783.65,1028.31,-0.009117
ASC-15,628,1226.86,182.92,1006.27,-0.006374
ASC-15,629,988.48,207.86,1105.53,-0.010373
ASC-15,630,208.83,688.58,1162.32,-0.012536
ASC-15,631,150.53,-538.27,1335.33,-0.017618
ASC-15,633,-1011.59,-630.44,935.48,-0.016663
ASC-15,634,-321.02,685.23,1099.81,-0.015809
ASC-15,635,605.38,-851.15,1101.24,-0.014705
ASC-15,637,-202.23,-5.91,1396.26,-0.017268
ASC-15,640,-236.57,186.38,1328.6,-0.017208
ASC-15,641,768.01,-1211.17,934.11,-0.008492
ASC-15,645,281.19,-1002.06,1084.49,-0.015942
ASC-15,646,-507.1,842.92,996.07,-0.015952
ASC-15,647,983.63,714.35,988.42,-0.008581
ASC-15,648,-321.9,-481.66,1242.23,-0.016965
ASC-15,650,20.08,351.44,1339.97,-0.011936
ASC-15,651,-0.49,-1162.92,1012.67,-0.015043
ASC-15,656,-1042.54,207.15,958.23,-0.014985
ASC-15,657,-919.67,-700.4,954.33,-0.016376
ASC-15,658,-683.48,499.06,1046.64,-0.017745
ASC-15,660,-80.52,-332.38,1407.86,-0.017279
ASC-15,661,-342.03,-575.45,1199.85,-0.016832
ASC-15,662,279.71,-1368.87,931.69,-0.01287
ASC-15,663,-565.8,707.84,1025.0,-0.01614
ASC-15,665,112.53,-1245.38,982.5,-0.014233
ASC-15,667,-280.56,-758.19,1146.0,-0.01897
ASC-15,668,691.11,729.99,1064.89,-0.009862
ASC-15,669,-516.36,-17.47,1215.26,-0.018987
ASC-15,671,197.89,861.48,1079.24,-0.01238
ASC-15,673,1179.02,427.46,990.12,-0.007261
ASC-15,674,766.89,836.1,1007.97,-0.008353
ASC-15,678,-133.84,431.51,1261.55,-0.012089
ASC-16,1,10659.08,2429.92,253.46,-0.001656
ASC-16,2,9330.7,1357.17,258.02,0.004509
ASC-16,4,-12684.02,2313.65,250.99,-0.003673
ASC-16,6,3413.75,-6427.88,276.54,0.002326
ASC-16,12,-12527.76,-11620.94,250.1,-0.000541
ASC-16,15,-2738.0,-6847.46,273.49,-0.001843
ASC-16,17,-11488.8,-6662.16,250.83,-0.003966
ASC-16,18,9420.2,-2267.8,257.05,0.002759
ASC-16,19,-63.98,-8337.73,264.23,-0.002039
ASC-16,21,8300.58,-2746.5,261.94,0.001511
ASC-16,23,1150.3,-11683.75,252.17,-0.002032
ASC-16,24,7114.51,7663.27,254.3,0.000342
ASC-16,26,-14096.18,1679.53,250.48,-0.001392
ASC-16,27,2969.33,-5649.8,293.64,-0.00022
ASC-16,28,14018.86,14929.3,250.02,-0.000176
ASC-16,29,-11479.9,6974.94,250.73,0.00131
ASC-16,30,-8306.96,9956.15,250.95,-0.000623
ASC-16,31,1506.85,1762.7,642.65,-0.007212
ASC-16,34,1431.05,-6552.57,285.82,-0.000401
ASC-16,35,-13453.84,-7342.99,250.27,0.000727
ASC-16,37,-5378.95,-5544.5,268.64,-0.004894
ASC-16,39,13754.05,-1156.46,250.71,0.000924
ASC-16,41,-1326.51,-2312.8,566.43,-0.018802
ASC-16,42,6979.54,1892.82,276.97,0.000294
ASC-16,44,-11258.36,-10466.19,250.27,0.000347
ASC-16,46,7408.09,-14462.6,250.18,-0.002302
ASC-16,47,7324.4,-4333.02,263.61,0.001168
ASC-16,48,1547.02,-11129.15,252.88,-0.003584
ASC-16,50,13371.38,-5010.67,250.55,0.001856
ASC-16,51,11246.09,-12303.04,250.15,-0.002115
ASC-16,53,-6966.9,7696.68,254.01,-0.004441
ASC-16,54,894.36,12257.57,251.46,-0.000206
ASC-16,55,4629.31,-4351.04,294.96,-0.00213
ASC-16,56,-10182.2,1320.54,254.27,-0.001538
ASC-16,57,1783.94,4163.38,361.95,-0.001391
ASC-16,59,-14950.06,13339.66,250.02,-0.000577
ASC-16,63,-13364.56,-7134.47,250.29,-0.001353
ASC-16,65,12249.58,3661.0,251.23,0.00391
ASC-16,66,2994.01,-11406.58,252.13,-0.002466
ASC-16,67,-9383.13,3779.52,254.62,-0.001411
ASC-16,69,-10154.35,-210.93,254.57,-0.001456
ASC-16,71,4992.69,-12862.81,250.7,0.000126
ASC-16,72,-2242.94,5683.75,293.69,-0.005214
ASC-16,73,-1172.24,-13283.67,250.88,-0.002069
ASC-16,74,-5905.28,10664.53,251.48,0.002578
ASC-16,75,-13882.88,1024.1,250.56,-3.4e-05
ASC-16,79,-12568.14,10057.46,250.17,0.002854
ASC-16,81,-4386.21,-5360.34,279.28,-0.004926
ASC-16,83,14636.83,10649.19,250.06,-0.003832
ASC-16,84,9277.05,-10801.03,250.56,0.000829
ASC-16,85,209.37,-13049.28,251.04,-0.001734
ASC-16,86,224.43,3858.54,406.92,-0.00292
ASC-16,88,-3745.71,-6140.44,275.58,-0.005121
ASC-16,89,8457.05,-13398.23,250.23,-0.000799
ASC-16,94,10119.03,-12763.51,250.18,0.001802
ASC-16,99,-1055.32,8899.72,259.12,-0.001302
ASC-16,100,-3753.68,9771.43,253.89,0.001246
ASC-16,102,-3243.98,-10763.73,252.76,-0.003063
ASC-16,103,-9561.08,10483.56,250.48,0.001825
ASC-16,105,-3009.22,9732.68,254.56,-0.001
ASC-16,106,2374.19,-774.95,633.62,-0.00445
ASC-16,108,4428.82,9077.38,255.1,0.004547
ASC-16,109,731.87,-5085.21,335.19,-0.002319
ASC-16,110,-6486.01,-10388.54,251.54,-0.000449
ASC-16,111,6271.22,3622.27,276.31,0.002627
ASC-16,112,13812.38,-8821.42,250.17,0.003288
ASC-16,113,6249.03,-4660.55,270.22,0.000432
ASC-16,115,-5454.87,-3259.54,289.03,-0.007404
ASC-16,116,-5600.83,-4414.79,275.62,-0.004222
ASC-16,117,-4271.59,6022.21,271.28,-0.00153
ASC-16,118,-635.82,3226.9,461.85,-0.009223
ASC-16,120,-1009.74,4589.48,346.67,-0.006711
ASC-16,121,-9707.67,7600.51,251.35,-0.001878
ASC-16,122,994.22,-1429.55,828.17,-0.018304
ASC-16,123,-7209.62,-13957.69,250.23,-0.002723
ASC-16,124,4077.08,8813.77,256.32,0.002638
ASC-16,125,-4839.77,6657.43,263.28,-0.003174
ASC-16,127,-1893.01,-6712.17,279.63,-0.002587
ASC-16,130,-2585.13,-10677.63,253.2,-0.001694
ASC-16,134,-7069.62,8498.81,252.76,0.001321
ASC-16,135,-13174.93,-7545.79,250.29,-0.000783
ASC-16,136,-9613.49,-2454.37,255.27,-0.002832
ASC-16,137,7527.16,7334.82,254.19,0.004142
ASC-16,146,-6263.99,5368.46,263.05,-0.001448
ASC-16,147,12851.61,11639.95,250.09,0.000729
ASC-16,148,921.41,-51.35,1161.75,-0.027498
ASC-16,151,11934.48,11198.04,250.16,0.003622
ASC-16,153,-13850.75,1382.25,250.56,-0.001553
ASC-16,154,-11636.41,1497.8,251.89,-0.00194
ASC-16,156,13022.66,12986.26,250.05,0.003389
ASC-16,157,-12129.37,13486.99,250.05,0.00086
ASC-16,158,4134.58,-4762.4,295.99,-0.003292
ASC-16,161,-14884.34,-7407.8,250.13,-0.00351
ASC-16,162,5769.49,-2639.51,295.32,0.001766
ASC-16,163,-2096.16,5312.36,304.54,-0.003617
ASC-16,164,12950.09,4984.78,250.67,-0.002704
ASC-16,165,14913.62,-667.98,250.38,0.002991
ASC-16,167,-11520.12,-11816.09,250.14,0.00357
ASC-16,170,11136.33,5399.96,251.53,0.000828
ASC-16,171,-2363.82,1310.75,533.77,-0.018339
ASC-16,174,10653.43,6300.25,251.52,-0.003077
ASC-16,177,3480.85,-9705.26,254.88,0.003596
ASC-16,178,-745.39,-3054.41,499.27,-0.015842
ASC-16,183,-14975.49,1212.18,250.3,0.00044
ASC-16,185,-2314.99,550.67,590.59,-0.024395
ASC-16,186,-10135.86,-7416.08,251.25,-0.002698
ASC-16,188,5417.15,6522.85,262.83,-0.000165
ASC-16,189,7179.37,-76.65,278.19,0.000856
ASC-16,192,-5316.65,-12235.37,250.85,0.000591
ASC-16,193,984.08,-14882.39,250.37,0.000608
ASC-16,195,3368.44,-3666.54,346.26,0.001324
ASC-16,196,2395.81,6712.63,276.3,0.001417
ASC-16,197,9368.25,5005.51,254.04,0.002464
ASC-16,198,13356.58,-6816.96,250.37,-0.000527
ASC-16,199,11929.1,-5830.19,250.96,-0.000284
ASC-16,201,-11403.08,-132.19,252.28,-0.002742
ASC-16,203,9030.8,2297.35,258.47,0.004257
ASC-16,205,7304.54,3947.51,264.63,0.003399
ASC-16,206,2771.68,-1457.08,520.17,-0.003648
ASC-16,207,14792.44,-13171.21,250.03,0.002269
ASC-16,208,-11432.08,861.56,252.2,-0.002998
ASC-16,210,-13609.47,7272.0,250.24,-0.000989
ASC-16,213,-7655.74,-11936.51,250.53,-0.000281
ASC-16,215,-3387.87,-3678.02,334.85,-0.00726
ASC-16,216,-479.95,2592.96,554.47,-0.015591
ASC-16,217,-10267.86,14161.93,250.08,0.000367
ASC-16,221,1193.59,-5471.3,316.25,-0.001094
ASC-16,224,2069.87,1425.43,610.98,-0.000909
ASC-16,228,-7028.09,6508.96,256.24,0.000497
ASC-16,230,49.12,-5093.19,336.36,-0.004692
ASC-16,232,-8915.22,-7493.72,252.09,-0.004264
ASC-16,234,-1872.99,14742.88,250.34,0.001916
ASC-16,235,-8925.93,9283.9,251.0,-0.000523
ASC-16,236,-8416.52,7558.67,252.38,-0.00154
ASC-16,239,7322.92,12567.14,250.43,-0.000219
ASC-16,241,-4901.3,-9670.69,253.39,-0.003997
ASC-16,242,565.35,2776.7,531.6,-0.008254
ASC-16,243,6794.74,5142.87,262.79,-0.000223
ASC-16,244,1830.79,-2540.96,517.36,-0.007101
ASC-16,245,10814.72,-5083.11,252.01,0.001458
ASC-16,247,5885.98,6323.27,261.8,0.002991
ASC-16,248,-11066.16,-5259.26,251.46,-0.005243
ASC-16,250,-3225.09,-14293.06,250.42,0.002377
ASC-16,253,-12282.12,-11217.62,250.13,-0.002397
ASC-16,258,-10432.22,-14784.07,250.06,-0.000559
ASC-16,259,92.72,-160.93,1574.97,-0.040689
ASC-16,263,-11121.62,-1377.89,252.56,-0.00113
ASC-16,265,-5859.53,-5412.18,266.13,-0.00494
ASC-16,266,6431.22,4663.93,267.66,0.000337
ASC-16,268,13894.63,-11799.47,250.06,-0.001915
ASC-16,269,-9874.35,12384.18,250.19,-0.004477
ASC-16,274,-1961.87,-2218.81,513.58,-0.018373
ASC-16,275,10162.73,7671.57,251.23,-0.001853
ASC-16,276,-11413.51,-5185.77,251.25,-0.004792
ASC-16,279,297.06,-3312.6,481.94,-0.009149
ASC-16,281,-4225.76,-14099.1,250.4,0.001276
ASC-16,282,-196.53,6545.31,285.11,-0.003417
ASC-16,286,9536.37,9246.49,250.9,0.003006
ASC-16,287,10976.3,11587.23,250.2,-0.000289
ASC-16,290,14983.28,11546.71,250.04,-0.000151
ASC-16,292,11445.91,413.76,252.62,0.004944
ASC-16,293,3820.02,-14000.5,250.47,-4.3e-05
ASC-16,294,-7231.69,4639.68,260.77,-0.00377
ASC-16,296,1578.52,-13035.75,251.0,-0.000891
ASC-16,299,8252.73,-12151.15,250.43,-0.000414
ASC-16,300,4062.92,4392.63,301.56,0.002551
ASC-16,306,1020.1,2106.98,628.65,-0.010797
ASC-16,307,-3465.21,-7940.07,261.45,-0.004914
ASC-16,308,-2391.36,-4064.31,351.37,-0.00835
ASC-16,313,4893.33,-12707.01,250.78,0.000421
ASC-16,314,-11878.35,-8502.11,250.4,0.001638
ASC-16,315,11370.01,-9995.63,250.34,-0.002
ASC-16,320,-1138.02,9060.97,258.3,-0.000425
ASC-16,322,9768.11,594.17,256.6,-0.002187
ASC-16,324,13548.62,-7331.26,250.3,-0.001139
ASC-16,325,13888.16,2750.5,250.58,0.002544
ASC-16,327,13287.03,-11763.16,250.08,0.003359
ASC-16,330,10938.13,-11823.8,250.2,-0.002384
ASC-16,331,-9654.37,-4.74,256.03,-0.004357
ASC-16,332,-4737.99,-11455.41,251.44,-0.000816
ASC-16,339,-7077.96,-8840.25,252.55,8.3e-05
ASC-16,340,-7520.68,13154.94,250.29,-0.001143
ASC-16,345,-370.82,-4983.37,340.45,-0.006194
ASC-16,347,883.39,-4775.31,349.89,-0.003615
ASC-16,348,-11304.63,5911.37,251.06,-0.001096
ASC-16,349,-1452.69,7322.79,270.83,-0.006087
ASC-16,353,-9594.2,-14987.05,250.07,-0.00493
ASC-16,354,12509.72,6647.96,250.56,0.000276
ASC-16,356,-14236.52,-11681.22,250.05,7.8e-05
ASC-16,358,11877.1,-3556.57,251.57,0.001119
ASC-16,360,-11413.68,-1442.64,252.17,0.000526
ASC-16,361,-6704.72,8927.74,252.6,-0.001543
ASC-16,362,-459.28,6795.93,280.24,-0.001706
ASC-16,363,-3185.21,11532.72,251.7,0.001645
ASC-16,367,5959.06,14456.34,250.23,0.00115
ASC-16,368,14928.79,-14327.35,250.02,-0.001355
ASC-16,369,4019.46,7796.96,260.68,0.000673
ASC-16,370,-12648.19,-6713.81,250.47,-0.003461
ASC-16,372,-6000.49,-12597.48,250.6,0.00171
ASC-16,374,-13077.91,10585.67,250.11,0.000637
ASC-16,375,4523.06,7433.7,261.18,9.7e-05
ASC-16,376,-2849.95,6272.3,278.26,-0.002173
ASC-16,377,-7637.14,11659.68,250.56,0.00131
ASC-16,379,7711.12,-8431.64,252.68,-0.001712
ASC-16,380,8117.15,830.32,266.27,0.001661
ASC-16,382,-9231.18,-5649.64,253.26,-0.001491
ASC-16,385,-8533.32,-13293.81,250.21,-0.00272
ASC-16,391,-12304.71,5200.82,250.76,-0.000532
ASC-16,392,13348.07,-13438.15,250.04,0.00256
ASC-16,393,-3373.16,10322.38,253.14,-0.001891
ASC-16,395,-7653.88,-14219.95,250.18,-0.000147
ASC-16,401,-2197.97,-13510.28,250.72,-4.6e-05
ASC-16,403,-5477.1,-12857.27,250.6,0.000188
ASC-16,404,12142.62,9089.79,250.32,0.000955
ASC-16,406,-522.52,-14933.0,250.36,4.8e-05
ASC-16,409,-4947.36,-8794.5,255.13,-0.001889
ASC-16,410,-10836.88,-10865.94,250.27,-0.001035
ASC-16,412,6870.49,2052.75,277.86,-0.000588
ASC-16,413,4825.8,-14047.04,250.39,-0.002185
ASC-16,415,12402.89,-12554.95,250.08,-0.001703
ASC-16,416,-557.31,8784.42,260.01,-0.002959
ASC-16,417,12208.76,9788.74,250.24,0.002449
ASC-16,418,-2411.83,-6701.8,277.11,-0.003196
ASC-16,419,12213.29,-14735.74,250.04,-0.001035
ASC-16,420,10291.42,1159.96,254.8,-0.000843
ASC-16,422,11617.32,-5281.38,251.28,-2.7e-05
ASC-16,425,-14920.49,13452.09,250.02,1.5e-05
ASC-16,426,3957.1,-12112.31,251.26,-0.00065
ASC-16,429,-3211.36,3474.93,342.41,-0.009453
ASC-16,430,-13117.79,-8270.01,250.24,0.001539
ASC-16,433,-5162.98,-7517.3,258.73,-0.002421
ASC-16,435,-13797.65,-6284.98,250.29,-0.001008
ASC-16,436,-14063.36,11882.81,250.05,-0.002575
ASC-16,437,14248.91,2226.83,250.5,-0.002017
ASC-16,438,11124.3,-64.33,253.15,0.000131
ASC-16,442,-9480.14,737.84,256.52,-0.000448
ASC-16,443,-14034.75,-9308.78,250.12,-0.003312
ASC-16,446,7491.68,-7902.6,253.61,-0.001869
ASC-16,448,-7653.17,4081.53,260.29,-0.000862
ASC-16,449,-2138.05,-4122.89,356.0,-0.005964
ASC-16,450,-3695.76,6166.9,273.78,-0.003756
ASC-16,456,658.74,4443.6,361.64,-0.004682
ASC-16,457,-9555.05,1959.66,255.67,-0.002829
ASC-16,459,6534.64,-5172.61,264.99,-0.00075
ASC-16,460,-679.82,-142.02,1131.77,-0.042674
ASC-16,462,-531.0,368.04,1140.12,-0.037925
ASC-16,466,-268.39,-355.2,1309.99,-0.039888
ASC-16,467,253.69,-695.66,1239.67,-0.034551
ASC-16,469,1048.6,-404.67,1073.38,-0.023737
ASC-16,471,134.28,185.46,1457.72,-0.038077
ASC-16,472,191.49,377.6,1334.59,-0.03502
ASC-16,473,-86.68,-1045.57,1055.87,-0.036052
ASC-16,474,260.42,-38.29,1561.14,-0.035601
ASC-16,476,-238.34,-1002.7,1052.77,-0.036824
ASC-16,477,-719.19,341.79,1068.52,-0.039264
ASC-16,480,-797.71,-430.55,1048.6,-0.042153
ASC-16,481,-680.64,-41.03,1132.06,-0.043609
ASC-16,483,-17.71,-1075.0,1049.23,-0.033019
ASC-16,485,-222.8,669.85,1129.19,-0.037969
ASC-16,486,-618.55,870.72,959.85,-0.034278
ASC-16,488,111.67,-685.96,1249.16,-0.035099
ASC-16,490,1395.73,-306.93,942.82,-0.018807
ASC-16,492,-820.59,347.24,1026.72,-0.039063
ASC-16,494,1424.76,-123.2,939.26,-0.016933
ASC-16,495,-331.31,-1083.36,1004.45,-0.035398
ASC-16,497,-818.98,-648.2,1000.08,-0.040859
ASC-16,498,1144.64,145.75,1044.4,-0.02215
ASC-16,500,-761.09,-431.03,1063.87,-0.041531
ASC-16,502,224.37,-1348.44,941.13,-0.032087
ASC-16,503,-559.72,-408.3,1156.69,-0.042257
ASC-16,509,778.84,-1175.37,944.04,-0.026555
ASC-16,510,-362.75,-298.02,1277.3,-0.041669
ASC-16,512,-515.5,-387.66,1181.6,-0.04191
ASC-16,514,646.85,-578.64,1196.87,-0.031396
ASC-16,515,276.37,-860.6,1152.27,-0.034156
ASC-16,516,599.76,-859.95,1098.98,-0.028813
ASC-16,517,-914.76,-573.02,979.5,-0.040116
ASC-16,518,661.14,-665.61,1159.04,-0.028794
ASC-16,519,587.98,934.4,1007.78,-0.025512
ASC-16,522,79.47,-1294.47,962.22,-0.03372
ASC-16,523,55.15,630.78,1189.97,-0.035167
ASC-16,525,-19.02,-24.35,1518.22,-0.041183
ASC-16,528,-860.53,-832.03,945.36,-0.037714
ASC-16,531,770.17,782.64,1025.87,-0.022513
ASC-16,532,234.57,115.36,1493.84,-0.036214
ASC-16,535,420.38,187.32,1383.42,-0.033544
ASC-16,536,499.08,1114.2,951.36,-0.024419
ASC-16,545,-208.22,-553.17,1256.79,-0.038034
ASC-16,546,207.02,-316.01,1473.34,-0.037158
ASC-16,547,-937.14,-453.76,989.2,-0.04077
ASC-16,551,149.01,-691.91,1246.53,-0.035491
ASC-16,553,-349.22,1095.86,938.51,-0.027731
ASC-16,554,-599.63,-961.35,986.15,-0.037574
ASC-16,555,567.06,1006.62,983.34,-0.025307
ASC-16,557,512.59,528.16,1194.7,-0.028031
ASC-16,560,1045.07,481.58,1028.37,-0.020929
ASC-16,563,886.53,49.49,1174.05,-0.027894
ASC-16,564,94.65,228.71,1426.13,-0.038081
ASC-16,567,749.59,890.34,992.88,-0.020574
ASC-16,568,107.12,537.01,1242.88,-0.033952
ASC-16,569,-146.19,-783.23,1166.27,-0.035673
ASC-16,572,-646.83,58.85,1143.25,-0.04212
ASC-16,573,-860.2,660.03,948.22,-0.036886
ASC-16,576,269.01,365.44,1333.64,-0.034136
ASC-16,578,645.16,1020.32,966.15,-0.023235
ASC-16,581,542.59,41.96,1364.14,-0.031043
ASC-16,585,-264.18,-720.55,1166.4,-0.037049
ASC-16,586,126.59,-902.5,1136.34,-0.034106
ASC-16,589,351.15,27.86,1483.27,-0.034898
ASC-16,590,410.23,174.54,1393.67,-0.03408
ASC-16,592,-813.75,359.03,1027.34,-0.039145
ASC-16,593,961.19,-525.31,1087.25,-0.024413
ASC-16,594,502.94,67.21,1382.04,-0.031759
ASC-16,596,488.74,17.07,1401.09,-0.033304
ASC-16,598,-121.78,1013.62,998.58,-0.029667
ASC-16,600,1349.75,78.37,964.74,-0.017964
ASC-16,603,21.1,840.94,1085.14,-0.030589
ASC-16,604,935.56,462.84,1073.65,-0.025003
ASC-16,605,3.12,-1.54,1526.29,-0.040982
ASC-16,608,1119.09,288.5,1037.0,-0.020451
ASC-16,609,1280.89,-216.53,993.52,-0.021559
ASC-16,612,-905.28,192.37,1014.14,-0.039651
ASC-16,614,696.46,-1063.98,999.14,-0.028344
ASC-16,616,1113.51,449.27,1010.14,-0.021432
ASC-16,617,-40.42,-546.07,1308.41,-0.037068
ASC-16,619,-623.86,122.23,1147.73,-0.040692
ASC-16,620,868.82,876.63,970.14,-0.019575
ASC-16,622,-82.73,31.9,1462.9,-0.040734
ASC-16,624,140.74,106.75,1511.87,-0.038455
ASC-16,626,-796.13,-965.98,931.38,-0.03707
ASC-16,628,1226.86,182.92,1006.27,-0.020616
ASC-16,631,150.53,-538.27,1335.33,-0.036096
ASC-16,632,288.67,-1110.03,1035.9,-0.032269
ASC-16,635,605.38,-851.15,1101.24,-0.028346
ASC-16,636,-368.14,-1086.89,996.3,-0.035211
ASC-16,637,-202.23,-5.91,1396.26,-0.041384
ASC-16,638,-771.35,-574.85,1033.06,-0.041626
ASC-16,640,-236.57,186.38,1328.6,-0.039758
ASC-16,645,281.19,-1002.06,1084.49,-0.035057
ASC-16,646,-507.1,842.92,996.07,-0.035553
ASC-16,647,983.63,714.35,988.42,-0.019143
ASC-16,648,-321.9,-481.66,1242.23,-0.039709
ASC-16,649,1085.35,-963.67,934.96,-0.020285
ASC-16,650,20.08,351.44,1339.97,-0.037457
ASC-16,651,-0.49,-1162.92,1012.67,-0.033387
ASC-16,652,1101.41,-891.53,948.9,-0.020186
ASC-16,654,463.19,-1271.26,956.22,-0.029762
ASC-16,655,-726.68,-107.18,1110.02,-0.044041
ASC-16,666,588.63,-1050.73,1024.67,-0.03116
ASC-16,667,-280.56,-758.19,1146.0,-0.037257
ASC-16,668,691.11,729.99,1064.89,-0.025186
ASC-16,670,706.33,163.14,1249.17,-0.031871
ASC-16,672,777.2,601.65,1086.83,-0.023597
ASC-16,675,739.2,459.0,1148.38,-0.026794
ASC-16,676,25.51,-726.5,1221.13,-0.034029
ASC-16,678,-133.84,431.51,1261.55,-0.038948
ASC-17,0,10943.93,2007.4,253.12,0.003274
ASC-17,1,10659.08,2429.92,253.46,0.001631
ASC-17,3,-7156.61,-1976.66,271.13,-0.004581
ASC-17,4,-12684.02,2313.65,250.99,-0.000875
ASC-17,5,13393.97,479.81,250.89,0.001586
ASC-17,7,-14921.08,10406.94,250.05,-0.002901
ASC-17,8,12312.22,-4746.38,251.01,-0.00342
ASC-17,16,532.49,-10344.86,254.65,0.001916
ASC-17,18,9420.2,-2267.8,257.05,0.002431
ASC-17,21,8300.58,-2746.5,261.94,0.002459
ASC-17,23,1150.3,-11683.75,252.17,-0.000223
ASC-17,24,7114.51,7663.27,254.3,-0.002738
ASC-17,25,14782.82,3601.63,250.32,-0.000802
ASC-17,26,-14096.18,1679.53,250.48,-0.001979
ASC-17,27,2969.33,-5649.8,293.64,0.000479
ASC-17,28,14018.86,14929.3,250.02,0.002451
ASC-17,34,1431.05,-6552.57,285.82,0.000183
ASC-17,35,-13453.84,-7342.99,250.27,0.003313
ASC-17,37,-5378.95,-5544.5,268.64,-0.004746
ASC-17,39,13754.05,-1156.46,250.71,-0.000216
ASC-17,44,-11258.36,-10466.19,250.27,-0.001642
ASC-17,46,7408.09,-14462.6,250.18,-0.002743
ASC-17,48,1547.02,-11129.15,252.88,-0.000967
ASC-17,49,12854.75,2199.83,251.08,0.002905
ASC-17,50,13371.38,-5010.67,250.55,-0.001059
ASC-17,51,11246.09,-12303.04,250.15,0.001989
ASC-17,52,-3850.69,6817.46,266.68,-0.000329
ASC-17,54,894.36,12257.57,251.46,-0.000383
ASC-17,55,4629.31,-4351.04,294.96,-0.001717
ASC-17,56,-10182.2,1320.54,254.27,-0.002288
ASC-17,57,1783.94,4163.38,361.95,-0.001031
ASC-17,58,-1831.55,11276.78,252.32,-0.00216
ASC-17,61,-3003.03,-8511.82,259.42,-0.004242
ASC-17,63,-13364.56,-7134.47,250.29,0.001706
ASC-17,64,12856.38,8236.74,250.3,-0.001598
ASC-17,65,12249.58,3661.0,251.23,0.002954
ASC-17,66,2994.01,-11406.58,252.13,0.000817
ASC-17,67,-9383.13,3779.52,254.62,-0.000906
ASC-17,68,8739.13,4852.79,255.71,0.002734
ASC-17,69,-10154.35,-210.93,254.57,-0.000856
ASC-17,71,4992.69,-12862.81,250.7,-0.000471
ASC-17,74,-5905.28,10664.53,251.48,-0.002068
ASC-17,75,-13882.88,1024.1,250.56,-0.002719
ASC-17,76,-4176.96,10261.27,252.76,0.001021
ASC-17,78,9904.85,-8999.62,250.91,-0.001008
ASC-17,81,-4386.21,-5360.34,279.28,-0.004356
ASC-17,85,209.37,-13049.28,251.04,-0.002495
ASC-17,86,224.43,3858.54,406.92,-0.008746
ASC-17,89,8457.05,-13398.23,250.23,0.003562
ASC-17,90,6886.99,-4374.65,266.54,0.000278
ASC-17,91,7120.29,9385.43,252.04,0.001073
ASC-17,92,-1330.66,2289.19,546.52,-0.018787
ASC-17,94,10119.03,-12763.51,250.18,-0.001245
ASC-17,97,-539.9,-9719.17,256.52,0.000259
ASC-17,99,-1055.32,8899.72,259.12,-9.8e-05
ASC-17,100,-3753.68,9771.43,253.89,0.000606
ASC-17,102,-3243.98,-10763.73,252.76,-0.005138
ASC-17,103,-9561.08,10483.56,250.48,-0.001525
ASC-17,104,8632.14,5153.68,255.51,0.001005
ASC-17,106,2374.19,-774.95,633.62,-0.008518
ASC-17,107,14470.19,11051.4,250.06,0.002018
ASC-17,108,4428.82,9077.38,255.1,-0.000311
ASC-17,109,731.87,-5085.21,335.19,-0.008085
ASC-17,112,13812.38,-8821.42,250.17,-0.000377
ASC-17,116,-5600.83,-4414.79,275.62,-0.006676
ASC-17,118,-635.82,3226.9,461.85,-0.009754
ASC-17,119,11798.0,-9879.35,250.3,-0.002034
ASC-17,120,-1009.74,4589.48,346.67,-0.006111
ASC-17,121,-9707.67,7600.51,251.35,0.000143
ASC-17,122,994.22,-1429.55,828.17,-0.023888
ASC-17,124,4077.08,8813.77,256.32,0.002769
ASC-17,125,-4839.77,6657.43,263.28,-0.002816
ASC-17,128,2480.25,7811.37,264.48,0.002085
ASC-17,130,-2585.13,-10677.63,253.2,-0.006183
ASC-17,131,14338.69,-4761.5,250.35,0.000773
ASC-17,135,-13174.93,-7545.79,250.29,-0.000138
ASC-17,136,-9613.49,-2454.37,255.27,-1.6e-05
ASC-17,137,7527.16,7334.82,254.19,0.000551
ASC-17,138,12261.14,921.63,251.64,0.003519
ASC-17,139,8261.78,-12011.92,250.46,0.00202
ASC-17,140,-6456.01,8454.98,253.48,1.4e-05
ASC-17,142,-11445.62,-14395.85,250.05,-0.00384
ASC-17,145,-14051.46,2516.87,250.46,5.4e-05
ASC-17,146,-6263.99,5368.46,263.05,-0.004234
ASC-17,149,-6784.4,-7450.06,255.06,-0.00529
ASC-17,150,-11580.96,-2850.97,251.73,-0.001812
ASC-17,151,11934.48,11198.04,250.16,0.002086
ASC-17,152,-12255.03,3951.72,251.0,-0.000945
ASC-17,153,-13850.75,1382.25,250.56,-0.003606
ASC-17,154,-11636.41,1497.8,251.89,-0.004674
ASC-17,156,13022.66,12986.26,250.05,0.001761
ASC-17,157,-12129.37,13486.99,250.05,5.5e-05
ASC-17,159,4560.34,-14863.35,250.27,-2e-06
ASC-17,165,14913.62,-667.98,250.38,0.000344
ASC-17,169,3892.73,9274.55,255.19,0.001794
ASC-17,174,10653.43,6300.25,251.52,-0.000617
ASC-17,175,-9146.6,431.98,257.94,-0.002326
ASC-17,176,2860.42,10452.43,253.33,0.00364
ASC-17,177,3480.85,-9705.26,254.88,-0.003692
ASC-17,181,9492.16,5518.87,253.3,-0.001935
ASC-17,182,-10337.38,12580.53,250.15,-0.001332
ASC-17,183,-14975.49,1212.18,250.3,-0.005144
ASC-17,187,-4865.41,401.1,335.21,-0.012339
ASC-17,189,7179.37,-76.65,278.19,0.002058
ASC-17,191,9425.89,-3128.28,256.17,0.001965
ASC-17,193,984.08,-14882.39,250.37,-0.000609
ASC-17,194,7137.69,12896.16,250.39,-0.000874
ASC-17,195,3368.44,-3666.54,346.26,0.001512
ASC-17,196,2395.81,6712.63,276.3,-0.001666
ASC-17,197,9368.25,5005.51,254.04,0.00111
ASC-17,198,13356.58,-6816.96,250.37,-0.001649
ASC-17,203,9030.8,2297.35,258.47,0.002782
ASC-17,205,7304.54,3947.51,264.63,0.000231
ASC-17,206,2771.68,-1457.08,520.17,-0.004633
ASC-17,209,9852.33,13434.45,250.14,-0.000341
ASC-17,210,-13609.47,7272.0,250.24,-0.003109
ASC-17,213,-7655.74,-11936.51,250.53,-0.000842
ASC-17,216,-479.95,2592.96,554.47,-0.01485
ASC-17,217,-10267.86,14161.93,250.08,-0.00045
ASC-17,224,2069.87,1425.43,610.98,-0.006035
ASC-17,225,641.5,-4752.6,352.93,-0.008014
ASC-17,227,-8404.85,-12453.75,250.33,-0.000156
ASC-17,230,49.12,-5093.19,336.36,-0.007812
ASC-17,231,6218.69,-10139.48,252.05,-0.002612
ASC-17,232,-8915.22,-7493.72,252.09,-0.00574
ASC-17,234,-1872.99,14742.88,250.34,-0.001809
ASC-17,235,-8925.93,9283.9,251.0,-0.00193
ASC-17,237,-7781.77,-12435.57,250.4,-0.001317
ASC-17,238,7158.4,-7426.89,254.97,0.001307
ASC-17,239,7322.92,12567.14,250.43,0.001376
ASC-17,240,11019.95,11822.96,250.18,0.00182
ASC-17,241,-4901.3,-9670.69,253.39,-0.001001
ASC-17,242,565.35,2776.7,531.6,-0.010274
ASC-17,244,1830.79,-2540.96,517.36,-0.007711
ASC-17,245,10814.72,-5083.11,252.01,0.001093
ASC-17,252,8031.95,11492.91,250.59,0.002407
ASC-17,256,-412.89,-9301.03,258.26,-0.002396
ASC-17,260,4987.03,-2598.35,317.67,0.001316
ASC-17,261,11831.71,-14471.51,250.05,0.002569
ASC-17,263,-11121.62,-1377.89,252.56,-0.002622
ASC-17,264,7708.35,487.53,270.77,0.002263
ASC-17,267,9030.99,7469.27,252.16,0.003081
ASC-17,269,-9874.35,12384.18,250.19,0.000391
ASC-17,270,-7116.72,-4268.31,263.26,-0.005817
ASC-17,272,9549.55,12564.92,250.22,0.001739
ASC-17,273,-1931.03,5625.77,297.95,-0.003624
ASC-17,274,-1961.87,-2218.81,513.58,-0.022254
ASC-17,278,-12258.44,5225.13,250.78,-0.005655
ASC-17,284,-3247.31,-13936.63,250.51,-8.8e-05
ASC-17,287,10976.3,11587.23,250.2,0.001879
ASC-17,288,1940.61,4081.41,363.0,-0.00055
ASC-17,291,-11418.1,13130.23,250.08,-0.005143
ASC-17,292,11445.91,413.76,252.62,0.001933
ASC-17,302,-8653.27,12691.9,250.25,0.00062
ASC-17,304,-14181.97,13977.75,250.02,0.001124
ASC-17,305,5723.91,-8829.57,254.4,-0.001238
ASC-17,306,1020.1,2106.98,628.65,-0.009831
ASC-17,308,-2391.36,-4064.31,351.37,-0.006613
ASC-17,309,-645.32,-7453.13,272.74,-0.001998
ASC-17,311,12818.2,13478.69,250.05,0.000716
ASC-17,313,4893.33,-12707.01,250.78,0.000105
ASC-17,314,-11878.35,-8502.11,250.4,0.001728
ASC-17,318,12105.38,-3292.77,251.44,-1.8e-05
ASC-17,321,-6641.66,-2217.72,276.81,-0.004526
ASC-17,322,9768.11,594.17,256.6,4.6e-05
ASC-17,324,13548.62,-7331.26,250.3,0.001686
ASC-17,326,-12557.42,-9913.39,250.19,1.3e-05
ASC-17,332,-4737.99,-11455.41,251.44,-0.000878
ASC-17,333,13705.34,-4793.79,250.48,0.000367
ASC-17,334,8527.47,4675.41,256.64,0.004414
ASC-17,339,-7077.96,-8840.25,252.55,-0.000566
ASC-17,340,-7520.68,13154.94,250.29,-0.000911
ASC-17,341,-13285.07,-7725.79,250.26,0.000966
ASC-17,342,-934.65,12447.49,251.29,0.002014
ASC-17,344,14536.01,13280.81,250.03,0.001292
ASC-17,346,8183.74,10214.08,250.99,0.00076
ASC-17,347,883.39,-4775.31,349.89,-0.007641
ASC-17,348,-11304.63,5911.37,251.06,-0.003637
ASC-17,353,-9594.2,-14987.05,250.07,-0.003334
ASC-17,360,-11413.68,-1442.64,252.17,-0.002245
ASC-17,361,-6704.72,8927.74,252.6,-0.000616
ASC-17,362,-459.28,6795.93,280.24,-0.001199
ASC-17,364,-7697.39,11487.62,250.59,0.000314
ASC-17,365,-1040.05,-14976.73,250.35,-0.003316
ASC-17,366,-466.68,3376.32,449.08,-0.009394
ASC-17,369,4019.46,7796.96,260.68,0.00296
ASC-17,375,4523.06,7433.7,261.18,-0.001163
ASC-17,376,-2849.95,6272.3,278.26,-0.002555
ASC-17,379,7711.12,-8431.64,252.68,-0.000595
ASC-17,381,-8499.52,9573.06,251.04,5e-06
ASC-17,386,682.86,-13434.14,250.83,0.001086
ASC-17,391,-12304.71,5200.82,250.76,-0.005651
ASC-17,393,-3373.16,10322.38,253.14,0.003014
ASC-17,395,-7653.88,-14219.95,250.18,-0.000898
ASC-17,400,13999.04,-4659.07,250.42,0.000656
ASC-17,401,-2197.97,-13510.28,250.72,-0.000294
ASC-17,404,12142.62,9089.79,250.32,0.000621
ASC-17,409,-4947.36,-8794.5,255.13,-0.003844
ASC-17,411,-1085.14,8219.46,263.23,-0.001364
ASC-17,413,4825.8,-14047.04,250.39,-0.002115
ASC-17,416,-557.31,8784.42,260.01,-5.4e-05
ASC-17,417,12208.76,9788.74,250.24,0.001584
ASC-17,418,-2411.83,-6701.8,277.11,-0.000993
ASC-17,419,12213.29,-14735.74,250.04,0.002342
ASC-17,420,10291.42,1159.96,254.8,0.002791
ASC-17,422,11617.32,-5281.38,251.28,-0.000166
ASC-17,423,5421.06,-3261.48,295.78,0.000842
ASC-17,424,2436.86,-14223.95,250.49,0.001144
ASC-17,425,-14920.49,13452.09,250.02,0.000833
ASC-17,426,3957.1,-12112.31,251.26,0.002547
ASC-17,429,-3211.36,3474.93,342.41,-0.008794
ASC-17,430,-13117.79,-8270.01,250.24,-0.002887
ASC-17,431,7094.96,-13341.67,250.34,0.000812
ASC-17,432,-3976.73,196.96,390.67,-0.016169
ASC-17,435,-13797.65,-6284.98,250.29,-0.001821
ASC-17,436,-14063.36,11882.81,250.05,-0.002557
ASC-17,437,14248.91,2226.83,250.5,0.001226
ASC-17,439,9003.02,-715.43,260.11,0.001196
ASC-17,440,-511.93,2104.14,643.99,-0.020375
ASC-17,441,-3341.57,1334.94,422.65,-0.0137
ASC-17,442,-9480.14,737.84,256.52,-0.000855
ASC-17,443,-14034.75,-9308.78,250.12,-0.004129
ASC-17,444,8848.2,8164.07,251.8,0.001209
ASC-17,445,-7369.08,-3548.55,264.07,-0.003862
ASC-17,446,7491.68,-7902.6,253.61,-0.000213
ASC-17,448,-7653.17,4081.53,260.29,-0.001917
ASC-17,451,-8794.1,-9033.13,251.24,-0.002151
ASC-17,453,-12874.82,-8588.94,250.25,-0.00128
ASC-17,454,3343.37,7647.28,263.45,0.003025
ASC-17,455,1881.29,-11455.43,252.34,-0.00136
ASC-17,456,658.74,4443.6,361.64,-0.00352
ASC-17,457,-9555.05,1959.66,255.67,-0.00051
ASC-17,458,4485.34,2420.93,336.81,0.001787
ASC-17,460,-679.82,-142.02,1131.77,-0.053262
ASC-17,461,268.39,-1253.08,977.2,-0.039832
ASC-17,462,-531.0,368.04,1140.12,-0.048904
ASC-17,464,-145.58,-911.49,1107.46,-0.047508
ASC-17,466,-268.39,-355.2,1309.99,-0.053264
ASC-17,467,253.69,-695.66,1239.67,-0.043227
ASC-17,470,-372.12,-723.9,1133.31,-0.051103
ASC-17,472,191.49,377.6,1334.59,-0.044892
ASC-17,473,-86.68,-1045.57,1055.87,-0.045625
ASC-17,474,260.42,-38.29,1561.14,-0.046611
ASC-17,476,-238.34,-1002.7,1052.77,-0.048258
ASC-17,477,-719.19,341.79,1068.52,-0.05197
ASC-17,479,403.69,-462.88,1334.7,-0.043468
ASC-17,480,-797.71,-430.55,1048.6,-0.051765
ASC-17,482,-483.56,-1025.64,993.87,-0.04868
ASC-17,484,737.08,-859.55,1064.09,-0.033076
ASC-17,485,-222.8,669.85,1129.19,-0.044007
ASC-17,486,-618.55,870.72,959.85,-0.042253
ASC-17,487,-748.05,-450.39,1066.11,-0.052793
ASC-17,488,111.67,-685.96,1249.16,-0.047019
ASC-17,490,1395.73,-306.93,942.82,-0.017162
ASC-17,491,-1079.42,-244.59,952.84,-0.050882
ASC-17,497,-818.98,-648.2,1000.08,-0.04984
ASC-17,500,-761.09,-431.03,1063.87,-0.052715
ASC-17,503,-559.72,-408.3,1156.69,-0.054663
ASC-17,504,576.83,-1254.45,949.24,-0.033959
ASC-17,505,142.66,-707.4,1237.96,-0.045688
ASC-17,510,-362.75,-298.02,1277.3,-0.054986
ASC-17,512,-515.5,-387.66,1181.6,-0.054334
ASC-17,513,-431.09,975.38,966.88,-0.038227
ASC-17,517,-914.76,-573.02,979.5,-0.050278
ASC-17,518,661.14,-665.61,1159.04,-0.03667
ASC-17,520,-1017.73,-16.2,981.08,-0.049748
ASC-17,521,256.06,14.28,1543.87,-0.046885
ASC-17,524,-701.97,286.81,1086.23,-0.053198
ASC-17,527,-201.06,51.16,1386.86,-0.051931
ASC-17,528,-860.53,-832.03,945.36,-0.047718
ASC-17,533,925.95,658.11,1022.21,-0.024449
ASC-17,535,420.38,187.32,1383.42,-0.042294
ASC-17,537,706.8,-370.01,1237.77,-0.035025
ASC-17,539,-36.87,-672.08,1241.58,-0.049803
ASC-17,542,-284.98,552.25,1164.04,-0.044758
ASC-17,544,1085.03,-871.45,958.86,-0.026725
ASC-17,545,-208.22,-553.17,1256.79,-0.052101
ASC-17,546,207.02,-316.01,1473.34,-0.048454
ASC-17,548,-459.05,998.4,953.57,-0.038532
ASC-17,549,-631.25,-277.08,1144.8,-0.054667
ASC-17,553,-349.22,1095.86,938.51,-0.036741
ASC-17,557,512.59,528.16,1194.7,-0.037248
ASC-17,559,-890.18,620.67,947.48,-0.04738
ASC-17,560,1045.07,481.58,1028.37,-0.023117
ASC-17,563,886.53,49.49,1174.05,-0.030089
ASC-17,566,1239.02,114.01,1007.25,-0.021675
ASC-17,567,749.59,890.34,992.88,-0.026291
ASC-17,568,107.12,537.01,1242.88,-0.042682
ASC-17,569,-146.19,-783.23,1166.27,-0.05037
ASC-17,571,856.56,-561.28,1120.68,-0.03273
ASC-17,573,-860.2,660.03,948.22,-0.046506
ASC-17,574,1198.0,-573.96,985.52,-0.024553
ASC-17,575,-983.67,426.46,952.34,-0.04727
ASC-17,580,-439.94,397.78,1168.26,-0.050326
ASC-17,581,542.59,41.96,1364.14,-0.038377
ASC-17,584,-30.0,-855.99,1149.35,-0.047942
ASC-17,588,-8.61,-444.77,1372.43,-0.051066
ASC-17,589,351.15,27.86,1483.27,-0.045178
ASC-17,590,410.23,174.54,1393.67,-0.041877
ASC-17,592,-813.75,359.03,1027.34,-0.050111
ASC-17,593,961.19,-525.31,1087.25,-0.031084
ASC-17,594,502.94,67.21,1382.04,-0.041149
ASC-17,595,656.34,-665.5,1160.68,-0.036264
ASC-17,596,488.74,17.07,1401.09,-0.042119
ASC-17,600,1349.75,78.37,964.74,-0.019345
ASC-17,602,-339.94,-1281.89,930.73,-0.044409
ASC-17,603,21.1,840.94,1085.14,-0.037513
ASC-17,605,3.12,-1.54,1526.29,-0.049169
ASC-17,606,-141.11,-1282.0,954.26,-0.043137
ASC-17,610,749.58,40.71,1246.69,-0.033781
ASC-17,615,-805.94,31.66,1070.19,-0.050575
ASC-17,618,177.42,1110.96,972.28,-0.034957
ASC-17,622,-82.73,31.9,1462.9,-0.050927
ASC-17,623,-126.83,931.96,1031.62,-0.04044
ASC-17,624,140.74,106.75,1511.87,-0.04679
ASC-17,625,814.18,-374.0,1185.15,-0.033443
ASC-17,626,-796.13,-965.98,931.38,-0.04825
ASC-17,627,759.0,783.65,1028.31,-0.027117
ASC-17,630,208.83,688.58,1162.32,-0.039821
ASC-17,631,150.53,-538.27,1335.33,-0.048518
ASC-17,633,-1011.59,-630.44,935.48,-0.048139
ASC-17,640,-236.57,186.38,1328.6,-0.051584
ASC-17,641,768.01,-1211.17,934.11,-0.030115
ASC-17,649,1085.35,-963.67,934.96,-0.025979
ASC-17,650,20.08,351.44,1339.97,-0.047769
ASC-17,651,-0.49,-1162.92,1012.67,-0.043038
ASC-17,653,-1031.74,-179.26,974.44,-0.050904
ASC-17,654,463.19,-1271.26,956.22,-0.036253
ASC-17,655,-726.68,-107.18,1110.02,-0.052912
ASC-17,657,-919.67,-700.4,954.33,-0.047994
ASC-17,658,-683.48,499.06,1046.64,-0.048037
ASC-17,661,-342.03,-575.45,1199.85,-0.05255
ASC-17,663,-565.8,707.84,1025.0,-0.043435
ASC-17,667,-280.56,-758.19,1146.0,-0.051552
ASC-17,669,-516.36,-17.47,1215.26,-0.055059
ASC-17,671,197.89,861.48,1079.24,-0.038022
ASC-17,672,777.2,601.65,1086.83,-0.028365
ASC-17,673,1179.02,427.46,990.12,-0.019381
ASC-17,674,766.89,836.1,1007.97,-0.026406
ASC-17,675,739.2,459.0,1148.38,-0.032699
ASC-17,678,-133.84,431.51,1261.55,-0.047467
ASC-17,679,401.07,596.75,1187.5,-0.038485
ASC-18,0,10943.93,2007.4,253.12,0.001217
ASC-18,2,9330.7,1357.17,258.02,0.000347
ASC-18,5,13393.97,479.81,250.89,-0.00176
ASC-18,6,3413.75,-6427.88,276.54,0.001554
ASC-18,7,-14921.08,10406.94,250.05,0.001317
ASC-18,8,12312.22,-4746.38,251.01,0.003427
ASC-18,9,14544.1,-11992.34,250.04,-0.001519
ASC-18,11,9409.83,10697.29,250.52,0.005182
ASC-18,12,-12527.76,-11620.94,250.1,-0.001017
ASC-18,16,532.49,-10344.86,254.65,0.003432
ASC-18,18,9420.2,-2267.8,257.05,0.002809
ASC-18,19,-63.98,-8337.73,264.23,0.000969
ASC-18,20,-7551.62,944.11,268.69,-0.001958
ASC-18,21,8300.58,-2746.5,261.94,0.000181
ASC-18,24,7114.51,7663.27,254.3,-8.5e-05
ASC-18,25,14782.82,3601.63,250.32,0.000972
ASC-18,26,-14096.18,1679.53,250.48,-0.002941
ASC-18,27,2969.33,-5649.8,293.64,0.001287
ASC-18,29,-11479.9,6974.94,250.73,-0.00055
ASC-18,30,-8306.96,9956.15,250.95,0.001632
ASC-18,31,1506.85,1762.7,642.65,-0.004629
ASC-18,32,6669.82,3541.11,272.22,0.001089
ASC-18,35,-13453.84,-7342.99,250.27,-0.002608
ASC-18,37,-5378.95,-5544.5,268.64,-0.001418
ASC-18,41,-1326.51,-2312.8,566.43,-0.017953
ASC-18,42,6979.54,1892.82,276.97,-0.000414
ASC-18,44,-11258.36,-10466.19,250.27,-0.000154
ASC-18,48,1547.02,-11129.15,252.88,-0.001299
ASC-18,50,13371.38,-5010.67,250.55,0.002409
ASC-18,51,11246.09,-12303.04,250.15,0.000371
ASC-18,52,-3850.69,6817.46,266.68,-0.005345
ASC-18,54,894.36,12257.57,251.46,0.00392
ASC-18,56,-10182.2,1320.54,254.27,-0.002388
ASC-18,57,1783.94,4163.38,361.95,-0.001751
ASC-18,58,-1831.55,11276.78,252.32,-0.000106
ASC-18,59,-14950.06,13339.66,250.02,0.001194
ASC-18,61,-3003.03,-8511.82,259.42,-0.001528
ASC-18,62,13901.68,-6713.5,250.29,0.001888
ASC-18,63,-13364.56,-7134.47,250.29,-0.004634
ASC-18,64,12856.38,8236.74,250.3,0.003627
ASC-18,65,12249.58,3661.0,251.23,0.000112
ASC-18,67,-9383.13,3779.52,254.62,-0.000105
ASC-18,68,8739.13,4852.79,255.71,0.002333
ASC-18,72,-2242.94,5683.75,293.69,-0.005236
ASC-18,73,-1172.24,-13283.67,250.88,-0.001999
ASC-18,74,-5905.28,10664.53,251.48,-0.000538
ASC-18,75,-13882.88,1024.1,250.56,-0.001264
ASC-18,77,9798.67,-10617.29,250.5,0.00134
ASC-18,78,9904.85,-8999.62,250.91,0.002342
ASC-18,80,1589.42,-12313.67,251.49,-0.002335
ASC-18,81,-4386.21,-5360.34,279.28,-0.002751
ASC-18,84,9277.05,-10801.03,250.56,0.001203
ASC-18,86,224.43,3858.54,406.92,-0.002525
ASC-18,89,8457.05,-13398.23,250.23,-0.004839
ASC-18,90,6886.99,-4374.65,266.54,0.002336
ASC-18,95,-6129.21,11734.34,250.83,-0.001353
ASC-18,96,7895.02,3956.17,260.94,0.000449
ASC-18,97,-539.9,-9719.17,256.52,1e-06
ASC-18,99,-1055.32,8899.72,259.12,-0.003218
ASC-18,100,-3753.68,9771.43,253.89,-0.001775
ASC-18,102,-3243.98,-10763.73,252.76,-0.003473
ASC-18,103,-9561.08,10483.56,250.48,-0.001601
ASC-18,105,-3009.22,9732.68,254.56,0.000853
ASC-18,106,2374.19,-774.95,633.62,-0.005745
ASC-18,108,4428.82,9077.38,255.1,-0.001082
ASC-18,109,731.87,-5085.21,335.19,-0.005479
ASC-18,110,-6486.01,-10388.54,251.54,-0.001444
ASC-18,112,13812.38,-8821.42,250.17,-0.001389
ASC-18,115,-5454.87,-3259.54,289.03,-0.00481
ASC-18,116,-5600.83,-4414.79,275.62,-0.001362
ASC-18,117,-4271.59,6022.21,271.28,-0.00138
ASC-18,118,-635.82,3226.9,461.85,-0.006756
ASC-18,119,11798.0,-9879.35,250.3,0.002184
ASC-18,120,-1009.74,4589.48,346.67,-0.003181
ASC-18,122,994.22,-1429.55,828.17,-0.01588
ASC-18,124,4077.08,8813.77,256.32,0.000728
ASC-18,125,-4839.77,6657.43,263.28,-0.00073
ASC-18,129,2538.72,4021.43,350.22,-0.001542
ASC-18,130,-2585.13,-10677.63,253.2,-0.001265
ASC-18,131,14338.69,-4761.5,250.35,-0.002112
ASC-18,133,7309.92,11767.76,250.64,0.00172
ASC-18,134,-7069.62,8498.81,252.76,-0.002816
ASC-18,137,7527.16,7334.82,254.19,0.000426
ASC-18,138,12261.14,921.63,251.64,0.000769
ASC-18,141,-103.7,6454.04,287.02,0.000198
ASC-18,142,-11445.62,-14395.85,250.05,-0.002825
ASC-18,143,-2410.73,10733.4,252.92,-0.000889
ASC-18,144,-7264.79,-702.97,272.43,-0.005074
ASC-18,145,-14051.46,2516.87,250.46,-0.001063
ASC-18,147,12851.61,11639.95,250.09,0.002319
ASC-18,148,921.41,-51.35,1161.75,-0.021426
ASC-18,150,-11580.96,-2850.97,251.73,-0.001577
ASC-18,152,-12255.03,3951.72,251.0,-0.000804
ASC-18,153,-13850.75,1382.25,250.56,-0.00357
ASC-18,154,-11636.41,1497.8,251.89,0.001709
ASC-18,155,7578.82,-335.19,272.53,0.000776
ASC-18,157,-12129.37,13486.99,250.05,-0.00264
ASC-18,159,4560.34,-14863.35,250.27,0.000253
ASC-18,161,-14884.34,-7407.8,250.13,-0.003776
ASC-18,162,5769.49,-2639.51,295.32,0.002069
ASC-18,163,-2096.16,5312.36,304.54,-0.002048
ASC-18,164,12950.09,4984.78,250.67,0.00225
ASC-18,166,4097.19,12746.8,250.81,-0.002346
ASC-18,168,-5478.2,-2635.63,295.16,-0.004231
ASC-18,169,3892.73,9274.55,255.19,-0.001618
ASC-18,171,-2363.82,1310.75,533.77,-0.016537
ASC-18,172,-4171.99,5787.64,274.42,-0.001775
ASC-18,173,3199.12,-14784.55,250.33,6.6e-05
ASC-18,174,10653.43,6300.25,251.52,0.001111
ASC-18,175,-9146.6,431.98,257.94,-0.000844
ASC-18,176,2860.42,10452.43,253.33,-0.002092
ASC-18,177,3480.85,-9705.26,254.88,-7e-06
ASC-18,179,-4198.23,14193.67,250.35,0.001719
ASC-18,181,9492.16,5518.87,253.3,0.002765
ASC-18,182,-10337.38,12580.53,250.15,-0.00094
ASC-18,184,-7256.47,395.79,272.67,-0.004171
ASC-18,186,-10135.86,-7416.08,251.25,0.000711
ASC-18,187,-4865.41,401.1,335.21,-0.008492
ASC-18,188,5417.15,6522.85,262.83,0.00159
ASC-18,189,7179.37,-76.65,278.19,-0.000461
ASC-18,190,9551.41,-5299.05,253.56,0.000897
ASC-18,191,9425.89,-3128.28,256.17,0.001463
ASC-18,192,-5316.65,-12235.37,250.85,-0.000456
ASC-18,193,984.08,-14882.39,250.37,-0.00193
ASC-18,194,7137.69,12896.16,250.39,-0.001447
ASC-18,195,3368.44,-3666.54,346.26,0.002855
ASC-18,196,2395.81,6712.63,276.3,-0.001142
ASC-18,198,13356.58,-6816.96,250.37,0.00127
ASC-18,201,-11403.08,-132.19,252.28,0.000451
ASC-18,202,-6346.6,4615.84,266.3,-0.005964
ASC-18,203,9030.8,2297.35,258.47,0.001232
ASC-18,207,14792.44,-13171.21,250.03,0.000801
ASC-18,208,-11432.08,861.56,252.2,-8.3e-05
ASC-18,212,1138.84,199.18,1041.08,-0.017563
ASC-18,215,-3387.87,-3678.02,334.85,-0.008915
ASC-18,216,-479.95,2592.96,554.47,-0.010487
ASC-18,217,-10267.86,14161.93,250.08,-0.00243
ASC-18,219,-12347.39,9010.22,250.26,0.000422
ASC-18,220,-21.86,-14868.76,250.38,6.2e-05
ASC-18,228,-7028.09,6508.96,256.24,0.002484
ASC-18,230,49.12,-5093.19,336.36,-0.003648
ASC-18,235,-8925.93,9283.9,251.0,0.000384
ASC-18,240,11019.95,11822.96,250.18,0.001787
ASC-18,241,-4901.3,-9670.69,253.39,-0.003333
ASC-18,242,565.35,2776.7,531.6,-0.010045
ASC-18,243,6794.74,5142.87,262.79,0.002538
ASC-18,244,1830.79,-2540.96,517.36,-0.006661
ASC-18,245,10814.72,-5083.11,252.01,0.001868
ASC-18,253,-12282.12,-11217.62,250.13,0.001455
ASC-18,254,-13528.9,-14903.42,250.02,-0.000513
ASC-18,256,-412.89,-9301.03,258.26,-0.00227
ASC-18,257,-2668.32,1923.73,455.02,-0.013739
ASC-18,258,-10432.22,-14784.07,250.06,-0.002053
ASC-18,259,92.72,-160.93,1574.97,-0.03678
ASC-18,261,11831.71,-14471.51,250.05,-0.000864
ASC-18,262,-3281.01,-6224.36,278.07,-0.002607
ASC-18,263,-11121.62,-1377.89,252.56,-0.003161
ASC-18,264,7708.35,487.53,270.77,0.001064
ASC-18,266,6431.22,4663.93,267.66,0.001231
ASC-18,267,9030.99,7469.27,252.16,0.001911
ASC-18,268,13894.63,-11799.47,250.06,-0.000636
ASC-18,269,-9874.35,12384.18,250.19,-0.000274
ASC-18,270,-7116.72,-4268.31,263.26,-0.004481
ASC-18,271,-3364.16,3137.63,349.2,-0.00781
ASC-18,273,-1931.03,5625.77,297.95,-0.003576
ASC-18,275,10162.73,7671.57,251.23,0.00328
ASC-18,276,-11413.51,-5185.77,251.25,-0.000622
ASC-18,277,-11736.21,-14148.91,250.05,-0.001764
ASC-18,278,-12258.44,5225.13,250.78,0.000884
ASC-18,279,297.06,-3312.6,481.94,-0.010546
ASC-18,280,-8680.83,10504.72,250.66,-0.001733
ASC-18,281,-4225.76,-14099.1,250.4,0.000888
ASC-18,282,-196.53,6545.31,285.11,0.00051
ASC-18,283,880.35,-1534.14,816.91,-0.017518
ASC-18,284,-3247.31,-13936.63,250.51,-0.001442
ASC-18,285,-10854.46,-2886.84,252.55,-0.002179
ASC-18,288,1940.61,4081.41,363.0,9.5e-05
ASC-18,289,-6349.46,6299.83,258.89,0.000888
ASC-18,290,14983.28,11546.71,250.04,-0.000621
ASC-18,292,11445.91,413.76,252.62,0.002663
ASC-18,293,3820.02,-14000.5,250.47,-0.002433
ASC-18,296,1578.52,-13035.75,251.0,0.001851
ASC-18,298,-1034.15,3264.05,445.08,-0.004793
ASC-18,299,8252.73,-12151.15,250.43,-0.001319
ASC-18,300,4062.92,4392.63,301.56,0.000646
ASC-18,301,-11106.05,7225.15,250.81,-0.00105
ASC-18,302,-8653.27,12691.9,250.25,0.0014
ASC-18,304,-14181.97,13977.75,250.02,-0.001564
ASC-18,306,1020.1,2106.98,628.65,-0.010189
ASC-18,307,-3465.21,-7940.07,261.45,-0.001567
ASC-18,308,-2391.36,-4064.31,351.37,-0.010034
ASC-18,309,-645.32,-7453.13,272.74,0.000855
ASC-18,310,-12012.51,14662.05,250.03,-0.004426
ASC-18,313,4893.33,-12707.01,250.78,0.000175
ASC-18,315,11370.01,-9995.63,250.34,0.000419
ASC-18,316,5895.02,-6192.08,263.25,-0.00168
ASC-18,317,-7379.37,-1672.97,269.47,-0.001788
ASC-18,319,11342.29,-1567.78,252.64,-0.002583
ASC-18,320,-1138.02,9060.97,258.3,-0.002236
ASC-18,322,9768.11,594.17,256.6,3.8e-05
ASC-18,325,13888.16,2750.5,250.58,0.003933
ASC-18,327,13287.03,-11763.16,250.08,0.000513
ASC-18,328,-6489.59,2329.15,277.67,-0.003584
ASC-18,331,-9654.37,-4.74,256.03,-0.001451
ASC-18,332,-4737.99,-11455.41,251.44,-0.002402
ASC-18,334,8527.47,4675.41,256.64,0.002887
ASC-18,335,6065.05,4970.94,268.6,0.00109
ASC-18,336,-7968.52,-2385.73,262.88,-0.000869
ASC-18,337,6972.77,9904.37,251.69,-0.000897
ASC-18,338,-13819.2,10690.07,250.08,-0.000666
ASC-18,339,-7077.96,-8840.25,252.55,-0.000672
ASC-18,341,-13285.07,-7725.79,250.26,-0.003722
ASC-18,343,-14000.18,2998.48,250.45,-0.000402
ASC-18,345,-370.82,-4983.37,340.45,-0.004389
ASC-18,346,8183.74,10214.08,250.99,-0.002188
ASC-18,347,883.39,-4775.31,349.89,-0.00488
ASC-18,348,-11304.63,5911.37,251.06,-0.00355
ASC-18,349,-1452.69,7322.79,270.83,-0.001136
ASC-18,350,-14773.54,9783.79,250.07,0.001413
ASC-18,351,-6003.36,3837.58,274.33,-0.006049
ASC-18,352,4055.07,-1936.39,376.73,0.002019
ASC-18,353,-9594.2,-14987.05,250.07,0.000506
ASC-18,354,12509.72,6647.96,250.56,0.003749
ASC-18,355,4042.25,2221.64,363.53,0.00644
ASC-18,356,-14236.52,-11681.22,250.05,-0.000854
ASC-18,357,-2123.08,5871.19,290.65,-0.004703
ASC-18,359,-7316.49,4705.99,260.15,0.00018
ASC-18,360,-11413.68,-1442.64,252.17,-0.00439
ASC-18,362,-459.28,6795.93,280.24,0.001556
ASC-18,364,-7697.39,11487.62,250.59,0.000677
ASC-18,365,-1040.05,-14976.73,250.35,-0.002457
ASC-18,367,5959.06,14456.34,250.23,-0.002398
ASC-18,368,14928.79,-14327.35,250.02,-0.000857
ASC-18,370,-12648.19,-6713.81,250.47,-0.002147
ASC-18,371,-10460.93,1771.88,253.53,-0.004728
ASC-18,372,-6000.49,-12597.48,250.6,-0.000278
ASC-18,373,13219.4,4486.98,250.64,0.003949
ASC-18,374,-13077.91,10585.67,250.11,0.002453
ASC-18,376,-2849.95,6272.3,278.26,-0.003243
ASC-18,386,682.86,-13434.14,250.83,-0.000525
ASC-18,387,-5510.48,-4662.21,274.49,-0.002214
ASC-18,388,3581.19,10454.4,252.97,-0.000262
ASC-18,391,-12304.71,5200.82,250.76,0.001277
ASC-18,394,-9687.26,8568.36,250.97,0.000458
ASC-18,398,-920.53,7323.16,271.95,-0.000411
ASC-18,400,13999.04,-4659.07,250.42,-0.000207
ASC-18,401,-2197.97,-13510.28,250.72,-0.00107
ASC-18,402,1135.44,379.58,1015.21,-0.016153
ASC-18,403,-5477.1,-12857.27,250.6,0.002471
ASC-18,404,12142.62,9089.79,250.32,-0.000166
ASC-18,405,10683.85,-5230.49,252.08,0.000554
ASC-18,406,-522.52,-14933.0,250.36,0.001023
ASC-18,407,-14969.41,-6101.23,250.17,-0.000291
ASC-18,410,-10836.88,-10865.94,250.27,0.000969
ASC-18,411,-1085.14,8219.46,263.23,-0.0024
ASC-18,412,6870.49,2052.75,277.86,0.000267
ASC-18,413,4825.8,-14047.04,250.39,0.000225
ASC-18,414,-12053.37,5687.81,250.78,-0.00233
ASC-18,415,12402.89,-12554.95,250.08,0.000107
ASC-18,417,12208.76,9788.74,250.24,-0.002142
ASC-18,418,-2411.83,-6701.8,277.11,-0.005061
ASC-18,419,12213.29,-14735.74,250.04,-0.001217
ASC-18,421,-13884.89,1786.2,250.54,0.000435
ASC-18,423,5421.06,-3261.48,295.78,0.001204
ASC-18,424,2436.86,-14223.95,250.49,0.000549
ASC-18,425,-14920.49,13452.09,250.02,9.1e-05
ASC-18,426,3957.1,-12112.31,251.26,-0.001785
ASC-18,428,10958.29,-7442.38,250.98,0.001322
ASC-18,429,-3211.36,3474.93,342.41,-0.00775
ASC-18,430,-13117.79,-8270.01,250.24,-0.001093
ASC-18,431,7094.96,-13341.67,250.34,9.8e-05
ASC-18,432,-3976.73,196.96,390.67,-0.010025
ASC-18,433,-5162.98,-7517.3,258.73,-0.002091
ASC-18,434,5170.85,4621.76,280.65,0.000493
ASC-18,438,11124.3,-64.33,253.15,0.001677
ASC-18,439,9003.02,-715.43,260.11,0.001405
ASC-18,440,-511.93,2104.14,643.99,-0.013605
ASC-18,442,-9480.14,737.84,256.52,-0.001529
ASC-18,443,-14034.75,-9308.78,250.12,-0.002543
ASC-18,444,8848.2,8164.07,251.8,0.001048
ASC-18,445,-7369.08,-3548.55,264.07,-0.002526
ASC-18,446,7491.68,-7902.6,253.61,-0.002233
ASC-18,447,-13220.53,3274.3,250.66,-0.00254
ASC-18,448,-7653.17,4081.53,260.29,-0.003215
ASC-18,449,-2138.05,-4122.89,356.0,-0.011282
ASC-18,450,-3695.76,6166.9,273.78,-0.002159
ASC-18,451,-8794.1,-9033.13,251.24,-0.001845
ASC-18,452,8296.06,-13801.32,250.2,-0.001272
ASC-18,453,-12874.82,-8588.94,250.25,-0.002537
ASC-18,454,3343.37,7647.28,263.45,0.000286
ASC-18,455,1881.29,-11455.43,252.34,-0.004144
ASC-18,456,658.74,4443.6,361.64,-0.000748
ASC-18,457,-9555.05,1959.66,255.67,-0.00239
ASC-18,458,4485.34,2420.93,336.81,0.004439
ASC-18,459,6534.64,-5172.61,264.99,0.000469
ASC-18,461,268.39,-1253.08,977.2,-0.02581
ASC-18,462,-531.0,368.04,1140.12,-0.038271
ASC-18,463,-46.64,161.48,1427.58,-0.035468
ASC-18,465,101.79,-405.61,1416.03,-0.034797
ASC-18,466,-268.39,-355.2,1309.99,-0.035346
ASC-18,468,-702.05,274.47,1088.43,-0.036186
ASC-18,470,-372.12,-723.9,1133.31,-0.035946
ASC-18,471,134.28,185.46,1457.72,-0.032698
ASC-18,472,191.49,377.6,1334.59,-0.029987
ASC-18,474,260.42,-38.29,1561.14,-0.034365
ASC-18,478,1260.49,-613.2,956.17,-0.016146
ASC-18,479,403.69,-462.88,1334.7,-0.029117
ASC-18,481,-680.64,-41.03,1132.06,-0.036708
ASC-18,482,-483.56,-1025.64,993.87,-0.03465
ASC-18,483,-17.71,-1075.0,1049.23,-0.03095
ASC-18,484,737.08,-859.55,1064.09,-0.021951
ASC-18,485,-222.8,669.85,1129.19,-0.029118
ASC-18,487,-748.05,-450.39,1066.11,-0.03395
ASC-18,488,111.67,-685.96,1249.16,-0.032428
ASC-18,489,-124.15,-382.91,1365.72,-0.034347
ASC-18,490,1395.73,-306.93,942.82,-0.014731
ASC-18,491,-1079.42,-244.59,952.84,-0.034017
ASC-18,492,-820.59,347.24,1026.72,-0.036043
ASC-18,493,-339.48,-1119.87,989.31,-0.033103
ASC-18,494,1424.76,-123.2,939.26,-0.016667
ASC-18,495,-331.31,-1083.36,1004.45,-0.034382
ASC-18,496,-508.89,-396.89,1182.66,-0.035217
ASC-18,497,-818.98,-648.2,1000.08,-0.034288
ASC-18,498,1144.64,145.75,1044.4,-0.018287
ASC-18,500,-761.09,-431.03,1063.87,-0.034044
ASC-18,502,224.37,-1348.44,941.13,-0.026222
ASC-18,503,-559.72,-408.3,1156.69,-0.035301
ASC-18,504,576.83,-1254.45,949.24,-0.022645
ASC-18,505,142.66,-707.4,1237.96,-0.03204
ASC-18,506,-605.78,37.47,1165.35,-0.03885
ASC-18,507,401.52,-602.64,1264.34,-0.029665
ASC-18,508,-261.44,561.32,1166.83,-0.03248
ASC-18,509,778.84,-1175.37,944.04,-0.021885
ASC-18,510,-362.75,-298.02,1277.3,-0.035584
ASC-18,512,-515.5,-387.66,1181.6,-0.035876
ASC-18,513,-431.09,975.38,966.88,-0.028722
ASC-18,514,646.85,-578.64,1196.87,-0.02493
ASC-18,515,276.37,-860.6,1152.27,-0.029554
ASC-18,522,79.47,-1294.47,962.22,-0.028266
ASC-18,523,55.15,630.78,1189.97,-0.030275
ASC-18,526,-808.12,712.82,951.58,-0.032387
ASC-18,527,-201.06,51.16,1386.86,-0.037727
ASC-18,528,-860.53,-832.03,945.36,-0.032079
ASC-18,529,-137.77,802.38,1085.98,-0.027559
ASC-18,530,-554.55,763.0,1010.41,-0.029897
ASC-18,533,925.95,658.11,1022.21,-0.016036
ASC-18,534,-239.33,385.59,1249.3,-0.035448
ASC-18,536,499.08,1114.2,951.36,-0.019983
ASC-18,537,706.8,-370.01,1237.77,-0.023967
ASC-18,539,-36.87,-672.08,1241.58,-0.0326
ASC-18,540,681.86,-1052.34,1006.35,-0.02334
ASC-18,541,770.96,894.49,986.77,-0.018848
ASC-18,542,-284.98,552.25,1164.04,-0.032515
ASC-18,545,-208.22,-553.17,1256.79,-0.035241
ASC-18,546,207.02,-316.01,1473.34,-0.031445
ASC-18,547,-937.14,-453.76,989.2,-0.032138
ASC-18,549,-631.25,-277.08,1144.8,-0.036194
ASC-18,550,76.78,489.47,1267.65,-0.030716
ASC-18,551,149.01,-691.91,1246.53,-0.032289
ASC-18,553,-349.22,1095.86,938.51,-0.024994
ASC-18,556,468.71,-813.02,1148.0,-0.027532
ASC-18,557,512.59,528.16,1194.7,-0.02402
ASC-18,558,-913.03,-189.32,1023.2,-0.036339
ASC-18,559,-890.18,620.67,947.48,-0.032499
ASC-18,560,1045.07,481.58,1028.37,-0.016224
ASC-18,561,-1132.0,-193.27,934.87,-0.032604
ASC-18,562,1013.36,-0.55,1114.85,-0.018939
ASC-18,563,886.53,49.49,1174.05,-0.021918
ASC-18,564,94.65,228.71,1426.13,-0.033284
ASC-18,566,1239.02,114.01,1007.25,-0.018057
ASC-18,567,749.59,890.34,992.88,-0.018604
ASC-18,568,107.12,537.01,1242.88,-0.029853
ASC-18,569,-146.19,-783.23,1166.27,-0.034304
ASC-18,570,-171.34,-360.52,1354.61,-0.033994
ASC-18,571,856.56,-561.28,1120.68,-0.021256
ASC-18,574,1198.0,-573.96,985.52,-0.016613
ASC-18,575,-983.67,426.46,952.34,-0.034036
ASC-18,576,269.01,365.44,1333.64,-0.030404
ASC-18,577,508.33,551.1,1185.46,-0.024502
ASC-18,580,-439.94,397.78,1168.26,-0.037243
ASC-18,581,542.59,41.96,1364.14,-0.028558
ASC-18,582,11.97,14.51,1525.75,-0.036641
ASC-18,583,1137.59,153.46,1046.67,-0.018146
ASC-18,584,-30.0,-855.99,1149.35,-0.032967
ASC-18,586,126.59,-902.5,1136.34,-0.031321
ASC-18,587,1085.12,-750.96,988.65,-0.017128
ASC-18,588,-8.61,-444.77,1372.43,-0.033901
ASC-18,589,351.15,27.86,1483.27,-0.031361
ASC-18,590,410.23,174.54,1393.67,-0.030224
ASC-18,591,248.27,-384.24,1422.16,-0.032163
ASC-18,592,-813.75,359.03,1027.34,-0.036129
ASC-18,594,502.94,67.21,1382.04,-0.029596
ASC-18,595,656.34,-665.5,1160.68,-0.023498
ASC-18,596,488.74,17.07,1401.09,-0.029778
ASC-18,597,260.17,-1030.84,1072.58,-0.028462
ASC-18,598,-121.78,1013.62,998.58,-0.025988
ASC-18,600,1349.75,78.37,964.74,-0.016691
ASC-18,601,539.63,1014.75,984.11,-0.019322
ASC-18,604,935.56,462.84,1073.65,-0.018779
ASC-18,605,3.12,-1.54,1526.29,-0.036748
ASC-18,606,-141.11,-1282.0,954.26,-0.027754
ASC-18,607,-989.63,119.39,986.19,-0.035474
ASC-18,608,1119.09,288.5,1037.0,-0.018201
ASC-18,609,1280.89,-216.53,993.52,-0.01758
ASC-18,610,749.58,40.71,1246.69,-0.023762
ASC-18,611,-831.56,-707.26,982.95,-0.033578
ASC-18,612,-905.28,192.37,1014.14,-0.038197
ASC-18,613,-366.4,-368.07,1257.99,-0.035972
ASC-18,615,-805.94,31.66,1070.19,-0.03517
ASC-18,616,1113.51,449.27,1010.14,-0.015068
ASC-18,618,177.42,1110.96,972.28,-0.0234
ASC-18,619,-623.86,122.23,1147.73,-0.039602
ASC-18,620,868.82,876.63,970.14,-0.016897
ASC-18,621,840.42,1016.07,931.68,-0.016469
ASC-18,622,-82.73,31.9,1462.9,-0.036588
ASC-18,623,-126.83,931.96,1031.62,-0.026484
ASC-18,624,140.74,106.75,1511.87,-0.034545
ASC-18,625,814.18,-374.0,1185.15,-0.022243
ASC-18,626,-796.13,-965.98,931.38,-0.032708
ASC-18,627,759.0,783.65,1028.31,-0.018087
ASC-18,629,988.48,207.86,1105.53,-0.020948
ASC-18,630,208.83,688.58,1162.32,-0.02951
ASC-18,631,150.53,-538.27,1335.33,-0.032432
ASC-18,633,-1011.59,-630.44,935.48,-0.034384
ASC-18,634,-321.02,685.23,1099.81,-0.02886
ASC-18,636,-368.14,-1086.89,996.3,-0.033041
ASC-18,637,-202.23,-5.91,1396.26,-0.03796
ASC-18,638,-771.35,-574.85,1033.06,-0.034569
ASC-18,639,1134.14,-848.22,949.68,-0.017065
ASC-18,640,-236.57,186.38,1328.6,-0.036996
ASC-18,641,768.01,-1211.17,934.11,-0.022255
ASC-18,642,1038.81,-840.24,981.03,-0.018741
ASC-18,643,1378.49,110.54,951.75,-0.016441
ASC-18,644,-227.19,131.58,1350.98,-0.037003
ASC-18,646,-507.1,842.92,996.07,-0.029787
ASC-18,647,983.63,714.35,988.42,-0.014344
ASC-18,649,1085.35,-963.67,934.96,-0.018367
ASC-18,650,20.08,351.44,1339.97,-0.033374
ASC-18,651,-0.49,-1162.92,1012.67,-0.0295
ASC-18,652,1101.41,-891.53,948.9,-0.017471
ASC-18,653,-1031.74,-179.26,974.44,-0.034806
ASC-18,654,463.19,-1271.26,956.22,-0.022748
ASC-18,655,-726.68,-107.18,1110.02,-0.035768
ASC-18,656,-1042.54,207.15,958.23,-0.036098
ASC-18,657,-919.67,-700.4,954.33,-0.033663
ASC-18,658,-683.48,499.06,1046.64,-0.034732
ASC-18,660,-80.52,-332.38,1407.86,-0.035844
ASC-18,661,-342.03,-575.45,1199.85,-0.034498
ASC-18,663,-565.8,707.84,1025.0,-0.03109
ASC-18,666,588.63,-1050.73,1024.67,-0.024572
ASC-18,667,-280.56,-758.19,1146.0,-0.035938
ASC-18,668,691.11,729.99,1064.89,-0.021087
ASC-18,669,-516.36,-17.47,1215.26,-0.040138
ASC-18,670,706.33,163.14,1249.17,-0.025828
ASC-18,671,197.89,861.48,1079.24,-0.027433
ASC-18,673,1179.02,427.46,990.12,-0.015619
ASC-18,674,766.89,836.1,1007.97,-0.018287
ASC-18,675,739.2,459.0,1148.38,-0.022491
ASC-18,676,25.51,-726.5,1221.13,-0.031531
ASC-18,677,-797.84,395.6,1026.72,-0.036199
ASC-18,678,-133.84,431.51,1261.55,-0.035208
ASC-18,679,401.07,596.75,1187.5,-0.025695
ASC-19,0,10943.93,2007.4,253.12,0.00103
ASC-19,1,10659.08,2429.92,253.46,0.001234
ASC-19,2,9330.7,1357.17,258.02,-0.000543
ASC-19,4,-12684.02,2313.65,250.99,-0.000127
ASC-19,5,13393.97,479.81,250.89,0.003487
ASC-19,6,3413.75,-6427.88,276.54,-9e-06
ASC-19,7,-14921.08,10406.94,250.05,0.000839
ASC-19,8,12312.22,-4746.38,251.01,0.003343
ASC-19,9,14544.1,-11992.34,250.04,-0.000554
ASC-19,11,9409.83,10697.29,250.52,-0.001854
ASC-19,12,-12527.76,-11620.94,250.1,-0.000448
ASC-19,13,-1851.6,-14135.37,250.53,-0.003441
ASC-19,14,9531.11,-5419.3,253.48,-0.001997
ASC-19,15,-2738.0,-6847.46,273.49,-0.001305
ASC-19,16,532.49,-10344.86,254.65,-0.003965
ASC-19,17,-11488.8,-6662.16,250.83,-0.002328
ASC-19,18,9420.2,-2267.8,257.05,0.000717
ASC-19,19,-63.98,-8337.73,264.23,-0.002291
ASC-19,24,7114.51,7663.27,254.3,-0.002467
ASC-19,26,-14096.18,1679.53,250.48,-0.000134
ASC-19,28,14018.86,14929.3,250.02,0.000246
ASC-19,29,-11479.9,6974.94,250.73,-0.000904
ASC-19,30,-8306.96,9956.15,250.95,0.001946
ASC-19,31,1506.85,1762.7,642.65,-0.001689
ASC-19,35,-13453.84,-7342.99,250.27,-0.003614
ASC-19,40,4790.14,10839.95,251.92,0.002233
ASC-19,42,6979.54,1892.82,276.97,0.001389
ASC-19,44,-11258.36,-10466.19,250.27,-0.003397
ASC-19,46,7408.09,-14462.6,250.18,-0.00073
ASC-19,47,7324.4,-4333.02,263.61,0.000689
ASC-19,48,1547.02,-11129.15,252.88,0.001976
ASC-19,49,12854.75,2199.83,251.08,0.000311
ASC-19,50,13371.38,-5010.67,250.55,0.001826
ASC-19,51,11246.09,-12303.04,250.15,0.000999
ASC-19,52,-3850.69,6817.46,266.68,-0.001341
ASC-19,54,894.36,12257.57,251.46,0.001803
ASC-19,57,1783.94,4163.38,361.95,-0.001488
ASC-19,58,-1831.55,11276.78,252.32,-0.002905
ASC-19,60,-2435.11,-4966.51,314.91,-0.003854
ASC-19,61,-3003.03,-8511.82,259.42,-9.6e-05
ASC-19,62,13901.68,-6713.5,250.29,0.000158
ASC-19,63,-13364.56,-7134.47,250.29,-0.001518
ASC-19,64,12856.38,8236.74,250.3,0.002047
ASC-19,65,12249.58,3661.0,251.23,-0.000817
ASC-19,66,2994.01,-11406.58,252.13,-0.000374
ASC-19,67,-9383.13,3779.52,254.62,-0.001731
ASC-19,69,-10154.35,-210.93,254.57,-0.002231
ASC-19,71,4992.69,-12862.81,250.7,-0.000403
ASC-19,75,-13882.88,1024.1,250.56,-0.002563
ASC-19,76,-4176.96,10261.27,252.76,0.001999
ASC-19,77,9798.67,-10617.29,250.5,-0.001263
ASC-19,78,9904.85,-8999.62,250.91,0.000432
ASC-19,80,1589.42,-12313.67,251.49,-0.000524
ASC-19,81,-4386.21,-5360.34,279.28,-0.00241
ASC-19,82,-3031.23,8441.65,258.94,-0.000391
ASC-19,84,9277.05,-10801.03,250.56,-0.005029
ASC-19,86,224.43,3858.54,406.92,-0.004029
ASC-19,87,12509.46,-8415.78,250.35,0.000682
ASC-19,89,8457.05,-13398.23,250.23,-0.000366
ASC-19,90,6886.99,-4374.65,266.54,-0.000413
ASC-19,91,7120.29,9385.43,252.04,-0.001715
ASC-19,92,-1330.66,2289.19,546.52,-0.011495
ASC-19,95,-6129.21,11734.34,250.83,-0.00113
ASC-19,96,7895.02,3956.17,260.94,0.003116
ASC-19,98,1029.43,3554.45,425.36,-0.006685
ASC-19,100,-3753.68,9771.43,253.89,0.001138
ASC-19,102,-3243.98,-10763.73,252.76,0.000676
ASC-19,105,-3009.22,9732.68,254.56,2e-06
ASC-19,106,2374.19,-774.95,633.62,-0.007513
ASC-19,107,14470.19,11051.4,250.06,0.002773
ASC-19,109,731.87,-5085.21,335.19,-0.001938
ASC-19,110,-6486.01,-10388.54,251.54,-0.001391
ASC-19,111,6271.22,3622.27,276.31,0.001401
ASC-19,112,13812.38,-8821.42,250.17,0.002457
ASC-19,114,8096.8,-8183.3,252.56,-0.000448
ASC-19,118,-635.82,3226.9,461.85,-0.005664
ASC-19,122,994.22,-1429.55,828.17,-0.016922
ASC-19,123,-7209.62,-13957.69,250.23,-0.000926
ASC-19,125,-4839.77,6657.43,263.28,-0.002338
ASC-19,126,13545.88,-13087.57,250.04,0.001494
ASC-19,128,2480.25,7811.37,264.48,0.002319
ASC-19,129,2538.72,4021.43,350.22,0.000854
ASC-19,132,-13709.88,-13672.99,250.03,-0.004404
ASC-19,133,7309.92,11767.76,250.64,-0.002142
ASC-19,134,-7069.62,8498.81,252.76,-0.000407
ASC-19,136,-9613.49,-2454.37,255.27,-0.001071
ASC-19,138,12261.14,921.63,251.64,0.000478
ASC-19,141,-103.7,6454.04,287.02,-0.001114
ASC-19,143,-2410.73,10733.4,252.92,-0.000346
ASC-19,144,-7264.79,-702.97,272.43,-0.001091
ASC-19,145,-14051.46,2516.87,250.46,-0.003289
ASC-19,147,12851.61,11639.95,250.09,-2e-05
ASC-19,148,921.41,-51.35,1161.75,-0.025573
ASC-19,150,-11580.96,-2850.97,251.73,-0.003515
ASC-19,151,11934.48,11198.04,250.16,0.002715
ASC-19,153,-13850.75,1382.25,250.56,1.4e-05
ASC-19,154,-11636.41,1497.8,251.89,-0.000784
ASC-19,155,7578.82,-335.19,272.53,0.00503
ASC-19,157,-12129.37,13486.99,250.05,0.002322
ASC-19,158,4134.58,-4762.4,295.99,0.002528
ASC-19,159,4560.34,-14863.35,250.27,-0.001366
ASC-19,160,790.13,-10171.0,255.09,-0.0035
ASC-19,163,-2096.16,5312.36,304.54,-0.002363
ASC-19,165,14913.62,-667.98,250.38,-0.000271
ASC-19,166,4097.19,12746.8,250.81,-0.001053
ASC-19,167,-11520.12,-11816.09,250.14,-5e-06
ASC-19,168,-5478.2,-2635.63,295.16,-0.007381
ASC-19,169,3892.73,9274.55,255.19,0.00093
ASC-19,170,11136.33,5399.96,251.53,-0.00184
ASC-19,171,-2363.82,1310.75,533.77,-0.019612
ASC-19,172,-4171.99,5787.64,274.42,-0.001664
ASC-19,173,3199.12,-14784.55,250.33,-0.000258
ASC-19,174,10653.43,6300.25,251.52,0.000317
ASC-19,175,-9146.6,431.98,257.94,-0.005397
ASC-19,177,3480.85,-9705.26,254.88,-0.001182
ASC-19,179,-4198.23,14193.67,250.35,0.000283
ASC-19,181,9492.16,5518.87,253.3,-0.001288
ASC-19,182,-10337.38,12580.53,250.15,0.001818
ASC-19,185,-2314.99,550.67,590.59,-0.024591
ASC-19,186,-10135.86,-7416.08,251.25,-0.00612
ASC-19,187,-4865.41,401.1,335.21,-0.003776
ASC-19,188,5417.15,6522.85,262.83,0.001309
ASC-19,192,-5316.65,-12235.37,250.85,0.00075
ASC-19,193,984.08,-14882.39,250.37,0.00101
ASC-19,194,7137.69,12896.16,250.39,-0.000718
ASC-19,197,9368.25,5005.51,254.04,-0.001575
ASC-19,198,13356.58,-6816.96,250.37,0.000192
ASC-19,200,-6894.18,4456.13,263.32,-0.000795
ASC-19,201,-11403.08,-132.19,252.28,-0.001734
ASC-19,203,9030.8,2297.35,258.47,-0.000284
ASC-19,204,-5513.11,-877.21,308.38,-0.006969
ASC-19,207,14792.44,-13171.21,250.03,0.002402
ASC-19,208,-11432.08,861.56,252.2,-0.004251
ASC-19,209,9852.33,13434.45,250.14,0.000235
ASC-19,210,-13609.47,7272.0,250.24,-0.001504
ASC-19,213,-7655.74,-11936.51,250.53,-0.002974
ASC-19,214,-7117.76,5260.82,259.33,-0.001264
ASC-19,215,-3387.87,-3678.02,334.85,-0.005861
ASC-19,216,-479.95,2592.96,554.47,-0.011484
ASC-19,219,-12347.39,9010.22,250.26,0.001062
ASC-19,220,-21.86,-14868.76,250.38,0.000631
ASC-19,223,-206.61,-9332.42,258.17,0.000271
ASC-19,224,2069.87,1425.43,610.98,-0.004775
ASC-19,226,-9585.28,-939.48,256.14,-0.002108
ASC-19,227,-8404.85,-12453.75,250.33,0.00013
ASC-19,230,49.12,-5093.19,336.36,-0.000538
ASC-19,231,6218.69,-10139.48,252.05,0.00339
ASC-19,232,-8915.22,-7493.72,252.09,0.001228
ASC-19,234,-1872.99,14742.88,250.34,-0.003071
ASC-19,235,-8925.93,9283.9,251.0,-0.000536
ASC-19,236,-8416.52,7558.67,252.38,1e-06
ASC-19,238,7158.4,-7426.89,254.97,-0.001863
ASC-19,243,6794.74,5142.87,262.79,0.002165
ASC-19,244,1830.79,-2540.96,517.36,-0.005722
ASC-19,245,10814.72,-5083.11,252.01,-0.001399
ASC-19,247,5885.98,6323.27,261.8,0.001914
ASC-19,248,-11066.16,-5259.26,251.46,-0.001001
ASC-19,249,481.59,6630.87,283.5,-0.001448
ASC-19,252,8031.95,11492.91,250.59,0.005137
ASC-19,253,-12282.12,-11217.62,250.13,-0.003847
ASC-19,254,-13528.9,-14903.42,250.02,0.002709
ASC-19,255,13134.32,6809.04,250.4,0.004652
ASC-19,256,-412.89,-9301.03,258.26,-0.000199
ASC-19,258,-10432.22,-14784.07,250.06,-0.002548
ASC-19,259,92.72,-160.93,1574.97,-0.036379
ASC-19,260,4987.03,-2598.35,317.67,-0.000356
ASC-19,262,-3281.01,-6224.36,278.07,-0.00334
ASC-19,263,-11121.62,-1377.89,252.56,-0.004237
ASC-19,264,7708.35,487.53,270.77,0.000326
ASC-19,265,-5859.53,-5412.18,266.13,-0.00239
ASC-19,266,6431.22,4663.93,267.66,0.001761
ASC-19,267,9030.99,7469.27,252.16,0.001784
ASC-19,268,13894.63,-11799.47,250.06,-0.001487
ASC-19,269,-9874.35,12384.18,250.19,0.003022
ASC-19,270,-7116.72,-4268.31,263.26,-0.003462
ASC-19,271,-3364.16,3137.63,349.2,-0.008137
ASC-19,272,9549.55,12564.92,250.22,-0.000818
ASC-19,273,-1931.03,5625.77,297.95,-0.002902
ASC-19,274,-1961.87,-2218.81,513.58,-0.017951
ASC-19,275,10162.73,7671.57,251.23,0.000668
ASC-19,276,-11413.51,-5185.77,251.25,3.7e-05
ASC-19,278,-12258.44,5225.13,250.78,-0.002595
ASC-19,279,297.06,-3312.6,481.94,-0.00845
ASC-19,281,-4225.76,-14099.1,250.4,-0.000921
ASC-19,284,-3247.31,-13936.63,250.51,-0.000115
ASC-19,285,-10854.46,-2886.84,252.55,0.000406
ASC-19,286,9536.37,9246.49,250.9,-0.00011
ASC-19,287,10976.3,11587.23,250.2,0.002941
ASC-19,290,14983.28,11546.71,250.04,0.000398
ASC-19,291,-11418.1,13130.23,250.08,-0.004685
ASC-19,294,-7231.69,4639.68,260.77,-0.002735
ASC-19,295,2732.34,-13561.28,250.68,0.000718
ASC-19,297,-14704.53,86.85,250.36,0.001258
ASC-19,298,-1034.15,3264.05,445.08,-0.003384
ASC-19,299,8252.73,-12151.15,250.43,0.000534
ASC-19,300,4062.92,4392.63,301.56,0.000626
ASC-19,301,-11106.05,7225.15,250.81,-0.000877
ASC-19,302,-8653.27,12691.9,250.25,4.7e-05
ASC-19,303,5854.39,-1532.27,303.2,0.002112
ASC-19,304,-14181.97,13977.75,250.02,-0.000102
ASC-19,305,5723.91,-8829.57,254.4,0.000845
ASC-19,306,1020.1,2106.98,628.65,-0.007344
ASC-19,308,-2391.36,-4064.31,351.37,-0.007691
ASC-19,309,-645.32,-7453.13,272.74,-0.001644
ASC-19,310,-12012.51,14662.05,250.03,-0.000179
ASC-19,311,12818.2,13478.69,250.05,0.001423
ASC-19,312,-2371.65,2175.06,463.76,-0.011626
ASC-19,315,11370.01,-9995.63,250.34,-0.001404
ASC-19,316,5895.02,-6192.08,263.25,-0.00504
ASC-19,317,-7379.37,-1672.97,269.47,-0.002156
ASC-19,318,12105.38,-3292.77,251.44,-0.000464
ASC-19,319,11342.29,-1567.78,252.64,0.002108
ASC-19,320,-1138.02,9060.97,258.3,-0.003281
ASC-19,321,-6641.66,-2217.72,276.81,-0.006086
ASC-19,322,9768.11,594.17,256.6,0.0028
ASC-19,324,13548.62,-7331.26,250.3,-0.001338
ASC-19,327,13287.03,-11763.16,250.08,-0.001361
ASC-19,328,-6489.59,2329.15,277.67,-0.001593
ASC-19,329,9377.25,5866.37,253.14,0.000335
ASC-19,330,10938.13,-11823.8,250.2,-0.000759
ASC-19,331,-9654.37,-4.74,256.03,-0.000371
ASC-19,336,-7968.52,-2385.73,262.88,-0.006243
ASC-19,337,6972.77,9904.37,251.69,-0.000189
ASC-19,338,-13819.2,10690.07,250.08,0.004668
ASC-19,339,-7077.96,-8840.25,252.55,0.00061
ASC-19,340,-7520.68,13154.94,250.29,0.000444
ASC-19,341,-13285.07,-7725.79,250.26,-0.000844
ASC-19,342,-934.65,12447.49,251.29,-0.002736
ASC-19,344,14536.01,13280.81,250.03,-0.000847
ASC-19,345,-370.82,-4983.37,340.45,-0.002065
ASC-19,347,883.39,-4775.31,349.89,-0.001035
ASC-19,348,-11304.63,5911.37,251.06,0.001412
ASC-19,349,-1452.69,7322.79,270.83,-0.001883
ASC-19,350,-14773.54,9783.79,250.07,0.001539
ASC-19,351,-6003.36,3837.58,274.33,-0.003159
ASC-19,352,4055.07,-1936.39,376.73,-0.000965
ASC-19,354,12509.72,6647.96,250.56,0.001433
ASC-19,355,4042.25,2221.64,363.53,0.001138
ASC-19,357,-2123.08,5871.19,290.65,0.00058
ASC-19,358,11877.1,-3556.57,251.57,0.002362
ASC-19,359,-7316.49,4705.99,260.15,-0.001988
ASC-19,361,-6704.72,8927.74,252.6,-0.001139
ASC-19,362,-459.28,6795.93,280.24,-0.000193
ASC-19,365,-1040.05,-14976.73,250.35,0.001154
ASC-19,367,5959.06,14456.34,250.23,-0.000254
ASC-19,368,14928.79,-14327.35,250.02,0.001054
ASC-19,370,-12648.19,-6713.81,250.47,-0.002923
ASC-19,372,-6000.49,-12597.48,250.6,0.002993
ASC-19,374,-13077.91,10585.67,250.11,0.001022
ASC-19,376,-2849.95,6272.3,278.26,-0.004628
ASC-19,377,-7637.14,11659.68,250.56,0.001426
ASC-19,378,4262.42,1980.04,358.74,0.002182
ASC-19,379,7711.12,-8431.64,252.68,-0.000606
ASC-19,383,-9268.15,-2582.56,256.24,-0.002314
ASC-19,384,-8322.34,9500.29,251.15,-0.000232
ASC-19,386,682.86,-13434.14,250.83,0.000408
ASC-19,387,-5510.48,-4662.21,274.49,-0.001148
ASC-19,391,-12304.71,5200.82,250.76,-0.003255
ASC-19,392,13348.07,-13438.15,250.04,0.002006
ASC-19,394,-9687.26,8568.36,250.97,0.00015
ASC-19,395,-7653.88,-14219.95,250.18,-0.000981
ASC-19,397,-6526.48,-2455.44,277.31,-0.003578
ASC-19,398,-920.53,7323.16,271.95,0.001161
ASC-19,399,-11829.11,-14192.24,250.05,-0.002842
ASC-19,400,13999.04,-4659.07,250.42,0.000648
ASC-19,402,1135.44,379.58,1015.21,-0.021292
ASC-19,410,-10836.88,-10865.94,250.27,-0.001134
ASC-19,412,6870.49,2052.75,277.86,0.000455
ASC-19,413,4825.8,-14047.04,250.39,-0.002326
ASC-19,414,-12053.37,5687.81,250.78,-0.000866
ASC-19,417,12208.76,9788.74,250.24,0.000667
ASC-19,418,-2411.83,-6701.8,277.11,-0.001916
ASC-19,419,12213.29,-14735.74,250.04,0.000707
ASC-19,420,10291.42,1159.96,254.8,0.003136
ASC-19,421,-13884.89,1786.2,250.54,-0.001374
ASC-19,422,11617.32,-5281.38,251.28,0.003451
ASC-19,423,5421.06,-3261.48,295.78,-0.002675
ASC-19,424,2436.86,-14223.95,250.49,-0.000993
ASC-19,426,3957.1,-12112.31,251.26,-0.000194
ASC-19,427,4275.77,-1469.01,374.68,0.001221
ASC-19,429,-3211.36,3474.93,342.41,-0.007017
ASC-19,432,-3976.73,196.96,390.67,-0.010287
ASC-19,433,-5162.98,-7517.3,258.73,-0.002252
ASC-19,434,5170.85,4621.76,280.65,-0.001017
ASC-19,435,-13797.65,-6284.98,250.29,-0.003016
ASC-19,437,14248.91,2226.83,250.5,0.000387
ASC-19,438,11124.3,-64.33,253.15,0.002721
ASC-19,439,9003.02,-715.43,260.11,8.2e-05
ASC-19,440,-511.93,2104.14,643.99,-0.0134
ASC-19,443,-14034.75,-9308.78,250.12,-0.001142
ASC-19,444,8848.2,8164.07,251.8,0.001309
ASC-19,445,-7369.08,-3548.55,264.07,-0.004139
ASC-19,446,7491.68,-7902.6,253.61,0.000592
ASC-19,448,-7653.17,4081.53,260.29,-0.004152
ASC-19,449,-2138.05,-4122.89,356.0,-0.00705
ASC-19,451,-8794.1,-9033.13,251.24,-0.001282
ASC-19,452,8296.06,-13801.32,250.2,-0.000109
ASC-19,453,-12874.82,-8588.94,250.25,-0.002034
ASC-19,454,3343.37,7647.28,263.45,3.4e-05
ASC-19,455,1881.29,-11455.43,252.34,-0.000465
ASC-19,456,658.74,4443.6,361.64,-0.002258
ASC-19,457,-9555.05,1959.66,255.67,-0.004115
ASC-19,458,4485.34,2420.93,336.81,0.003373
ASC-19,459,6534.64,-5172.61,264.99,0.002892
ASC-19,460,-679.82,-142.02,1131.77,-0.035366
ASC-19,462,-531.0,368.04,1140.12,-0.033319
ASC-19,463,-46.64,161.48,1427.58,-0.036978
ASC-19,464,-145.58,-911.49,1107.46,-0.032167
ASC-19,465,101.79,-405.61,1416.03,-0.035327
ASC-19,467,253.69,-695.66,1239.67,-0.031357
ASC-19,469,1048.6,-404.67,1073.38,-0.020321
ASC-19,474,260.42,-38.29,1561.14,-0.036325
ASC-19,475,-958.05,-346.16,993.32,-0.031995
ASC-19,476,-238.34,-1002.7,1052.77,-0.031559
ASC-19,477,-719.19,341.79,1068.52,-0.034094
ASC-19,479,403.69,-462.88,1334.7,-0.033279
ASC-19,480,-797.71,-430.55,1048.6,-0.034059
ASC-19,481,-680.64,-41.03,1132.06,-0.036727
ASC-19,482,-483.56,-1025.64,993.87,-0.03053
ASC-19,483,-17.71,-1075.0,1049.23,-0.028957
ASC-19,484,737.08,-859.55,1064.09,-0.024263
ASC-19,486,-618.55,870.72,959.85,-0.029516
ASC-19,487,-748.05,-450.39,1066.11,-0.034693
ASC-19,489,-124.15,-382.91,1365.72,-0.036197
ASC-19,490,1395.73,-306.93,942.82,-0.016266
ASC-19,495,-331.31,-1083.36,1004.45,-0.029058
ASC-19,497,-818.98,-648.2,1000.08,-0.032303
ASC-19,498,1144.64,145.75,1044.4,-0.020521
ASC-19,499,722.19,59.06,1259.38,-0.026245
ASC-19,500,-761.09,-431.03,1063.87,-0.034027
ASC-19,503,-559.72,-408.3,1156.69,-0.03363
ASC-19,505,142.66,-707.4,1237.96,-0.033252
ASC-19,506,-605.78,37.47,1165.35,-0.03638
ASC-19,509,778.84,-1175.37,944.04,-0.022287
ASC-19,510,-362.75,-298.02,1277.3,-0.036437
ASC-19,511,658.37,-379.84,1258.62,-0.029856
ASC-19,512,-515.5,-387.66,1181.6,-0.032672
ASC-19,513,-431.09,975.38,966.88,-0.026308
ASC-19,515,276.37,-860.6,1152.27,-0.031517
ASC-19,516,599.76,-859.95,1098.98,-0.027194
ASC-19,517,-914.76,-573.02,979.5,-0.03516
ASC-19,522,79.47,-1294.47,962.22,-0.027347
ASC-19,523,55.15,630.78,1189.97,-0.028646
ASC-19,525,-19.02,-24.35,1518.22,-0.037681
ASC-19,529,-137.77,802.38,1085.98,-0.030955
ASC-19,530,-554.55,763.0,1010.41,-0.03054
ASC-19,532,234.57,115.36,1493.84,-0.034285
ASC-19,533,925.95,658.11,1022.21,-0.02021
ASC-19,534,-239.33,385.59,1249.3,-0.033726
ASC-19,535,420.38,187.32,1383.42,-0.029862
ASC-19,536,499.08,1114.2,951.36,-0.018924
ASC-19,537,706.8,-370.01,1237.77,-0.02851
ASC-19,540,681.86,-1052.34,1006.35,-0.024422
ASC-19,542,-284.98,552.25,1164.04,-0.032257
ASC-19,543,-711.2,133.34,1105.19,-0.036473
ASC-19,545,-208.22,-553.17,1256.79,-0.036376
ASC-19,546,207.02,-316.01,1473.34,-0.036716
ASC-19,548,-459.05,998.4,953.57,-0.02618
ASC-19,549,-631.25,-277.08,1144.8,-0.032579
ASC-19,550,76.78,489.47,1267.65,-0.03095
ASC-19,551,149.01,-691.91,1246.53,-0.032573
ASC-19,552,-389.64,-834.53,1086.2,-0.033768
ASC-19,554,-599.63,-961.35,986.15,-0.032554
ASC-19,556,468.71,-813.02,1148.0,-0.029598
ASC-19,558,-913.03,-189.32,1023.2,-0.034479
ASC-19,559,-890.18,620.67,947.48,-0.033012
ASC-19,560,1045.07,481.58,1028.37,-0.022916
ASC-19,561,-1132.0,-193.27,934.87,-0.033781
ASC-19,562,1013.36,-0.55,1114.85,-0.024084
ASC-19,566,1239.02,114.01,1007.25,-0.018509
ASC-19,567,749.59,890.34,992.88,-0.018601
ASC-19,569,-146.19,-783.23,1166.27,-0.033632
ASC-19,571,856.56,-561.28,1120.68,-0.024027
ASC-19,573,-860.2,660.03,948.22,-0.031861
ASC-19,574,1198.0,-573.96,985.52,-0.016862
ASC-19,575,-983.67,426.46,952.34,-0.032572
ASC-19,576,269.01,365.44,1333.64,-0.029497
ASC-19,578,645.16,1020.32,966.15,-0.019359
ASC-19,579,-453.85,-261.22,1236.31,-0.03511
ASC-19,580,-439.94,397.78,1168.26,-0.034074
ASC-19,581,542.59,41.96,1364.14,-0.029491
ASC-19,582,11.97,14.51,1525.75,-0.038091
ASC-19,583,1137.59,153.46,1046.67,-0.020627
ASC-19,584,-30.0,-855.99,1149.35,-0.031912
ASC-19,585,-264.18,-720.55,1166.4,-0.035109
ASC-19,587,1085.12,-750.96,988.65,-0.020127
ASC-19,588,-8.61,-444.77,1372.43,-0.035712
ASC-19,590,410.23,174.54,1393.67,-0.029821
ASC-19,591,248.27,-384.24,1422.16,-0.0348
ASC-19,593,961.19,-525.31,1087.25,-0.020414
ASC-19,597,260.17,-1030.84,1072.58,-0.0275
ASC-19,598,-121.78,1013.62,998.58,-0.025821
ASC-19,599,-76.69,-517.39,1314.79,-0.035238
ASC-19,600,1349.75,78.37,964.74,-0.01621
ASC-19,601,539.63,1014.75,984.11,-0.019551
ASC-19,602,-339.94,-1281.89,930.73,-0.029566
ASC-19,603,21.1,840.94,1085.14,-0.026724
ASC-19,604,935.56,462.84,1073.65,-0.024481
ASC-19,605,3.12,-1.54,1526.29,-0.037333
ASC-19,606,-141.11,-1282.0,954.26,-0.029288
ASC-19,607,-989.63,119.39,986.19,-0.034531
ASC-19,610,749.58,40.71,1246.69,-0.02678
ASC-19,611,-831.56,-707.26,982.95,-0.031135
ASC-19,612,-905.28,192.37,1014.14,-0.034276
ASC-19,613,-366.4,-368.07,1257.99,-0.036393
ASC-19,616,1113.51,449.27,1010.14,-0.020111
ASC-19,617,-40.42,-546.07,1308.41,-0.035713
ASC-19,618,177.42,1110.96,972.28,-0.022427
ASC-19,619,-623.86,122.23,1147.73,-0.036628
ASC-19,620,868.82,876.63,970.14,-0.018576
ASC-19,621,840.42,1016.07,931.68,-0.017238
ASC-19,623,-126.83,931.96,1031.62,-0.028085
ASC-19,624,140.74,106.75,1511.87,-0.035849
ASC-19,625,814.18,-374.0,1185.15,-0.025154
ASC-19,626,-796.13,-965.98,931.38,-0.033427
ASC-19,629,988.48,207.86,1105.53,-0.023082
ASC-19,630,208.83,688.58,1162.32,-0.027393
ASC-19,631,150.53,-538.27,1335.33,-0.033294
ASC-19,632,288.67,-1110.03,1035.9,-0.027483
ASC-19,634,-321.02,685.23,1099.81,-0.031917
ASC-19,635,605.38,-851.15,1101.24,-0.02727
ASC-19,636,-368.14,-1086.89,996.3,-0.030219
ASC-19,637,-202.23,-5.91,1396.26,-0.039137
ASC-19,638,-771.35,-574.85,1033.06,-0.033619
ASC-19,639,1134.14,-848.22,949.68,-0.018521
ASC-19,640,-236.57,186.38,1328.6,-0.036311
ASC-19,641,768.01,-1211.17,934.11,-0.021499
ASC-19,642,1038.81,-840.24,981.03,-0.020681
ASC-19,644,-227.19,131.58,1350.98,-0.03721
ASC-19,645,281.19,-1002.06,1084.49,-0.027845
ASC-19,646,-507.1,842.92,996.07,-0.029449
ASC-19,647,983.63,714.35,988.42,-0.018786
ASC-19,649,1085.35,-963.67,934.96,-0.019912
ASC-19,650,20.08,351.44,1339.97,-0.034063
ASC-19,651,-0.49,-1162.92,1012.67,-0.028413
ASC-19,652,1101.41,-891.53,948.9,-0.019019
ASC-19,653,-1031.74,-179.26,974.44,-0.03528
ASC-19,654,463.19,-1271.26,956.22,-0.023321
ASC-19,655,-726.68,-107.18,1110.02,-0.036539
ASC-19,658,-683.48,499.06,1046.64,-0.032754
ASC-19,660,-80.52,-332.38,1407.86,-0.037713
ASC-19,662,279.71,-1368.87,931.69,-0.026465
ASC-19,663,-565.8,707.84,1025.0,-0.030397
ASC-19,664,-999.03,-610.35,943.09,-0.033698
ASC-19,665,112.53,-1245.38,982.5,-0.028006
ASC-19,666,588.63,-1050.73,1024.67,-0.026452
ASC-19,667,-280.56,-758.19,1146.0,-0.034505
ASC-19,669,-516.36,-17.47,1215.26,-0.037757
ASC-19,672,777.2,601.65,1086.83,-0.022551
ASC-19,675,739.2,459.0,1148.38,-0.024273
ASC-19,676,25.51,-726.5,1221.13,-0.036065
ASC-19,679,401.07,596.75,1187.5,-0.026734
ASC-20,3,-7156.61,-1976.66,271.13,-0.003077
ASC-20,5,13393.97,479.81,250.89,0.004641
ASC-20,7,-14921.08,10406.94,250.05,0.000298
ASC-20,8,12312.22,-4746.38,251.01,0.001596
ASC-20,12,-12527.76,-11620.94,250.1,-0.001305
ASC-20,14,9531.11,-5419.3,253.48,-0.000622
ASC-20,17,-11488.8,-6662.16,250.83,-0.002543
ASC-20,19,-63.98,-8337.73,264.23,-0.002561
ASC-20,20,-7551.62,944.11,268.69,-0.003884
ASC-20,22,14376.85,-3157.37,250.43,-0.00093
ASC-20,26,-14096.18,1679.53,250.48,0.001569
ASC-20,30,-8306.96,9956.15,250.95,-0.002819
ASC-20,31,1506.85,1762.7,642.65,-0.007024
ASC-20,32,6669.82,3541.11,272.22,-0.001553
ASC-20,35,-13453.84,-7342.99,250.27,2.9e-05
ASC-20,37,-5378.95,-5544.5,268.64,-0.004426
ASC-20,39,13754.05,-1156.46,250.71,0.003224
ASC-20,40,4790.14,10839.95,251.92,-0.000462
ASC-20,42,6979.54,1892.82,276.97,0.003673
ASC-20,43,-663.3,12039.64,251.64,-0.001531
ASC-20,44,-11258.36,-10466.19,250.27,-0.003058
ASC-20,45,3137.4,-9470.63,255.87,-0.000146
ASC-20,47,7324.4,-4333.02,263.61,-0.000943
ASC-20,49,12854.75,2199.83,251.08,0.000599
ASC-20,51,11246.09,-12303.04,250.15,0.002404
ASC-20,53,-6966.9,7696.68,254.01,0.001363
ASC-20,55,4629.31,-4351.04,294.96,-0.000633
ASC-20,56,-10182.2,1320.54,254.27,-0.003443
ASC-20,57,1783.94,4163.38,361.95,-0.000639
ASC-20,58,-1831.55,11276.78,252.32,0.001107
ASC-20,60,-2435.11,-4966.51,314.91,-0.007723
ASC-20,61,-3003.03,-8511.82,259.42,-0.001224
ASC-20,62,13901.68,-6713.5,250.29,0.003802
ASC-20,63,-13364.56,-7134.47,250.29,-0.000115
ASC-20,64,12856.38,8236.74,250.3,7.2e-05
ASC-20,65,12249.58,3661.0,251.23,-0.000502
ASC-20,69,-10154.35,-210.93,254.57,-0.0002
ASC-20,71,4992.69,-12862.81,250.7,0.000332
ASC-20,75,-13882.88,1024.1,250.56,-0.003351
ASC-20,77,9798.67,-10617.29,250.5,-4.1e-05
ASC-20,78,9904.85,-8999.62,250.91,-0.000444
ASC-20,83,14636.83,10649.19,250.06,-0.000133
ASC-20,85,209.37,-13049.28,251.04,-0.001517
ASC-20,86,224.43,3858.54,406.92,-0.004875
ASC-20,88,-3745.71,-6140.44,275.58,-0.002987
ASC-20,89,8457.05,-13398.23,250.23,-0.002732
ASC-20,90,6886.99,-4374.65,266.54,0.003731
ASC-20,91,7120.29,9385.43,252.04,-0.002357
ASC-20,92,-1330.66,2289.19,546.52,-0.013633
ASC-20,93,5560.01,-14106.1,250.33,0.003938
ASC-20,94,10119.03,-12763.51,250.18,0.000578
ASC-20,98,1029.43,3554.45,425.36,-0.001209
ASC-20,101,7567.57,4420.95,261.29,0.002126
ASC-20,102,-3243.98,-10763.73,252.76,-0.00102
ASC-20,105,-3009.22,9732.68,254.56,-0.000728
ASC-20,106,2374.19,-774.95,633.62,-0.003878
ASC-20,107,14470.19,11051.4,250.06,-0.000749
ASC-20,108,4428.82,9077.38,255.1,-0.001348
ASC-20,109,731.87,-5085.21,335.19,-0.001809
ASC-20,111,6271.22,3622.27,276.31,-8.8e-05
ASC-20,114,8096.8,-8183.3,252.56,-0.000962
ASC-20,117,-4271.59,6022.21,271.28,-0.003998
ASC-20,120,-1009.74,4589.48,346.67,-0.005757
ASC-20,122,994.22,-1429.55,828.17,-0.015337
ASC-20,123,-7209.62,-13957.69,250.23,-0.00206
ASC-20,124,4077.08,8813.77,256.32,0.003664
ASC-20,125,-4839.77,6657.43,263.28,0.000753
ASC-20,129,2538.72,4021.43,350.22,-0.000604
ASC-20,130,-2585.13,-10677.63,253.2,-0.001835
ASC-20,131,14338.69,-4761.5,250.35,0.001415
ASC-20,132,-13709.88,-13672.99,250.03,0.002367
ASC-20,133,7309.92,11767.76,250.64,0.000863
ASC-20,135,-13174.93,-7545.79,250.29,0.000609
ASC-20,136,-9613.49,-2454.37,255.27,-0.001617
ASC-20,137,7527.16,7334.82,254.19,-0.000861
ASC-20,138,12261.14,921.63,251.64,0.002568
ASC-20,139,8261.78,-12011.92,250.46,0.000743
ASC-20,140,-6456.01,8454.98,253.48,0.0038
ASC-20,143,-2410.73,10733.4,252.92,-0.002254
ASC-20,145,-14051.46,2516.87,250.46,-0.001272
ASC-20,148,921.41,-51.35,1161.75,-0.020645
ASC-20,149,-6784.4,-7450.06,255.06,-0.003243
ASC-20,150,-11580.96,-2850.97,251.73,-0.003109
ASC-20,152,-12255.03,3951.72,251.0,-0.004995
ASC-20,155,7578.82,-335.19,272.53,-0.000114
ASC-20,157,-12129.37,13486.99,250.05,-0.000349
ASC-20,158,4134.58,-4762.4,295.99,-0.000335
ASC-20,159,4560.34,-14863.35,250.27,0.001531
ASC-20,160,790.13,-10171.0,255.09,-0.001939
ASC-20,161,-14884.34,-7407.8,250.13,3.2e-05
ASC-20,165,14913.62,-667.98,250.38,-0.002447
ASC-20,166,4097.19,12746.8,250.81,0.002697
ASC-20,169,3892.73,9274.55,255.19,-0.001342
ASC-20,170,11136.33,5399.96,251.53,-0.000896
ASC-20,171,-2363.82,1310.75,533.77,-0.020799
ASC-20,173,3199.12,-14784.55,250.33,-0.003079
ASC-20,174,10653.43,6300.25,251.52,0.002066
ASC-20,176,2860.42,10452.43,253.33,0.001626
ASC-20,177,3480.85,-9705.26,254.88,-0.000844
ASC-20,181,9492.16,5518.87,253.3,-0.001026
ASC-20,182,-10337.38,12580.53,250.15,-0.000357
ASC-20,183,-14975.49,1212.18,250.3,0.002154
ASC-20,184,-7256.47,395.79,272.67,-0.003869
ASC-20,187,-4865.41,401.1,335.21,-0.007672
ASC-20,188,5417.15,6522.85,262.83,0.002629
ASC-20,189,7179.37,-76.65,278.19,-0.000232
ASC-20,192,-5316.65,-12235.37,250.85,-0.000231
ASC-20,193,984.08,-14882.39,250.37,-0.000429
ASC-20,194,7137.69,12896.16,250.39,0.002288
ASC-20,195,3368.44,-3666.54,346.26,-0.001907
ASC-20,196,2395.81,6712.63,276.3,0.005543
ASC-20,198,13356.58,-6816.96,250.37,0.004132
ASC-20,199,11929.1,-5830.19,250.96,-0.000175
ASC-20,200,-6894.18,4456.13,263.32,-0.001327
ASC-20,201,-11403.08,-132.19,252.28,-0.001331
ASC-20,204,-5513.11,-877.21,308.38,-0.006206
ASC-20,205,7304.54,3947.51,264.63,-0.001593
ASC-20,211,4186.22,-6994.42,266.38,0.000577
ASC-20,212,1138.84,199.18,1041.08,-0.018165
ASC-20,213,-7655.74,-11936.51,250.53,0.002139
ASC-20,215,-3387.87,-3678.02,334.85,-0.008598
ASC-20,217,-10267.86,14161.93,250.08,-0.002701
ASC-20,218,-1782.47,3272.88,413.09,-0.004382
ASC-20,219,-12347.39,9010.22,250.26,-0.000297
ASC-20,220,-21.86,-14868.76,250.38,0.000798
ASC-20,221,1193.59,-5471.3,316.25,-0.00405
ASC-20,222,-3373.84,2431.27,376.5,-0.007215
ASC-20,223,-206.61,-9332.42,258.17,-0.00126
ASC-20,224,2069.87,1425.43,610.98,-0.003966
ASC-20,230,49.12,-5093.19,336.36,-0.00331
ASC-20,232,-8915.22,-7493.72,252.09,-0.002064
ASC-20,233,606.27,-10596.49,254.04,-0.002142
ASC-20,234,-1872.99,14742.88,250.34,0.000287
ASC-20,236,-8416.52,7558.67,252.38,-0.003016
ASC-20,238,7158.4,-7426.89,254.97,-7e-05
ASC-20,240,11019.95,11822.96,250.18,0.002265
ASC-20,242,565.35,2776.7,531.6,-0.008285
ASC-20,243,6794.74,5142.87,262.79,-0.00124
ASC-20,247,5885.98,6323.27,261.8,-0.001445
ASC-20,250,-3225.09,-14293.06,250.42,-0.00176
ASC-20,254,-13528.9,-14903.42,250.02,-0.000168
ASC-20,255,13134.32,6809.04,250.4,-0.001391
ASC-20,260,4987.03,-2598.35,317.67,0.002409
ASC-20,262,-3281.01,-6224.36,278.07,-0.004805
ASC-20,265,-5859.53,-5412.18,266.13,-0.004866
ASC-20,266,6431.22,4663.93,267.66,-0.000225
ASC-20,269,-9874.35,12384.18,250.19,0.000424
ASC-20,271,-3364.16,3137.63,349.2,-0.006626
ASC-20,272,9549.55,12564.92,250.22,0.002514
ASC-20,273,-1931.03,5625.77,297.95,-0.002023
ASC-20,275,10162.73,7671.57,251.23,0.000724
ASC-20,277,-11736.21,-14148.91,250.05,0.000497
ASC-20,280,-8680.83,10504.72,250.66,0.002517
ASC-20,281,-4225.76,-14099.1,250.4,-0.000779
ASC-20,284,-3247.31,-13936.63,250.51,-5.3e-05
ASC-20,285,-10854.46,-2886.84,252.55,-0.003458
ASC-20,286,9536.37,9246.49,250.9,0.00147
ASC-20,288,1940.61,4081.41,363.0,-0.001102
ASC-20,292,11445.91,413.76,252.62,0.003307
ASC-20,293,3820.02,-14000.5,250.47,-0.002637
ASC-20,294,-7231.69,4639.68,260.77,-0.000297
ASC-20,295,2732.34,-13561.28,250.68,-0.000292
ASC-20,296,1578.52,-13035.75,251.0,-0.001486
ASC-20,297,-14704.53,86.85,250.36,0.001495
ASC-20,299,8252.73,-12151.15,250.43,0.000991
ASC-20,300,4062.92,4392.63,301.56,0.001973
ASC-20,304,-14181.97,13977.75,250.02,0.000621
ASC-20,305,5723.91,-8829.57,254.4,-0.003737
ASC-20,307,-3465.21,-7940.07,261.45,-0.002559
ASC-20,310,-12012.51,14662.05,250.03,0.001242
ASC-20,312,-2371.65,2175.06,463.76,-0.01195
ASC-20,313,4893.33,-12707.01,250.78,-0.000981
ASC-20,314,-11878.35,-8502.11,250.4,-0.000615
ASC-20,315,11370.01,-9995.63,250.34,6.2e-05
ASC-20,316,5895.02,-6192.08,263.25,0.000178
ASC-20,318,12105.38,-3292.77,251.44,0.000318
ASC-20,322,9768.11,594.17,256.6,0.004129
ASC-20,325,13888.16,2750.5,250.58,-0.00017
ASC-20,327,13287.03,-11763.16,250.08,9e-05
ASC-20,329,9377.25,5866.37,253.14,0.003455
ASC-20,330,10938.13,-11823.8,250.2,0.001637
ASC-20,332,-4737.99,-11455.41,251.44,-0.003403
ASC-20,333,13705.34,-4793.79,250.48,0.001359
ASC-20,334,8527.47,4675.41,256.64,0.001589
ASC-20,335,6065.05,4970.94,268.6,-0.000797
ASC-20,336,-7968.52,-2385.73,262.88,-0.002427
ASC-20,338,-13819.2,10690.07,250.08,-0.001248
ASC-20,339,-7077.96,-8840.25,252.55,0.002431
ASC-20,341,-13285.07,-7725.79,250.26,0.000842
ASC-20,342,-934.65,12447.49,251.29,0.000244
ASC-20,343,-14000.18,2998.48,250.45,-0.004266
ASC-20,344,14536.01,13280.81,250.03,0.003848
ASC-20,345,-370.82,-4983.37,340.45,-0.004764
ASC-20,346,8183.74,10214.08,250.99,0.001465
ASC-20,347,883.39,-4775.31,349.89,-0.005788
ASC-20,350,-14773.54,9783.79,250.07,-0.000958
ASC-20,351,-6003.36,3837.58,274.33,-0.003339
ASC-20,352,4055.07,-1936.39,376.73,0.000165
ASC-20,353,-9594.2,-14987.05,250.07,-0.000114
ASC-20,355,4042.25,2221.64,363.53,0.001601
ASC-20,356,-14236.52,-11681.22,250.05,-0.000669
ASC-20,358,11877.1,-3556.57,251.57,0.000375
ASC-20,360,-11413.68,-1442.64,252.17,-0.000112
ASC-20,366,-466.68,3376.32,449.08,-0.006768
ASC-20,367,5959.06,14456.34,250.23,0.000706
ASC-20,368,14928.79,-14327.35,250.02,-0.00268
ASC-20,370,-12648.19,-6713.81,250.47,0.000512
ASC-20,372,-6000.49,-12597.48,250.6,-0.002803
ASC-20,375,4523.06,7433.7,261.18,-0.001649
ASC-20,376,-2849.95,6272.3,278.26,0.002969
ASC-20,377,-7637.14,11659.68,250.56,-0.001525
ASC-20,378,4262.42,1980.04,358.74,0.000454
ASC-20,379,7711.12,-8431.64,252.68,-2.8e-05
ASC-20,380,8117.15,830.32,266.27,0.001243
ASC-20,382,-9231.18,-5649.64,253.26,-0.001086
ASC-20,383,-9268.15,-2582.56,256.24,-0.002729
ASC-20,385,-8533.32,-13293.81,250.21,-2.6e-05
ASC-20,386,682.86,-13434.14,250.83,0.000414
ASC-20,389,14147.14,-11523.22,250.06,-0.001918
ASC-20,391,-12304.71,5200.82,250.76,-0.000545
ASC-20,396,-13327.97,-1011.12,250.77,-0.000791
ASC-20,398,-920.53,7323.16,271.95,-0.001207
ASC-20,399,-11829.11,-14192.24,250.05,0.002296
ASC-20,401,-2197.97,-13510.28,250.72,-0.00073
ASC-20,402,1135.44,379.58,1015.21,-0.017989
ASC-20,405,10683.85,-5230.49,252.08,-0.003965
ASC-20,407,-14969.41,-6101.23,250.17,-0.00073
ASC-20,409,-4947.36,-8794.5,255.13,-0.002629
ASC-20,411,-1085.14,8219.46,263.23,-0.000953
ASC-20,413,4825.8,-14047.04,250.39,-0.000182
ASC-20,414,-12053.37,5687.81,250.78,-0.000471
ASC-20,416,-557.31,8784.42,260.01,0.000143
ASC-20,418,-2411.83,-6701.8,277.11,-0.005998
ASC-20,421,-13884.89,1786.2,250.54,0.002462
ASC-20,422,11617.32,-5281.38,251.28,0.001658
ASC-20,423,5421.06,-3261.48,295.78,0.002434
ASC-20,424,2436.86,-14223.95,250.49,0.000802
ASC-20,426,3957.1,-12112.31,251.26,0.001821
ASC-20,427,4275.77,-1469.01,374.68,-0.001118
ASC-20,430,-13117.79,-8270.01,250.24,-0.002541
ASC-20,433,-5162.98,-7517.3,258.73,-0.001079
ASC-20,435,-13797.65,-6284.98,250.29,0.001381
ASC-20,436,-14063.36,11882.81,250.05,-0.001359
ASC-20,437,14248.91,2226.83,250.5,0.002044
ASC-20,439,9003.02,-715.43,260.11,-0.000731
ASC-20,441,-3341.57,1334.94,422.65,-0.010369
ASC-20,442,-9480.14,737.84,256.52,-0.002634
ASC-20,443,-14034.75,-9308.78,250.12,0.000962
ASC-20,444,8848.2,8164.07,251.8,0.000155
ASC-20,446,7491.68,-7902.6,253.61,0.00116
ASC-20,447,-13220.53,3274.3,250.66,-0.005111
ASC-20,448,-7653.17,4081.53,260.29,0.000612
ASC-20,449,-2138.05,-4122.89,356.0,-0.012923
ASC-20,451,-8794.1,-9033.13,251.24,-0.002213
ASC-20,453,-12874.82,-8588.94,250.25,-0.004215
ASC-20,455,1881.29,-11455.43,252.34,-0.001687
ASC-20,458,4485.34,2420.93,336.81,0.000812
ASC-20,459,6534.64,-5172.61,264.99,0.00114
ASC-20,460,-679.82,-142.02,1131.77,-0.038809
ASC-20,461,268.39,-1253.08,977.2,-0.025001
ASC-20,462,-531.0,368.04,1140.12,-0.034132
ASC-20,463,-46.64,161.48,1427.58,-0.034687
ASC-20,465,101.79,-405.61,1416.03,-0.037467
ASC-20,467,253.69,-695.66,1239.67,-0.030925
ASC-20,469,1048.6,-404.67,1073.38,-0.017538
ASC-20,470,-372.12,-723.9,1133.31,-0.036393
ASC-20,471,134.28,185.46,1457.72,-0.031213
ASC-20,472,191.49,377.6,1334.59,-0.031958
ASC-20,473,-86.68,-1045.57,1055.87,-0.030834
ASC-20,476,-238.34,-1002.7,1052.77,-0.034237
ASC-20,483,-17.71,-1075.0,1049.23,-0.029649
ASC-20,488,111.67,-685.96,1249.16,-0.033074
ASC-20,490,1395.73,-306.93,942.82,-0.015647
ASC-20,491,-1079.42,-244.59,952.84,-0.03623
ASC-20,494,1424.76,-123.2,939.26,-0.015004
ASC-20,496,-508.89,-396.89,1182.66,-0.036343
ASC-20,497,-818.98,-648.2,1000.08,-0.033985
ASC-20,498,1144.64,145.75,1044.4,-0.017373
ASC-20,500,-761.09,-431.03,1063.87,-0.036155
ASC-20,501,281.64,1185.43,940.5,-0.022587
ASC-20,503,-559.72,-408.3,1156.69,-0.035704
ASC-20,504,576.83,-1254.45,949.24,-0.021617
ASC-20,505,142.66,-707.4,1237.96,-0.032073
ASC-20,506,-605.78,37.47,1165.35,-0.039915
ASC-20,509,778.84,-1175.37,944.04,-0.021213
ASC-20,510,-362.75,-298.02,1277.3,-0.037414
ASC-20,512,-515.5,-387.66,1181.6,-0.036189
ASC-20,515,276.37,-860.6,1152.27,-0.027723
ASC-20,517,-914.76,-573.02,979.5,-0.034512
ASC-20,518,661.14,-665.61,1159.04,-0.025899
ASC-20,519,587.98,934.4,1007.78,-0.022153
ASC-20,521,256.06,14.28,1543.87,-0.034305
ASC-20,522,79.47,-1294.47,962.22,-0.028153
ASC-20,523,55.15,630.78,1189.97,-0.031111
ASC-20,524,-701.97,286.81,1086.23,-0.036343
ASC-20,525,-19.02,-24.35,1518.22,-0.036043
ASC-20,527,-201.06,51.16,1386.86,-0.038319
ASC-20,529,-137.77,802.38,1085.98,-0.029752
ASC-20,532,234.57,115.36,1493.84,-0.031689
ASC-20,534,-239.33,385.59,1249.3,-0.035849
ASC-20,537,706.8,-370.01,1237.77,-0.025888
ASC-20,539,-36.87,-672.08,1241.58,-0.034797
ASC-20,541,770.96,894.49,986.77,-0.019986
ASC-20,542,-284.98,552.25,1164.04,-0.033076
ASC-20,544,1085.03,-871.45,958.86,-0.018678
ASC-20,545,-208.22,-553.17,1256.79,-0.038939
ASC-20,546,207.02,-316.01,1473.34,-0.034742
ASC-20,547,-937.14,-453.76,989.2,-0.036112
ASC-20,548,-459.05,998.4,953.57,-0.026812
ASC-20,549,-631.25,-277.08,1144.8,-0.038198
ASC-20,552,-389.64,-834.53,1086.2,-0.036244
ASC-20,555,567.06,1006.62,983.34,-0.021997
ASC-20,557,512.59,528.16,1194.7,-0.027374
ASC-20,560,1045.07,481.58,1028.37,-0.018783
ASC-20,562,1013.36,-0.55,1114.85,-0.018875
ASC-20,563,886.53,49.49,1174.05,-0.021025
ASC-20,564,94.65,228.71,1426.13,-0.031786
ASC-20,565,675.04,-473.24,1222.43,-0.025964
ASC-20,567,749.59,890.34,992.88,-0.019981
ASC-20,569,-146.19,-783.23,1166.27,-0.034205
ASC-20,571,856.56,-561.28,1120.68,-0.021886
ASC-20,572,-646.83,58.85,1143.25,-0.037612
ASC-20,573,-860.2,660.03,948.22,-0.032736
ASC-20,575,-983.67,426.46,952.34,-0.033752
ASC-20,576,269.01,365.44,1333.64,-0.031673
ASC-20,578,645.16,1020.32,966.15,-0.022151
ASC-20,581,542.59,41.96,1364.14,-0.026767
ASC-20,582,11.97,14.51,1525.75,-0.035226
ASC-20,583,1137.59,153.46,1046.67,-0.017207
ASC-20,584,-30.0,-855.99,1149.35,-0.030652
ASC-20,586,126.59,-902.5,1136.34,-0.028699
ASC-20,588,-8.61,-444.77,1372.43,-0.039226
ASC-20,589,351.15,27.86,1483.27,-0.031773
ASC-20,590,410.23,174.54,1393.67,-0.028554
ASC-20,591,248.27,-384.24,1422.16,-0.033435
ASC-20,592,-813.75,359.03,1027.34,-0.035033
ASC-20,594,502.94,67.21,1382.04,-0.027124
ASC-20,595,656.34,-665.5,1160.68,-0.026173
ASC-20,596,488.74,17.07,1401.09,-0.026689
ASC-20,598,-121.78,1013.62,998.58,-0.027563
ASC-20,599,-76.69,-517.39,1314.79,-0.03822
ASC-20,603,21.1,840.94,1085.14,-0.028062
ASC-20,606,-141.11,-1282.0,954.26,-0.030265
ASC-20,607,-989.63,119.39,986.19,-0.035538
ASC-20,610,749.58,40.71,1246.69,-0.024923
ASC-20,611,-831.56,-707.26,982.95,-0.035073
ASC-20,613,-366.4,-368.07,1257.99,-0.037307
ASC-20,615,-805.94,31.66,1070.19,-0.036513
ASC-20,617,-40.42,-546.07,1308.41,-0.036815
ASC-20,623,-126.83,931.96,1031.62,-0.029413
ASC-20,624,140.74,106.75,1511.87,-0.032933
ASC-20,627,759.0,783.65,1028.31,-0.02229
ASC-20,628,1226.86,182.92,1006.27,-0.016563
ASC-20,631,150.53,-538.27,1335.33,-0.034068
ASC-20,632,288.67,-1110.03,1035.9,-0.024128
ASC-20,635,605.38,-851.15,1101.24,-0.026368
ASC-20,638,-771.35,-574.85,1033.06,-0.033999
ASC-20,639,1134.14,-848.22,949.68,-0.018186
ASC-20,640,-236.57,186.38,1328.6,-0.037861
ASC-20,642,1038.81,-840.24,981.03,-0.019841
ASC-20,643,1378.49,110.54,951.75,-0.013956
ASC-20,644,-227.19,131.58,1350.98,-0.038401
ASC-20,645,281.19,-1002.06,1084.49,-0.024865
ASC-20,646,-507.1,842.92,996.07,-0.027102
ASC-20,647,983.63,714.35,988.42,-0.020108
ASC-20,654,463.19,-1271.26,956.22,-0.023393
ASC-20,655,-726.68,-107.18,1110.02,-0.038969
ASC-20,658,-683.48,499.06,1046.64,-0.03374
ASC-20,660,-80.52,-332.38,1407.86,-0.037725
ASC-20,663,-565.8,707.84,1025.0,-0.031431
ASC-20,664,-999.03,-610.35,943.09,-0.033625
ASC-20,666,588.63,-1050.73,1024.67,-0.022603
ASC-20,667,-280.56,-758.19,1146.0,-0.03582
ASC-20,668,691.11,729.99,1064.89,-0.023232
ASC-20,670,706.33,163.14,1249.17,-0.02412
ASC-20,671,197.89,861.48,1079.24,-0.027215
ASC-20,672,777.2,601.65,1086.83,-0.023577
ASC-20,674,766.89,836.1,1007.97,-0.021251
ASC-20,678,-133.84,431.51,1261.55,-0.035912
ASC-21,0,10943.93,2007.4,253.12,0.001765
ASC-21,2,9330.7,1357.17,258.02,0.002453
ASC-21,5,13393.97,479.81,250.89,0.000219
ASC-21,6,3413.75,-6427.88,276.54,0.000519
ASC-21,7,-14921.08,10406.94,250.05,-0.001639
ASC-21,8,12312.22,-4746.38,251.01,0.000909
ASC-21,10,-6411.1,3784.8,270.36,-0.001086
ASC-21,13,-1851.6,-14135.37,250.53,0.001027
ASC-21,14,9531.11,-5419.3,253.48,-0.003498
ASC-21,17,-11488.8,-6662.16,250.83,-0.000621
ASC-21,18,9420.2,-2267.8,257.05,0.000196
ASC-21,20,-7551.62,944.11,268.69,-0.005356
ASC-21,22,14376.85,-3157.37,250.43,0.000768
ASC-21,23,1150.3,-11683.75,252.17,0.003378
ASC-21,25,14782.82,3601.63,250.32,0.001145
ASC-21,27,2969.33,-5649.8,293.64,0.001252
ASC-21,29,-11479.9,6974.94,250.73,0.001033
ASC-21,30,-8306.96,9956.15,250.95,-0.000889
ASC-21,32,6669.82,3541.11,272.22,4e-06
ASC-21,33,1582.57,5734.73,300.26,-0.004253
ASC-21,34,1431.05,-6552.57,285.82,-0.003778
ASC-21,35,-13453.84,-7342.99,250.27,0.000422
ASC-21,37,-5378.95,-5544.5,268.64,-0.002471
ASC-21,39,13754.05,-1156.46,250.71,0.000511
ASC-21,40,4790.14,10839.95,251.92,0.000761
ASC-21,41,-1326.51,-2312.8,566.43,-0.022712
ASC-21,42,6979.54,1892.82,276.97,0.004854
ASC-21,44,-11258.36,-10466.19,250.27,0.000835
ASC-21,45,3137.4,-9470.63,255.87,-0.001153
ASC-21,47,7324.4,-4333.02,263.61,0.002077
ASC-21,48,1547.02,-11129.15,252.88,-0.001751
ASC-21,49,12854.75,2199.83,251.08,0.000909
ASC-21,54,894.36,12257.57,251.46,0.001495
ASC-21,57,1783.94,4163.38,361.95,0.001809
ASC-21,59,-14950.06,13339.66,250.02,-0.000212
ASC-21,60,-2435.11,-4966.51,314.91,-0.004689
ASC-21,63,-13364.56,-7134.47,250.29,0.000259
ASC-21,65,12249.58,3661.0,251.23,-0.000505
ASC-21,66,2994.01,-11406.58,252.13,5.1e-05
ASC-21,67,-9383.13,3779.52,254.62,-0.003563
ASC-21,69,-10154.35,-210.93,254.57,0.002454
ASC-21,70,-5380.79,7084.73,259.17,-0.002504
ASC-21,71,4992.69,-12862.81,250.7,-0.002709
ASC-21,72,-2242.94,5683.75,293.69,-0.002228
ASC-21,73,-1172.24,-13283.67,250.88,0.000979
ASC-21,77,9798.67,-10617.29,250.5,5.9e-05
ASC-21,78,9904.85,-8999.62,250.91,0.000164
ASC-21,80,1589.42,-12313.67,251.49,2.5e-05
ASC-21,81,-4386.21,-5360.34,279.28,-0.005144
ASC-21,82,-3031.23,8441.65,258.94,7.6e-05
ASC-21,83,14636.83,10649.19,250.06,0.002536
ASC-21,84,9277.05,-10801.03,250.56,0.001148
ASC-21,85,209.37,-13049.28,251.04,0.001489
ASC-21,86,224.43,3858.54,406.92,-0.004057
ASC-21,87,12509.46,-8415.78,250.35,0.000902
ASC-21,91,7120.29,9385.43,252.04,0.001254
ASC-21,92,-1330.66,2289.19,546.52,-0.013209
ASC-21,94,10119.03,-12763.51,250.18,0.003575
ASC-21,95,-6129.21,11734.34,250.83,0.000582
ASC-21,96,7895.02,3956.17,260.94,0.0026
ASC-21,97,-539.9,-9719.17,256.52,-5e-05
ASC-21,98,1029.43,3554.45,425.36,-0.003244
ASC-21,99,-1055.32,8899.72,259.12,0.0024
ASC-21,100,-3753.68,9771.43,253.89,-0.001418
ASC-21,101,7567.57,4420.95,261.29,0.004159
ASC-21,103,-9561.08,10483.56,250.48,0.001373
ASC-21,104,8632.14,5153.68,255.51,0.001516
ASC-21,107,14470.19,11051.4,250.06,0.003141
ASC-21,109,731.87,-5085.21,335.19,-0.004981
ASC-21,110,-6486.01,-10388.54,251.54,-0.003479
ASC-21,112,13812.38,-8821.42,250.17,0.000103
ASC-21,115,-5454.87,-3259.54,289.03,-0.00574
ASC-21,118,-635.82,3226.9,461.85,-0.009368
ASC-21,121,-9707.67,7600.51,251.35,-0.000659
ASC-21,122,994.22,-1429.55,828.17,-0.025051
ASC-21,123,-7209.62,-13957.69,250.23,-0.003294
ASC-21,124,4077.08,8813.77,256.32,0.000844
ASC-21,125,-4839.77,6657.43,263.28,-0.000148
ASC-21,126,13545.88,-13087.57,250.04,-0.002159
ASC-21,127,-1893.01,-6712.17,279.63,-0.007299
ASC-21,129,2538.72,4021.43,350.22,0.00148
ASC-21,130,-2585.13,-10677.63,253.2,-0.002887
ASC-21,131,14338.69,-4761.5,250.35,0.000762
ASC-21,136,-9613.49,-2454.37,255.27,-0.002501
ASC-21,137,7527.16,7334.82,254.19,0.000629
ASC-21,139,8261.78,-12011.92,250.46,0.000946
ASC-21,140,-6456.01,8454.98,253.48,-0.001277
ASC-21,141,-103.7,6454.04,287.02,-0.000825
ASC-21,142,-11445.62,-14395.85,250.05,0.000766
ASC-21,143,-2410.73,10733.4,252.92,-0.000828
ASC-21,144,-7264.79,-702.97,272.43,-0.0052
ASC-21,146,-6263.99,5368.46,263.05,-0.004133
ASC-21,153,-13850.75,1382.25,250.56,-0.002298
ASC-21,154,-11636.41,1497.8,251.89,-0.002151
ASC-21,157,-12129.37,13486.99,250.05,-0.001931
ASC-21,158,4134.58,-4762.4,295.99,0.001415
ASC-21,159,4560.34,-14863.35,250.27,0.000344
ASC-21,163,-2096.16,5312.36,304.54,-0.002276
ASC-21,167,-11520.12,-11816.09,250.14,0.000398
ASC-21,168,-5478.2,-2635.63,295.16,-0.005631
ASC-21,171,-2363.82,1310.75,533.77,-0.02274
ASC-21,174,10653.43,6300.25,251.52,0.001252
ASC-21,176,2860.42,10452.43,253.33,0.001627
ASC-21,177,3480.85,-9705.26,254.88,-0.001063
ASC-21,178,-745.39,-3054.41,499.27,-0.014759
ASC-21,181,9492.16,5518.87,253.3,0.001006
ASC-21,182,-10337.38,12580.53,250.15,-0.002167
ASC-21,183,-14975.49,1212.18,250.3,-0.002484
ASC-21,186,-10135.86,-7416.08,251.25,-0.005735
ASC-21,187,-4865.41,401.1,335.21,-0.007164
ASC-21,188,5417.15,6522.85,262.83,0.002521
ASC-21,190,9551.41,-5299.05,253.56,-0.004537
ASC-21,191,9425.89,-3128.28,256.17,0.001732
ASC-21,197,9368.25,5005.51,254.04,0.000799
ASC-21,198,13356.58,-6816.96,250.37,-0.003087
ASC-21,199,11929.1,-5830.19,250.96,-0.000889
ASC-21,204,-5513.11,-877.21,308.38,-0.00809
ASC-21,205,7304.54,3947.51,264.63,0.000816
ASC-21,207,14792.44,-13171.21,250.03,0.001309
ASC-21,209,9852.33,13434.45,250.14,0.001695
ASC-21,210,-13609.47,7272.0,250.24,-0.001569
ASC-21,213,-7655.74,-11936.51,250.53,-0.00157
ASC-21,217,-10267.86,14161.93,250.08,-0.000257
ASC-21,219,-12347.39,9010.22,250.26,-3.7e-05
ASC-21,222,-3373.84,2431.27,376.5,-0.011234
ASC-21,225,641.5,-4752.6,352.93,-0.00204
ASC-21,227,-8404.85,-12453.75,250.33,0.001499
ASC-21,228,-7028.09,6508.96,256.24,0.000141
ASC-21,230,49.12,-5093.19,336.36,-0.005499
ASC-21,231,6218.69,-10139.48,252.05,0.002034
ASC-21,232,-8915.22,-7493.72,252.09,0.000342
ASC-21,239,7322.92,12567.14,250.43,0.001263
ASC-21,242,565.35,2776.7,531.6,-0.005302
ASC-21,243,6794.74,5142.87,262.79,0.002402
ASC-21,246,-14348.21,-7340.46,250.17,-0.003947
ASC-21,247,5885.98,6323.27,261.8,0.002208
ASC-21,251,-1431.22,1033.13,728.16,-0.031088
ASC-21,253,-12282.12,-11217.62,250.13,0.00208
ASC-21,254,-13528.9,-14903.42,250.02,0.000961
ASC-21,257,-2668.32,1923.73,455.02,-0.015814
ASC-21,259,92.72,-160.93,1574.97,-0.04319
ASC-21,261,11831.71,-14471.51,250.05,-0.00133
ASC-21,262,-3281.01,-6224.36,278.07,-0.00852
ASC-21,263,-11121.62,-1377.89,252.56,-0.00022
ASC-21,264,7708.35,487.53,270.77,0.006085
ASC-21,265,-5859.53,-5412.18,266.13,-0.000937
ASC-21,266,6431.22,4663.93,267.66,0.003019
ASC-21,267,9030.99,7469.27,252.16,0.003601
ASC-21,268,13894.63,-11799.47,250.06,-0.006987
ASC-21,270,-7116.72,-4268.31,263.26,-0.003103
ASC-21,272,9549.55,12564.92,250.22,-0.000155
ASC-21,273,-1931.03,5625.77,297.95,-0.002242
ASC-21,274,-1961.87,-2218.81,513.58,-0.022241
ASC-21,275,10162.73,7671.57,251.23,0.000484
ASC-21,276,-11413.51,-5185.77,251.25,-0.001082
ASC-21,279,297.06,-3312.6,481.94,-0.009371
ASC-21,283,880.35,-1534.14,816.91,-0.02557
ASC-21,285,-10854.46,-2886.84,252.55,-0.002101
ASC-21,286,9536.37,9246.49,250.9,0.002375
ASC-21,287,10976.3,11587.23,250.2,0.002343
ASC-21,288,1940.61,4081.41,363.0,0.001195
ASC-21,289,-6349.46,6299.83,258.89,-0.003503
ASC-21,290,14983.28,11546.71,250.04,0.003503
ASC-21,291,-11418.1,13130.23,250.08,-0.001707
ASC-21,292,11445.91,413.76,252.62,0.001216
ASC-21,293,3820.02,-14000.5,250.47,-0.000839
ASC-21,294,-7231.69,4639.68,260.77,-0.001227
ASC-21,295,2732.34,-13561.28,250.68,0.001376
ASC-21,296,1578.52,-13035.75,251.0,0.000738
ASC-21,297,-14704.53,86.85,250.36,-0.002455
ASC-21,300,4062.92,4392.63,301.56,0.004325
ASC-21,301,-11106.05,7225.15,250.81,-0.002188
ASC-21,302,-8653.27,12691.9,250.25,0.000195
ASC-21,308,-2391.36,-4064.31,351.37,-0.006376
ASC-21,309,-645.32,-7453.13,272.74,-3e-06
ASC-21,310,-12012.51,14662.05,250.03,0.002868
ASC-21,311,12818.2,13478.69,250.05,0.00072
ASC-21,312,-2371.65,2175.06,463.76,-0.017765
ASC-21,314,-11878.35,-8502.11,250.4,0.001131
ASC-21,315,11370.01,-9995.63,250.34,-0.000916
ASC-21,317,-7379.37,-1672.97,269.47,-0.004604
ASC-21,318,12105.38,-3292.77,251.44,0.000488
ASC-21,319,11342.29,-1567.78,252.64,0.002263
ASC-21,323,-14865.08,-620.85,250.33,-0.001653
ASC-21,325,13888.16,2750.5,250.58,0.001263
ASC-21,326,-12557.42,-9913.39,250.19,0.004583
ASC-21,328,-6489.59,2329.15,277.67,-0.004191
ASC-21,329,9377.25,5866.37,253.14,0.001387
ASC-21,330,10938.13,-11823.8,250.2,-0.000518
ASC-21,331,-9654.37,-4.74,256.03,-5.2e-05
ASC-21,334,8527.47,4675.41,256.64,0.003291
ASC-21,337,6972.77,9904.37,251.69,0.001089
ASC-21,338,-13819.2,10690.07,250.08,-0.001484
ASC-21,339,-7077.96,-8840.25,252.55,-0.002112
ASC-21,343,-14000.18,2998.48,250.45,6.6e-05
ASC-21,346,8183.74,10214.08,250.99,-0.000984
ASC-21,347,883.39,-4775.31,349.89,-0.004195
ASC-21,348,-11304.63,5911.37,251.06,-0.000916
ASC-21,349,-1452.69,7322.79,270.83,-0.002272
ASC-21,351,-6003.36,3837.58,274.33,-0.005385
ASC-21,354,12509.72,6647.96,250.56,0.000179
ASC-21,355,4042.25,2221.64,363.53,0.002811
ASC-21,356,-14236.52,-11681.22,250.05,0.000787
ASC-21,359,-7316.49,4705.99,260.15,-0.002498
ASC-21,360,-11413.68,-1442.64,252.17,-0.000252
ASC-21,361,-6704.72,8927.74,252.6,-0.000421
ASC-21,362,-459.28,6795.93,280.24,-0.001266
ASC-21,363,-3185.21,11532.72,251.7,-0.000754
ASC-21,364,-7697.39,11487.62,250.59,-0.002473
ASC-21,366,-466.68,3376.32,449.08,-0.007073
ASC-21,367,5959.06,14456.34,250.23,-0.0003
ASC-21,368,14928.79,-14327.35,250.02,0.00275
ASC-21,371,-10460.93,1771.88,253.53,-0.001303
ASC-21,372,-6000.49,-12597.48,250.6,-0.001481
ASC-21,374,-13077.91,10585.67,250.11,-0.000413
ASC-21,376,-2849.95,6272.3,278.26,0.000896
ASC-21,377,-7637.14,11659.68,250.56,-0.001942
ASC-21,379,7711.12,-8431.64,252.68,0.000973
ASC-21,380,8117.15,830.32,266.27,0.002888
ASC-21,381,-8499.52,9573.06,251.04,-0.001345
ASC-21,383,-9268.15,-2582.56,256.24,-0.004166
ASC-21,384,-8322.34,9500.29,251.15,-0.001219
ASC-21,386,682.86,-13434.14,250.83,-0.002026
ASC-21,388,3581.19,10454.4,252.97,-0.001128
ASC-21,390,8753.66,1462.09,260.89,0.002591
ASC-21,394,-9687.26,8568.36,250.97,-0.000889
ASC-21,396,-13327.97,-1011.12,250.77,-0.002791
ASC-21,399,-11829.11,-14192.24,250.05,0.000809
ASC-21,401,-2197.97,-13510.28,250.72,-0.000231
ASC-21,402,1135.44,379.58,1015.21,-0.022483
ASC-21,404,12142.62,9089.79,250.32,0.003523
ASC-21,405,10683.85,-5230.49,252.08,0.00177
ASC-21,406,-522.52,-14933.0,250.36,0.001609
ASC-21,407,-14969.41,-6101.23,250.17,-0.000528
ASC-21,408,4761.9,1037.13,350.28,0.003505
ASC-21,410,-10836.88,-10865.94,250.27,-0.0001
ASC-21,412,6870.49,2052.75,277.86,0.002082
ASC-21,413,4825.8,-14047.04,250.39,0.00207
ASC-21,414,-12053.37,5687.81,250.78,-0.003565
ASC-21,415,12402.89,-12554.95,250.08,-0.000439
ASC-21,417,12208.76,9788.74,250.24,0.000619
ASC-21,420,10291.42,1159.96,254.8,0.000794
ASC-21,421,-13884.89,1786.2,250.54,-0.002662
ASC-21,422,11617.32,-5281.38,251.28,0.000837
ASC-21,423,5421.06,-3261.48,295.78,0.001628
ASC-21,424,2436.86,-14223.95,250.49,0.000728
ASC-21,427,4275.77,-1469.01,374.68,0.002543
ASC-21,429,-3211.36,3474.93,342.41,-0.006838
ASC-21,430,-13117.79,-8270.01,250.24,-0.002073
ASC-21,431,7094.96,-13341.67,250.34,0.000813
ASC-21,432,-3976.73,196.96,390.67,-0.013361
ASC-21,434,5170.85,4621.76,280.65,-0.000659
ASC-21,435,-13797.65,-6284.98,250.29,-0.002383
ASC-21,437,14248.91,2226.83,250.5,0.002144
ASC-21,438,11124.3,-64.33,253.15,0.001757
ASC-21,439,9003.02,-715.43,260.11,-0.002501
ASC-21,440,-511.93,2104.14,643.99,-0.015619
ASC-21,441,-3341.57,1334.94,422.65,-0.017045
ASC-21,442,-9480.14,737.84,256.52,-0.00472
ASC-21,443,-14034.75,-9308.78,250.12,0.000888
ASC-21,444,8848.2,8164.07,251.8,0.003066
ASC-21,446,7491.68,-7902.6,253.61,-0.001485
ASC-21,448,-7653.17,4081.53,260.29,-0.003315
ASC-21,450,-3695.76,6166.9,273.78,-0.00077
ASC-21,451,-8794.1,-9033.13,251.24,0.001652
ASC-21,452,8296.06,-13801.32,250.2,0.000389
ASC-21,456,658.74,4443.6,361.64,0.000583
ASC-21,458,4485.34,2420.93,336.81,0.002038
ASC-21,459,6534.64,-5172.61,264.99,0.000713
ASC-21,460,-679.82,-142.02,1131.77,-0.042889
ASC-21,463,-46.64,161.48,1427.58,-0.040921
ASC-21,465,101.79,-405.61,1416.03,-0.04614
ASC-21,466,-268.39,-355.2,1309.99,-0.047173
ASC-21,468,-702.05,274.47,1088.43,-0.04056
ASC-21,469,1048.6,-404.67,1073.38,-0.027139
ASC-21,471,134.28,185.46,1457.72,-0.04019
ASC-21,473,-86.68,-1045.57,1055.87,-0.043176
ASC-21,475,-958.05,-346.16,993.32,-0.042444
ASC-21,476,-238.34,-1002.7,1052.77,-0.043165
ASC-21,477,-719.19,341.79,1068.52,-0.039411
ASC-21,478,1260.49,-613.2,956.17,-0.019142
ASC-21,479,403.69,-462.88,1334.7,-0.039384
ASC-21,480,-797.71,-430.55,1048.6,-0.046531
ASC-21,481,-680.64,-41.03,1132.06,-0.04212
ASC-21,483,-17.71,-1075.0,1049.23,-0.041627
ASC-21,485,-222.8,669.85,1129.19,-0.039513
ASC-21,491,-1079.42,-244.59,952.84,-0.041111
ASC-21,492,-820.59,347.24,1026.72,-0.039399
ASC-21,493,-339.48,-1119.87,989.31,-0.042367
ASC-21,495,-331.31,-1083.36,1004.45,-0.042037
ASC-21,496,-508.89,-396.89,1182.66,-0.050239
ASC-21,498,1144.64,145.75,1044.4,-0.022363
ASC-21,499,722.19,59.06,1259.38,-0.032145
ASC-21,502,224.37,-1348.44,941.13,-0.034008
ASC-21,503,-559.72,-408.3,1156.69,-0.050342
ASC-21,505,142.66,-707.4,1237.96,-0.042055
ASC-21,506,-605.78,37.47,1165.35,-0.043316
ASC-21,508,-261.44,561.32,1166.83,-0.040282
ASC-21,509,778.84,-1175.37,944.04,-0.028023
ASC-21,510,-362.75,-298.02,1277.3,-0.046613
ASC-21,512,-515.5,-387.66,1181.6,-0.049808
ASC-21,514,646.85,-578.64,1196.87,-0.031676
ASC-21,515,276.37,-860.6,1152.27,-0.037789
ASC-21,517,-914.76,-573.02,979.5,-0.039427
ASC-21,518,661.14,-665.61,1159.04,-0.031658
ASC-21,520,-1017.73,-16.2,981.08,-0.040309
ASC-21,524,-701.97,286.81,1086.23,-0.041071
ASC-21,525,-19.02,-24.35,1518.22,-0.042113
ASC-21,526,-808.12,712.82,951.58,-0.036591
ASC-21,528,-860.53,-832.03,945.36,-0.041731
ASC-21,530,-554.55,763.0,1010.41,-0.035898
ASC-21,534,-239.33,385.59,1249.3,-0.041171
ASC-21,536,499.08,1114.2,951.36,-0.024901
ASC-21,537,706.8,-370.01,1237.77,-0.030616
ASC-21,538,-813.03,-813.01,964.7,-0.043586
ASC-21,541,770.96,894.49,986.77,-0.022811
ASC-21,542,-284.98,552.25,1164.04,-0.039546
ASC-21,543,-711.2,133.34,1105.19,-0.040208
ASC-21,544,1085.03,-871.45,958.86,-0.020927
ASC-21,545,-208.22,-553.17,1256.79,-0.046799
ASC-21,546,207.02,-316.01,1473.34,-0.044039
ASC-21,552,-389.64,-834.53,1086.2,-0.045046
ASC-21,553,-349.22,1095.86,938.51,-0.03256
ASC-21,554,-599.63,-961.35,986.15,-0.042582
ASC-21,560,1045.07,481.58,1028.37,-0.023513
ASC-21,562,1013.36,-0.55,1114.85,-0.026483
ASC-21,564,94.65,228.71,1426.13,-0.040303
ASC-21,566,1239.02,114.01,1007.25,-0.021096
ASC-21,567,749.59,890.34,992.88,-0.023385
ASC-21,568,107.12,537.01,1242.88,-0.036651
ASC-21,569,-146.19,-783.23,1166.27,-0.044187
ASC-21,570,-171.34,-360.52,1354.61,-0.046637
ASC-21,574,1198.0,-573.96,985.52,-0.019873
ASC-21,575,-983.67,426.46,952.34,-0.035538
ASC-21,576,269.01,365.44,1333.64,-0.036724
ASC-21,577,508.33,551.1,1185.46,-0.031559
ASC-21,578,645.16,1020.32,966.15,-0.023683
ASC-21,580,-439.94,397.78,1168.26,-0.042144
ASC-21,582,11.97,14.51,1525.75,-0.041562
ASC-21,583,1137.59,153.46,1046.67,-0.022478
ASC-21,584,-30.0,-855.99,1149.35,-0.043427
ASC-21,585,-264.18,-720.55,1166.4,-0.045954
ASC-21,587,1085.12,-750.96,988.65,-0.02231
ASC-21,588,-8.61,-444.77,1372.43,-0.04553
ASC-21,591,248.27,-384.24,1422.16,-0.043291
ASC-21,595,656.34,-665.5,1160.68,-0.031487
ASC-21,596,488.74,17.07,1401.09,-0.038438
ASC-21,601,539.63,1014.75,984.11,-0.026181
ASC-21,604,935.56,462.84,1073.65,-0.024638
ASC-21,605,3.12,-1.54,1526.29,-0.04153
ASC-21,607,-989.63,119.39,986.19,-0.039271
ASC-21,608,1119.09,288.5,1037.0,-0.0229
ASC-21,616,1113.51,449.27,1010.14,-0.022106
ASC-21,617,-40.42,-546.07,1308.41,-0.045725
ASC-21,619,-623.86,122.23,1147.73,-0.04298
ASC-21,620,868.82,876.63,970.14,-0.02316
ASC-21,621,840.42,1016.07,931.68,-0.022156
ASC-21,622,-82.73,31.9,1462.9,-0.04327
ASC-21,623,-126.83,931.96,1031.62,-0.036871
ASC-21,624,140.74,106.75,1511.87,-0.039273
ASC-21,627,759.0,783.65,1028.31,-0.023834
ASC-21,628,1226.86,182.92,1006.27,-0.020119
ASC-21,633,-1011.59,-630.44,935.48,-0.039726
ASC-21,635,605.38,-851.15,1101.24,-0.03359
ASC-21,636,-368.14,-1086.89,996.3,-0.042687
ASC-21,639,1134.14,-848.22,949.68,-0.021047
ASC-21,640,-236.57,186.38,1328.6,-0.042896
ASC-21,642,1038.81,-840.24,981.03,-0.02222
ASC-21,643,1378.49,110.54,951.75,-0.020194
ASC-21,644,-227.19,131.58,1350.98,-0.043502
ASC-21,645,281.19,-1002.06,1084.49,-0.038048
ASC-21,647,983.63,714.35,988.42,-0.022775
ASC-21,649,1085.35,-963.67,934.96,-0.023302
ASC-21,651,-0.49,-1162.92,1012.67,-0.042133
ASC-21,653,-1031.74,-179.26,974.44,-0.042021
ASC-21,654,463.19,-1271.26,956.22,-0.03002
ASC-21,657,-919.67,-700.4,954.33,-0.040381
ASC-21,658,-683.48,499.06,1046.64,-0.038278
ASC-21,659,377.82,-1104.84,1031.31,-0.034687
ASC-21,663,-565.8,707.84,1025.0,-0.035749
ASC-21,664,-999.03,-610.35,943.09,-0.039508
ASC-21,665,112.53,-1245.38,982.5,-0.037316
ASC-21,666,588.63,-1050.73,1024.67,-0.031629
ASC-21,669,-516.36,-17.47,1215.26,-0.043856
ASC-21,670,706.33,163.14,1249.17,-0.030444
ASC-21,673,1179.02,427.46,990.12,-0.021322
ASC-21,674,766.89,836.1,1007.97,-0.023189
ASC-21,675,739.2,459.0,1148.38,-0.02738
ASC-21,676,25.51,-726.5,1221.13,-0.043287
ASC-21,678,-133.84,431.51,1261.55,-0.040744
ASC-21,679,401.07,596.75,1187.5,-0.033406
DESC-01,0,6129.37,-3195.77,283.06,-0.001709
DESC-01,1,-4410.09,14055.44,250.37,0.001883
DESC-01,2,2947.38,-7443.99,267.6,0.001204
DESC-01,3,-8294.52,-10124.0,250.96,0.000198
DESC-01,4,-12659.81,-3577.24,250.88,-0.000446
DESC-01,6,5782.62,10477.42,251.82,-0.000556
DESC-01,7,6000.86,14696.79,250.2,-0.002073
DESC-01,9,-1873.09,-11214.63,252.6,-0.002034
DESC-01,10,-8301.88,5016.19,255.82,0.000279
DESC-01,11,11668.91,3860.67,251.62,0.000688
DESC-01,12,-1687.1,12829.78,251.0,0.000796
DESC-01,14,-12506.56,12119.15,250.08,1.1e-05
DESC-01,15,-14329.63,6225.82,250.22,0.000573
DESC-01,16,-11433.11,303.52,252.24,-0.00093
DESC-01,19,5402.17,9982.25,252.56,0.00315
DESC-01,20,9435.83,166.16,258.03,-0.002288
DESC-01,24,6966.1,7383.88,255.1,-0.000157
DESC-01,25,9631.75,10287.17,250.57,0.002776
DESC-01,26,5697.56,8737.96,254.29,0.001128
DESC-01,27,-9355.2,-7127.66,251.95,0.001285
DESC-01,28,6265.57,10628.83,251.48,0.002679
DESC-01,29,1027.16,-8117.06,265.68,-0.00291
DESC-01,33,-7437.94,4332.93,260.67,0.001318
DESC-01,35,-13928.41,-14931.65,250.02,0.001411
DESC-01,36,4210.21,-14680.75,250.31,0.000127
DESC-01,37,-2204.7,11961.27,251.53,-0.002141
DESC-01,45,10879.15,-2897.52,252.95,-0.000836
DESC-01,46,-14687.05,10974.17,250.05,0.000643
DESC-01,47,2715.27,4181.24,338.32,-0.002779
DESC-01,48,-4892.48,4424.59,282.72,0.002195
DESC-01,49,-1276.57,-12677.0,251.22,0.000596
DESC-01,50,-7397.33,-2344.91,267.58,0.000444
DESC-01,53,-4001.17,1668.08,364.65,0.001349
DESC-01,54,5036.9,-10047.59,252.94,0.000707
DESC-01,55,-10392.71,10359.13,250.37,-0.000495
DESC-01,56,10621.27,-2722.7,253.47,-0.000518
DESC-01,57,11346.98,3906.13,251.9,-0.000473
DESC-01,59,-10276.56,-9900.86,250.49,0.001649
DESC-01,60,5509.47,13354.61,250.45,-0.00013
DESC-01,62,-12267.92,6006.26,250.64,-0.000124
DESC-01,63,-1517.95,-3426.73,425.36,-0.004025
DESC-01,64,-8923.93,6646.88,252.64,0.001191
DESC-01,65,4386.54,13850.51,250.43,0.000592
DESC-01,66,5562.84,2716.4,297.44,-0.001853
DESC-01,67,146.43,-581.71,1309.44,-0.009045
DESC-01,68,-8988.84,-5455.13,253.87,0.000682
DESC-01,69,14416.54,-13886.2,250.02,0.002031
DESC-01,70,8355.58,3511.37,259.66,-0.00228
DESC-01,73,-13097.07,13025.98,250.04,0.000257
DESC-01,75,3740.71,-9175.53,256.12,-8e-06
DESC-01,77,-3561.22,9401.01,254.89,2.6e-05
DESC-01,79,7641.02,5851.35,256.93,0.001914
DESC-01,82,-2653.9,1416.38,489.5,0.001451
DESC-01,83,-10907.46,-2175.42,252.7,0.001024
DESC-01,86,-9830.29,5427.77,252.49,-0.002211
DESC-01,88,-6018.86,-10637.51,251.57,0.003541
DESC-01,90,-1417.68,6671.04,279.78,-0.00275
DESC-01,94,1733.34,-917.53,767.55,-0.002771
DESC-01,95,1006.1,14270.97,250.48,-0.001158
DESC-01,96,8637.28,10943.11,250.62,0.000222
DESC-01,97,-6031.84,5289.64,264.81,0.001444
DESC-01,99,-13480.14,-3300.78,250.58,0.000416
DESC-01,100,14574.91,14319.08,250.02,0.003136
DESC-01,103,-5158.59,10985.79,251.53,0.000141
DESC-01,104,8071.04,-2234.35,264.64,0.001772
DESC-01,105,-9202.52,-9887.45,250.75,0.001356
DESC-01,106,-10751.62,-12242.46,250.16,-0.00187
DESC-01,109,-2503.74,-379.0,567.54,-0.003332
DESC-01,111,6804.78,7006.61,256.32,0.000581
DESC-01,113,-7336.73,-10195.33,251.29,0.000877
DESC-01,114,1297.05,12483.63,251.27,-0.001157
DESC-01,115,-5313.56,7325.97,258.43,0.001078
DESC-01,116,-7254.47,3778.25,263.54,0.002979
DESC-01,117,-2865.32,8921.6,257.17,-0.001031
DESC-01,118,-8245.96,10224.41,250.87,-0.000651
DESC-01,119,14361.04,-13136.34,250.03,-0.000134
DESC-01,120,10180.61,-8957.99,250.82,-0.001943
DESC-01,121,1260.12,11021.41,252.85,-0.002037
DESC-01,124,6072.05,-9801.16,252.51,0.00072
DESC-01,125,259.75,-7940.28,267.76,0.001248
DESC-01,126,-8627.19,-6453.27,253.38,-0.000499
DESC-01,127,-4478.33,12829.92,250.69,-0.002172
DESC-01,129,-14301.01,-1718.46,250.43,-0.000847
DESC-01,131,-9610.68,-8717.16,251.0,0.000582
DESC-01,132,8966.77,-11108.03,250.55,0.000839
DESC-01,133,-12883.91,-1872.95,250.94,0.000776
DESC-01,135,-4421.05,14521.01,250.28,0.001647
DESC-01,139,-14177.18,-9372.53,250.11,0.000955
DESC-01,141,-12124.09,-6855.57,250.58,0.000651
DESC-01,142,-9602.4,2867.55,254.88,0.000557
DESC-01,143,1858.02,-14460.74,250.45,0.001855
DESC-01,144,11135.73,1015.15,253.04,-0.005318
DESC-01,145,-14957.16,10962.89,250.04,-0.001046
DESC-01,148,-4790.74,4523.41,282.87,0.001285
DESC-01,149,-14657.04,-4450.95,250.26,0.002195
DESC-01,150,1868.98,3390.84,412.79,-0.003363
DESC-01,151,-4924.44,13058.72,250.56,-0.003179
DESC-01,153,-10520.85,10143.35,250.38,0.001273
DESC-01,154,4639.27,-4336.88,295.02,-0.000326
DESC-01,155,1480.02,12574.55,251.19,-0.000923
DESC-01,158,1615.68,-9749.08,256.12,0.002204
DESC-01,159,-8461.14,-8400.32,251.81,-0.000402
DESC-01,164,-2586.4,-9007.43,257.82,-0.001304
DESC-01,165,5436.92,-13896.25,250.38,-0.002985
DESC-01,166,-8120.93,-10112.79,251.02,-0.001197
DESC-01,169,13402.43,5018.06,250.53,0.002415
DESC-01,170,2425.83,-13713.1,250.65,0.001117
DESC-01,172,-3185.08,1572.13,427.07,-0.000388
DESC-01,173,-13395.89,2447.38,250.66,-0.002137
DESC-01,174,-934.9,12854.18,251.03,-0.000261
DESC-01,175,-12750.71,4795.74,250.66,-0.000487
DESC-01,176,-7950.92,13022.51,250.27,-0.000781
DESC-01,177,-1296.47,4102.29,369.78,-0.000566
DESC-01,178,11158.06,-7289.34,250.94,0.001507
DESC-01,179,-8747.49,-12894.92,250.24,9e-06
DESC-01,181,-2692.69,-13102.27,250.85,-0.001423
DESC-01,182,-11927.91,-5449.0,250.91,-0.001329
DESC-01,183,6105.11,-2039.78,293.0,0.000612
DESC-01,185,-8851.07,8606.13,251.34,-0.000856
DESC-01,186,14578.21,-337.09,250.46,-0.000325
DESC-01,187,-1452.35,11908.85,251.69,0.001628
DESC-01,189,3491.21,-1004.99,454.01,-0.00432
DESC-01,190,-7306.27,13542.75,250.25,-0.002036
DESC-01,191,-5113.18,10749.25,251.74,0.001202
DESC-01,192,-12212.75,-3467.58,251.13,-0.002017
DESC-01,193,-14240.7,-8.35,250.47,0.000696
DESC-01,194,-8108.64,7218.72,253.07,0.002545
DESC-01,195,-14260.72,-6664.92,250.21,0.000994
DESC-01,196,6620.93,3387.35,273.71,0.003858
DESC-01,198,5109.42,7371.14,259.69,-0.00198
DESC-01,200,-145.35,-3700.64,436.06,-0.002849
DESC-01,202,-7162.19,-166.15,274.09,0.001779
DESC-01,204,12259.88,13744.9,250.05,0.000687
DESC-01,205,6732.79,4400.44,266.78,0.000794
DESC-01,206,-8785.36,10432.06,250.66,-0.002165
DESC-01,207,6200.86,1778.1,291.58,-0.000187
DESC-01,208,-7441.72,-9424.37,251.74,0.001069
DESC-01,209,5023.11,3806.16,293.88,-0.00112
DESC-01,210,-12412.65,-3184.91,251.06,-0.00033
DESC-01,211,10317.64,14503.08,250.07,-0.000593
DESC-01,212,4069.37,13268.44,250.62,0.00212
DESC-01,213,5030.09,14762.17,250.24,0.001782
DESC-01,216,-12802.62,-1122.45,251.03,1e-05
DESC-01,217,8474.23,-1013.18,263.34,-0.003406
DESC-01,218,8018.87,14026.22,250.18,-0.002272
DESC-01,219,-4978.2,10873.24,251.69,-0.001491
DESC-01,220,9056.0,-4965.1,254.96,-0.002253
DESC-01,221,-2337.55,-7357.07,269.53,-0.000162
DESC-01,222,-1712.49,958.58,678.17,-0.001927
DESC-01,223,-134.19,-7788.67,269.27,0.000983
DESC-01,224,-3555.29,10522.76,252.73,-1.1e-05
DESC-01,225,-3267.07,13678.07,250.53,-0.000705
DESC-01,228,-3916.84,4575.2,295.16,0.003027
DESC-01,229,4227.87,120.12,394.9,-0.001796
DESC-01,230,5896.34,-14015.99,250.32,-0.001067
DESC-01,232,1353.9,-7632.92,269.99,-0.000886
DESC-01,233,-4668.97,-13164.1,250.61,0.001078
DESC-01,234,8651.81,-5091.38,255.82,0.002554
DESC-01,237,-4086.65,-13204.36,250.66,0.001998
DESC-01,238,10356.2,304.9,254.81,-0.001672
DESC-01,240,13506.35,-12916.21,250.05,-0.000465
DESC-01,242,-9930.72,1791.33,254.7,0.003424
DESC-01,245,-12393.03,-11246.21,250.12,-0.001031
DESC-01,246,-8082.41,-7364.93,253.12,-0.001595
DESC-01,247,634.03,11635.92,252.07,-0.000329
DESC-01,248,-2222.55,14644.72,250.35,-0.002308
DESC-01,249,-8649.09,-6826.45,252.96,-0.003309
DESC-01,250,4859.19,9462.4,253.79,0.003261
DESC-01,251,8224.26,-5414.85,256.47,0.000257
DESC-01,253,14774.82,-12189.97,250.04,-0.003562
DESC-01,254,1504.03,11466.62,252.19,-0.000691
DESC-01,255,-13853.96,-2843.71,250.5,0.000675
DESC-01,256,7836.43,1288.83,268.3,0.000784
DESC-01,257,2929.53,14295.3,250.41,0.001507
DESC-01,258,-9301.97,11325.63,250.37,0.001518
DESC-01,259,-369.43,13548.27,250.72,-0.001355
DESC-01,261,-2360.91,-7054.22,272.79,-0.001359
DESC-01,262,-1321.34,4262.31,359.63,-0.00348
DESC-01,263,11210.0,13438.09,250.09,-0.000673
DESC-01,264,-9423.97,-2492.32,255.81,0.002061
DESC-01,266,-12722.72,-2085.72,251.01,-0.000693
DESC-01,269,4256.17,4299.83,299.84,-0.001396
DESC-01,270,11983.5,8389.96,250.43,-0.000128
DESC-01,274,-11251.69,10758.27,250.22,0.002713
DESC-01,277,-3578.3,5443.77,284.53,-0.000998
DESC-01,278,9517.96,-4421.88,254.52,-0.00202
DESC-01,280,-12280.07,-1106.44,251.37,0.001285
DESC-01,281,622.59,14612.23,250.4,0.002436
DESC-01,282,-9506.18,-13098.6,250.17,0.000848
DESC-01,283,-1894.76,2714.71,454.47,-0.001168
DESC-01,284,-8643.83,-12827.25,250.26,-0.000898
DESC-01,286,3174.26,3495.14,353.83,-0.000882
DESC-01,287,12605.53,14979.09,250.03,-0.00165
DESC-01,289,-10541.61,-10003.97,250.42,0.000156
DESC-01,290,-4829.27,10815.97,251.8,-0.002604
DESC-01,291,-5071.12,-13540.07,250.46,-0.001212
DESC-01,293,1932.69,-534.32,753.81,-0.004591
DESC-01,294,14777.13,-7858.59,250.14,-0.002822
DESC-01,296,10563.34,6413.09,251.53,-0.002301
DESC-01,297,-13165.28,-1221.7,250.84,-0.000872
DESC-01,298,13249.07,-5017.85,250.59,-0.004606
DESC-01,299,-8860.18,-12701.16,250.25,0.00115
DESC-01,300,1627.63,-6562.07,284.84,0.000458
DESC-01,301,-2170.5,6527.1,278.61,4.9e-05
DESC-01,302,10861.04,-11041.34,250.28,0.000366
DESC-01,304,-4075.98,-4822.88,291.06,0.001112
DESC-01,306,8563.08,-12080.47,250.41,1.6e-05
DESC-01,308,11012.56,8452.82,250.65,0.001554
DESC-01,309,-4696.94,-11590.23,251.36,0.003302
DESC-01,312,12614.37,-13018.21,250.06,0.001559
DESC-01,314,-1292.16,-4735.54,343.37,-0.003848
DESC-01,317,4033.25,-11670.01,251.57,-0.002396
DESC-01,319,-13637.19,7137.7,250.25,-0.000677
DESC-01,323,9871.5,11771.16,250.28,-6.8e-05
DESC-01,324,11397.39,5505.37,251.31,0.004827
DESC-01,326,-8545.38,375.66,261.1,-0.000713
DESC-01,327,-33.63,1645.19,783.99,-0.000305
DESC-01,330,-9671.21,3143.73,254.49,-8.4e-05
DESC-01,332,-7161.41,-6059.5,257.37,-0.000978
DESC-01,333,-3629.92,8353.32,258.25,0.000733
DESC-01,334,13624.48,-4400.03,250.54,-0.000814
DESC-01,335,-3066.44,11149.77,252.13,0.001793
DESC-01,336,4597.6,1672.53,348.34,-0.001201
DESC-01,338,-5523.08,-6068.12,264.32,0.000253
DESC-01,340,-14826.24,-180.65,250.34,-0.001004
DESC-01,341,3665.15,-8937.36,257.03,-1.1e-05
DESC-01,342,7401.55,-9249.17,252.12,-0.000818
DESC-01,343,-277.14,8562.86,261.44,0.000568
DESC-01,344,-2565.25,-5140.86,307.6,-0.004122
DESC-01,345,-13441.68,-3957.27,250.54,0.000793
DESC-01,346,-1261.66,13709.75,250.63,-0.001929
DESC-01,349,13355.67,12436.39,250.06,0.000549
DESC-01,352,6023.78,-8084.01,255.63,8e-05
DESC-01,353,-12631.36,868.42,251.13,-0.001868
DESC-01,354,8267.25,8543.43,251.94,-0.003458
DESC-01,356,-4109.56,-6545.14,268.97,0.000358
DESC-01,357,-48.89,7341.69,272.64,0.002076
DESC-01,358,10548.01,-12194.93,250.2,-0.001222
DESC-01,359,3963.66,3458.87,327.78,0.000902
DESC-01,360,2382.11,-12361.81,251.36,-0.002777
DESC-01,361,13140.65,3887.76,250.74,-0.000123
DESC-01,362,-5244.72,7739.09,257.15,-0.001534
DESC-01,363,1213.29,-13135.45,250.97,-4.1e-05
DESC-01,365,-548.92,-5477.13,318.09,0.000297
DESC-01,366,10351.71,8898.31,250.74,-0.000701
DESC-01,367,-10602.94,713.73,253.5,-7.9e-05
DESC-01,369,8448.02,-12234.96,250.39,-0.00113
DESC-01,370,-10505.29,-12090.91,250.19,-0.001158
DESC-01,371,-6641.25,7088.77,255.8,0.002355
DESC-01,372,-3928.87,-3085.46,333.89,-0.002977
DESC-01,373,-11339.0,942.01,252.31,0.001703
DESC-01,374,-5824.31,-7546.45,256.9,0.001464
DESC-01,376,-4842.05,-5025.08,278.23,-0.000668
DESC-01,377,-3576.81,12681.59,250.87,-0.00065
DESC-01,378,2517.15,-6312.75,284.48,-0.00052
DESC-01,379,9549.62,-7827.65,251.61,-0.00348
DESC-01,380,2472.51,8118.4,262.31,-2.1e-05
DESC-01,381,-13089.95,-7932.3,250.27,0.001225
DESC-01,383,-13101.65,-4582.87,250.59,-0.00043
DESC-01,384,-11717.74,14044.14,250.05,0.001543
DESC-01,387,-7273.27,-6995.34,254.99,-0.000134
DESC-01,388,-6279.89,-849.69,288.34,0.000992
DESC-01,389,-9863.95,-4524.51,253.18,-0.001815
DESC-01,390,10261.57,10831.46,250.36,0.001272
DESC-01,391,4923.48,14689.49,250.25,0.001998
DESC-01,392,-10516.74,-12016.07,250.19,-0.001453
DESC-01,395,-12925.96,5022.91,250.57,-0.000885
DESC-01,396,8341.56,-3401.5,260.31,0.000596
DESC-01,397,-7317.2,-8807.59,252.37,-0.001306
DESC-01,399,-7626.45,1288.87,267.42,-0.00037
DESC-01,400,1640.66,11469.66,252.17,-0.002099
DESC-01,401,8360.95,-12761.29,250.32,-5e-05
DESC-01,403,12985.26,10455.51,250.14,-0.001269
DESC-01,404,9641.95,6637.36,252.19,-0.000216
DESC-01,409,-4824.34,-1219.64,332.2,-0.001228
DESC-01,410,-2153.88,3283.22,395.39,-0.000325
DESC-01,414,-106.93,315.18,1327.46,-0.010238
DESC-01,415,6360.37,3907.2,273.2,-0.000143
DESC-01,417,-4372.84,10359.37,252.52,-0.000118
DESC-01,418,12924.09,6611.48,250.46,-0.000768
DESC-01,419,2055.83,2351.17,501.65,-0.006344
DESC-01,420,9044.62,-10407.35,250.72,-0.001879
DESC-01,421,-3638.19,208.71,419.62,0.000638
DESC-01,423,-1341.67,2027.82,583.5,-0.00269
DESC-01,426,-14279.51,-14900.03,250.01,-0.000519
DESC-01,428,-8615.2,13947.76,250.14,-0.002146
DESC-01,429,7159.19,3519.54,267.58,0.002276
DESC-01,430,399.26,-171.76,1457.94,-0.011179
DESC-01,432,797.88,-64.7,1226.71,-0.009347
DESC-01,436,871.69,233.55,1154.23,-0.01118
DESC-01,437,416.6,-554.69,1284.6,-0.009952
DESC-01,438,-834.7,-257.55,1053.0,-0.00601
DESC-01,439,-65.82,-1333.09,940.78,-0.007036
DESC-01,440,95.7,-1286.2,965.83,-0.007885
DESC-01,441,-143.88,196.98,1368.65,-0.009045
DESC-01,442,145.02,387.71,1329.63,-0.00977
DESC-01,443,496.8,-725.13,1181.99,-0.008636
DESC-01,444,-701.19,93.5,1114.04,-0.005594
DESC-01,445,118.99,-1371.88,932.87,-0.008151
DESC-01,448,-403.14,70.17,1268.21,-0.006198
DESC-01,451,-456.33,199.97,1216.04,-0.006145
DESC-01,457,332.26,-922.08,1117.46,-0.010679
DESC-01,459,814.98,-695.17,1096.37,-0.008732
DESC-01,460,1115.0,602.08,976.12,-0.006561
DESC-01,461,854.7,-379.84,1164.85,-0.010524
DESC-01,463,-551.24,964.73,945.9,-0.004431
DESC-01,464,1294.81,200.14,977.39,-0.00703
DESC-01,465,-214.9,-781.57,1152.26,-0.006834
DESC-01,466,1272.5,-60.45,1000.34,-0.010627
DESC-01,467,-197.53,-995.79,1062.45,-0.007399
DESC-01,468,-314.3,753.49,1074.01,-0.00413
DESC-01,469,-487.22,-1126.0,958.94,-0.006124
DESC-01,470,-1066.48,-237.98,958.2,-0.00626
DESC-01,471,220.82,-1204.72,998.55,-0.008065
DESC-01,472,-111.51,587.0,1190.31,-0.00576
DESC-01,473,107.62,878.33,1071.64,-0.007466
DESC-01,474,778.42,927.97,973.66,-0.007514
DESC-01,475,136.61,154.64,1478.64,-0.010752
DESC-01,476,658.71,-313.52,1275.83,-0.009442
DESC-01,480,646.23,-704.17,1148.95,-0.007618
DESC-01,482,-599.52,-697.38,1066.28,-0.003837
DESC-01,486,-206.24,221.07,1330.42,-0.008388
DESC-01,487,596.26,59.59,1329.73,-0.009738
DESC-01,488,1230.7,-587.95,971.14,-0.007981
DESC-01,489,-303.19,210.06,1288.26,-0.007276
DESC-01,491,-403.37,705.51,1070.91,-0.004737
DESC-01,492,-432.93,102.86,1247.07,-0.005512
DESC-01,493,222.05,254.4,1407.69,-0.009814
DESC-01,494,-298.57,1100.8,944.01,-0.004866
DESC-01,496,819.18,877.6,981.58,-0.008661
DESC-01,497,1303.38,-335.69,976.26,-0.007252
DESC-01,498,1077.38,280.31,1055.53,-0.008997
DESC-01,501,1400.92,-96.92,948.69,-0.008936
DESC-01,503,-146.37,350.22,1297.32,-0.009627
DESC-01,504,506.9,246.11,1320.24,-0.012663
DESC-01,505,601.71,1092.28,946.65,-0.009164
DESC-01,507,-214.24,-299.33,1355.46,-0.006142
DESC-01,508,1002.74,490.45,1041.76,-0.008806
DESC-01,510,112.38,280.0,1394.97,-0.010445
DESC-01,511,-288.28,-1259.46,945.89,-0.004703
DESC-01,515,-700.11,93.96,1114.5,-0.005391
DESC-01,518,1326.6,144.15,969.68,-0.007507
DESC-01,520,258.35,-975.18,1098.34,-0.009498
DESC-01,522,1088.49,105.06,1072.88,-0.010165
DESC-01,523,742.61,-298.31,1235.72,-0.010693
DESC-01,525,907.96,-1046.6,957.55,-0.007212
DESC-01,526,1004.59,568.39,1021.45,-0.008901
DESC-01,528,531.72,-731.41,1170.37,-0.00824
DESC-01,533,821.56,-505.41,1150.17,-0.009546
DESC-01,537,497.99,-1027.87,1048.92,-0.005729
DESC-01,538,-269.12,-1264.83,946.47,-0.004329
DESC-01,540,1157.46,-21.85,1049.19,-0.011022
DESC-01,541,417.97,47.68,1437.16,-0.009521
DESC-01,542,1085.39,-376.36,1061.68,-0.010668
DESC-01,546,591.54,-81.27,1345.45,-0.009729
DESC-01,547,-402.79,165.55,1250.43,-0.006021
DESC-01,549,1333.93,-140.96,974.6,-0.009685
DESC-01,550,-291.65,-1173.27,977.17,-0.005758
DESC-01,551,961.24,285.74,1103.93,-0.010304
DESC-01,553,-561.49,665.99,1039.59,-0.004018
DESC-01,556,-235.22,453.59,1221.27,-0.007042
DESC-01,557,228.91,568.49,1223.89,-0.010256
DESC-01,558,61.72,-116.09,1577.75,-0.010397
DESC-01,559,247.06,-443.98,1385.64,-0.011771
DESC-01,562,263.06,1029.32,1003.51,-0.008331
DESC-01,564,-336.53,1078.59,946.53,-0.006412
DESC-01,565,-208.12,632.72,1148.83,-0.003318
DESC-01,567,694.34,-1009.94,1019.39,-0.008178
DESC-01,569,334.19,-470.58,1351.38,-0.010719
DESC-01,571,-823.66,-56.04,1064.96,-0.003179
DESC-01,572,71.28,-276.36,1494.76,-0.009757
DESC-01,577,818.2,-897.86,1028.6,-0.008667
DESC-01,578,372.32,476.76,1253.42,-0.010975
DESC-01,579,-400.86,-963.21,1035.2,-0.00737
DESC-01,581,528.18,-457.45,1290.43,-0.008192
DESC-01,583,10.5,-928.62,1118.22,-0.010339
DESC-01,585,334.41,131.34,1447.99,-0.009148
DESC-01,586,230.7,105.15,1501.4,-0.011159
DESC-01,587,1348.34,-296.88,961.71,-0.007229
DESC-01,588,204.86,164.13,1468.31,-0.009043
DESC-01,590,252.57,427.45,1300.07,-0.009603
DESC-01,591,-491.8,96.46,1217.23,-0.006042
DESC-01,593,-404.55,412.51,1177.21,-0.007746
DESC-01,594,634.15,-273.92,1297.84,-0.010754
DESC-01,598,-892.76,-484.98,1002.02,-0.003717
DESC-01,599,766.32,-534.74,1164.81,-0.008882
DESC-01,600,590.05,-813.46,1120.47,-0.009174
DESC-01,602,7.43,-793.89,1184.3,-0.009717
DESC-01,604,-37.86,-128.21,1507.0,-0.008734
DESC-01,605,-618.62,415.33,1092.38,-0.005865
DESC-01,607,212.56,-1199.18,1001.06,-0.007347
DESC-01,608,-812.74,315.43,1035.26,-0.00608
DESC-01,610,457.93,1102.48,960.08,-0.007722
DESC-01,611,-314.95,-579.85,1208.12,-0.0055
DESC-01,613,-262.35,-1127.75,998.96,-0.007555
DESC-01,614,992.94,317.26,1084.24,-0.009741
DESC-01,616,1124.86,9.74,1062.69,-0.011173
DESC-01,619,-1027.91,-609.05,933.25,-0.003566
DESC-01,622,1024.67,-333.0,1094.19,-0.010163
DESC-01,623,629.27,-259.66,1303.5,-0.010903
DESC-01,625,744.91,992.53,958.29,-0.006998
DESC-01,627,-214.72,553.68,1182.66,-0.004392
DESC-02,2,2947.38,-7443.99,267.6,0.001009
DESC-02,3,-8294.52,-10124.0,250.96,0.006394
DESC-02,4,-12659.81,-3577.24,250.88,0.000334
DESC-02,7,6000.86,14696.79,250.2,-0.009611
DESC-02,8,8734.4,-7425.01,252.63,-0.009317
DESC-02,11,11668.91,3860.67,251.62,-0.005965
DESC-02,12,-1687.1,12829.78,251.0,-0.00449
DESC-02,13,10048.84,-11062.4,250.38,0.00316
DESC-02,15,-14329.63,6225.82,250.22,0.002224
DESC-02,18,5057.81,5001.96,277.64,-0.012181
DESC-02,20,9435.83,166.16,258.03,-0.01286
DESC-02,24,6966.1,7383.88,255.1,-0.007522
DESC-02,25,9631.75,10287.17,250.57,0.005901
DESC-02,28,6265.57,10628.83,251.48,0.002663
DESC-02,29,1027.16,-8117.06,265.68,0.005239
DESC-02,32,12490.06,11964.43,250.1,0.004053
DESC-02,34,-4047.21,-1795.32,362.76,0.005246
DESC-02,35,-13928.41,-14931.65,250.02,-0.003606
DESC-02,36,4210.21,-14680.75,250.31,-0.000383
DESC-02,37,-2204.7,11961.27,251.53,0.000688
DESC-02,38,11573.84,11713.92,250.15,-0.001733
DESC-02,39,-10627.78,4552.44,252.07,0.001746
DESC-02,41,11366.43,-3887.69,251.94,-0.011759
DESC-02,42,-722.59,1256.25,826.86,-0.004639
DESC-02,43,3344.2,11193.29,252.08,-0.004126
DESC-02,44,13425.15,-12823.53,250.05,-0.00821
DESC-02,45,10879.15,-2897.52,252.95,-0.008458
DESC-02,47,2715.27,4181.24,338.32,0.00255
DESC-02,49,-1276.57,-12677.0,251.22,0.006322
DESC-02,51,14291.98,-5954.32,250.28,-0.00057
DESC-02,52,4366.32,-9116.38,255.5,0.001623
DESC-02,53,-4001.17,1668.08,364.65,0.004821
DESC-02,54,5036.9,-10047.59,252.94,-0.008041
DESC-02,56,10621.27,-2722.7,253.47,-0.004509
DESC-02,57,11346.98,3906.13,251.9,0.011328
DESC-02,58,5038.67,-7151.94,261.8,0.006285
DESC-02,61,-14966.48,-3675.3,250.25,0.003244
DESC-02,62,-12267.92,6006.26,250.64,0.004201
DESC-02,64,-8923.93,6646.88,252.64,0.001465
DESC-02,66,5562.84,2716.4,297.44,0.012265
DESC-02,68,-8988.84,-5455.13,253.87,0.003393
DESC-02,69,14416.54,-13886.2,250.02,-0.002563
DESC-02,73,-13097.07,13025.98,250.04,-0.001465
DESC-02,75,3740.71,-9175.53,256.12,0.002064
DESC-02,76,10305.01,7276.21,251.32,-0.001559
DESC-02,77,-3561.22,9401.01,254.89,-0.005244
DESC-02,78,14647.57,-5980.26,250.23,-0.004191
DESC-02,79,7641.02,5851.35,256.93,0.008953
DESC-02,80,-7615.4,-14107.07,250.19,-0.011762
DESC-02,82,-2653.9,1416.38,489.5,0.001903
DESC-02,83,-10907.46,-2175.42,252.7,0.00451
DESC-02,84,-14982.96,-11234.75,250.04,-0.00113
DESC-02,85,-12365.9,-960.84,251.31,0.008349
DESC-02,86,-9830.29,5427.77,252.49,0.00598
DESC-02,87,4864.47,-7684.6,259.71,-0.006018
DESC-02,88,-6018.86,-10637.51,251.57,0.014445
DESC-02,89,-9163.88,-13927.37,250.13,-0.011819
DESC-02,90,-1417.68,6671.04,279.78,0.004578
DESC-02,92,3121.32,-42.28,518.64,-0.006935
DESC-02,94,1733.34,-917.53,767.55,-0.011109
DESC-02,95,1006.1,14270.97,250.48,0.000576
DESC-02,97,-6031.84,5289.64,264.81,0.00991
DESC-02,98,9326.46,-1596.14,257.98,-0.006596
DESC-02,102,-14505.45,5999.35,250.21,-0.003033
DESC-02,103,-5158.59,10985.79,251.53,-0.002552
DESC-02,104,8071.04,-2234.35,264.64,-0.000164
DESC-02,105,-9202.52,-9887.45,250.75,-0.001452
DESC-02,106,-10751.62,-12242.46,250.16,-0.005559
DESC-02,107,8349.85,11432.66,250.54,-0.007645
DESC-02,109,-2503.74,-379.0,567.54,-0.004276
DESC-02,110,10398.71,10934.74,250.33,0.003101
DESC-02,111,6804.78,7006.61,256.32,0.007306
DESC-02,113,-7336.73,-10195.33,251.29,0.004405
DESC-02,114,1297.05,12483.63,251.27,-0.006385
DESC-02,116,-7254.47,3778.25,263.54,-0.010148
DESC-02,118,-8245.96,10224.41,250.87,0.005651
DESC-02,119,14361.04,-13136.34,250.03,0.013353
DESC-02,120,10180.61,-8957.99,250.82,0.006753
DESC-02,121,1260.12,11021.41,252.85,-0.006678
DESC-02,122,12825.85,-6231.59,250.56,0.000341
DESC-02,124,6072.05,-9801.16,252.51,0.003493
DESC-02,128,-1780.91,8782.93,259.07,-0.006654
DESC-02,129,-14301.01,-1718.46,250.43,0.005818
DESC-02,132,8966.77,-11108.03,250.55,-0.005483
DESC-02,133,-12883.91,-1872.95,250.94,-0.004931
DESC-02,135,-4421.05,14521.01,250.28,-0.002029
DESC-02,136,11298.87,-5289.19,251.5,-0.004903
DESC-02,137,-6132.09,9106.46,252.89,-0.001042
DESC-02,139,-14177.18,-9372.53,250.11,-0.004205
DESC-02,140,-7132.87,-3616.54,265.59,-0.005166
DESC-02,143,1858.02,-14460.74,250.45,-0.000511
DESC-02,144,11135.73,1015.15,253.04,0.004437
DESC-02,146,-8196.86,3150.87,259.7,0.00569
DESC-02,147,7300.71,-5451.11,259.74,-0.011129
DESC-02,149,-14657.04,-4450.95,250.26,-0.000472
DESC-02,150,1868.98,3390.84,412.79,-0.005544
DESC-02,151,-4924.44,13058.72,250.56,0.002525
DESC-02,152,14469.37,-1620.84,250.47,0.001556
DESC-02,154,4639.27,-4336.88,295.02,0.004306
DESC-02,158,1615.68,-9749.08,256.12,-0.005809
DESC-02,159,-8461.14,-8400.32,251.81,-0.000622
DESC-02,160,4714.8,2983.98,316.02,0.011451
DESC-02,163,2890.49,-5761.04,292.1,0.007492
DESC-02,164,-2586.4,-9007.43,257.82,0.002615
DESC-02,165,5436.92,-13896.25,250.38,0.006155
DESC-02,167,4892.91,13333.11,250.52,-0.001692
DESC-02,169,13402.43,5018.06,250.53,0.001508
DESC-02,170,2425.83,-13713.1,250.65,0.008338
DESC-02,173,-13395.89,2447.38,250.66,-0.001895
DESC-02,175,-12750.71,4795.74,250.66,-0.001023
DESC-02,176,-7950.92,13022.51,250.27,0.003044
DESC-02,177,-1296.47,4102.29,369.78,0.005751
DESC-02,178,11158.06,-7289.34,250.94,0.000398
DESC-02,179,-8747.49,-12894.92,250.24,-0.005663
DESC-02,180,12266.61,13396.36,250.06,-0.00764
DESC-02,181,-2692.69,-13102.27,250.85,0.004885
DESC-02,182,-11927.91,-5449.0,250.91,0.002153
DESC-02,185,-8851.07,8606.13,251.34,-0.006629
DESC-02,186,14578.21,-337.09,250.46,0.001429
DESC-02,187,-1452.35,11908.85,251.69,-0.003363
DESC-02,188,8634.52,-931.52,262.27,-0.009926
DESC-02,190,-7306.27,13542.75,250.25,-0.010388
DESC-02,196,6620.93,3387.35,273.71,-0.003417
DESC-02,198,5109.42,7371.14,259.69,-0.004978
DESC-02,202,-7162.19,-166.15,274.09,0.007496
DESC-02,203,1787.97,12515.39,251.21,-0.004651
DESC-02,205,6732.79,4400.44,266.78,0.002531
DESC-02,207,6200.86,1778.1,291.58,-0.004349
DESC-02,213,5030.09,14762.17,250.24,-0.014537
DESC-02,215,-4767.62,7691.98,258.45,0.008972
DESC-02,218,8018.87,14026.22,250.18,-0.002934
DESC-02,219,-4978.2,10873.24,251.69,-0.008583
DESC-02,221,-2337.55,-7357.07,269.53,0.009516
DESC-02,222,-1712.49,958.58,678.17,0.014514
DESC-02,223,-134.19,-7788.67,269.27,0.007969
DESC-02,225,-3267.07,13678.07,250.53,0.001215
DESC-02,226,12401.97,-4906.24,250.93,0.006483
DESC-02,227,-13763.73,10269.04,250.09,0.004177
DESC-02,228,-3916.84,4575.2,295.16,0.00145
DESC-02,229,4227.87,120.12,394.9,-0.001025
DESC-02,230,5896.34,-14015.99,250.32,0.003484
DESC-02,231,-7039.58,-799.89,275.28,0.010376
DESC-02,233,-4668.97,-13164.1,250.61,-0.006679
DESC-02,235,6040.39,-14930.35,250.2,-0.006695
DESC-02,237,-4086.65,-13204.36,250.66,-0.013764
DESC-02,239,4916.38,11693.99,251.21,-0.00836
DESC-02,240,13506.35,-12916.21,250.05,0.00047
DESC-02,241,6668.45,-6244.06,259.58,-0.003145
DESC-02,246,-8082.41,-7364.93,253.12,0.002746
DESC-02,250,4859.19,9462.4,253.79,-0.004384
DESC-02,252,5292.51,-9460.62,253.67,-0.008957
DESC-02,255,-13853.96,-2843.71,250.5,-0.007031
DESC-02,256,7836.43,1288.83,268.3,0.002703
DESC-02,260,-14731.12,13378.8,250.02,-0.004305
DESC-02,262,-1321.34,4262.31,359.63,0.009616
DESC-02,263,11210.0,13438.09,250.09,-0.001397
DESC-02,264,-9423.97,-2492.32,255.81,-0.007089
DESC-02,266,-12722.72,-2085.72,251.01,-0.010237
DESC-02,267,11178.56,9249.23,250.46,0.013979
DESC-02,268,-3270.71,14299.34,250.38,0.006179
DESC-02,270,11983.5,8389.96,250.43,-0.006654
DESC-02,271,8178.45,13235.89,250.25,0.007544
DESC-02,273,-4735.47,7351.62,260.01,0.002936
DESC-02,275,-14573.5,9388.01,250.08,0.006065
DESC-02,276,-12773.4,-7601.69,250.35,-0.000689
DESC-02,277,-3578.3,5443.77,284.53,-0.012063
DESC-02,278,9517.96,-4421.88,254.52,-0.005075
DESC-02,279,-9679.3,-7873.64,251.32,0.003707
DESC-02,280,-12280.07,-1106.44,251.37,-0.001484
DESC-02,281,622.59,14612.23,250.4,0.001768
DESC-02,282,-9506.18,-13098.6,250.17,-0.002621
DESC-02,284,-8643.83,-12827.25,250.26,-0.006867
DESC-02,286,3174.26,3495.14,353.83,-0.00439
DESC-02,287,12605.53,14979.09,250.03,-0.000956
DESC-02,288,6974.38,6609.19,256.93,0.009739
DESC-02,289,-10541.61,-10003.97,250.42,0.0053
DESC-02,291,-5071.12,-13540.07,250.46,-0.002738
DESC-02,294,14777.13,-7858.59,250.14,0.006182
DESC-02,297,-13165.28,-1221.7,250.84,-0.004156
DESC-02,298,13249.07,-5017.85,250.59,0.006091
DESC-02,299,-8860.18,-12701.16,250.25,-0.003911
DESC-02,300,1627.63,-6562.07,284.84,-2.8e-05
DESC-02,305,-14564.11,-11198.42,250.05,-0.006267
DESC-02,306,8563.08,-12080.47,250.41,0.006796
DESC-02,309,-4696.94,-11590.23,251.36,0.003532
DESC-02,310,12098.06,11143.23,250.16,-0.000436
DESC-02,311,5695.6,-12453.33,250.75,-0.010853
DESC-02,313,-4656.0,11558.21,251.28,-0.002341
DESC-02,316,2442.72,-3492.08,392.66,-0.000364
DESC-02,317,4033.25,-11670.01,251.57,-0.007219
DESC-02,319,-13637.19,7137.7,250.25,-0.001544
DESC-02,320,-10931.57,1891.01,252.69,0.001617
DESC-02,321,10549.99,-5924.7,251.85,0.001574
DESC-02,323,9871.5,11771.16,250.28,-0.002498
DESC-02,324,11397.39,5505.37,251.31,0.011099
DESC-02,325,-14396.79,12025.05,250.04,0.005617
DESC-02,326,-8545.38,375.66,261.1,0.002755
DESC-02,329,1193.3,-11209.73,252.81,0.003221
DESC-02,330,-9671.21,3143.73,254.49,-0.002945
DESC-02,331,-11631.73,-1029.68,251.97,0.006357
DESC-02,332,-7161.41,-6059.5,257.37,0.000363
DESC-02,335,-3066.44,11149.77,252.13,0.000123
DESC-02,337,12765.53,14057.19,250.04,-0.000919
DESC-02,338,-5523.08,-6068.12,264.32,0.002654
DESC-02,339,-9397.45,-10805.43,250.48,0.001315
DESC-02,340,-14826.24,-180.65,250.34,0.00475
DESC-02,341,3665.15,-8937.36,257.03,-0.007855
DESC-02,342,7401.55,-9249.17,252.12,-0.001373
DESC-02,343,-277.14,8562.86,261.44,0.003516
DESC-02,345,-13441.68,-3957.27,250.54,0.004633
DESC-02,347,7872.32,-12439.32,250.43,-0.005147
DESC-02,348,-4817.06,-2113.77,320.98,-0.006281
DESC-02,349,13355.67,12436.39,250.06,-0.008299
DESC-02,350,-12406.77,2690.86,251.11,-0.001455
DESC-02,352,6023.78,-8084.01,255.63,-0.003687
DESC-02,353,-12631.36,868.42,251.13,-0.005628
DESC-02,354,8267.25,8543.43,251.94,-0.000361
DESC-02,358,10548.01,-12194.93,250.2,0.003184
DESC-02,360,2382.11,-12361.81,251.36,-0.008536
DESC-02,361,13140.65,3887.76,250.74,-0.008579
DESC-02,363,1213.29,-13135.45,250.97,0.00792
DESC-02,365,-548.92,-5477.13,318.09,-0.009042
DESC-02,367,-10602.94,713.73,253.5,-0.002238
DESC-02,368,13396.27,-9696.25,250.16,-0.008101
DESC-02,369,8448.02,-12234.96,250.39,0.000176
DESC-02,373,-11339.0,942.01,252.31,0.002107
DESC-02,375,5116.91,-12464.13,250.84,-0.007949
DESC-02,376,-4842.05,-5025.08,278.23,-5.9e-05
DESC-02,377,-3576.81,12681.59,250.87,0.000888
DESC-02,378,2517.15,-6312.75,284.48,0.001129
DESC-02,379,9549.62,-7827.65,251.61,-0.003456
DESC-02,380,2472.51,8118.4,262.31,-0.001096
DESC-02,381,-13089.95,-7932.3,250.27,0.002035
DESC-02,385,-6634.86,-10145.9,251.65,-0.000699
DESC-02,386,-12314.39,-13645.85,250.05,0.009427
DESC-02,387,-7273.27,-6995.34,254.99,-0.005098
DESC-02,388,-6279.89,-849.69,288.34,0.014582
DESC-02,389,-9863.95,-4524.51,253.18,-0.001035
DESC-02,390,10261.57,10831.46,250.36,0.004585
DESC-02,391,4923.48,14689.49,250.25,-0.006884
DESC-02,395,-12925.96,5022.91,250.57,-0.00178
DESC-02,396,8341.56,-3401.5,260.31,-0.004921
DESC-02,397,-7317.2,-8807.59,252.37,-0.000151
DESC-02,399,-7626.45,1288.87,267.42,0.010043
DESC-02,400,1640.66,11469.66,252.17,-0.004738
DESC-02,401,8360.95,-12761.29,250.32,0.000866
DESC-02,402,7868.19,9779.47,251.33,-0.001016
DESC-02,403,12985.26,10455.51,250.14,-0.005956
DESC-02,405,12259.35,2217.45,251.49,-0.000693
DESC-02,406,-4435.56,-14743.79,250.27,-0.006845
DESC-02,407,4000.29,-7630.73,262.62,0.001248
DESC-02,408,-11931.59,5648.71,250.83,-0.004209
DESC-02,409,-4824.34,-1219.64,332.2,-0.002228
DESC-02,410,-2153.88,3283.22,395.39,-0.002138
DESC-02,411,11546.5,-2293.84,252.21,0.001329
DESC-02,413,3330.73,5342.65,292.59,-0.001143
DESC-02,415,6360.37,3907.2,273.2,-0.007875
DESC-02,416,6131.38,11287.18,251.11,0.00687
DESC-02,417,-4372.84,10359.37,252.52,0.00497
DESC-02,419,2055.83,2351.17,501.65,-0.015729
DESC-02,420,9044.62,-10407.35,250.72,-0.010424
DESC-02,422,4870.5,1653.26,335.67,-0.003151
DESC-02,423,-1341.67,2027.82,583.5,0.010812
DESC-02,425,8860.15,-4428.45,256.27,-0.006582
DESC-02,426,-14279.51,-14900.03,250.01,-0.001912
DESC-02,427,-12481.34,1826.28,251.16,0.001621
DESC-02,430,399.26,-171.76,1457.94,-0.008435
DESC-02,431,-274.58,-370.49,1301.97,-0.018328
DESC-02,433,230.26,232.0,1420.58,-0.01954
DESC-02,436,871.69,233.55,1154.23,-0.020729
DESC-02,438,-834.7,-257.55,1053.0,-0.010569
DESC-02,439,-65.82,-1333.09,940.78,0.001985
DESC-02,440,95.7,-1286.2,965.83,0.001865
DESC-02,442,145.02,387.71,1329.63,-0.022432
DESC-02,443,496.8,-725.13,1181.99,0.000631
DESC-02,444,-701.19,93.5,1114.04,-0.007204
DESC-02,445,118.99,-1371.88,932.87,0.002163
DESC-02,446,-504.31,-1170.11,940.83,-0.001261
DESC-02,447,-377.87,-773.83,1112.55,-0.003935
DESC-02,448,-403.14,70.17,1268.21,-0.012087
DESC-02,449,1033.97,-101.47,1106.61,-0.010192
DESC-02,451,-456.33,199.97,1216.04,-0.013481
DESC-02,457,332.26,-922.08,1117.46,-0.001964
DESC-02,458,183.5,1016.33,1011.18,-0.004818
DESC-02,460,1115.0,602.08,976.12,-0.010905
DESC-02,461,854.7,-379.84,1164.85,-0.008995
DESC-02,463,-551.24,964.73,945.9,-0.007469
DESC-02,464,1294.81,200.14,977.39,-0.015385
DESC-02,467,-197.53,-995.79,1062.45,0.0007
DESC-02,469,-487.22,-1126.0,958.94,-0.000179
DESC-02,470,-1066.48,-237.98,958.2,-0.006851
DESC-02,473,107.62,878.33,1071.64,-0.013245
DESC-02,474,778.42,927.97,973.66,-0.018086
DESC-02,475,136.61,154.64,1478.64,-0.014952
DESC-02,476,658.71,-313.52,1275.83,-0.006456
DESC-02,479,311.44,-368.46,1415.12,-0.001971
DESC-02,482,-599.52,-697.38,1066.28,-0.012989
DESC-02,485,-939.2,-24.06,1013.81,-0.006374
DESC-02,487,596.26,59.59,1329.73,-0.013653
DESC-02,488,1230.7,-587.95,971.14,-0.015382
DESC-02,489,-303.19,210.06,1288.26,-0.016547
DESC-02,491,-403.37,705.51,1070.91,-0.009893
DESC-02,493,222.05,254.4,1407.69,-0.021487
DESC-02,495,-360.01,25.15,1298.3,-0.00977
DESC-02,496,819.18,877.6,981.58,-0.01672
DESC-02,497,1303.38,-335.69,976.26,-0.013072
DESC-02,498,1077.38,280.31,1055.53,-0.019656
DESC-02,499,-666.32,840.2,956.86,-0.00838
DESC-02,501,1400.92,-96.92,948.69,-0.011226
DESC-02,506,32.72,508.38,1253.17,-0.022224
DESC-02,507,-214.24,-299.33,1355.46,-0.017049
DESC-02,508,1002.74,490.45,1041.76,-0.019538
DESC-02,510,112.38,280.0,1394.97,-0.022172
DESC-02,512,1126.6,-401.0,1040.85,-0.010626
DESC-02,513,369.53,433.17,1276.74,-0.019838
DESC-02,514,455.74,166.92,1375.4,-0.014424
DESC-02,515,-700.11,93.96,1114.5,-0.007143
DESC-02,516,-636.12,360.07,1098.71,-0.01154
DESC-02,517,1168.67,-68.34,1044.94,-0.012422
DESC-02,519,1316.08,199.86,969.11,-0.014864
DESC-02,520,258.35,-975.18,1098.34,-0.006364
DESC-02,523,742.61,-298.31,1235.72,-0.009435
DESC-02,525,907.96,-1046.6,957.55,-0.003629
DESC-02,526,1004.59,568.39,1021.45,-0.01572
DESC-02,528,531.72,-731.41,1170.37,0.001382
DESC-02,531,381.46,1111.85,963.17,-0.002081
DESC-02,533,821.56,-505.41,1150.17,-0.00838
DESC-02,536,-53.32,-689.59,1229.68,-0.009349
DESC-02,540,1157.46,-21.85,1049.19,-0.010452
DESC-02,541,417.97,47.68,1437.16,-0.013109
DESC-02,545,675.16,-744.35,1124.59,-0.009882
DESC-02,547,-402.79,165.55,1250.43,-0.01103
DESC-02,548,11.46,-1320.87,949.64,0.002702
DESC-02,549,1333.93,-140.96,974.6,-0.01129
DESC-02,550,-291.65,-1173.27,977.17,-0.002186
DESC-02,552,-543.16,254.97,1162.81,-0.010494
DESC-02,553,-561.49,665.99,1039.59,-0.010354
DESC-02,554,-673.5,870.79,946.06,-0.010118
DESC-02,556,-235.22,453.59,1221.27,-0.012231
DESC-02,562,263.06,1029.32,1003.51,-0.007123
DESC-02,563,822.25,-730.24,1082.67,-0.008687
DESC-02,565,-208.12,632.72,1148.83,-0.018879
DESC-02,569,334.19,-470.58,1351.38,-0.003968
DESC-02,572,71.28,-276.36,1494.76,-0.010826
DESC-02,573,-403.43,294.11,1215.95,-0.006932
DESC-02,577,818.2,-897.86,1028.6,-0.009028
DESC-02,578,372.32,476.76,1253.42,-0.02144
DESC-02,579,-400.86,-963.21,1035.2,-0.004136
DESC-02,581,528.18,-457.45,1290.43,-0.004933
DESC-02,583,10.5,-928.62,1118.22,-0.00732
DESC-02,585,334.41,131.34,1447.99,-0.013289
DESC-02,586,230.7,105.15,1501.4,-0.014622
DESC-02,587,1348.34,-296.88,961.71,-0.010677
DESC-02,588,204.86,164.13,1468.31,-0.020617
DESC-02,589,344.5,478.4,1258.0,-0.016817
DESC-02,591,-491.8,96.46,1217.23,-0.007574
DESC-02,592,1115.59,84.96,1062.42,-0.015309
DESC-02,598,-892.76,-484.98,1002.02,-0.008185
DESC-02,600,590.05,-813.46,1120.47,-0.008293
DESC-02,601,366.26,190.55,1404.94,-0.014406
DESC-02,603,-174.19,702.59,1124.48,-0.014187
DESC-02,604,-37.86,-128.21,1507.0,-0.007382
DESC-02,605,-618.62,415.33,1092.38,-0.015825
DESC-02,607,212.56,-1199.18,1001.06,0.004163
DESC-02,608,-812.74,315.43,1035.26,-0.000695
DESC-02,609,-776.75,23.13,1083.96,-0.007375
DESC-02,610,457.93,1102.48,960.08,-0.003255
DESC-02,611,-314.95,-579.85,1208.12,-0.009187
DESC-02,613,-262.35,-1127.75,998.96,-0.00611
DESC-02,618,-734.22,-396.48,1080.87,-0.008266
DESC-02,620,104.14,167.11,1467.56,-0.017054
DESC-02,622,1024.67,-333.0,1094.19,-0.010893
DESC-02,623,629.27,-259.66,1303.5,-0.00198
DESC-02,624,-250.2,595.93,1154.9,-0.017859
DESC-02,625,744.91,992.53,958.29,-0.011467
DESC-02,627,-214.72,553.68,1182.66,-0.015895
DESC-02,628,154.32,658.02,1179.09,-0.022863
DESC-02,629,-1142.05,25.47,931.32,-0.003661
DESC-03,4,-12659.81,-3577.24,250.88,-0.003805
DESC-03,6,5782.62,10477.42,251.82,0.00203
DESC-03,7,6000.86,14696.79,250.2,-0.000847
DESC-03,8,8734.4,-7425.01,252.63,0.001082
DESC-03,11,11668.91,3860.67,251.62,-0.000534
DESC-03,12,-1687.1,12829.78,251.0,-0.002669
DESC-03,13,10048.84,-11062.4,250.38,-0.00024
DESC-03,14,-12506.56,12119.15,250.08,0.00498
DESC-03,15,-14329.63,6225.82,250.22,0.002494
DESC-03,16,-11433.11,303.52,252.24,-0.000808
DESC-03,20,9435.83,166.16,258.03,-0.002098
DESC-03,21,14140.74,-10107.27,250.1,0.000127
DESC-03,23,-11902.4,-9858.45,250.25,-0.000614
DESC-03,30,7277.53,-386.18,276.6,-0.004849
DESC-03,32,12490.06,11964.43,250.1,-1.7e-05
DESC-03,34,-4047.21,-1795.32,362.76,8.5e-05
DESC-03,35,-13928.41,-14931.65,250.02,-0.000219
DESC-03,38,11573.84,11713.92,250.15,-0.000993
DESC-03,39,-10627.78,4552.44,252.07,0.000462
DESC-03,43,3344.2,11193.29,252.08,-0.001461
DESC-03,45,10879.15,-2897.52,252.95,0.00194
DESC-03,50,-7397.33,-2344.91,267.58,-0.001071
DESC-03,52,4366.32,-9116.38,255.5,0.003871
DESC-03,53,-4001.17,1668.08,364.65,0.000993
DESC-03,54,5036.9,-10047.59,252.94,0.001128
DESC-03,55,-10392.71,10359.13,250.37,0.001076
DESC-03,57,11346.98,3906.13,251.9,-0.001547
DESC-03,59,-10276.56,-9900.86,250.49,-0.000792
DESC-03,60,5509.47,13354.61,250.45,-0.004193
DESC-03,61,-14966.48,-3675.3,250.25,0.000183
DESC-03,63,-1517.95,-3426.73,425.36,-0.002074
DESC-03,68,-8988.84,-5455.13,253.87,0.001381
DESC-03,71,12842.38,-7175.91,250.43,-0.000213
DESC-03,72,-11404.96,-12186.31,250.13,-0.002263
DESC-03,73,-13097.07,13025.98,250.04,-0.000374
DESC-03,74,-13986.64,14254.94,250.02,0.000737
DESC-03,75,3740.71,-9175.53,256.12,0.002318
DESC-03,77,-3561.22,9401.01,254.89,0.002965
DESC-03,80,-7615.4,-14107.07,250.19,0.000936
DESC-03,81,7587.49,-9632.52,251.68,-0.000322
DESC-03,82,-2653.9,1416.38,489.5,-0.001619
DESC-03,84,-14982.96,-11234.75,250.04,0.00148
DESC-03,85,-12365.9,-960.84,251.31,0.000319
DESC-03,88,-6018.86,-10637.51,251.57,0.001363
DESC-03,89,-9163.88,-13927.37,250.13,0.002442
DESC-03,90,-1417.68,6671.04,279.78,0.000163
DESC-03,91,-13267.28,-7954.68,250.25,0.002689
DESC-03,92,3121.32,-42.28,518.64,-0.003311
DESC-03,93,-7593.66,-5117.84,258.26,0.001088
DESC-03,95,1006.1,14270.97,250.48,-0.00447
DESC-03,97,-6031.84,5289.64,264.81,0.00124
DESC-03,98,9326.46,-1596.14,257.98,-0.001393
DESC-03,102,-14505.45,5999.35,250.21,0.002242
DESC-03,103,-5158.59,10985.79,251.53,-0.002473
DESC-03,104,8071.04,-2234.35,264.64,-0.003321
DESC-03,105,-9202.52,-9887.45,250.75,-0.000945
DESC-03,106,-10751.62,-12242.46,250.16,0.002815
DESC-03,108,6384.54,-772.52,292.92,-0.001432
DESC-03,109,-2503.74,-379.0,567.54,-0.002066
DESC-03,112,-13598.44,-12667.44,250.04,-0.000397
DESC-03,114,1297.05,12483.63,251.27,0.000285
DESC-03,116,-7254.47,3778.25,263.54,-0.004441
DESC-03,117,-2865.32,8921.6,257.17,0.002064
DESC-03,118,-8245.96,10224.41,250.87,0.000209
DESC-03,120,10180.61,-8957.99,250.82,-0.000692
DESC-03,121,1260.12,11021.41,252.85,-0.000603
DESC-03,122,12825.85,-6231.59,250.56,-0.000147
DESC-03,123,-4095.53,5460.03,278.98,-0.001029
DESC-03,124,6072.05,-9801.16,252.51,-0.003453
DESC-03,125,259.75,-7940.28,267.76,0.001055
DESC-03,126,-8627.19,-6453.27,253.38,-0.001078
DESC-03,127,-4478.33,12829.92,250.69,-0.001683
DESC-03,128,-1780.91,8782.93,259.07,-0.001504
DESC-03,130,642.93,2861.85,516.96,-0.004125
DESC-03,132,8966.77,-11108.03,250.55,-0.000479
DESC-03,133,-12883.91,-1872.95,250.94,-6.7e-05
DESC-03,135,-4421.05,14521.01,250.28,-0.000391
DESC-03,136,11298.87,-5289.19,251.5,-0.003268
DESC-03,139,-14177.18,-9372.53,250.11,0.002164
DESC-03,140,-7132.87,-3616.54,265.59,-0.00018
DESC-03,142,-9602.4,2867.55,254.88,-0.001654
DESC-03,146,-8196.86,3150.87,259.7,0.001374
DESC-03,147,7300.71,-5451.11,259.74,-0.001001
DESC-03,152,14469.37,-1620.84,250.47,5.5e-05
DESC-03,154,4639.27,-4336.88,295.02,-0.002535
DESC-03,156,13545.64,-6084.81,250.4,-0.002892
DESC-03,157,11787.82,14400.13,250.05,-0.0009
DESC-03,159,-8461.14,-8400.32,251.81,-0.00078
DESC-03,160,4714.8,2983.98,316.02,-0.003663
DESC-03,161,-14299.32,-2922.51,250.39,-0.000421
DESC-03,162,-1322.71,-11807.99,251.97,0.00141
DESC-03,166,-8120.93,-10112.79,251.02,0.00085
DESC-03,167,4892.91,13333.11,250.52,-0.003852
DESC-03,168,-6235.6,954.81,288.49,-0.000792
DESC-03,170,2425.83,-13713.1,250.65,-0.001234
DESC-03,171,-5523.93,-4253.36,277.97,0.003233
DESC-03,172,-3185.08,1572.13,427.07,0.001237
DESC-03,173,-13395.89,2447.38,250.66,0.000582
DESC-03,175,-12750.71,4795.74,250.66,0.002236
DESC-03,176,-7950.92,13022.51,250.27,0.000975
DESC-03,179,-8747.49,-12894.92,250.24,0.001228
DESC-03,181,-2692.69,-13102.27,250.85,-0.001281
DESC-03,182,-11927.91,-5449.0,250.91,0.002741
DESC-03,183,6105.11,-2039.78,293.0,-0.002163
DESC-03,184,-11653.76,1280.97,251.9,-0.001775
DESC-03,185,-8851.07,8606.13,251.34,-0.000513
DESC-03,187,-1452.35,11908.85,251.69,-0.000805
DESC-03,189,3491.21,-1004.99,454.01,-0.004754
DESC-03,193,-14240.7,-8.35,250.47,0.000758
DESC-03,194,-8108.64,7218.72,253.07,-0.002093
DESC-03,200,-145.35,-3700.64,436.06,-0.004444
DESC-03,201,4919.77,-14635.7,250.28,0.000682
DESC-03,202,-7162.19,-166.15,274.09,0.000591
DESC-03,204,12259.88,13744.9,250.05,0.003006
DESC-03,205,6732.79,4400.44,266.78,-0.000207
DESC-03,207,6200.86,1778.1,291.58,-0.000461
DESC-03,208,-7441.72,-9424.37,251.74,-0.00078
DESC-03,209,5023.11,3806.16,293.88,-0.003508
DESC-03,210,-12412.65,-3184.91,251.06,-0.001424
DESC-03,215,-4767.62,7691.98,258.45,-0.001003
DESC-03,218,8018.87,14026.22,250.18,-1.3e-05
DESC-03,221,-2337.55,-7357.07,269.53,-0.001528
DESC-03,222,-1712.49,958.58,678.17,-0.002874
DESC-03,227,-13763.73,10269.04,250.09,0.001467
DESC-03,229,4227.87,120.12,394.9,-0.004114
DESC-03,232,1353.9,-7632.92,269.99,-0.000972
DESC-03,235,6040.39,-14930.35,250.2,0.000155
DESC-03,236,-14438.63,12717.06,250.03,0.002207
DESC-03,242,-9930.72,1791.33,254.7,-0.000875
DESC-03,246,-8082.41,-7364.93,253.12,-0.001601
DESC-03,248,-2222.55,14644.72,250.35,0.001638
DESC-03,253,14774.82,-12189.97,250.04,0.00259
DESC-03,255,-13853.96,-2843.71,250.5,0.000983
DESC-03,256,7836.43,1288.83,268.3,0.000765
DESC-03,257,2929.53,14295.3,250.41,0.001992
DESC-03,258,-9301.97,11325.63,250.37,0.000598
DESC-03,259,-369.43,13548.27,250.72,0.002521
DESC-03,260,-14731.12,13378.8,250.02,0.000918
DESC-03,261,-2360.91,-7054.22,272.79,-0.001857
DESC-03,262,-1321.34,4262.31,359.63,0.00056
DESC-03,264,-9423.97,-2492.32,255.81,-0.00271
DESC-03,265,-10088.86,14425.58,250.07,-0.000892
DESC-03,266,-12722.72,-2085.72,251.01,-0.001517
DESC-03,270,11983.5,8389.96,250.43,0.001993
DESC-03,271,8178.45,13235.89,250.25,0.001023
DESC-03,272,-11599.21,12171.94,250.11,0.002119
DESC-03,274,-11251.69,10758.27,250.22,-0.000761
DESC-03,277,-3578.3,5443.77,284.53,0.003204
DESC-03,278,9517.96,-4421.88,254.52,-0.001775
DESC-03,280,-12280.07,-1106.44,251.37,0.002453
DESC-03,281,622.59,14612.23,250.4,-0.000889
DESC-03,282,-9506.18,-13098.6,250.17,0.001876
DESC-03,285,-3233.89,12134.92,251.22,-0.001531
DESC-03,286,3174.26,3495.14,353.83,0.00299
DESC-03,287,12605.53,14979.09,250.03,0.00201
DESC-03,288,6974.38,6609.19,256.93,0.000417
DESC-03,290,-4829.27,10815.97,251.8,0.001751
DESC-03,294,14777.13,-7858.59,250.14,0.000242
DESC-03,295,6140.73,2520.62,287.19,-0.004035
DESC-03,296,10563.34,6413.09,251.53,0.000289
DESC-03,297,-13165.28,-1221.7,250.84,0.001984
DESC-03,299,-8860.18,-12701.16,250.25,0.000902
DESC-03,300,1627.63,-6562.07,284.84,0.002111
DESC-03,303,8728.22,-12270.87,250.35,0.002057
DESC-03,304,-4075.98,-4822.88,291.06,0.003097
DESC-03,305,-14564.11,-11198.42,250.05,0.000659
DESC-03,306,8563.08,-12080.47,250.41,-6.3e-05
DESC-03,309,-4696.94,-11590.23,251.36,-0.00018
DESC-03,311,5695.6,-12453.33,250.75,-0.004961
DESC-03,313,-4656.0,11558.21,251.28,0.001257
DESC-03,314,-1292.16,-4735.54,343.37,-0.002576
DESC-03,316,2442.72,-3492.08,392.66,-0.001907
DESC-03,327,-33.63,1645.19,783.99,-0.003846
DESC-03,330,-9671.21,3143.73,254.49,-0.000158
DESC-03,333,-3629.92,8353.32,258.25,0.002221
DESC-03,334,13624.48,-4400.03,250.54,-0.0005
DESC-03,337,12765.53,14057.19,250.04,-0.002238
DESC-03,339,-9397.45,-10805.43,250.48,0.00257
DESC-03,340,-14826.24,-180.65,250.34,0.000212
DESC-03,341,3665.15,-8937.36,257.03,0.003258
DESC-03,342,7401.55,-9249.17,252.12,-0.001042
DESC-03,343,-277.14,8562.86,261.44,0.002281
DESC-03,346,-1261.66,13709.75,250.63,0.003204
DESC-03,347,7872.32,-12439.32,250.43,-0.00188
DESC-03,348,-4817.06,-2113.77,320.98,0.001324
DESC-03,349,13355.67,12436.39,250.06,-0.000924
DESC-03,354,8267.25,8543.43,251.94,0.000388
DESC-03,355,-2234.4,12128.0,251.4,-0.003292
DESC-03,358,10548.01,-12194.93,250.2,0.001373
DESC-03,359,3963.66,3458.87,327.78,-0.001526
DESC-03,361,13140.65,3887.76,250.74,0.000142
DESC-03,362,-5244.72,7739.09,257.15,0.000158
DESC-03,363,1213.29,-13135.45,250.97,-0.001728
DESC-03,364,-3549.11,8125.77,259.43,0.000499
DESC-03,366,10351.71,8898.31,250.74,0.001288
DESC-03,372,-3928.87,-3085.46,333.89,0.00385
DESC-03,378,2517.15,-6312.75,284.48,0.001885
DESC-03,381,-13089.95,-7932.3,250.27,0.000243
DESC-03,383,-13101.65,-4582.87,250.59,-0.000942
DESC-03,386,-12314.39,-13645.85,250.05,-0.002495
DESC-03,390,10261.57,10831.46,250.36,0.001916
DESC-03,393,8271.65,9430.4,251.34,-0.000138
DESC-03,394,-11072.39,-9086.16,250.47,0.000701
DESC-03,395,-12925.96,5022.91,250.57,0.001638
DESC-03,397,-7317.2,-8807.59,252.37,0.003336
DESC-03,398,-12217.41,2711.74,251.22,0.001392
DESC-03,402,7868.19,9779.47,251.33,-0.001508
DESC-03,403,12985.26,10455.51,250.14,0.000399
DESC-03,404,9641.95,6637.36,252.19,0.000387
DESC-03,405,12259.35,2217.45,251.49,-0.000813
DESC-03,406,-4435.56,-14743.79,250.27,0.001241
DESC-03,407,4000.29,-7630.73,262.62,0.005244
DESC-03,409,-4824.34,-1219.64,332.2,-0.000567
DESC-03,412,13420.1,3265.47,250.7,-0.001723
DESC-03,413,3330.73,5342.65,292.59,-0.00087
DESC-03,416,6131.38,11287.18,251.11,-0.00254
DESC-03,418,12924.09,6611.48,250.46,-0.002967
DESC-03,421,-3638.19,208.71,419.62,0.004248
DESC-03,422,4870.5,1653.26,335.67,-0.003968
DESC-03,423,-1341.67,2027.82,583.5,-0.002423
DESC-03,424,3951.88,1309.74,397.73,-0.000526
DESC-03,425,8860.15,-4428.45,256.27,0.000322
DESC-03,427,-12481.34,1826.28,251.16,0.000771
DESC-03,428,-8615.2,13947.76,250.14,0.002347
DESC-03,431,-274.58,-370.49,1301.97,-0.006337
DESC-03,432,797.88,-64.7,1226.71,-0.013815
DESC-03,434,-370.26,-188.86,1292.04,-0.005279
DESC-03,435,742.89,-30.72,1255.97,-0.012364
DESC-03,437,416.6,-554.69,1284.6,-0.011653
DESC-03,438,-834.7,-257.55,1053.0,-0.006869
DESC-03,439,-65.82,-1333.09,940.78,-0.007541
DESC-03,441,-143.88,196.98,1368.65,-0.008381
DESC-03,442,145.02,387.71,1329.63,-0.009527
DESC-03,443,496.8,-725.13,1181.99,-0.01037
DESC-03,445,118.99,-1371.88,932.87,-0.007503
DESC-03,446,-504.31,-1170.11,940.83,-0.009058
DESC-03,448,-403.14,70.17,1268.21,-0.006761
DESC-03,451,-456.33,199.97,1216.04,-0.007958
DESC-03,452,-432.65,-1202.16,943.52,-0.009223
DESC-03,456,-124.75,-337.34,1385.8,-0.005719
DESC-03,458,183.5,1016.33,1011.18,-0.00534
DESC-03,460,1115.0,602.08,976.12,-0.011877
DESC-03,463,-551.24,964.73,945.9,-0.003834
DESC-03,464,1294.81,200.14,977.39,-0.012863
DESC-03,466,1272.5,-60.45,1000.34,-0.01326
DESC-03,468,-314.3,753.49,1074.01,-0.003697
DESC-03,470,-1066.48,-237.98,958.2,-0.005859
DESC-03,471,220.82,-1204.72,998.55,-0.008308
DESC-03,473,107.62,878.33,1071.64,-0.007192
DESC-03,474,778.42,927.97,973.66,-0.00909
DESC-03,475,136.61,154.64,1478.64,-0.008432
DESC-03,476,658.71,-313.52,1275.83,-0.012562
DESC-03,478,13.6,102.49,1483.55,-0.005938
DESC-03,483,-344.39,-927.87,1061.56,-0.007905
DESC-03,486,-206.24,221.07,1330.42,-0.00778
DESC-03,487,596.26,59.59,1329.73,-0.011902
DESC-03,488,1230.7,-587.95,971.14,-0.011881
DESC-03,491,-403.37,705.51,1070.91,-0.004766
DESC-03,492,-432.93,102.86,1247.07,-0.006374
DESC-03,496,819.18,877.6,981.58,-0.009653
DESC-03,499,-666.32,840.2,956.86,-0.004529
DESC-03,501,1400.92,-96.92,948.69,-0.011069
DESC-03,503,-146.37,350.22,1297.32,-0.006623
DESC-03,505,601.71,1092.28,946.65,-0.007288
DESC-03,506,32.72,508.38,1253.17,-0.008095
DESC-03,509,-670.24,-729.5,1032.88,-0.006089
DESC-03,511,-288.28,-1259.46,945.89,-0.009273
DESC-03,513,369.53,433.17,1276.74,-0.012964
DESC-03,517,1168.67,-68.34,1044.94,-0.013896
DESC-03,519,1316.08,199.86,969.11,-0.013315
DESC-03,520,258.35,-975.18,1098.34,-0.008211
DESC-03,526,1004.59,568.39,1021.45,-0.010999
DESC-03,529,-83.31,-927.53,1109.08,-0.008479
DESC-03,531,381.46,1111.85,963.17,-0.006291
DESC-03,533,821.56,-505.41,1150.17,-0.012052
DESC-03,534,278.57,-780.5,1192.52,-0.009218
DESC-03,535,643.43,1039.75,959.4,-0.007755
DESC-03,537,497.99,-1027.87,1048.92,-0.009508
DESC-03,539,-1.33,1088.85,977.38,-0.004535
DESC-03,544,-402.29,-968.19,1033.03,-0.007969
DESC-03,546,591.54,-81.27,1345.45,-0.011723
DESC-03,548,11.46,-1320.87,949.64,-0.008018
DESC-03,549,1333.93,-140.96,974.6,-0.011037
DESC-03,550,-291.65,-1173.27,977.17,-0.008939
DESC-03,552,-543.16,254.97,1162.81,-0.007273
DESC-03,554,-673.5,870.79,946.06,-0.004199
DESC-03,555,689.81,32.94,1280.54,-0.012803
DESC-03,556,-235.22,453.59,1221.27,-0.007202
DESC-03,558,61.72,-116.09,1577.75,-0.008066
DESC-03,560,-53.56,978.66,1019.17,-0.007103
DESC-03,561,-178.43,-998.63,1064.23,-0.008803
DESC-03,563,822.25,-730.24,1082.67,-0.011841
DESC-03,564,-336.53,1078.59,946.53,-0.001814
DESC-03,565,-208.12,632.72,1148.83,-0.008237
DESC-03,566,121.97,-821.21,1177.18,-0.008311
DESC-03,569,334.19,-470.58,1351.38,-0.01161
DESC-03,572,71.28,-276.36,1494.76,-0.00696
DESC-03,573,-403.43,294.11,1215.95,-0.008157
DESC-03,576,1106.57,754.38,941.62,-0.011763
DESC-03,582,1177.95,-350.82,1025.62,-0.010806
DESC-03,583,10.5,-928.62,1118.22,-0.008496
DESC-03,585,334.41,131.34,1447.99,-0.013162
DESC-03,586,230.7,105.15,1501.4,-0.011129
DESC-03,591,-491.8,96.46,1217.23,-0.005029
DESC-03,592,1115.59,84.96,1062.42,-0.015411
DESC-03,593,-404.55,412.51,1177.21,-0.007369
DESC-03,595,-358.78,-352.45,1265.97,-0.005909
DESC-03,597,119.26,491.64,1268.61,-0.009308
DESC-03,602,7.43,-793.89,1184.3,-0.008146
DESC-03,603,-174.19,702.59,1124.48,-0.005442
DESC-03,607,212.56,-1199.18,1001.06,-0.007576
DESC-03,608,-812.74,315.43,1035.26,-0.004719
DESC-03,610,457.93,1102.48,960.08,-0.006041
DESC-03,611,-314.95,-579.85,1208.12,-0.004859
DESC-03,615,-599.78,-901.05,1004.85,-0.00692
DESC-03,617,-790.27,127.4,1069.99,-0.007049
DESC-03,619,-1027.91,-609.05,933.25,-0.008805
DESC-03,621,1301.49,-353.96,975.35,-0.010487
DESC-03,623,629.27,-259.66,1303.5,-0.011883
DESC-03,624,-250.2,595.93,1154.9,-0.008841
DESC-03,628,154.32,658.02,1179.09,-0.007821
DESC-04,0,6129.37,-3195.77,283.06,-0.000642
DESC-04,1,-4410.09,14055.44,250.37,-0.002782
DESC-04,2,2947.38,-7443.99,267.6,-0.004044
DESC-04,3,-8294.52,-10124.0,250.96,-0.000718
DESC-04,4,-12659.81,-3577.24,250.88,-0.003372
DESC-04,7,6000.86,14696.79,250.2,-0.000769
DESC-04,8,8734.4,-7425.01,252.63,0.00228
DESC-04,9,-1873.09,-11214.63,252.6,0.001803
DESC-04,10,-8301.88,5016.19,255.82,0.000653
DESC-04,11,11668.91,3860.67,251.62,-4.5e-05
DESC-04,12,-1687.1,12829.78,251.0,0.002014
DESC-04,13,10048.84,-11062.4,250.38,-0.003963
DESC-04,14,-12506.56,12119.15,250.08,-0.002604
DESC-04,15,-14329.63,6225.82,250.22,-0.004488
DESC-04,18,5057.81,5001.96,277.64,-0.000327
DESC-04,19,5402.17,9982.25,252.56,-0.001352
DESC-04,20,9435.83,166.16,258.03,-0.001553
DESC-04,21,14140.74,-10107.27,250.1,-0.000853
DESC-04,23,-11902.4,-9858.45,250.25,-0.000642
DESC-04,24,6966.1,7383.88,255.1,-0.000107
DESC-04,25,9631.75,10287.17,250.57,0.000671
DESC-04,26,5697.56,8737.96,254.29,-0.002388
DESC-04,30,7277.53,-386.18,276.6,0.003202
DESC-04,31,4787.76,2755.18,318.33,-0.000715
DESC-04,34,-4047.21,-1795.32,362.76,0.000619
DESC-04,35,-13928.41,-14931.65,250.02,0.000597
DESC-04,36,4210.21,-14680.75,250.31,0.002259
DESC-04,37,-2204.7,11961.27,251.53,0.000186
DESC-04,38,11573.84,11713.92,250.15,0.002
DESC-04,41,11366.43,-3887.69,251.94,-0.000333
DESC-04,42,-722.59,1256.25,826.86,-0.003197
DESC-04,43,3344.2,11193.29,252.08,0.003204
DESC-04,44,13425.15,-12823.53,250.05,-0.000701
DESC-04,45,10879.15,-2897.52,252.95,-0.002787
DESC-04,46,-14687.05,10974.17,250.05,0.001627
DESC-04,48,-4892.48,4424.59,282.72,-0.000376
DESC-04,49,-1276.57,-12677.0,251.22,0.000815
DESC-04,50,-7397.33,-2344.91,267.58,-0.00192
DESC-04,51,14291.98,-5954.32,250.28,0.000537
DESC-04,52,4366.32,-9116.38,255.5,-0.001801
DESC-04,53,-4001.17,1668.08,364.65,-0.000631
DESC-04,58,5038.67,-7151.94,261.8,0.001234
DESC-04,59,-10276.56,-9900.86,250.49,0.003061
DESC-04,60,5509.47,13354.61,250.45,5.4e-05
DESC-04,61,-14966.48,-3675.3,250.25,0.002498
DESC-04,62,-12267.92,6006.26,250.64,-0.000277
DESC-04,63,-1517.95,-3426.73,425.36,-0.001335
DESC-04,64,-8923.93,6646.88,252.64,0.000217
DESC-04,65,4386.54,13850.51,250.43,-0.001764
DESC-04,66,5562.84,2716.4,297.44,-0.001442
DESC-04,68,-8988.84,-5455.13,253.87,0.001002
DESC-04,69,14416.54,-13886.2,250.02,-0.00125
DESC-04,70,8355.58,3511.37,259.66,-0.00068
DESC-04,75,3740.71,-9175.53,256.12,-0.000262
DESC-04,77,-3561.22,9401.01,254.89,0.002296
DESC-04,78,14647.57,-5980.26,250.23,-0.001113
DESC-04,79,7641.02,5851.35,256.93,-0.003787
DESC-04,80,-7615.4,-14107.07,250.19,-0.002461
DESC-04,81,7587.49,-9632.52,251.68,-0.001707
DESC-04,82,-2653.9,1416.38,489.5,0.000894
DESC-04,84,-14982.96,-11234.75,250.04,0.003004
DESC-04,89,-9163.88,-13927.37,250.13,-0.000169
DESC-04,91,-13267.28,-7954.68,250.25,0.002219
DESC-04,93,-7593.66,-5117.84,258.26,-0.004413
DESC-04,94,1733.34,-917.53,767.55,-0.006591
DESC-04,98,9326.46,-1596.14,257.98,-0.003947
DESC-04,100,14574.91,14319.08,250.02,0.000437
DESC-04,101,-6572.08,-14614.42,250.19,0.001008
DESC-04,102,-14505.45,5999.35,250.21,-0.003753
DESC-04,103,-5158.59,10985.79,251.53,0.000825
DESC-04,104,8071.04,-2234.35,264.64,-0.000238
DESC-04,106,-10751.62,-12242.46,250.16,-0.000858
DESC-04,108,6384.54,-772.52,292.92,-0.001379
DESC-04,109,-2503.74,-379.0,567.54,0.000488
DESC-04,110,10398.71,10934.74,250.33,0.000284
DESC-04,113,-7336.73,-10195.33,251.29,0.001173
DESC-04,115,-5313.56,7325.97,258.43,0.002267
DESC-04,117,-2865.32,8921.6,257.17,0.003205
DESC-04,119,14361.04,-13136.34,250.03,0.000804
DESC-04,120,10180.61,-8957.99,250.82,0.00078
DESC-04,121,1260.12,11021.41,252.85,-0.003064
DESC-04,124,6072.05,-9801.16,252.51,-0.00178
DESC-04,125,259.75,-7940.28,267.76,-0.003
DESC-04,126,-8627.19,-6453.27,253.38,-0.000747
DESC-04,127,-4478.33,12829.92,250.69,-6.6e-05
DESC-04,128,-1780.91,8782.93,259.07,0.002172
DESC-04,130,642.93,2861.85,516.96,-0.005017
DESC-04,133,-12883.91,-1872.95,250.94,0.000102
DESC-04,134,1517.87,-608.9,869.85,-0.012416
DESC-04,135,-4421.05,14521.01,250.28,0.00034
DESC-04,136,11298.87,-5289.19,251.5,-0.000856
DESC-04,137,-6132.09,9106.46,252.89,0.004413
DESC-04,138,8435.32,4689.47,256.91,-0.002898
DESC-04,140,-7132.87,-3616.54,265.59,-0.0009
DESC-04,142,-9602.4,2867.55,254.88,-0.001848
DESC-04,143,1858.02,-14460.74,250.45,-0.001733
DESC-04,144,11135.73,1015.15,253.04,0.001594
DESC-04,145,-14957.16,10962.89,250.04,-0.002068
DESC-04,147,7300.71,-5451.11,259.74,-0.00088
DESC-04,149,-14657.04,-4450.95,250.26,0.001152
DESC-04,150,1868.98,3390.84,412.79,-0.003147
DESC-04,151,-4924.44,13058.72,250.56,-0.001395
DESC-04,153,-10520.85,10143.35,250.38,-0.000805
DESC-04,156,13545.64,-6084.81,250.4,-0.001635
DESC-04,158,1615.68,-9749.08,256.12,-0.000764
DESC-04,159,-8461.14,-8400.32,251.81,0.000952
DESC-04,162,-1322.71,-11807.99,251.97,-0.000631
DESC-04,163,2890.49,-5761.04,292.1,-0.002935
DESC-04,164,-2586.4,-9007.43,257.82,-0.000574
DESC-04,166,-8120.93,-10112.79,251.02,-0.001388
DESC-04,167,4892.91,13333.11,250.52,-0.001234
DESC-04,168,-6235.6,954.81,288.49,0.003373
DESC-04,170,2425.83,-13713.1,250.65,0.00119
DESC-04,171,-5523.93,-4253.36,277.97,-0.000241
DESC-04,172,-3185.08,1572.13,427.07,0.001942
DESC-04,173,-13395.89,2447.38,250.66,0.000219
DESC-04,174,-934.9,12854.18,251.03,0.002062
DESC-04,177,-1296.47,4102.29,369.78,0.003505
DESC-04,179,-8747.49,-12894.92,250.24,-0.00055
DESC-04,180,12266.61,13396.36,250.06,-0.002537
DESC-04,182,-11927.91,-5449.0,250.91,-0.001626
DESC-04,183,6105.11,-2039.78,293.0,0.000347
DESC-04,184,-11653.76,1280.97,251.9,-0.001223
DESC-04,185,-8851.07,8606.13,251.34,-0.000839
DESC-04,186,14578.21,-337.09,250.46,-0.000515
DESC-04,187,-1452.35,11908.85,251.69,-0.001153
DESC-04,192,-12212.75,-3467.58,251.13,-0.000859
DESC-04,194,-8108.64,7218.72,253.07,0.000662
DESC-04,195,-14260.72,-6664.92,250.21,-0.000218
DESC-04,196,6620.93,3387.35,273.71,-0.002745
DESC-04,197,12034.91,-8995.71,250.36,-0.001687
DESC-04,198,5109.42,7371.14,259.69,-0.004998
DESC-04,199,-1880.93,12142.27,251.43,0.000903
DESC-04,202,-7162.19,-166.15,274.09,-0.001612
DESC-04,203,1787.97,12515.39,251.21,0.000664
DESC-04,205,6732.79,4400.44,266.78,0.000174
DESC-04,207,6200.86,1778.1,291.58,0.001476
DESC-04,208,-7441.72,-9424.37,251.74,0.001223
DESC-04,209,5023.11,3806.16,293.88,0.001196
DESC-04,210,-12412.65,-3184.91,251.06,-0.001701
DESC-04,211,10317.64,14503.08,250.07,0.001135
DESC-04,213,5030.09,14762.17,250.24,0.000343
DESC-04,215,-4767.62,7691.98,258.45,0.000247
DESC-04,216,-12802.62,-1122.45,251.03,-0.000557
DESC-04,219,-4978.2,10873.24,251.69,0.000271
DESC-04,221,-2337.55,-7357.07,269.53,4.3e-05
DESC-04,222,-1712.49,958.58,678.17,-0.001909
DESC-04,223,-134.19,-7788.67,269.27,-0.001717
DESC-04,224,-3555.29,10522.76,252.73,0.002388
DESC-04,226,12401.97,-4906.24,250.93,0.00214
DESC-04,228,-3916.84,4575.2,295.16,-0.001042
DESC-04,229,4227.87,120.12,394.9,-0.002717
DESC-04,230,5896.34,-14015.99,250.32,-0.000319
DESC-04,231,-7039.58,-799.89,275.28,-0.0005
DESC-04,233,-4668.97,-13164.1,250.61,0.000352
DESC-04,234,8651.81,-5091.38,255.82,-0.004356
DESC-04,237,-4086.65,-13204.36,250.66,0.000313
DESC-04,238,10356.2,304.9,254.81,-0.003965
DESC-04,240,13506.35,-12916.21,250.05,-0.002541
DESC-04,241,6668.45,-6244.06,259.58,0.000801
DESC-04,242,-9930.72,1791.33,254.7,0.004996
DESC-04,243,-10084.09,-9917.13,250.53,0.002987
DESC-04,244,14016.56,5195.2,250.37,0.000509
DESC-04,246,-8082.41,-7364.93,253.12,-0.003057
DESC-04,248,-2222.55,14644.72,250.35,0.002198
DESC-04,250,4859.19,9462.4,253.79,0.000816
DESC-04,251,8224.26,-5414.85,256.47,-0.000997
DESC-04,252,5292.51,-9460.62,253.67,-0.001883
DESC-04,253,14774.82,-12189.97,250.04,-0.000812
DESC-04,254,1504.03,11466.62,252.19,-0.000675
DESC-04,255,-13853.96,-2843.71,250.5,0.000773
DESC-04,256,7836.43,1288.83,268.3,0.001644
DESC-04,259,-369.43,13548.27,250.72,0.00208
DESC-04,260,-14731.12,13378.8,250.02,0.000919
DESC-04,264,-9423.97,-2492.32,255.81,0.002212
DESC-04,265,-10088.86,14425.58,250.07,0.004229
DESC-04,267,11178.56,9249.23,250.46,-0.000778
DESC-04,269,4256.17,4299.83,299.84,0.002061
DESC-04,270,11983.5,8389.96,250.43,0.001066
DESC-04,272,-11599.21,12171.94,250.11,-0.001234
DESC-04,273,-4735.47,7351.62,260.01,0.001344
DESC-04,274,-11251.69,10758.27,250.22,-0.003127
DESC-04,275,-14573.5,9388.01,250.08,-0.001861
DESC-04,276,-12773.4,-7601.69,250.35,0.002234
DESC-04,277,-3578.3,5443.77,284.53,0.000826
DESC-04,278,9517.96,-4421.88,254.52,-0.000821
DESC-04,280,-12280.07,-1106.44,251.37,-0.002294
DESC-04,282,-9506.18,-13098.6,250.17,0.000867
DESC-04,284,-8643.83,-12827.25,250.26,-0.001763
DESC-04,285,-3233.89,12134.92,251.22,0.003244
DESC-04,288,6974.38,6609.19,256.93,-0.003342
DESC-04,289,-10541.61,-10003.97,250.42,0.001419
DESC-04,290,-4829.27,10815.97,251.8,1.3e-05
DESC-04,293,1932.69,-534.32,753.81,-0.01242
DESC-04,294,14777.13,-7858.59,250.14,0.001308
DESC-04,296,10563.34,6413.09,251.53,0.000904
DESC-04,300,1627.63,-6562.07,284.84,0.001174
DESC-04,302,10861.04,-11041.34,250.28,-0.002537
DESC-04,303,8728.22,-12270.87,250.35,0.001837
DESC-04,304,-4075.98,-4822.88,291.06,8.6e-05
DESC-04,305,-14564.11,-11198.42,250.05,-0.000516
DESC-04,306,8563.08,-12080.47,250.41,0.001128
DESC-04,307,3449.02,1645.78,426.94,-0.002969
DESC-04,309,-4696.94,-11590.23,251.36,-0.000742
DESC-04,310,12098.06,11143.23,250.16,0.001077
DESC-04,313,-4656.0,11558.21,251.28,0.000238
DESC-04,314,-1292.16,-4735.54,343.37,0.00191
DESC-04,316,2442.72,-3492.08,392.66,-0.003041
DESC-04,317,4033.25,-11670.01,251.57,0.000757
DESC-04,318,-6349.84,1175.22,285.39,0.000614
DESC-04,319,-13637.19,7137.7,250.25,-0.001415
DESC-04,320,-10931.57,1891.01,252.69,0.001276
DESC-04,321,10549.99,-5924.7,251.85,-0.001079
DESC-04,323,9871.5,11771.16,250.28,-0.001311
DESC-04,324,11397.39,5505.37,251.31,0.002543
DESC-04,326,-8545.38,375.66,261.1,-0.000309
DESC-04,327,-33.63,1645.19,783.99,-0.002152
DESC-04,328,9451.91,8998.4,251.02,-0.001533
DESC-04,330,-9671.21,3143.73,254.49,-0.002197
DESC-04,332,-7161.41,-6059.5,257.37,-0.000384
DESC-04,333,-3629.92,8353.32,258.25,-0.000187
DESC-04,336,4597.6,1672.53,348.34,-0.006027
DESC-04,337,12765.53,14057.19,250.04,0.001305
DESC-04,339,-9397.45,-10805.43,250.48,4.8e-05
DESC-04,340,-14826.24,-180.65,250.34,-0.001318
DESC-04,341,3665.15,-8937.36,257.03,-0.00108
DESC-04,342,7401.55,-9249.17,252.12,0.002829
DESC-04,343,-277.14,8562.86,261.44,0.000976
DESC-04,344,-2565.25,-5140.86,307.6,0.000785
DESC-04,345,-13441.68,-3957.27,250.54,-0.003796
DESC-04,347,7872.32,-12439.32,250.43,0.002913
DESC-04,349,13355.67,12436.39,250.06,0.001164
DESC-04,352,6023.78,-8084.01,255.63,0.001182
DESC-04,353,-12631.36,868.42,251.13,0.00121
DESC-04,354,8267.25,8543.43,251.94,-0.005287
DESC-04,356,-4109.56,-6545.14,268.97,-0.000883
DESC-04,359,3963.66,3458.87,327.78,0.002066
DESC-04,360,2382.11,-12361.81,251.36,-0.000479
DESC-04,362,-5244.72,7739.09,257.15,0.002249
DESC-04,363,1213.29,-13135.45,250.97,7e-06
DESC-04,365,-548.92,-5477.13,318.09,-0.00287
DESC-04,367,-10602.94,713.73,253.5,0.001634
DESC-04,368,13396.27,-9696.25,250.16,0.00039
DESC-04,370,-10505.29,-12090.91,250.19,0.000376
DESC-04,371,-6641.25,7088.77,255.8,0.001351
DESC-04,373,-11339.0,942.01,252.31,-0.002354
DESC-04,375,5116.91,-12464.13,250.84,0.000686
DESC-04,377,-3576.81,12681.59,250.87,-0.000306
DESC-04,379,9549.62,-7827.65,251.61,-0.000335
DESC-04,382,-925.69,-5321.41,321.64,-0.002332
DESC-04,384,-11717.74,14044.14,250.05,-0.000824
DESC-04,385,-6634.86,-10145.9,251.65,-0.001388
DESC-04,386,-12314.39,-13645.85,250.05,-0.000476
DESC-04,387,-7273.27,-6995.34,254.99,0.001349
DESC-04,388,-6279.89,-849.69,288.34,0.00224
DESC-04,389,-9863.95,-4524.51,253.18,0.000445
DESC-04,390,10261.57,10831.46,250.36,-0.001305
DESC-04,391,4923.48,14689.49,250.25,0.000383
DESC-04,393,8271.65,9430.4,251.34,-0.003095
DESC-04,396,8341.56,-3401.5,260.31,0.001885
DESC-04,397,-7317.2,-8807.59,252.37,-0.001512
DESC-04,398,-12217.41,2711.74,251.22,0.001404
DESC-04,399,-7626.45,1288.87,267.42,-0.001102
DESC-04,400,1640.66,11469.66,252.17,-0.000686
DESC-04,401,8360.95,-12761.29,250.32,0.002132
DESC-04,404,9641.95,6637.36,252.19,0.000565
DESC-04,405,12259.35,2217.45,251.49,0.004008
DESC-04,407,4000.29,-7630.73,262.62,0.000511
DESC-04,408,-11931.59,5648.71,250.83,-0.001258
DESC-04,410,-2153.88,3283.22,395.39,-6.4e-05
DESC-04,411,11546.5,-2293.84,252.21,-0.000255
DESC-04,412,13420.1,3265.47,250.7,-0.002466
DESC-04,415,6360.37,3907.2,273.2,4.1e-05
DESC-04,416,6131.38,11287.18,251.11,4.3e-05
DESC-04,417,-4372.84,10359.37,252.52,0.002973
DESC-04,418,12924.09,6611.48,250.46,-0.001326
DESC-04,419,2055.83,2351.17,501.65,-0.003352
DESC-04,420,9044.62,-10407.35,250.72,-0.001133
DESC-04,421,-3638.19,208.71,419.62,0.00108
DESC-04,422,4870.5,1653.26,335.67,-0.004992
DESC-04,423,-1341.67,2027.82,583.5,0.003068
DESC-04,425,8860.15,-4428.45,256.27,-0.002086
DESC-04,426,-14279.51,-14900.03,250.01,0.001044
DESC-04,427,-12481.34,1826.28,251.16,-0.00147
DESC-04,429,7159.19,3519.54,267.58,3e-06
DESC-04,430,399.26,-171.76,1457.94,-0.010945
DESC-04,432,797.88,-64.7,1226.71,-0.013549
DESC-04,434,-370.26,-188.86,1292.04,-0.009937
DESC-04,436,871.69,233.55,1154.23,-0.009645
DESC-04,437,416.6,-554.69,1284.6,-0.011855
DESC-04,439,-65.82,-1333.09,940.78,-0.010232
DESC-04,441,-143.88,196.98,1368.65,-0.007217
DESC-04,442,145.02,387.71,1329.63,-0.00707
DESC-04,443,496.8,-725.13,1181.99,-0.012218
DESC-04,444,-701.19,93.5,1114.04,-0.007078
DESC-04,445,118.99,-1371.88,932.87,-0.009396
DESC-04,446,-504.31,-1170.11,940.83,-0.008109
DESC-04,447,-377.87,-773.83,1112.55,-0.008757
DESC-04,448,-403.14,70.17,1268.21,-0.007268
DESC-04,449,1033.97,-101.47,1106.61,-0.010616
DESC-04,451,-456.33,199.97,1216.04,-0.006339
DESC-04,452,-432.65,-1202.16,943.52,-0.008388
DESC-04,454,-892.79,109.32,1026.99,-0.003136
DESC-04,457,332.26,-922.08,1117.46,-0.010843
DESC-04,459,814.98,-695.17,1096.37,-0.013992
DESC-04,460,1115.0,602.08,976.12,-0.007264
DESC-04,461,854.7,-379.84,1164.85,-0.013439
DESC-04,463,-551.24,964.73,945.9,-0.004114
DESC-04,464,1294.81,200.14,977.39,-0.00983
DESC-04,465,-214.9,-781.57,1152.26,-0.00695
DESC-04,466,1272.5,-60.45,1000.34,-0.008485
DESC-04,467,-197.53,-995.79,1062.45,-0.006135
DESC-04,471,220.82,-1204.72,998.55,-0.010715
DESC-04,472,-111.51,587.0,1190.31,-0.006481
DESC-04,473,107.62,878.33,1071.64,-0.00505
DESC-04,474,778.42,927.97,973.66,-0.005555
DESC-04,476,658.71,-313.52,1275.83,-0.013656
DESC-04,477,959.1,-540.31,1084.7,-0.013364
DESC-04,478,13.6,102.49,1483.55,-0.007519
DESC-04,479,311.44,-368.46,1415.12,-0.012117
DESC-04,481,-446.92,-1024.56,1002.55,-0.008031
DESC-04,485,-939.2,-24.06,1013.81,-0.004408
DESC-04,486,-206.24,221.07,1330.42,-0.008387
DESC-04,489,-303.19,210.06,1288.26,-0.007003
DESC-04,491,-403.37,705.51,1070.91,-0.005986
DESC-04,492,-432.93,102.86,1247.07,-0.007711
DESC-04,494,-298.57,1100.8,944.01,-0.004984
DESC-04,495,-360.01,25.15,1298.3,-0.00806
DESC-04,496,819.18,877.6,981.58,-0.004433
DESC-04,497,1303.38,-335.69,976.26,-0.011265
DESC-04,498,1077.38,280.31,1055.53,-0.009049
DESC-04,499,-666.32,840.2,956.86,-0.004446
DESC-04,500,418.11,233.53,1363.25,-0.008618
DESC-04,501,1400.92,-96.92,948.69,-0.006631
DESC-04,502,1005.91,-631.37,1045.2,-0.013317
DESC-04,503,-146.37,350.22,1297.32,-0.007845
DESC-04,506,32.72,508.38,1253.17,-0.009233
DESC-04,507,-214.24,-299.33,1355.46,-0.008324
DESC-04,508,1002.74,490.45,1041.76,-0.007438
DESC-04,509,-670.24,-729.5,1032.88,-0.006181
DESC-04,511,-288.28,-1259.46,945.89,-0.007425
DESC-04,512,1126.6,-401.0,1040.85,-0.012076
DESC-04,513,369.53,433.17,1276.74,-0.004648
DESC-04,514,455.74,166.92,1375.4,-0.010167
DESC-04,515,-700.11,93.96,1114.5,-0.00709
DESC-04,516,-636.12,360.07,1098.71,-0.005982
DESC-04,518,1326.6,144.15,969.68,-0.010867
DESC-04,519,1316.08,199.86,969.11,-0.009773
DESC-04,520,258.35,-975.18,1098.34,-0.01047
DESC-04,525,907.96,-1046.6,957.55,-0.013915
DESC-04,526,1004.59,568.39,1021.45,-0.006784
DESC-04,527,787.11,-1075.38,976.08,-0.014046
DESC-04,528,531.72,-731.41,1170.37,-0.011946
DESC-04,530,320.0,-1159.73,1012.79,-0.010622
DESC-04,534,278.57,-780.5,1192.52,-0.010541
DESC-04,535,643.43,1039.75,959.4,-0.005549
DESC-04,536,-53.32,-689.59,1229.68,-0.008126
DESC-04,538,-269.12,-1264.83,946.47,-0.00724
DESC-04,540,1157.46,-21.85,1049.19,-0.009492
DESC-04,541,417.97,47.68,1437.16,-0.010184
DESC-04,542,1085.39,-376.36,1061.68,-0.011739
DESC-04,544,-402.29,-968.19,1033.03,-0.007933
DESC-04,546,591.54,-81.27,1345.45,-0.012209
DESC-04,547,-402.79,165.55,1250.43,-0.006791
DESC-04,549,1333.93,-140.96,974.6,-0.009115
DESC-04,550,-291.65,-1173.27,977.17,-0.00753
DESC-04,554,-673.5,870.79,946.06,-0.004355
DESC-04,555,689.81,32.94,1280.54,-0.011857
DESC-04,556,-235.22,453.59,1221.27,-0.007636
DESC-04,558,61.72,-116.09,1577.75,-0.009462
DESC-04,560,-53.56,978.66,1019.17,-0.003637
DESC-04,562,263.06,1029.32,1003.51,-0.00244
DESC-04,563,822.25,-730.24,1082.67,-0.014183
DESC-04,564,-336.53,1078.59,946.53,-0.005826
DESC-04,566,121.97,-821.21,1177.18,-0.008994
DESC-04,567,694.34,-1009.94,1019.39,-0.013094
DESC-04,570,-82.19,-1040.46,1058.57,-0.006726
DESC-04,573,-403.43,294.11,1215.95,-0.007256
DESC-04,575,-457.56,-643.29,1133.55,-0.008328
DESC-04,576,1106.57,754.38,941.62,-0.00545
DESC-04,578,372.32,476.76,1253.42,-0.005395
DESC-04,579,-400.86,-963.21,1035.2,-0.007745
DESC-04,582,1177.95,-350.82,1025.62,-0.011874
DESC-04,583,10.5,-928.62,1118.22,-0.006159
DESC-04,585,334.41,131.34,1447.99,-0.008374
DESC-04,586,230.7,105.15,1501.4,-0.008638
DESC-04,590,252.57,427.45,1300.07,-0.006483
DESC-04,591,-491.8,96.46,1217.23,-0.007234
DESC-04,592,1115.59,84.96,1062.42,-0.007034
DESC-04,593,-404.55,412.51,1177.21,-0.007744
DESC-04,598,-892.76,-484.98,1002.02,-0.006383
DESC-04,600,590.05,-813.46,1120.47,-0.012539
DESC-04,601,366.26,190.55,1404.94,-0.009097
DESC-04,602,7.43,-793.89,1184.3,-0.007117
DESC-04,603,-174.19,702.59,1124.48,-0.006119
DESC-04,604,-37.86,-128.21,1507.0,-0.00847
DESC-04,605,-618.62,415.33,1092.38,-0.007283
DESC-04,609,-776.75,23.13,1083.96,-0.005876
DESC-04,610,457.93,1102.48,960.08,-0.00372
DESC-04,611,-314.95,-579.85,1208.12,-0.009927
DESC-04,612,-600.55,-796.81,1036.54,-0.006635
DESC-04,613,-262.35,-1127.75,998.96,-0.006251
DESC-04,614,992.94,317.26,1084.24,-0.0094
DESC-04,616,1124.86,9.74,1062.69,-0.009043
DESC-04,618,-734.22,-396.48,1080.87,-0.005412
DESC-04,619,-1027.91,-609.05,933.25,-0.005455
DESC-04,620,104.14,167.11,1467.56,-0.008028
DESC-04,623,629.27,-259.66,1303.5,-0.013649
DESC-04,624,-250.2,595.93,1154.9,-0.00604
DESC-04,625,744.91,992.53,958.29,-0.005291
DESC-04,627,-214.72,553.68,1182.66,-0.006854
DESC-04,628,154.32,658.02,1179.09,-0.006235
DESC-04,629,-1142.05,25.47,931.32,-0.004576
DESC-05,0,6129.37,-3195.77,283.06,0.004879
DESC-05,1,-4410.09,14055.44,250.37,-0.017102
DESC-05,2,2947.38,-7443.99,267.6,0.001071
DESC-05,5,6440.82,928.92,290.64,-0.003306
DESC-05,6,5782.62,10477.42,251.82,0.008127
DESC-05,7,6000.86,14696.79,250.2,0.00545
DESC-05,8,8734.4,-7425.01,252.63,0.008281
DESC-05,9,-1873.09,-11214.63,252.6,-0.000221
DESC-05,11,11668.91,3860.67,251.62,0.001609
DESC-05,12,-1687.1,12829.78,251.0,0.008347
DESC-05,13,10048.84,-11062.4,250.38,0.004447
DESC-05,14,-12506.56,12119.15,250.08,0.005593
DESC-05,17,12605.65,9574.56,250.22,0.003471
DESC-05,18,5057.81,5001.96,277.64,0.000338
DESC-05,20,9435.83,166.16,258.03,0.014021
DESC-05,21,14140.74,-10107.27,250.1,-0.011164
DESC-05,22,-1825.99,1584.09,583.3,-0.001423
DESC-05,23,-11902.4,-9858.45,250.25,0.004579
DESC-05,26,5697.56,8737.96,254.29,-9.9e-05
DESC-05,28,6265.57,10628.83,251.48,-0.004222
DESC-05,29,1027.16,-8117.06,265.68,-0.003404
DESC-05,30,7277.53,-386.18,276.6,-0.004674
DESC-05,31,4787.76,2755.18,318.33,-0.005203
DESC-05,32,12490.06,11964.43,250.1,-0.001787
DESC-05,33,-7437.94,4332.93,260.67,-0.001359
DESC-05,34,-4047.21,-1795.32,362.76,0.001772
DESC-05,36,4210.21,-14680.75,250.31,-0.004615
DESC-05,37,-2204.7,11961.27,251.53,0.001501
DESC-05,38,11573.84,11713.92,250.15,-0.011658
DESC-05,40,3447.4,6216.79,276.99,0.001352
DESC-05,41,11366.43,-3887.69,251.94,-0.005028
DESC-05,42,-722.59,1256.25,826.86,0.006539
DESC-05,43,3344.2,11193.29,252.08,0.006711
DESC-05,44,13425.15,-12823.53,250.05,0.001514
DESC-05,45,10879.15,-2897.52,252.95,-0.006492
DESC-05,47,2715.27,4181.24,338.32,-0.010108
DESC-05,48,-4892.48,4424.59,282.72,-0.002455
DESC-05,49,-1276.57,-12677.0,251.22,0.004209
DESC-05,50,-7397.33,-2344.91,267.58,-0.008455
DESC-05,55,-10392.71,10359.13,250.37,0.001741
DESC-05,56,10621.27,-2722.7,253.47,-0.005309
DESC-05,57,11346.98,3906.13,251.9,-0.005486
DESC-05,60,5509.47,13354.61,250.45,0.000308
DESC-05,62,-12267.92,6006.26,250.64,-0.009145
DESC-05,65,4386.54,13850.51,250.43,0.004233
DESC-05,66,5562.84,2716.4,297.44,0.005767
DESC-05,67,146.43,-581.71,1309.44,-0.007285
DESC-05,70,8355.58,3511.37,259.66,-0.003091
DESC-05,71,12842.38,-7175.91,250.43,-0.005243
DESC-05,72,-11404.96,-12186.31,250.13,-0.008424
DESC-05,73,-13097.07,13025.98,250.04,0.013228
DESC-05,75,3740.71,-9175.53,256.12,0.003993
DESC-05,77,-3561.22,9401.01,254.89,-0.013549
DESC-05,78,14647.57,-5980.26,250.23,-0.001835
DESC-05,79,7641.02,5851.35,256.93,0.01194
DESC-05,80,-7615.4,-14107.07,250.19,-0.001305
DESC-05,82,-2653.9,1416.38,489.5,-0.005224
DESC-05,85,-12365.9,-960.84,251.31,0.004752
DESC-05,86,-9830.29,5427.77,252.49,0.005677
DESC-05,87,4864.47,-7684.6,259.71,-0.001702
DESC-05,90,-1417.68,6671.04,279.78,-0.006079
DESC-05,91,-13267.28,-7954.68,250.25,-0.002748
DESC-05,97,-6031.84,5289.64,264.81,-0.004678
DESC-05,98,9326.46,-1596.14,257.98,-0.009075
DESC-05,99,-13480.14,-3300.78,250.58,0.005859
DESC-05,100,14574.91,14319.08,250.02,-0.00735
DESC-05,101,-6572.08,-14614.42,250.19,-0.005936
DESC-05,104,8071.04,-2234.35,264.64,-0.010699
DESC-05,106,-10751.62,-12242.46,250.16,0.004392
DESC-05,108,6384.54,-772.52,292.92,-0.017375
DESC-05,111,6804.78,7006.61,256.32,-0.002124
DESC-05,112,-13598.44,-12667.44,250.04,0.006202
DESC-05,114,1297.05,12483.63,251.27,0.003205
DESC-05,115,-5313.56,7325.97,258.43,-0.004886
DESC-05,116,-7254.47,3778.25,263.54,0.011581
DESC-05,117,-2865.32,8921.6,257.17,0.008421
DESC-05,118,-8245.96,10224.41,250.87,-0.004634
DESC-05,120,10180.61,-8957.99,250.82,-0.003826
DESC-05,122,12825.85,-6231.59,250.56,-0.001959
DESC-05,123,-4095.53,5460.03,278.98,-0.002366
DESC-05,124,6072.05,-9801.16,252.51,-0.001632
DESC-05,125,259.75,-7940.28,267.76,-0.004688
DESC-05,126,-8627.19,-6453.27,253.38,0.012181
DESC-05,128,-1780.91,8782.93,259.07,-0.004069
DESC-05,129,-14301.01,-1718.46,250.43,0.001253
DESC-05,131,-9610.68,-8717.16,251.0,-0.004111
DESC-05,132,8966.77,-11108.03,250.55,0.006083
DESC-05,134,1517.87,-608.9,869.85,-0.005986
DESC-05,135,-4421.05,14521.01,250.28,0.003929
DESC-05,138,8435.32,4689.47,256.91,0.008052
DESC-05,140,-7132.87,-3616.54,265.59,-0.004004
DESC-05,141,-12124.09,-6855.57,250.58,-0.001759
DESC-05,142,-9602.4,2867.55,254.88,0.00663
DESC-05,144,11135.73,1015.15,253.04,-0.00408
DESC-05,145,-14957.16,10962.89,250.04,0.003361
DESC-05,146,-8196.86,3150.87,259.7,0.004464
DESC-05,147,7300.71,-5451.11,259.74,0.00937
DESC-05,148,-4790.74,4523.41,282.87,-0.005005
DESC-05,149,-14657.04,-4450.95,250.26,0.007045
DESC-05,152,14469.37,-1620.84,250.47,0.011118
DESC-05,153,-10520.85,10143.35,250.38,0.005297
DESC-05,154,4639.27,-4336.88,295.02,-0.002141
DESC-05,155,1480.02,12574.55,251.19,-0.003619
DESC-05,157,11787.82,14400.13,250.05,0.004373
DESC-05,158,1615.68,-9749.08,256.12,0.000264
DESC-05,159,-8461.14,-8400.32,251.81,-0.007397
DESC-05,161,-14299.32,-2922.51,250.39,0.00488
DESC-05,162,-1322.71,-11807.99,251.97,-0.003981
DESC-05,163,2890.49,-5761.04,292.1,-0.008674
DESC-05,164,-2586.4,-9007.43,257.82,-0.00695
DESC-05,165,5436.92,-13896.25,250.38,0.015366
DESC-05,167,4892.91,13333.11,250.52,-0.002807
DESC-05,168,-6235.6,954.81,288.49,0.00062
DESC-05,169,13402.43,5018.06,250.53,0.007048
DESC-05,170,2425.83,-13713.1,250.65,-0.003771
DESC-05,171,-5523.93,-4253.36,277.97,0.006042
DESC-05,173,-13395.89,2447.38,250.66,0.006365
DESC-05,174,-934.9,12854.18,251.03,0.002296
DESC-05,175,-12750.71,4795.74,250.66,0.000104
DESC-05,178,11158.06,-7289.34,250.94,0.000305
DESC-05,179,-8747.49,-12894.92,250.24,-0.010353
DESC-05,180,12266.61,13396.36,250.06,-0.007078
DESC-05,181,-2692.69,-13102.27,250.85,-0.003731
DESC-05,182,-11927.91,-5449.0,250.91,-0.00584
DESC-05,184,-11653.76,1280.97,251.9,-0.001439
DESC-05,186,14578.21,-337.09,250.46,0.003634
DESC-05,187,-1452.35,11908.85,251.69,0.001323
DESC-05,188,8634.52,-931.52,262.27,0.000359
DESC-05,189,3491.21,-1004.99,454.01,0.00051
DESC-05,190,-7306.27,13542.75,250.25,-0.001534
DESC-05,191,-5113.18,10749.25,251.74,-0.010131
DESC-05,195,-14260.72,-6664.92,250.21,-0.007941
DESC-05,196,6620.93,3387.35,273.71,-0.00456
DESC-05,198,5109.42,7371.14,259.69,0.009204
DESC-05,199,-1880.93,12142.27,251.43,0.007164
DESC-05,201,4919.77,-14635.7,250.28,-0.016386
DESC-05,202,-7162.19,-166.15,274.09,0.006405
DESC-05,206,-8785.36,10432.06,250.66,0.004766
DESC-05,207,6200.86,1778.1,291.58,9.9e-05
DESC-05,208,-7441.72,-9424.37,251.74,0.002333
DESC-05,210,-12412.65,-3184.91,251.06,0.0086
DESC-05,211,10317.64,14503.08,250.07,0.000847
DESC-05,212,4069.37,13268.44,250.62,-0.00073
DESC-05,213,5030.09,14762.17,250.24,0.007223
DESC-05,215,-4767.62,7691.98,258.45,-0.004164
DESC-05,217,8474.23,-1013.18,263.34,-0.000345
DESC-05,218,8018.87,14026.22,250.18,-0.005176
DESC-05,219,-4978.2,10873.24,251.69,0.000865
DESC-05,220,9056.0,-4965.1,254.96,-0.002663
DESC-05,221,-2337.55,-7357.07,269.53,0.002469
DESC-05,222,-1712.49,958.58,678.17,0.000995
DESC-05,223,-134.19,-7788.67,269.27,-0.001896
DESC-05,225,-3267.07,13678.07,250.53,0.002965
DESC-05,227,-13763.73,10269.04,250.09,-0.000756
DESC-05,228,-3916.84,4575.2,295.16,0.003175
DESC-05,232,1353.9,-7632.92,269.99,-0.01032
DESC-05,237,-4086.65,-13204.36,250.66,-0.012696
DESC-05,239,4916.38,11693.99,251.21,-0.00531
DESC-05,240,13506.35,-12916.21,250.05,0.002177
DESC-05,242,-9930.72,1791.33,254.7,0.013991
DESC-05,243,-10084.09,-9917.13,250.53,0.001257
DESC-05,244,14016.56,5195.2,250.37,0.004729
DESC-05,245,-12393.03,-11246.21,250.12,0.006667
DESC-05,247,634.03,11635.92,252.07,-0.004757
DESC-05,248,-2222.55,14644.72,250.35,0.004361
DESC-05,250,4859.19,9462.4,253.79,0.000348
DESC-05,251,8224.26,-5414.85,256.47,0.009211
DESC-05,253,14774.82,-12189.97,250.04,-0.00626
DESC-05,254,1504.03,11466.62,252.19,-0.000161
DESC-05,257,2929.53,14295.3,250.41,-0.002915
DESC-05,260,-14731.12,13378.8,250.02,-0.008275
DESC-05,263,11210.0,13438.09,250.09,0.002403
DESC-05,267,11178.56,9249.23,250.46,0.003682
DESC-05,268,-3270.71,14299.34,250.38,0.006128
DESC-05,270,11983.5,8389.96,250.43,0.000995
DESC-05,271,8178.45,13235.89,250.25,0.012434
DESC-05,272,-11599.21,12171.94,250.11,-0.000185
DESC-05,274,-11251.69,10758.27,250.22,0.001495
DESC-05,276,-12773.4,-7601.69,250.35,-0.002273
DESC-05,278,9517.96,-4421.88,254.52,0.005496
DESC-05,279,-9679.3,-7873.64,251.32,0.005682
DESC-05,280,-12280.07,-1106.44,251.37,0.007931
DESC-05,281,622.59,14612.23,250.4,-0.007756
DESC-05,283,-1894.76,2714.71,454.47,0.001927
DESC-05,285,-3233.89,12134.92,251.22,0.00386
DESC-05,286,3174.26,3495.14,353.83,-0.001139
DESC-05,287,12605.53,14979.09,250.03,0.000199
DESC-05,289,-10541.61,-10003.97,250.42,0.00523
DESC-05,290,-4829.27,10815.97,251.8,-0.00024
DESC-05,292,-5155.78,-9641.25,253.22,0.006016
DESC-05,294,14777.13,-7858.59,250.14,0.009293
DESC-05,297,-13165.28,-1221.7,250.84,0.006341
DESC-05,298,13249.07,-5017.85,250.59,-0.001194
DESC-05,299,-8860.18,-12701.16,250.25,-0.013168
DESC-05,300,1627.63,-6562.07,284.84,0.003249
DESC-05,302,10861.04,-11041.34,250.28,-0.008083
DESC-05,304,-4075.98,-4822.88,291.06,0.002613
DESC-05,305,-14564.11,-11198.42,250.05,0.012327
DESC-05,306,8563.08,-12080.47,250.41,0.005938
DESC-05,307,3449.02,1645.78,426.94,-0.009917
DESC-05,308,11012.56,8452.82,250.65,0.005538
DESC-05,310,12098.06,11143.23,250.16,0.003871
DESC-05,312,12614.37,-13018.21,250.06,0.001926
DESC-05,314,-1292.16,-4735.54,343.37,-0.001906
DESC-05,316,2442.72,-3492.08,392.66,-0.006877
DESC-05,317,4033.25,-11670.01,251.57,0.005135
DESC-05,318,-6349.84,1175.22,285.39,-0.002342
DESC-05,319,-13637.19,7137.7,250.25,-3.1e-05
DESC-05,320,-10931.57,1891.01,252.69,0.002962
DESC-05,321,10549.99,-5924.7,251.85,0.001035
DESC-05,323,9871.5,11771.16,250.28,-0.004173
DESC-05,325,-14396.79,12025.05,250.04,0.001914
DESC-05,326,-8545.38,375.66,261.1,-0.007452
DESC-05,327,-33.63,1645.19,783.99,0.003765
DESC-05,328,9451.91,8998.4,251.02,-0.007463
DESC-05,329,1193.3,-11209.73,252.81,-0.001674
DESC-05,330,-9671.21,3143.73,254.49,0.002874
DESC-05,332,-7161.41,-6059.5,257.37,0.003016
DESC-05,334,13624.48,-4400.03,250.54,0.003029
DESC-05,335,-3066.44,11149.77,252.13,0.003426
DESC-05,336,4597.6,1672.53,348.34,-0.015229
DESC-05,338,-5523.08,-6068.12,264.32,-2.8e-05
DESC-05,343,-277.14,8562.86,261.44,0.007981
DESC-05,344,-2565.25,-5140.86,307.6,0.000919
DESC-05,345,-13441.68,-3957.27,250.54,0.009942
DESC-05,347,7872.32,-12439.32,250.43,0.009323
DESC-05,348,-4817.06,-2113.77,320.98,0.006009
DESC-05,351,613.46,-6984.65,279.95,0.001769
DESC-05,352,6023.78,-8084.01,255.63,0.004611
DESC-05,355,-2234.4,12128.0,251.4,0.000672
DESC-05,356,-4109.56,-6545.14,268.97,-0.000566
DESC-05,357,-48.89,7341.69,272.64,0.004907
DESC-05,358,10548.01,-12194.93,250.2,-0.010337
DESC-05,360,2382.11,-12361.81,251.36,0.002096
DESC-05,362,-5244.72,7739.09,257.15,-0.003797
DESC-05,363,1213.29,-13135.45,250.97,-0.002962
DESC-05,364,-3549.11,8125.77,259.43,0.009587
DESC-05,367,-10602.94,713.73,253.5,0.013369
DESC-05,368,13396.27,-9696.25,250.16,0.002333
DESC-05,369,8448.02,-12234.96,250.39,0.005183
DESC-05,370,-10505.29,-12090.91,250.19,0.005469
DESC-05,371,-6641.25,7088.77,255.8,0.007583
DESC-05,372,-3928.87,-3085.46,333.89,0.003356
DESC-05,374,-5824.31,-7546.45,256.9,-0.008178
DESC-05,376,-4842.05,-5025.08,278.23,-0.003908
DESC-05,377,-3576.81,12681.59,250.87,0.001589
DESC-05,378,2517.15,-6312.75,284.48,-0.006573
DESC-05,380,2472.51,8118.4,262.31,0.009752
DESC-05,381,-13089.95,-7932.3,250.27,0.000312
DESC-05,382,-925.69,-5321.41,321.64,0.010257
DESC-05,384,-11717.74,14044.14,250.05,3.8e-05
DESC-05,385,-6634.86,-10145.9,251.65,0.003995
DESC-05,386,-12314.39,-13645.85,250.05,-0.001832
DESC-05,388,-6279.89,-849.69,288.34,-0.001778
DESC-05,389,-9863.95,-4524.51,253.18,-0.006801
DESC-05,391,4923.48,14689.49,250.25,0.005694
DESC-05,392,-10516.74,-12016.07,250.19,0.004066
DESC-05,393,8271.65,9430.4,251.34,-0.002234
DESC-05,394,-11072.39,-9086.16,250.47,-0.015489
DESC-05,399,-7626.45,1288.87,267.42,0.004058
DESC-05,405,12259.35,2217.45,251.49,0.00037
DESC-05,406,-4435.56,-14743.79,250.27,-0.011047
DESC-05,407,4000.29,-7630.73,262.62,-0.000785
DESC-05,408,-11931.59,5648.71,250.83,-0.004506
DESC-05,409,-4824.34,-1219.64,332.2,-0.001873
DESC-05,411,11546.5,-2293.84,252.21,-0.014157
DESC-05,413,3330.73,5342.65,292.59,-0.004713
DESC-05,416,6131.38,11287.18,251.11,-0.002103
DESC-05,417,-4372.84,10359.37,252.52,-0.006605
DESC-05,419,2055.83,2351.17,501.65,-0.000747
DESC-05,420,9044.62,-10407.35,250.72,0.007695
DESC-05,421,-3638.19,208.71,419.62,-0.001801
DESC-05,425,8860.15,-4428.45,256.27,-0.000874
DESC-05,427,-12481.34,1826.28,251.16,0.005121
DESC-05,431,-274.58,-370.49,1301.97,-0.008849
DESC-05,437,416.6,-554.69,1284.6,-0.013647
DESC-05,439,-65.82,-1333.09,940.78,-0.014418
DESC-05,440,95.7,-1286.2,965.83,-0.018699
DESC-05,441,-143.88,196.98,1368.65,-0.01494
DESC-05,442,145.02,387.71,1329.63,-0.012937
DESC-05,444,-701.19,93.5,1114.04,-0.00789
DESC-05,445,118.99,-1371.88,932.87,-0.010026
DESC-05,446,-504.31,-1170.11,940.83,-0.008901
DESC-05,449,1033.97,-101.47,1106.61,-0.00926
DESC-05,451,-456.33,199.97,1216.04,-0.012101
DESC-05,452,-432.65,-1202.16,943.52,-0.008134
DESC-05,455,-1033.16,127.17,968.32,-0.013484
DESC-05,458,183.5,1016.33,1011.18,-0.005957
DESC-05,460,1115.0,602.08,976.12,-0.014578
DESC-05,461,854.7,-379.84,1164.85,-0.007157
DESC-05,462,-889.65,-353.48,1020.47,-0.010218
DESC-05,463,-551.24,964.73,945.9,0.006524
DESC-05,464,1294.81,200.14,977.39,-0.011199
DESC-05,465,-214.9,-781.57,1152.26,-0.010999
DESC-05,467,-197.53,-995.79,1062.45,-0.014371
DESC-05,469,-487.22,-1126.0,958.94,-0.011325
DESC-05,470,-1066.48,-237.98,958.2,-0.011455
DESC-05,471,220.82,-1204.72,998.55,-0.007775
DESC-05,472,-111.51,587.0,1190.31,-0.007141
DESC-05,473,107.62,878.33,1071.64,-0.006565
DESC-05,474,778.42,927.97,973.66,-0.012251
DESC-05,475,136.61,154.64,1478.64,-0.014084
DESC-05,477,959.1,-540.31,1084.7,-0.009754
DESC-05,478,13.6,102.49,1483.55,-0.016661
DESC-05,479,311.44,-368.46,1415.12,-0.009299
DESC-05,480,646.23,-704.17,1148.95,-0.013647
DESC-05,481,-446.92,-1024.56,1002.55,-0.013039
DESC-05,482,-599.52,-697.38,1066.28,-0.006377
DESC-05,487,596.26,59.59,1329.73,-0.01948
DESC-05,488,1230.7,-587.95,971.14,-0.000812
DESC-05,489,-303.19,210.06,1288.26,-0.009259
DESC-05,492,-432.93,102.86,1247.07,-0.013545
DESC-05,495,-360.01,25.15,1298.3,-0.012927
DESC-05,496,819.18,877.6,981.58,-0.010801
DESC-05,497,1303.38,-335.69,976.26,-0.002251
DESC-05,500,418.11,233.53,1363.25,-0.016476
DESC-05,501,1400.92,-96.92,948.69,-0.005609
DESC-05,502,1005.91,-631.37,1045.2,-0.007778
DESC-05,505,601.71,1092.28,946.65,-0.016078
DESC-05,506,32.72,508.38,1253.17,-0.015493
DESC-05,508,1002.74,490.45,1041.76,-0.016647
DESC-05,510,112.38,280.0,1394.97,-0.011486
DESC-05,511,-288.28,-1259.46,945.89,-0.017301
DESC-05,514,455.74,166.92,1375.4,-0.020906
DESC-05,517,1168.67,-68.34,1044.94,-0.003742
DESC-05,519,1316.08,199.86,969.11,-0.007891
DESC-05,520,258.35,-975.18,1098.34,-0.015164
DESC-05,522,1088.49,105.06,1072.88,-0.011661
DESC-05,525,907.96,-1046.6,957.55,-0.000952
DESC-05,528,531.72,-731.41,1170.37,-0.012993
DESC-05,529,-83.31,-927.53,1109.08,-0.010329
DESC-05,530,320.0,-1159.73,1012.79,-0.013328
DESC-05,531,381.46,1111.85,963.17,-0.011124
DESC-05,532,409.91,-165.01,1452.68,-0.018749
DESC-05,533,821.56,-505.41,1150.17,-0.004537
DESC-05,535,643.43,1039.75,959.4,-0.016611
DESC-05,536,-53.32,-689.59,1229.68,-0.011416
DESC-05,537,497.99,-1027.87,1048.92,-0.010684
DESC-05,538,-269.12,-1264.83,946.47,-0.017379
DESC-05,539,-1.33,1088.85,977.38,1.5e-05
DESC-05,540,1157.46,-21.85,1049.19,-0.003126
DESC-05,542,1085.39,-376.36,1061.68,-0.010767
DESC-05,544,-402.29,-968.19,1033.03,-0.016395
DESC-05,545,675.16,-744.35,1124.59,-0.015496
DESC-05,547,-402.79,165.55,1250.43,-0.014727
DESC-05,548,11.46,-1320.87,949.64,-0.014839
DESC-05,550,-291.65,-1173.27,977.17,-0.015178
DESC-05,551,961.24,285.74,1103.93,-0.014122
DESC-05,552,-543.16,254.97,1162.81,-0.009745
DESC-05,553,-561.49,665.99,1039.59,-0.006325
DESC-05,554,-673.5,870.79,946.06,0.002117
DESC-05,556,-235.22,453.59,1221.27,-0.003928
DESC-05,558,61.72,-116.09,1577.75,-0.015823
DESC-05,563,822.25,-730.24,1082.67,-0.014197
DESC-05,564,-336.53,1078.59,946.53,0.004845
DESC-05,565,-208.12,632.72,1148.83,-0.005884
DESC-05,566,121.97,-821.21,1177.18,-0.00632
DESC-05,567,694.34,-1009.94,1019.39,-0.00909
DESC-05,569,334.19,-470.58,1351.38,-0.009078
DESC-05,570,-82.19,-1040.46,1058.57,-0.011582
DESC-05,571,-823.66,-56.04,1064.96,-0.012182
DESC-05,573,-403.43,294.11,1215.95,-0.010952
DESC-05,575,-457.56,-643.29,1133.55,-0.007853
DESC-05,576,1106.57,754.38,941.62,-0.014014
DESC-05,577,818.2,-897.86,1028.6,-0.012316
DESC-05,581,528.18,-457.45,1290.43,-0.009961
DESC-05,582,1177.95,-350.82,1025.62,-0.003431
DESC-05,583,10.5,-928.62,1118.22,-0.011831
DESC-05,585,334.41,131.34,1447.99,-0.018262
DESC-05,588,204.86,164.13,1468.31,-0.017454
DESC-05,591,-491.8,96.46,1217.23,-0.01231
DESC-05,592,1115.59,84.96,1062.42,-0.008616
DESC-05,593,-404.55,412.51,1177.21,-0.011409
DESC-05,594,634.15,-273.92,1297.84,-0.008728
DESC-05,597,119.26,491.64,1268.61,-0.015204
DESC-05,599,766.32,-534.74,1164.81,-0.007424
DESC-05,601,366.26,190.55,1404.94,-0.019442
DESC-05,603,-174.19,702.59,1124.48,-0.000673
DESC-05,605,-618.62,415.33,1092.38,-0.01292
DESC-05,607,212.56,-1199.18,1001.06,-0.008661
DESC-05,609,-776.75,23.13,1083.96,-0.00675
DESC-05,610,457.93,1102.48,960.08,-0.01131
DESC-05,611,-314.95,-579.85,1208.12,-0.014236
DESC-05,614,992.94,317.26,1084.24,-0.015736
DESC-05,616,1124.86,9.74,1062.69,-0.006154
DESC-05,617,-790.27,127.4,1069.99,-0.005218
DESC-05,618,-734.22,-396.48,1080.87,-0.005226
DESC-05,620,104.14,167.11,1467.56,-0.016552
DESC-05,621,1301.49,-353.96,975.35,-0.003086
DESC-05,623,629.27,-259.66,1303.5,-0.007896
DESC-05,627,-214.72,553.68,1182.66,-0.005386
DESC-05,628,154.32,658.02,1179.09,-0.019535
DESC-06,0,6129.37,-3195.77,283.06,-0.002177
DESC-06,1,-4410.09,14055.44,250.37,-0.001141
DESC-06,2,2947.38,-7443.99,267.6,0.000635
DESC-06,3,-8294.52,-10124.0,250.96,0.002587
DESC-06,4,-12659.81,-3577.24,250.88,0.000172
DESC-06,5,6440.82,928.92,290.64,-0.004261
DESC-06,8,8734.4,-7425.01,252.63,0.001207
DESC-06,9,-1873.09,-11214.63,252.6,0.000521
DESC-06,10,-8301.88,5016.19,255.82,-0.000512
DESC-06,11,11668.91,3860.67,251.62,0.001545
DESC-06,14,-12506.56,12119.15,250.08,-0.003695
DESC-06,15,-14329.63,6225.82,250.22,-0.000166
DESC-06,17,12605.65,9574.56,250.22,-0.00256
DESC-06,18,5057.81,5001.96,277.64,0.000832
DESC-06,19,5402.17,9982.25,252.56,0.000392
DESC-06,20,9435.83,166.16,258.03,-0.000896
DESC-06,21,14140.74,-10107.27,250.1,-0.001122
DESC-06,22,-1825.99,1584.09,583.3,-0.002194
DESC-06,23,-11902.4,-9858.45,250.25,8.7e-05
DESC-06,24,6966.1,7383.88,255.1,-0.001778
DESC-06,26,5697.56,8737.96,254.29,-0.000153
DESC-06,27,-9355.2,-7127.66,251.95,0.000287
DESC-06,28,6265.57,10628.83,251.48,0.000371
DESC-06,29,1027.16,-8117.06,265.68,-0.000126
DESC-06,30,7277.53,-386.18,276.6,-0.00184
DESC-06,31,4787.76,2755.18,318.33,-0.005788
DESC-06,32,12490.06,11964.43,250.1,0.003124
DESC-06,34,-4047.21,-1795.32,362.76,-0.002318
DESC-06,35,-13928.41,-14931.65,250.02,0.005555
DESC-06,36,4210.21,-14680.75,250.31,-0.002474
DESC-06,37,-2204.7,11961.27,251.53,-0.000707
DESC-06,38,11573.84,11713.92,250.15,0.000319
DESC-06,41,11366.43,-3887.69,251.94,0.000405
DESC-06,42,-722.59,1256.25,826.86,-0.009587
DESC-06,45,10879.15,-2897.52,252.95,-0.002776
DESC-06,46,-14687.05,10974.17,250.05,0.001096
DESC-06,48,-4892.48,4424.59,282.72,0.00068
DESC-06,49,-1276.57,-12677.0,251.22,0.001685
DESC-06,50,-7397.33,-2344.91,267.58,0.001537
DESC-06,51,14291.98,-5954.32,250.28,0.000816
DESC-06,52,4366.32,-9116.38,255.5,-0.002125
DESC-06,53,-4001.17,1668.08,364.65,0.002378
DESC-06,55,-10392.71,10359.13,250.37,-0.000385
DESC-06,58,5038.67,-7151.94,261.8,-0.001059
DESC-06,59,-10276.56,-9900.86,250.49,0.000468
DESC-06,63,-1517.95,-3426.73,425.36,-0.002722
DESC-06,64,-8923.93,6646.88,252.64,-0.000635
DESC-06,67,146.43,-581.71,1309.44,-0.017652
DESC-06,68,-8988.84,-5455.13,253.87,-0.003437
DESC-06,70,8355.58,3511.37,259.66,-0.003434
DESC-06,71,12842.38,-7175.91,250.43,-0.002685
DESC-06,72,-11404.96,-12186.31,250.13,0.000213
DESC-06,73,-13097.07,13025.98,250.04,-0.00311
DESC-06,74,-13986.64,14254.94,250.02,6.2e-05
DESC-06,75,3740.71,-9175.53,256.12,1e-05
DESC-06,79,7641.02,5851.35,256.93,-0.001383
DESC-06,80,-7615.4,-14107.07,250.19,0.001793
DESC-06,81,7587.49,-9632.52,251.68,-0.00097
DESC-06,82,-2653.9,1416.38,489.5,0.000859
DESC-06,83,-10907.46,-2175.42,252.7,0.00061
DESC-06,84,-14982.96,-11234.75,250.04,0.001143
DESC-06,85,-12365.9,-960.84,251.31,0.001849
DESC-06,87,4864.47,-7684.6,259.71,9.5e-05
DESC-06,88,-6018.86,-10637.51,251.57,0.001274
DESC-06,90,-1417.68,6671.04,279.78,-0.000127
DESC-06,91,-13267.28,-7954.68,250.25,0.001527
DESC-06,92,3121.32,-42.28,518.64,-0.010549
DESC-06,93,-7593.66,-5117.84,258.26,0.002847
DESC-06,96,8637.28,10943.11,250.62,0.001827
DESC-06,98,9326.46,-1596.14,257.98,-0.002232
DESC-06,99,-13480.14,-3300.78,250.58,0.000938
DESC-06,100,14574.91,14319.08,250.02,-0.002614
DESC-06,102,-14505.45,5999.35,250.21,-0.001848
DESC-06,105,-9202.52,-9887.45,250.75,-0.001711
DESC-06,106,-10751.62,-12242.46,250.16,-0.00267
DESC-06,110,10398.71,10934.74,250.33,-0.003938
DESC-06,112,-13598.44,-12667.44,250.04,-0.002152
DESC-06,114,1297.05,12483.63,251.27,-0.001694
DESC-06,115,-5313.56,7325.97,258.43,0.002909
DESC-06,116,-7254.47,3778.25,263.54,0.002012
DESC-06,117,-2865.32,8921.6,257.17,-0.0021
DESC-06,118,-8245.96,10224.41,250.87,0.001576
DESC-06,119,14361.04,-13136.34,250.03,0.001063
DESC-06,120,10180.61,-8957.99,250.82,-0.00015
DESC-06,121,1260.12,11021.41,252.85,0.001538
DESC-06,122,12825.85,-6231.59,250.56,-0.00308
DESC-06,123,-4095.53,5460.03,278.98,-0.002743
DESC-06,125,259.75,-7940.28,267.76,0.002365
DESC-06,126,-8627.19,-6453.27,253.38,-0.002697
DESC-06,127,-4478.33,12829.92,250.69,-0.000763
DESC-06,129,-14301.01,-1718.46,250.43,0.00142
DESC-06,131,-9610.68,-8717.16,251.0,0.001272
DESC-06,132,8966.77,-11108.03,250.55,-0.002175
DESC-06,134,1517.87,-608.9,869.85,-0.018244
DESC-06,135,-4421.05,14521.01,250.28,0.000354
DESC-06,136,11298.87,-5289.19,251.5,-8.3e-05
DESC-06,137,-6132.09,9106.46,252.89,0.003065
DESC-06,138,8435.32,4689.47,256.91,-0.002883
DESC-06,139,-14177.18,-9372.53,250.11,0.001311
DESC-06,140,-7132.87,-3616.54,265.59,0.001234
DESC-06,142,-9602.4,2867.55,254.88,0.003298
DESC-06,143,1858.02,-14460.74,250.45,-0.001879
DESC-06,144,11135.73,1015.15,253.04,-0.001032
DESC-06,147,7300.71,-5451.11,259.74,-0.003022
DESC-06,148,-4790.74,4523.41,282.87,0.000601
DESC-06,150,1868.98,3390.84,412.79,-0.003754
DESC-06,153,-10520.85,10143.35,250.38,0.000527
DESC-06,154,4639.27,-4336.88,295.02,-0.001553
DESC-06,155,1480.02,12574.55,251.19,-0.000548
DESC-06,159,-8461.14,-8400.32,251.81,0.002717
DESC-06,162,-1322.71,-11807.99,251.97,9e-05
DESC-06,163,2890.49,-5761.04,292.1,0.000526
DESC-06,165,5436.92,-13896.25,250.38,-0.000802
DESC-06,167,4892.91,13333.11,250.52,-0.003399
DESC-06,169,13402.43,5018.06,250.53,-0.001641
DESC-06,171,-5523.93,-4253.36,277.97,-0.000588
DESC-06,174,-934.9,12854.18,251.03,-0.001597
DESC-06,175,-12750.71,4795.74,250.66,0.001824
DESC-06,176,-7950.92,13022.51,250.27,0.002307
DESC-06,177,-1296.47,4102.29,369.78,-0.004501
DESC-06,179,-8747.49,-12894.92,250.24,0.002841
DESC-06,180,12266.61,13396.36,250.06,-0.002637
DESC-06,181,-2692.69,-13102.27,250.85,4.2e-05
DESC-06,182,-11927.91,-5449.0,250.91,-0.001455
DESC-06,183,6105.11,-2039.78,293.0,-0.006191
DESC-06,185,-8851.07,8606.13,251.34,0.000591
DESC-06,186,14578.21,-337.09,250.46,-0.001092
DESC-06,187,-1452.35,11908.85,251.69,-0.000199
DESC-06,189,3491.21,-1004.99,454.01,-0.009856
DESC-06,190,-7306.27,13542.75,250.25,0.000488
DESC-06,191,-5113.18,10749.25,251.74,-0.001973
DESC-06,194,-8108.64,7218.72,253.07,0.000844
DESC-06,195,-14260.72,-6664.92,250.21,-0.00093
DESC-06,196,6620.93,3387.35,273.71,-0.002291
DESC-06,197,12034.91,-8995.71,250.36,-0.005084
DESC-06,199,-1880.93,12142.27,251.43,0.001286
DESC-06,200,-145.35,-3700.64,436.06,-0.001753
DESC-06,201,4919.77,-14635.7,250.28,-0.000785
DESC-06,204,12259.88,13744.9,250.05,-0.001088
DESC-06,205,6732.79,4400.44,266.78,-0.001282
DESC-06,206,-8785.36,10432.06,250.66,0.003225
DESC-06,208,-7441.72,-9424.37,251.74,-0.000388
DESC-06,209,5023.11,3806.16,293.88,-0.000596
DESC-06,210,-12412.65,-3184.91,251.06,-0.000797
DESC-06,211,10317.64,14503.08,250.07,0.001518
DESC-06,212,4069.37,13268.44,250.62,-0.001137
DESC-06,213,5030.09,14762.17,250.24,0.002636
DESC-06,214,5792.73,9687.2,252.66,-0.000736
DESC-06,216,-12802.62,-1122.45,251.03,0.001178
DESC-06,217,8474.23,-1013.18,263.34,-0.002834
DESC-06,218,8018.87,14026.22,250.18,0.000607
DESC-06,219,-4978.2,10873.24,251.69,-0.001363
DESC-06,223,-134.19,-7788.67,269.27,0.001556
DESC-06,224,-3555.29,10522.76,252.73,0.002712
DESC-06,226,12401.97,-4906.24,250.93,-0.000706
DESC-06,227,-13763.73,10269.04,250.09,0.001784
DESC-06,228,-3916.84,4575.2,295.16,-0.003477
DESC-06,230,5896.34,-14015.99,250.32,0.00184
DESC-06,232,1353.9,-7632.92,269.99,0.002927
DESC-06,233,-4668.97,-13164.1,250.61,-0.000363
DESC-06,234,8651.81,-5091.38,255.82,-0.002431
DESC-06,236,-14438.63,12717.06,250.03,-0.000559
DESC-06,237,-4086.65,-13204.36,250.66,0.003452
DESC-06,238,10356.2,304.9,254.81,-0.000125
DESC-06,240,13506.35,-12916.21,250.05,-0.002396
DESC-06,243,-10084.09,-9917.13,250.53,-0.000745
DESC-06,244,14016.56,5195.2,250.37,-0.00317
DESC-06,246,-8082.41,-7364.93,253.12,0.003485
DESC-06,247,634.03,11635.92,252.07,-0.000776
DESC-06,248,-2222.55,14644.72,250.35,5.1e-05
DESC-06,250,4859.19,9462.4,253.79,0.001933
DESC-06,251,8224.26,-5414.85,256.47,-0.003292
DESC-06,252,5292.51,-9460.62,253.67,-0.000646
DESC-06,253,14774.82,-12189.97,250.04,-0.00121
DESC-06,255,-13853.96,-2843.71,250.5,-0.002035
DESC-06,257,2929.53,14295.3,250.41,0.003839
DESC-06,259,-369.43,13548.27,250.72,-0.003526
DESC-06,261,-2360.91,-7054.22,272.79,-0.000192
DESC-06,262,-1321.34,4262.31,359.63,-0.004169
DESC-06,264,-9423.97,-2492.32,255.81,-0.000395
DESC-06,265,-10088.86,14425.58,250.07,0.002226
DESC-06,266,-12722.72,-2085.72,251.01,0.002775
DESC-06,267,11178.56,9249.23,250.46,-0.003364
DESC-06,268,-3270.71,14299.34,250.38,-0.000762
DESC-06,270,11983.5,8389.96,250.43,0.00085
DESC-06,271,8178.45,13235.89,250.25,-0.001889
DESC-06,273,-4735.47,7351.62,260.01,0.001325
DESC-06,274,-11251.69,10758.27,250.22,-0.002322
DESC-06,275,-14573.5,9388.01,250.08,0.003586
DESC-06,278,9517.96,-4421.88,254.52,-0.000859
DESC-06,280,-12280.07,-1106.44,251.37,0.00218
DESC-06,281,622.59,14612.23,250.4,-0.000998
DESC-06,282,-9506.18,-13098.6,250.17,0.000585
DESC-06,286,3174.26,3495.14,353.83,-0.005682
DESC-06,287,12605.53,14979.09,250.03,0.000334
DESC-06,289,-10541.61,-10003.97,250.42,-0.000472
DESC-06,291,-5071.12,-13540.07,250.46,-0.00223
DESC-06,292,-5155.78,-9641.25,253.22,-0.001894
DESC-06,293,1932.69,-534.32,753.81,-0.016224
DESC-06,294,14777.13,-7858.59,250.14,-0.000206
DESC-06,295,6140.73,2520.62,287.19,-0.003382
DESC-06,296,10563.34,6413.09,251.53,-0.002479
DESC-06,297,-13165.28,-1221.7,250.84,0.001559
DESC-06,298,13249.07,-5017.85,250.59,0.002885
DESC-06,300,1627.63,-6562.07,284.84,-0.004835
DESC-06,301,-2170.5,6527.1,278.61,0.001674
DESC-06,303,8728.22,-12270.87,250.35,0.000718
DESC-06,304,-4075.98,-4822.88,291.06,0.000484
DESC-06,306,8563.08,-12080.47,250.41,-0.000442
DESC-06,307,3449.02,1645.78,426.94,-0.004712
DESC-06,310,12098.06,11143.23,250.16,0.003407
DESC-06,311,5695.6,-12453.33,250.75,-0.001935
DESC-06,312,12614.37,-13018.21,250.06,-0.002196
DESC-06,313,-4656.0,11558.21,251.28,-0.000103
DESC-06,314,-1292.16,-4735.54,343.37,-0.000869
DESC-06,315,3589.75,7886.0,261.29,-0.003493
DESC-06,316,2442.72,-3492.08,392.66,-0.0043
DESC-06,317,4033.25,-11670.01,251.57,-0.00088
DESC-06,319,-13637.19,7137.7,250.25,0.000354
DESC-06,321,10549.99,-5924.7,251.85,0.002451
DESC-06,323,9871.5,11771.16,250.28,-0.002862
DESC-06,324,11397.39,5505.37,251.31,-0.000243
DESC-06,325,-14396.79,12025.05,250.04,-0.000452
DESC-06,326,-8545.38,375.66,261.1,0.000611
DESC-06,327,-33.63,1645.19,783.99,-0.009546
DESC-06,328,9451.91,8998.4,251.02,-0.002543
DESC-06,329,1193.3,-11209.73,252.81,0.001571
DESC-06,330,-9671.21,3143.73,254.49,0.003567
DESC-06,331,-11631.73,-1029.68,251.97,0.003139
DESC-06,332,-7161.41,-6059.5,257.37,-0.000716
DESC-06,333,-3629.92,8353.32,258.25,0.000289
DESC-06,334,13624.48,-4400.03,250.54,-0.000978
DESC-06,337,12765.53,14057.19,250.04,-0.003483
DESC-06,338,-5523.08,-6068.12,264.32,-0.001303
DESC-06,339,-9397.45,-10805.43,250.48,0.000981
DESC-06,340,-14826.24,-180.65,250.34,-0.004327
DESC-06,342,7401.55,-9249.17,252.12,0.000138
DESC-06,344,-2565.25,-5140.86,307.6,0.002211
DESC-06,345,-13441.68,-3957.27,250.54,-0.000802
DESC-06,346,-1261.66,13709.75,250.63,-0.004282
DESC-06,348,-4817.06,-2113.77,320.98,0.003507
DESC-06,349,13355.67,12436.39,250.06,-0.000794
DESC-06,351,613.46,-6984.65,279.95,-0.000811
DESC-06,352,6023.78,-8084.01,255.63,-0.001144
DESC-06,353,-12631.36,868.42,251.13,1.1e-05
DESC-06,354,8267.25,8543.43,251.94,-0.000179
DESC-06,357,-48.89,7341.69,272.64,0.002522
DESC-06,359,3963.66,3458.87,327.78,-0.00379
DESC-06,361,13140.65,3887.76,250.74,0.003066
DESC-06,362,-5244.72,7739.09,257.15,-1.5e-05
DESC-06,363,1213.29,-13135.45,250.97,0.001895
DESC-06,365,-548.92,-5477.13,318.09,-0.003478
DESC-06,366,10351.71,8898.31,250.74,0.000495
DESC-06,367,-10602.94,713.73,253.5,-0.002239
DESC-06,368,13396.27,-9696.25,250.16,-0.001137
DESC-06,369,8448.02,-12234.96,250.39,-0.001489
DESC-06,370,-10505.29,-12090.91,250.19,-0.000128
DESC-06,371,-6641.25,7088.77,255.8,-0.000128
DESC-06,372,-3928.87,-3085.46,333.89,-0.001052
DESC-06,374,-5824.31,-7546.45,256.9,0.001302
DESC-06,375,5116.91,-12464.13,250.84,0.00038
DESC-06,376,-4842.05,-5025.08,278.23,0.000964
DESC-06,377,-3576.81,12681.59,250.87,-0.001775
DESC-06,378,2517.15,-6312.75,284.48,-0.00124
DESC-06,379,9549.62,-7827.65,251.61,0.00151
DESC-06,381,-13089.95,-7932.3,250.27,0.001693
DESC-06,382,-925.69,-5321.41,321.64,-0.001899
DESC-06,383,-13101.65,-4582.87,250.59,0.000248
DESC-06,384,-11717.74,14044.14,250.05,0.000759
DESC-06,385,-6634.86,-10145.9,251.65,0.000931
DESC-06,387,-7273.27,-6995.34,254.99,0.000413
DESC-06,388,-6279.89,-849.69,288.34,0.00054
DESC-06,393,8271.65,9430.4,251.34,0.001713
DESC-06,394,-11072.39,-9086.16,250.47,-0.000681
DESC-06,397,-7317.2,-8807.59,252.37,0.000334
DESC-06,398,-12217.41,2711.74,251.22,0.001905
DESC-06,400,1640.66,11469.66,252.17,-0.001134
DESC-06,402,7868.19,9779.47,251.33,0.001677
DESC-06,404,9641.95,6637.36,252.19,0.000504
DESC-06,406,-4435.56,-14743.79,250.27,0.001829
DESC-06,407,4000.29,-7630.73,262.62,-0.003581
DESC-06,410,-2153.88,3283.22,395.39,-0.000763
DESC-06,411,11546.5,-2293.84,252.21,-0.002008
DESC-06,413,3330.73,5342.65,292.59,-0.001557
DESC-06,414,-106.93,315.18,1327.46,-0.015398
DESC-06,415,6360.37,3907.2,273.2,-0.002288
DESC-06,416,6131.38,11287.18,251.11,-0.001617
DESC-06,418,12924.09,6611.48,250.46,-0.003246
DESC-06,421,-3638.19,208.71,419.62,-0.001047
DESC-06,424,3951.88,1309.74,397.73,-0.003035
DESC-06,425,8860.15,-4428.45,256.27,-0.002253
DESC-06,426,-14279.51,-14900.03,250.01,0.002853
DESC-06,427,-12481.34,1826.28,251.16,-0.000826
DESC-06,428,-8615.2,13947.76,250.14,0.000637
DESC-06,429,7159.19,3519.54,267.58,-0.002041
DESC-06,430,399.26,-171.76,1457.94,-0.02178
DESC-06,431,-274.58,-370.49,1301.97,-0.014803
DESC-06,434,-370.26,-188.86,1292.04,-0.014971
DESC-06,435,742.89,-30.72,1255.97,-0.018961
DESC-06,438,-834.7,-257.55,1053.0,-0.009852
DESC-06,439,-65.82,-1333.09,940.78,-0.012088
DESC-06,440,95.7,-1286.2,965.83,-0.014174
DESC-06,441,-143.88,196.98,1368.65,-0.015661
DESC-06,442,145.02,387.71,1329.63,-0.019496
DESC-06,443,496.8,-725.13,1181.99,-0.02114
DESC-06,444,-701.19,93.5,1114.04,-0.012241
DESC-06,445,118.99,-1371.88,932.87,-0.013567
DESC-06,447,-377.87,-773.83,1112.55,-0.014648
DESC-06,448,-403.14,70.17,1268.21,-0.013901
DESC-06,449,1033.97,-101.47,1106.61,-0.021261
DESC-06,451,-456.33,199.97,1216.04,-0.014527
DESC-06,452,-432.65,-1202.16,943.52,-0.009567
DESC-06,454,-892.79,109.32,1026.99,-0.011209
DESC-06,456,-124.75,-337.34,1385.8,-0.017041
DESC-06,457,332.26,-922.08,1117.46,-0.019297
DESC-06,459,814.98,-695.17,1096.37,-0.018154
DESC-06,460,1115.0,602.08,976.12,-0.018291
DESC-06,461,854.7,-379.84,1164.85,-0.020405
DESC-06,464,1294.81,200.14,977.39,-0.019541
DESC-06,465,-214.9,-781.57,1152.26,-0.018209
DESC-06,466,1272.5,-60.45,1000.34,-0.020425
DESC-06,467,-197.53,-995.79,1062.45,-0.013163
DESC-06,468,-314.3,753.49,1074.01,-0.012476
DESC-06,470,-1066.48,-237.98,958.2,-0.008335
DESC-06,471,220.82,-1204.72,998.55,-0.015297
DESC-06,472,-111.51,587.0,1190.31,-0.014652
DESC-06,473,107.62,878.33,1071.64,-0.015002
DESC-06,474,778.42,927.97,973.66,-0.017748
DESC-06,475,136.61,154.64,1478.64,-0.021532
DESC-06,478,13.6,102.49,1483.55,-0.017685
DESC-06,479,311.44,-368.46,1415.12,-0.021355
DESC-06,480,646.23,-704.17,1148.95,-0.02064
DESC-06,481,-446.92,-1024.56,1002.55,-0.012439
DESC-06,483,-344.39,-927.87,1061.56,-0.014691
DESC-06,485,-939.2,-24.06,1013.81,-0.009174
DESC-06,487,596.26,59.59,1329.73,-0.021723
DESC-06,488,1230.7,-587.95,971.14,-0.018723
DESC-06,489,-303.19,210.06,1288.26,-0.016469
DESC-06,491,-403.37,705.51,1070.91,-0.011149
DESC-06,493,222.05,254.4,1407.69,-0.020587
DESC-06,494,-298.57,1100.8,944.01,-0.011887
DESC-06,496,819.18,877.6,981.58,-0.018351
DESC-06,497,1303.38,-335.69,976.26,-0.021752
DESC-06,500,418.11,233.53,1363.25,-0.021666
DESC-06,501,1400.92,-96.92,948.69,-0.019844
DESC-06,502,1005.91,-631.37,1045.2,-0.01866
DESC-06,503,-146.37,350.22,1297.32,-0.016168
DESC-06,504,506.9,246.11,1320.24,-0.021569
DESC-06,506,32.72,508.38,1253.17,-0.017714
DESC-06,507,-214.24,-299.33,1355.46,-0.01552
DESC-06,508,1002.74,490.45,1041.76,-0.019755
DESC-06,509,-670.24,-729.5,1032.88,-0.012612
DESC-06,510,112.38,280.0,1394.97,-0.01901
DESC-06,511,-288.28,-1259.46,945.89,-0.011336
DESC-06,512,1126.6,-401.0,1040.85,-0.020642
DESC-06,513,369.53,433.17,1276.74,-0.019489
DESC-06,514,455.74,166.92,1375.4,-0.021124
DESC-06,515,-700.11,93.96,1114.5,-0.012117
DESC-06,516,-636.12,360.07,1098.71,-0.010858
DESC-06,517,1168.67,-68.34,1044.94,-0.021301
DESC-06,518,1326.6,144.15,969.68,-0.021155
DESC-06,520,258.35,-975.18,1098.34,-0.016897
DESC-06,522,1088.49,105.06,1072.88,-0.019254
DESC-06,523,742.61,-298.31,1235.72,-0.01981
DESC-06,525,907.96,-1046.6,957.55,-0.017912
DESC-06,526,1004.59,568.39,1021.45,-0.019418
DESC-06,527,787.11,-1075.38,976.08,-0.01728
DESC-06,528,531.72,-731.41,1170.37,-0.0214
DESC-06,530,320.0,-1159.73,1012.79,-0.01796
DESC-06,534,278.57,-780.5,1192.52,-0.02086
DESC-06,536,-53.32,-689.59,1229.68,-0.01884
DESC-06,538,-269.12,-1264.83,946.47,-0.010871
DESC-06,542,1085.39,-376.36,1061.68,-0.021124
DESC-06,543,690.51,-38.15,1285.92,-0.020191
DESC-06,544,-402.29,-968.19,1033.03,-0.012903
DESC-06,545,675.16,-744.35,1124.59,-0.019525
DESC-06,546,591.54,-81.27,1345.45,-0.020342
DESC-06,548,11.46,-1320.87,949.64,-0.013344
DESC-06,553,-561.49,665.99,1039.59,-0.009699
DESC-06,556,-235.22,453.59,1221.27,-0.014702
DESC-06,557,228.91,568.49,1223.89,-0.017731
DESC-06,560,-53.56,978.66,1019.17,-0.012969
DESC-06,562,263.06,1029.32,1003.51,-0.015893
DESC-06,564,-336.53,1078.59,946.53,-0.011498
DESC-06,565,-208.12,632.72,1148.83,-0.014965
DESC-06,567,694.34,-1009.94,1019.39,-0.017714
DESC-06,570,-82.19,-1040.46,1058.57,-0.014584
DESC-06,574,579.12,-3.3,1348.88,-0.020858
DESC-06,575,-457.56,-643.29,1133.55,-0.012867
DESC-06,576,1106.57,754.38,941.62,-0.019467
DESC-06,577,818.2,-897.86,1028.6,-0.017425
DESC-06,581,528.18,-457.45,1290.43,-0.022906
DESC-06,582,1177.95,-350.82,1025.62,-0.019967
DESC-06,583,10.5,-928.62,1118.22,-0.016311
DESC-06,587,1348.34,-296.88,961.71,-0.021834
DESC-06,589,344.5,478.4,1258.0,-0.018886
DESC-06,590,252.57,427.45,1300.07,-0.017455
DESC-06,591,-491.8,96.46,1217.23,-0.012631
DESC-06,593,-404.55,412.51,1177.21,-0.012476
DESC-06,594,634.15,-273.92,1297.84,-0.019601
DESC-06,595,-358.78,-352.45,1265.97,-0.014948
DESC-06,597,119.26,491.64,1268.61,-0.01827
DESC-06,599,766.32,-534.74,1164.81,-0.021161
DESC-06,600,590.05,-813.46,1120.47,-0.018412
DESC-06,602,7.43,-793.89,1184.3,-0.016008
DESC-06,603,-174.19,702.59,1124.48,-0.014998
DESC-06,604,-37.86,-128.21,1507.0,-0.018647
DESC-06,605,-618.62,415.33,1092.38,-0.010452
DESC-06,607,212.56,-1199.18,1001.06,-0.015219
DESC-06,608,-812.74,315.43,1035.26,-0.01188
DESC-06,609,-776.75,23.13,1083.96,-0.01084
DESC-06,610,457.93,1102.48,960.08,-0.016165
DESC-06,611,-314.95,-579.85,1208.12,-0.01526
DESC-06,612,-600.55,-796.81,1036.54,-0.010996
DESC-06,613,-262.35,-1127.75,998.96,-0.012786
DESC-06,614,992.94,317.26,1084.24,-0.019648
DESC-06,615,-599.78,-901.05,1004.85,-0.011246
DESC-06,616,1124.86,9.74,1062.69,-0.020041
DESC-06,617,-790.27,127.4,1069.99,-0.011066
DESC-06,618,-734.22,-396.48,1080.87,-0.010274
DESC-06,620,104.14,167.11,1467.56,-0.020709
DESC-06,622,1024.67,-333.0,1094.19,-0.020292
DESC-06,623,629.27,-259.66,1303.5,-0.018651
DESC-06,627,-214.72,553.68,1182.66,-0.013644
DESC-06,628,154.32,658.02,1179.09,-0.017044
DESC-06,629,-1142.05,25.47,931.32,-0.008734
DESC-07,1,-4410.09,14055.44,250.37,0.002333
DESC-07,2,2947.38,-7443.99,267.6,6.7e-05
DESC-07,3,-8294.52,-10124.0,250.96,0.029436
DESC-07,5,6440.82,928.92,290.64,-0.004702
DESC-07,6,5782.62,10477.42,251.82,-0.001577
DESC-07,8,8734.4,-7425.01,252.63,-1.1e-05
DESC-07,9,-1873.09,-11214.63,252.6,0.026683
DESC-07,10,-8301.88,5016.19,255.82,-0.000564
DESC-07,11,11668.91,3860.67,251.62,-0.002673
DESC-07,12,-1687.1,12829.78,251.0,0.029938
DESC-07,13,10048.84,-11062.4,250.38,0.000948
DESC-07,16,-11433.11,303.52,252.24,0.029709
DESC-07,19,5402.17,9982.25,252.56,0.029351
DESC-07,20,9435.83,166.16,258.03,0.028511
DESC-07,22,-1825.99,1584.09,583.3,-0.003934
DESC-07,25,9631.75,10287.17,250.57,0.026915
DESC-07,26,5697.56,8737.96,254.29,0.027002
DESC-07,27,-9355.2,-7127.66,251.95,0.027529
DESC-07,28,6265.57,10628.83,251.48,-0.001625
DESC-07,30,7277.53,-386.18,276.6,-0.002949
DESC-07,31,4787.76,2755.18,318.33,-0.004145
DESC-07,32,12490.06,11964.43,250.1,0.001761
DESC-07,33,-7437.94,4332.93,260.67,0.001392
DESC-07,34,-4047.21,-1795.32,362.76,0.02734
DESC-07,36,4210.21,-14680.75,250.31,-0.001971
DESC-07,40,3447.4,6216.79,276.99,-6.6e-05
DESC-07,41,11366.43,-3887.69,251.94,-0.002121
DESC-07,42,-722.59,1256.25,826.86,0.016055
DESC-07,43,3344.2,11193.29,252.08,-0.0008
DESC-07,44,13425.15,-12823.53,250.05,-6e-06
DESC-07,45,10879.15,-2897.52,252.95,-0.001433
DESC-07,47,2715.27,4181.24,338.32,0.02369
DESC-07,48,-4892.48,4424.59,282.72,0.004199
DESC-07,52,4366.32,-9116.38,255.5,-0.001059
DESC-07,53,-4001.17,1668.08,364.65,0.000209
DESC-07,55,-10392.71,10359.13,250.37,-0.001036
DESC-07,56,10621.27,-2722.7,253.47,0.0004
DESC-07,57,11346.98,3906.13,251.9,-0.00172
DESC-07,61,-14966.48,-3675.3,250.25,0.001444
DESC-07,62,-12267.92,6006.26,250.64,0.003416
DESC-07,63,-1517.95,-3426.73,425.36,0.023897
DESC-07,64,-8923.93,6646.88,252.64,-0.002906
DESC-07,65,4386.54,13850.51,250.43,0.000519
DESC-07,67,146.43,-581.71,1309.44,0.006801
DESC-07,68,-8988.84,-5455.13,253.87,0.025195
DESC-07,70,8355.58,3511.37,259.66,-0.003822
DESC-07,71,12842.38,-7175.91,250.43,7.6e-05
DESC-07,72,-11404.96,-12186.31,250.13,-0.000256
DESC-07,73,-13097.07,13025.98,250.04,-0.003397
DESC-07,76,10305.01,7276.21,251.32,0.002742
DESC-07,77,-3561.22,9401.01,254.89,0.000566
DESC-07,78,14647.57,-5980.26,250.23,-0.001316
DESC-07,79,7641.02,5851.35,256.93,0.025502
DESC-07,82,-2653.9,1416.38,489.5,-0.001966
DESC-07,83,-10907.46,-2175.42,252.7,0.027837
DESC-07,84,-14982.96,-11234.75,250.04,0.002121
DESC-07,86,-9830.29,5427.77,252.49,-0.000947
DESC-07,88,-6018.86,-10637.51,251.57,-3.8e-05
DESC-07,90,-1417.68,6671.04,279.78,0.001358
DESC-07,93,-7593.66,-5117.84,258.26,0.025611
DESC-07,94,1733.34,-917.53,767.55,0.009673
DESC-07,95,1006.1,14270.97,250.48,0.028343
DESC-07,96,8637.28,10943.11,250.62,0.027842
DESC-07,97,-6031.84,5289.64,264.81,-0.001179
DESC-07,99,-13480.14,-3300.78,250.58,0.02613
DESC-07,100,14574.91,14319.08,250.02,0.003491
DESC-07,101,-6572.08,-14614.42,250.19,0.001837
DESC-07,102,-14505.45,5999.35,250.21,-0.000849
DESC-07,104,8071.04,-2234.35,264.64,-0.001531
DESC-07,106,-10751.62,-12242.46,250.16,0.002137
DESC-07,110,10398.71,10934.74,250.33,3.9e-05
DESC-07,111,6804.78,7006.61,256.32,-0.001531
DESC-07,113,-7336.73,-10195.33,251.29,0.025528
DESC-07,114,1297.05,12483.63,251.27,-0.001282
DESC-07,116,-7254.47,3778.25,263.54,0.003134
DESC-07,117,-2865.32,8921.6,257.17,-0.00077
DESC-07,118,-8245.96,10224.41,250.87,0.00067
DESC-07,119,14361.04,-13136.34,250.03,0.001117
DESC-07,122,12825.85,-6231.59,250.56,-0.000984
DESC-07,123,-4095.53,5460.03,278.98,0.0007
DESC-07,124,6072.05,-9801.16,252.51,-0.000819
DESC-07,125,259.75,-7940.28,267.76,0.001857
DESC-07,127,-4478.33,12829.92,250.69,0.031878
DESC-07,129,-14301.01,-1718.46,250.43,0.001862
DESC-07,130,642.93,2861.85,516.96,-0.010067
DESC-07,131,-9610.68,-8717.16,251.0,2.6e-05
DESC-07,132,8966.77,-11108.03,250.55,0.000635
DESC-07,133,-12883.91,-1872.95,250.94,0.027813
DESC-07,135,-4421.05,14521.01,250.28,0.001219
DESC-07,137,-6132.09,9106.46,252.89,0.02372
DESC-07,139,-14177.18,-9372.53,250.11,-0.000759
DESC-07,140,-7132.87,-3616.54,265.59,-0.000945
DESC-07,141,-12124.09,-6855.57,250.58,0.028063
DESC-07,142,-9602.4,2867.55,254.88,0.028916
DESC-07,143,1858.02,-14460.74,250.45,0.026228
DESC-07,144,11135.73,1015.15,253.04,-0.001576
DESC-07,145,-14957.16,10962.89,250.04,0.000875
DESC-07,146,-8196.86,3150.87,259.7,-0.001099
DESC-07,147,7300.71,-5451.11,259.74,-0.00129
DESC-07,148,-4790.74,4523.41,282.87,0.003219
DESC-07,149,-14657.04,-4450.95,250.26,0.000501
DESC-07,151,-4924.44,13058.72,250.56,0.029954
DESC-07,152,14469.37,-1620.84,250.47,0.001945
DESC-07,153,-10520.85,10143.35,250.38,0.001007
DESC-07,154,4639.27,-4336.88,295.02,-0.002994
DESC-07,155,1480.02,12574.55,251.19,-0.000153
DESC-07,156,13545.64,-6084.81,250.4,-0.001803
DESC-07,157,11787.82,14400.13,250.05,-0.00137
DESC-07,158,1615.68,-9749.08,256.12,0.027387
DESC-07,159,-8461.14,-8400.32,251.81,0.028771
DESC-07,160,4714.8,2983.98,316.02,-0.004554
DESC-07,162,-1322.71,-11807.99,251.97,0.02404
DESC-07,163,2890.49,-5761.04,292.1,-0.001178
DESC-07,164,-2586.4,-9007.43,257.82,2.9e-05
DESC-07,165,5436.92,-13896.25,250.38,0.030533
DESC-07,166,-8120.93,-10112.79,251.02,0.02808
DESC-07,167,4892.91,13333.11,250.52,-0.004059
DESC-07,168,-6235.6,954.81,288.49,0.004246
DESC-07,169,13402.43,5018.06,250.53,-0.001679
DESC-07,170,2425.83,-13713.1,250.65,0.001279
DESC-07,172,-3185.08,1572.13,427.07,0.026209
DESC-07,174,-934.9,12854.18,251.03,0.001396
DESC-07,175,-12750.71,4795.74,250.66,0.030581
DESC-07,176,-7950.92,13022.51,250.27,-0.000462
DESC-07,178,11158.06,-7289.34,250.94,1e-05
DESC-07,180,12266.61,13396.36,250.06,-0.002296
DESC-07,181,-2692.69,-13102.27,250.85,-0.001259
DESC-07,182,-11927.91,-5449.0,250.91,0.002992
DESC-07,183,6105.11,-2039.78,293.0,-0.002396
DESC-07,184,-11653.76,1280.97,251.9,0.030534
DESC-07,185,-8851.07,8606.13,251.34,-0.00369
DESC-07,186,14578.21,-337.09,250.46,0.026317
DESC-07,187,-1452.35,11908.85,251.69,0.001639
DESC-07,189,3491.21,-1004.99,454.01,-0.005057
DESC-07,190,-7306.27,13542.75,250.25,0.002136
DESC-07,191,-5113.18,10749.25,251.74,-0.001409
DESC-07,192,-12212.75,-3467.58,251.13,0.000441
DESC-07,193,-14240.7,-8.35,250.47,-0.001288
DESC-07,194,-8108.64,7218.72,253.07,-0.000866
DESC-07,195,-14260.72,-6664.92,250.21,0.031206
DESC-07,196,6620.93,3387.35,273.71,-0.000609
DESC-07,197,12034.91,-8995.71,250.36,-0.001265
DESC-07,198,5109.42,7371.14,259.69,0.000188
DESC-07,199,-1880.93,12142.27,251.43,0.00323
DESC-07,200,-145.35,-3700.64,436.06,0.025091
DESC-07,202,-7162.19,-166.15,274.09,0.029875
DESC-07,205,6732.79,4400.44,266.78,-0.00126
DESC-07,206,-8785.36,10432.06,250.66,0.001061
DESC-07,207,6200.86,1778.1,291.58,-0.004153
DESC-07,208,-7441.72,-9424.37,251.74,0.026142
DESC-07,210,-12412.65,-3184.91,251.06,0.027887
DESC-07,211,10317.64,14503.08,250.07,0.003847
DESC-07,212,4069.37,13268.44,250.62,-0.000997
DESC-07,217,8474.23,-1013.18,263.34,0.001428
DESC-07,218,8018.87,14026.22,250.18,0.028818
DESC-07,219,-4978.2,10873.24,251.69,0.0291
DESC-07,220,9056.0,-4965.1,254.96,-0.000408
DESC-07,221,-2337.55,-7357.07,269.53,-0.005268
DESC-07,222,-1712.49,958.58,678.17,0.021968
DESC-07,224,-3555.29,10522.76,252.73,-0.001285
DESC-07,225,-3267.07,13678.07,250.53,0.026177
DESC-07,226,12401.97,-4906.24,250.93,-0.001493
DESC-07,227,-13763.73,10269.04,250.09,0.032123
DESC-07,228,-3916.84,4575.2,295.16,0.001106
DESC-07,229,4227.87,120.12,394.9,-0.009528
DESC-07,230,5896.34,-14015.99,250.32,0.030254
DESC-07,231,-7039.58,-799.89,275.28,0.025922
DESC-07,232,1353.9,-7632.92,269.99,-0.003125
DESC-07,233,-4668.97,-13164.1,250.61,0.001171
DESC-07,234,8651.81,-5091.38,255.82,-0.001903
DESC-07,235,6040.39,-14930.35,250.2,0.002472
DESC-07,236,-14438.63,12717.06,250.03,-0.000231
DESC-07,238,10356.2,304.9,254.81,-0.000993
DESC-07,239,4916.38,11693.99,251.21,-0.001144
DESC-07,240,13506.35,-12916.21,250.05,0.002424
DESC-07,241,6668.45,-6244.06,259.58,-0.003313
DESC-07,242,-9930.72,1791.33,254.7,0.030258
DESC-07,243,-10084.09,-9917.13,250.53,0.001362
DESC-07,244,14016.56,5195.2,250.37,0.001356
DESC-07,245,-12393.03,-11246.21,250.12,0.002272
DESC-07,246,-8082.41,-7364.93,253.12,0.027559
DESC-07,247,634.03,11635.92,252.07,-0.001859
DESC-07,248,-2222.55,14644.72,250.35,0.001536
DESC-07,249,-8649.09,-6826.45,252.96,0.027935
DESC-07,250,4859.19,9462.4,253.79,-0.003238
DESC-07,251,8224.26,-5414.85,256.47,-0.000366
DESC-07,252,5292.51,-9460.62,253.67,-0.001288
DESC-07,253,14774.82,-12189.97,250.04,0.001762
DESC-07,254,1504.03,11466.62,252.19,0.000303
DESC-07,255,-13853.96,-2843.71,250.5,0.030333
DESC-07,256,7836.43,1288.83,268.3,0.001929
DESC-07,257,2929.53,14295.3,250.41,-0.002246
DESC-07,258,-9301.97,11325.63,250.37,0.002544
DESC-07,261,-2360.91,-7054.22,272.79,-0.004072
DESC-07,265,-10088.86,14425.58,250.07,0.001704
DESC-07,267,11178.56,9249.23,250.46,0.000603
DESC-07,271,8178.45,13235.89,250.25,0.024679
DESC-07,272,-11599.21,12171.94,250.11,-0.003073
DESC-07,273,-4735.47,7351.62,260.01,0.000757
DESC-07,274,-11251.69,10758.27,250.22,0.001202
DESC-07,275,-14573.5,9388.01,250.08,0.026216
DESC-07,276,-12773.4,-7601.69,250.35,0.02824
DESC-07,277,-3578.3,5443.77,284.53,0.000847
DESC-07,280,-12280.07,-1106.44,251.37,-0.000153
DESC-07,281,622.59,14612.23,250.4,-0.002152
DESC-07,282,-9506.18,-13098.6,250.17,0.002225
DESC-07,284,-8643.83,-12827.25,250.26,-0.004493
DESC-07,286,3174.26,3495.14,353.83,-0.00496
DESC-07,288,6974.38,6609.19,256.93,-0.005222
DESC-07,289,-10541.61,-10003.97,250.42,0.001032
DESC-07,290,-4829.27,10815.97,251.8,0.028726
DESC-07,291,-5071.12,-13540.07,250.46,0.003465
DESC-07,292,-5155.78,-9641.25,253.22,0.027556
DESC-07,293,1932.69,-534.32,753.81,0.008239
DESC-07,294,14777.13,-7858.59,250.14,-0.000935
DESC-07,296,10563.34,6413.09,251.53,0.001279
DESC-07,297,-13165.28,-1221.7,250.84,0.032288
DESC-07,298,13249.07,-5017.85,250.59,-0.00091
DESC-07,300,1627.63,-6562.07,284.84,-0.001076
DESC-07,301,-2170.5,6527.1,278.61,0.001802
DESC-07,302,10861.04,-11041.34,250.28,0.000394
DESC-07,303,8728.22,-12270.87,250.35,0.001198
DESC-07,304,-4075.98,-4822.88,291.06,-0.001893
DESC-07,305,-14564.11,-11198.42,250.05,0.003255
DESC-07,306,8563.08,-12080.47,250.41,-0.001347
DESC-07,307,3449.02,1645.78,426.94,-0.007406
DESC-07,308,11012.56,8452.82,250.65,0.028895
DESC-07,309,-4696.94,-11590.23,251.36,0.025676
DESC-07,310,12098.06,11143.23,250.16,0.001154
DESC-07,311,5695.6,-12453.33,250.75,0.030685
DESC-07,312,12614.37,-13018.21,250.06,0.000134
DESC-07,313,-4656.0,11558.21,251.28,0.028551
DESC-07,316,2442.72,-3492.08,392.66,-0.003689
DESC-07,318,-6349.84,1175.22,285.39,0.005009
DESC-07,319,-13637.19,7137.7,250.25,-0.001387
DESC-07,320,-10931.57,1891.01,252.69,-0.000124
DESC-07,322,-11585.92,7117.85,250.67,0.001499
DESC-07,323,9871.5,11771.16,250.28,-0.000623
DESC-07,324,11397.39,5505.37,251.31,0.001635
DESC-07,325,-14396.79,12025.05,250.04,-0.001568
DESC-07,326,-8545.38,375.66,261.1,0.027734
DESC-07,327,-33.63,1645.19,783.99,0.017974
DESC-07,328,9451.91,8998.4,251.02,0.025604
DESC-07,329,1193.3,-11209.73,252.81,0.027988
DESC-07,330,-9671.21,3143.73,254.49,-0.001133
DESC-07,331,-11631.73,-1029.68,251.97,0.03025
DESC-07,334,13624.48,-4400.03,250.54,-0.000675
DESC-07,337,12765.53,14057.19,250.04,0.000936
DESC-07,339,-9397.45,-10805.43,250.48,-0.000782
DESC-07,340,-14826.24,-180.65,250.34,0.000112
DESC-07,342,7401.55,-9249.17,252.12,-0.002658
DESC-07,345,-13441.68,-3957.27,250.54,-0.001075
DESC-07,346,-1261.66,13709.75,250.63,0.024556
DESC-07,348,-4817.06,-2113.77,320.98,0.027137
DESC-07,349,13355.67,12436.39,250.06,0.00175
DESC-07,352,6023.78,-8084.01,255.63,-0.002619
DESC-07,353,-12631.36,868.42,251.13,0.026735
DESC-07,354,8267.25,8543.43,251.94,-0.002203
DESC-07,360,2382.11,-12361.81,251.36,4.3e-05
DESC-07,361,13140.65,3887.76,250.74,-0.001574
DESC-07,363,1213.29,-13135.45,250.97,0.024776
DESC-07,364,-3549.11,8125.77,259.43,0.000261
DESC-07,367,-10602.94,713.73,253.5,0.000371
DESC-07,368,13396.27,-9696.25,250.16,0.000486
DESC-07,369,8448.02,-12234.96,250.39,-0.001442
DESC-07,370,-10505.29,-12090.91,250.19,0.001266
DESC-07,371,-6641.25,7088.77,255.8,0.001198
DESC-07,372,-3928.87,-3085.46,333.89,0.027397
DESC-07,373,-11339.0,942.01,252.31,0.02999
DESC-07,374,-5824.31,-7546.45,256.9,-0.002788
DESC-07,377,-3576.81,12681.59,250.87,0.029593
DESC-07,378,2517.15,-6312.75,284.48,-0.003209
DESC-07,379,9549.62,-7827.65,251.61,-0.001247
DESC-07,381,-13089.95,-7932.3,250.27,0.031191
DESC-07,382,-925.69,-5321.41,321.64,0.027472
DESC-07,385,-6634.86,-10145.9,251.65,0.000429
DESC-07,386,-12314.39,-13645.85,250.05,-0.00247
DESC-07,388,-6279.89,-849.69,288.34,0.02921
DESC-07,391,4923.48,14689.49,250.25,0.024643
DESC-07,392,-10516.74,-12016.07,250.19,0.001373
DESC-07,393,8271.65,9430.4,251.34,0.026761
DESC-07,394,-11072.39,-9086.16,250.47,-9.5e-05
DESC-07,395,-12925.96,5022.91,250.57,-0.000156
DESC-07,396,8341.56,-3401.5,260.31,8.8e-05
DESC-07,397,-7317.2,-8807.59,252.37,0.001082
DESC-07,398,-12217.41,2711.74,251.22,-0.001304
DESC-07,399,-7626.45,1288.87,267.42,0.030495
DESC-07,401,8360.95,-12761.29,250.32,0.001012
DESC-07,402,7868.19,9779.47,251.33,0.025011
DESC-07,403,12985.26,10455.51,250.14,-0.00192
DESC-07,406,-4435.56,-14743.79,250.27,0.003621
DESC-07,407,4000.29,-7630.73,262.62,-0.000669
DESC-07,409,-4824.34,-1219.64,332.2,0.026744
DESC-07,410,-2153.88,3283.22,395.39,0.001273
DESC-07,411,11546.5,-2293.84,252.21,0.001102
DESC-07,412,13420.1,3265.47,250.7,-0.001379
DESC-07,413,3330.73,5342.65,292.59,-0.002742
DESC-07,414,-106.93,315.18,1327.46,0.004162
DESC-07,415,6360.37,3907.2,273.2,-0.000594
DESC-07,417,-4372.84,10359.37,252.52,0.002705
DESC-07,418,12924.09,6611.48,250.46,0.027059
DESC-07,419,2055.83,2351.17,501.65,-0.005767
DESC-07,420,9044.62,-10407.35,250.72,0.00107
DESC-07,421,-3638.19,208.71,419.62,0.003965
DESC-07,422,4870.5,1653.26,335.67,-0.006429
DESC-07,423,-1341.67,2027.82,583.5,-0.002427
DESC-07,424,3951.88,1309.74,397.73,-0.006689
DESC-07,425,8860.15,-4428.45,256.27,0.002004
DESC-07,427,-12481.34,1826.28,251.16,0.029834
DESC-07,428,-8615.2,13947.76,250.14,0.001752
DESC-07,429,7159.19,3519.54,267.58,0.000637
DESC-07,430,399.26,-171.76,1457.94,0.004485
DESC-07,431,-274.58,-370.49,1301.97,0.012539
DESC-07,432,797.88,-64.7,1226.71,0.003672
DESC-07,433,230.26,232.0,1420.58,0.003534
DESC-07,434,-370.26,-188.86,1292.04,0.013348
DESC-07,435,742.89,-30.72,1255.97,0.004817
DESC-07,438,-834.7,-257.55,1053.0,0.014692
DESC-07,439,-65.82,-1333.09,940.78,0.012938
DESC-07,440,95.7,-1286.2,965.83,0.011379
DESC-07,441,-143.88,196.98,1368.65,0.005293
DESC-07,442,145.02,387.71,1329.63,0.005875
DESC-07,444,-701.19,93.5,1114.04,0.014049
DESC-07,445,118.99,-1371.88,932.87,0.012418
DESC-07,448,-403.14,70.17,1268.21,0.011
DESC-07,452,-432.65,-1202.16,943.52,0.018142
DESC-07,454,-892.79,109.32,1026.99,0.015238
DESC-07,455,-1033.16,127.17,968.32,0.016167
DESC-07,456,-124.75,-337.34,1385.8,0.010212
DESC-07,457,332.26,-922.08,1117.46,0.008115
DESC-07,458,183.5,1016.33,1011.18,0.010217
DESC-07,459,814.98,-695.17,1096.37,0.006899
DESC-07,460,1115.0,602.08,976.12,0.008248
DESC-07,461,854.7,-379.84,1164.85,0.00624
DESC-07,463,-551.24,964.73,945.9,0.0139
DESC-07,464,1294.81,200.14,977.39,0.009611
DESC-07,465,-214.9,-781.57,1152.26,0.010686
DESC-07,466,1272.5,-60.45,1000.34,0.007475
DESC-07,467,-197.53,-995.79,1062.45,0.013203
DESC-07,468,-314.3,753.49,1074.01,0.012064
DESC-07,469,-487.22,-1126.0,958.94,0.016477
DESC-07,472,-111.51,587.0,1190.31,0.009034
DESC-07,474,778.42,927.97,973.66,0.010285
DESC-07,475,136.61,154.64,1478.64,0.00336
DESC-07,476,658.71,-313.52,1275.83,0.005256
DESC-07,478,13.6,102.49,1483.55,0.004524
DESC-07,479,311.44,-368.46,1415.12,0.005782
DESC-07,481,-446.92,-1024.56,1002.55,0.012646
DESC-07,483,-344.39,-927.87,1061.56,0.012812
DESC-07,485,-939.2,-24.06,1013.81,0.014985
DESC-07,486,-206.24,221.07,1330.42,0.007536
DESC-07,489,-303.19,210.06,1288.26,0.009082
DESC-07,492,-432.93,102.86,1247.07,0.010482
DESC-07,493,222.05,254.4,1407.69,0.003339
DESC-07,495,-360.01,25.15,1298.3,0.010589
DESC-07,496,819.18,877.6,981.58,0.010617
DESC-07,498,1077.38,280.31,1055.53,0.007119
DESC-07,499,-666.32,840.2,956.86,0.015044
DESC-07,501,1400.92,-96.92,948.69,0.008727
DESC-07,502,1005.91,-631.37,1045.2,0.00717
DESC-07,504,506.9,246.11,1320.24,0.004208
DESC-07,505,601.71,1092.28,946.65,0.010797
DESC-07,506,32.72,508.38,1253.17,0.005975
DESC-07,508,1002.74,490.45,1041.76,0.006366
DESC-07,509,-670.24,-729.5,1032.88,0.0147
DESC-07,512,1126.6,-401.0,1040.85,0.006852
DESC-07,513,369.53,433.17,1276.74,0.005812
DESC-07,515,-700.11,93.96,1114.5,0.013916
DESC-07,518,1326.6,144.15,969.68,0.011087
DESC-07,519,1316.08,199.86,969.11,0.009916
DESC-07,522,1088.49,105.06,1072.88,0.006454
DESC-07,523,742.61,-298.31,1235.72,0.006477
DESC-07,526,1004.59,568.39,1021.45,0.00716
DESC-07,527,787.11,-1075.38,976.08,0.008286
DESC-07,528,531.72,-731.41,1170.37,0.00782
DESC-07,530,320.0,-1159.73,1012.79,0.012293
DESC-07,531,381.46,1111.85,963.17,0.011484
DESC-07,532,409.91,-165.01,1452.68,0.004685
DESC-07,534,278.57,-780.5,1192.52,0.006801
DESC-07,535,643.43,1039.75,959.4,0.010967
DESC-07,536,-53.32,-689.59,1229.68,0.008921
DESC-07,537,497.99,-1027.87,1048.92,0.009073
DESC-07,539,-1.33,1088.85,977.38,0.012341
DESC-07,540,1157.46,-21.85,1049.19,0.009346
DESC-07,541,417.97,47.68,1437.16,0.00405
DESC-07,544,-402.29,-968.19,1033.03,0.012654
DESC-07,546,591.54,-81.27,1345.45,0.003117
DESC-07,547,-402.79,165.55,1250.43,0.009485
DESC-07,548,11.46,-1320.87,949.64,0.012585
DESC-07,551,961.24,285.74,1103.93,0.006599
DESC-07,552,-543.16,254.97,1162.81,0.010463
DESC-07,554,-673.5,870.79,946.06,0.014671
DESC-07,555,689.81,32.94,1280.54,0.003648
DESC-07,556,-235.22,453.59,1221.27,0.006532
DESC-07,557,228.91,568.49,1223.89,0.007187
DESC-07,558,61.72,-116.09,1577.75,0.005538
DESC-07,559,247.06,-443.98,1385.64,0.006689
DESC-07,560,-53.56,978.66,1019.17,0.012992
DESC-07,562,263.06,1029.32,1003.51,0.012027
DESC-07,563,822.25,-730.24,1082.67,0.007763
DESC-07,565,-208.12,632.72,1148.83,0.008389
DESC-07,567,694.34,-1009.94,1019.39,0.008355
DESC-07,571,-823.66,-56.04,1064.96,0.013717
DESC-07,572,71.28,-276.36,1494.76,0.006417
DESC-07,573,-403.43,294.11,1215.95,0.01011
DESC-07,574,579.12,-3.3,1348.88,0.004201
DESC-07,575,-457.56,-643.29,1133.55,0.01284
DESC-07,576,1106.57,754.38,941.62,0.011008
DESC-07,578,372.32,476.76,1253.42,0.005406
DESC-07,579,-400.86,-963.21,1035.2,0.012842
DESC-07,582,1177.95,-350.82,1025.62,0.007319
DESC-07,583,10.5,-928.62,1118.22,0.012397
DESC-07,585,334.41,131.34,1447.99,0.003891
DESC-07,587,1348.34,-296.88,961.71,0.007005
DESC-07,588,204.86,164.13,1468.31,0.002886
DESC-07,589,344.5,478.4,1258.0,0.006196
DESC-07,590,252.57,427.45,1300.07,0.005477
DESC-07,591,-491.8,96.46,1217.23,0.011229
DESC-07,593,-404.55,412.51,1177.21,0.010331
DESC-07,594,634.15,-273.92,1297.84,0.005406
DESC-07,595,-358.78,-352.45,1265.97,0.014466
DESC-07,597,119.26,491.64,1268.61,0.007527
DESC-07,598,-892.76,-484.98,1002.02,0.014767
DESC-07,600,590.05,-813.46,1120.47,0.006608
DESC-07,601,366.26,190.55,1404.94,0.003839
DESC-07,602,7.43,-793.89,1184.3,0.010422
DESC-07,603,-174.19,702.59,1124.48,0.010465
DESC-07,604,-37.86,-128.21,1507.0,0.00898
DESC-07,610,457.93,1102.48,960.08,0.009834
DESC-07,613,-262.35,-1127.75,998.96,0.0148
DESC-07,614,992.94,317.26,1084.24,0.00713
DESC-07,615,-599.78,-901.05,1004.85,0.013239
DESC-07,616,1124.86,9.74,1062.69,0.007586
DESC-07,617,-790.27,127.4,1069.99,0.014382
DESC-07,618,-734.22,-396.48,1080.87,0.014205
DESC-07,619,-1027.91,-609.05,933.25,0.016784
DESC-07,624,-250.2,595.93,1154.9,0.008751
DESC-07,628,154.32,658.02,1179.09,0.008182
DESC-07,629,-1142.05,25.47,931.32,0.015608
DESC-08,4,-12659.81,-3577.24,250.88,0.002138
DESC-08,5,6440.82,928.92,290.64,-0.011147
DESC-08,6,5782.62,10477.42,251.82,0.007685
DESC-08,7,6000.86,14696.79,250.2,0.001838
DESC-08,10,-8301.88,5016.19,255.82,-0.00708
DESC-08,12,-1687.1,12829.78,251.0,-0.012633
DESC-08,13,10048.84,-11062.4,250.38,0.004543
DESC-08,14,-12506.56,12119.15,250.08,0.009345
DESC-08,15,-14329.63,6225.82,250.22,0.00516
DESC-08,16,-11433.11,303.52,252.24,0.003502
DESC-08,18,5057.81,5001.96,277.64,-0.002821
DESC-08,19,5402.17,9982.25,252.56,0.003702
DESC-08,20,9435.83,166.16,258.03,-0.001966
DESC-08,22,-1825.99,1584.09,583.3,0.00406
DESC-08,23,-11902.4,-9858.45,250.25,-0.004935
DESC-08,24,6966.1,7383.88,255.1,-0.003451
DESC-08,26,5697.56,8737.96,254.29,-0.000901
DESC-08,31,4787.76,2755.18,318.33,-0.007338
DESC-08,32,12490.06,11964.43,250.1,-0.003912
DESC-08,33,-7437.94,4332.93,260.67,-0.001988
DESC-08,34,-4047.21,-1795.32,362.76,0.010079
DESC-08,37,-2204.7,11961.27,251.53,-0.002522
DESC-08,38,11573.84,11713.92,250.15,-0.007993
DESC-08,39,-10627.78,4552.44,252.07,-0.006934
DESC-08,40,3447.4,6216.79,276.99,-0.006723
DESC-08,41,11366.43,-3887.69,251.94,-0.007953
DESC-08,42,-722.59,1256.25,826.86,-0.004342
DESC-08,43,3344.2,11193.29,252.08,-2.9e-05
DESC-08,44,13425.15,-12823.53,250.05,0.010334
DESC-08,46,-14687.05,10974.17,250.05,0.006172
DESC-08,47,2715.27,4181.24,338.32,-0.007117
DESC-08,48,-4892.48,4424.59,282.72,-0.001999
DESC-08,49,-1276.57,-12677.0,251.22,-0.003939
DESC-08,51,14291.98,-5954.32,250.28,-0.004438
DESC-08,52,4366.32,-9116.38,255.5,-0.004475
DESC-08,53,-4001.17,1668.08,364.65,0.003968
DESC-08,54,5036.9,-10047.59,252.94,0.001351
DESC-08,57,11346.98,3906.13,251.9,-0.011685
DESC-08,58,5038.67,-7151.94,261.8,-0.005591
DESC-08,60,5509.47,13354.61,250.45,0.003149
DESC-08,62,-12267.92,6006.26,250.64,0.003154
DESC-08,68,-8988.84,-5455.13,253.87,0.006575
DESC-08,71,12842.38,-7175.91,250.43,0.003802
DESC-08,73,-13097.07,13025.98,250.04,-0.009322
DESC-08,75,3740.71,-9175.53,256.12,-0.00324
DESC-08,78,14647.57,-5980.26,250.23,-0.003229
DESC-08,79,7641.02,5851.35,256.93,0.007986
DESC-08,82,-2653.9,1416.38,489.5,0.002001
DESC-08,83,-10907.46,-2175.42,252.7,0.000387
DESC-08,84,-14982.96,-11234.75,250.04,0.007294
DESC-08,85,-12365.9,-960.84,251.31,0.010466
DESC-08,88,-6018.86,-10637.51,251.57,0.001518
DESC-08,89,-9163.88,-13927.37,250.13,-0.008881
DESC-08,93,-7593.66,-5117.84,258.26,-0.001157
DESC-08,94,1733.34,-917.53,767.55,-0.029464
DESC-08,95,1006.1,14270.97,250.48,-0.005794
DESC-08,96,8637.28,10943.11,250.62,-0.002342
DESC-08,98,9326.46,-1596.14,257.98,-0.001255
DESC-08,99,-13480.14,-3300.78,250.58,0.001211
DESC-08,103,-5158.59,10985.79,251.53,0.007705
DESC-08,104,8071.04,-2234.35,264.64,0.000531
DESC-08,106,-10751.62,-12242.46,250.16,0.003701
DESC-08,107,8349.85,11432.66,250.54,-0.003099
DESC-08,108,6384.54,-772.52,292.92,-0.012682
DESC-08,109,-2503.74,-379.0,567.54,-0.00249
DESC-08,112,-13598.44,-12667.44,250.04,0.007021
DESC-08,115,-5313.56,7325.97,258.43,0.000599
DESC-08,116,-7254.47,3778.25,263.54,-0.00057
DESC-08,119,14361.04,-13136.34,250.03,-0.002413
DESC-08,120,10180.61,-8957.99,250.82,0.000708
DESC-08,122,12825.85,-6231.59,250.56,-0.004694
DESC-08,125,259.75,-7940.28,267.76,0.009205
DESC-08,126,-8627.19,-6453.27,253.38,0.001964
DESC-08,127,-4478.33,12829.92,250.69,-0.006289
DESC-08,129,-14301.01,-1718.46,250.43,-0.005123
DESC-08,132,8966.77,-11108.03,250.55,-0.007045
DESC-08,135,-4421.05,14521.01,250.28,0.004137
DESC-08,137,-6132.09,9106.46,252.89,0.00923
DESC-08,138,8435.32,4689.47,256.91,-0.007526
DESC-08,141,-12124.09,-6855.57,250.58,-0.002933
DESC-08,143,1858.02,-14460.74,250.45,-0.011739
DESC-08,144,11135.73,1015.15,253.04,0.005433
DESC-08,145,-14957.16,10962.89,250.04,-0.002483
DESC-08,147,7300.71,-5451.11,259.74,-0.015287
DESC-08,148,-4790.74,4523.41,282.87,0.000231
DESC-08,150,1868.98,3390.84,412.79,-0.003614
DESC-08,151,-4924.44,13058.72,250.56,0.003597
DESC-08,154,4639.27,-4336.88,295.02,0.004244
DESC-08,155,1480.02,12574.55,251.19,-0.006138
DESC-08,156,13545.64,-6084.81,250.4,-0.002479
DESC-08,160,4714.8,2983.98,316.02,-0.00428
DESC-08,161,-14299.32,-2922.51,250.39,0.000779
DESC-08,162,-1322.71,-11807.99,251.97,-0.01034
DESC-08,166,-8120.93,-10112.79,251.02,-0.000658
DESC-08,167,4892.91,13333.11,250.52,-0.006504
DESC-08,168,-6235.6,954.81,288.49,-0.005261
DESC-08,172,-3185.08,1572.13,427.07,-0.000106
DESC-08,173,-13395.89,2447.38,250.66,0.003984
DESC-08,176,-7950.92,13022.51,250.27,0.007731
DESC-08,182,-11927.91,-5449.0,250.91,-0.003867
DESC-08,191,-5113.18,10749.25,251.74,0.012144
DESC-08,192,-12212.75,-3467.58,251.13,-0.001219
DESC-08,194,-8108.64,7218.72,253.07,-0.009328
DESC-08,197,12034.91,-8995.71,250.36,0.002332
DESC-08,199,-1880.93,12142.27,251.43,-0.009533
DESC-08,203,1787.97,12515.39,251.21,-0.001832
DESC-08,204,12259.88,13744.9,250.05,0.005726
DESC-08,205,6732.79,4400.44,266.78,0.008088
DESC-08,206,-8785.36,10432.06,250.66,-0.006481
DESC-08,210,-12412.65,-3184.91,251.06,-0.00657
DESC-08,211,10317.64,14503.08,250.07,0.002764
DESC-08,212,4069.37,13268.44,250.62,-0.005753
DESC-08,213,5030.09,14762.17,250.24,-0.00181
DESC-08,214,5792.73,9687.2,252.66,0.00258
DESC-08,218,8018.87,14026.22,250.18,0.003216
DESC-08,222,-1712.49,958.58,678.17,-0.003452
DESC-08,225,-3267.07,13678.07,250.53,0.003408
DESC-08,227,-13763.73,10269.04,250.09,0.005095
DESC-08,229,4227.87,120.12,394.9,-0.010335
DESC-08,231,-7039.58,-799.89,275.28,0.017101
DESC-08,233,-4668.97,-13164.1,250.61,0.004413
DESC-08,235,6040.39,-14930.35,250.2,-0.007194
DESC-08,236,-14438.63,12717.06,250.03,-0.003815
DESC-08,237,-4086.65,-13204.36,250.66,0.004176
DESC-08,238,10356.2,304.9,254.81,0.003904
DESC-08,240,13506.35,-12916.21,250.05,-0.004686
DESC-08,241,6668.45,-6244.06,259.58,-0.003137
DESC-08,242,-9930.72,1791.33,254.7,0.006228
DESC-08,244,14016.56,5195.2,250.37,0.011345
DESC-08,246,-8082.41,-7364.93,253.12,-0.008729
DESC-08,247,634.03,11635.92,252.07,-0.013278
DESC-08,248,-2222.55,14644.72,250.35,0.003364
DESC-08,250,4859.19,9462.4,253.79,-0.001592
DESC-08,252,5292.51,-9460.62,253.67,-0.000952
DESC-08,254,1504.03,11466.62,252.19,0.00711
DESC-08,255,-13853.96,-2843.71,250.5,-0.00589
DESC-08,256,7836.43,1288.83,268.3,0.006236
DESC-08,257,2929.53,14295.3,250.41,-0.005572
DESC-08,258,-9301.97,11325.63,250.37,0.011267
DESC-08,259,-369.43,13548.27,250.72,0.000764
DESC-08,260,-14731.12,13378.8,250.02,-0.001413
DESC-08,262,-1321.34,4262.31,359.63,-0.00595
DESC-08,264,-9423.97,-2492.32,255.81,-0.002071
DESC-08,267,11178.56,9249.23,250.46,-0.00822
DESC-08,268,-3270.71,14299.34,250.38,-0.010473
DESC-08,270,11983.5,8389.96,250.43,0.003075
DESC-08,273,-4735.47,7351.62,260.01,0.001611
DESC-08,275,-14573.5,9388.01,250.08,0.00455
DESC-08,277,-3578.3,5443.77,284.53,0.004035
DESC-08,278,9517.96,-4421.88,254.52,0.005708
DESC-08,279,-9679.3,-7873.64,251.32,0.008271
DESC-08,280,-12280.07,-1106.44,251.37,0.005869
DESC-08,281,622.59,14612.23,250.4,-0.001934
DESC-08,283,-1894.76,2714.71,454.47,-0.006541
DESC-08,284,-8643.83,-12827.25,250.26,0.001008
DESC-08,285,-3233.89,12134.92,251.22,-0.00053
DESC-08,286,3174.26,3495.14,353.83,-0.005134
DESC-08,287,12605.53,14979.09,250.03,-0.007581
DESC-08,289,-10541.61,-10003.97,250.42,-0.00322
DESC-08,290,-4829.27,10815.97,251.8,0.012994
DESC-08,291,-5071.12,-13540.07,250.46,0.005138
DESC-08,293,1932.69,-534.32,753.81,-0.031276
DESC-08,294,14777.13,-7858.59,250.14,-0.009725
DESC-08,295,6140.73,2520.62,287.19,5.2e-05
DESC-08,297,-13165.28,-1221.7,250.84,0.003232
DESC-08,298,13249.07,-5017.85,250.59,0.005862
DESC-08,300,1627.63,-6562.07,284.84,-0.013877
DESC-08,302,10861.04,-11041.34,250.28,-0.002192
DESC-08,303,8728.22,-12270.87,250.35,0.010359
DESC-08,304,-4075.98,-4822.88,291.06,0.001955
DESC-08,306,8563.08,-12080.47,250.41,0.006536
DESC-08,307,3449.02,1645.78,426.94,-0.003639
DESC-08,308,11012.56,8452.82,250.65,-0.004862
DESC-08,309,-4696.94,-11590.23,251.36,0.002146
DESC-08,310,12098.06,11143.23,250.16,-0.007862
DESC-08,311,5695.6,-12453.33,250.75,-0.003942
DESC-08,312,12614.37,-13018.21,250.06,0.006363
DESC-08,313,-4656.0,11558.21,251.28,0.003407
DESC-08,315,3589.75,7886.0,261.29,0.010137
DESC-08,317,4033.25,-11670.01,251.57,-0.007536
DESC-08,318,-6349.84,1175.22,285.39,0.002195
DESC-08,319,-13637.19,7137.7,250.25,0.008252
DESC-08,321,10549.99,-5924.7,251.85,-0.009083
DESC-08,322,-11585.92,7117.85,250.67,0.006894
DESC-08,324,11397.39,5505.37,251.31,0.01407
DESC-08,325,-14396.79,12025.05,250.04,-0.005551
DESC-08,326,-8545.38,375.66,261.1,0.004878
DESC-08,329,1193.3,-11209.73,252.81,0.00608
DESC-08,331,-11631.73,-1029.68,251.97,0.00689
DESC-08,334,13624.48,-4400.03,250.54,-0.000168
DESC-08,337,12765.53,14057.19,250.04,-0.014322
DESC-08,339,-9397.45,-10805.43,250.48,0.011291
DESC-08,340,-14826.24,-180.65,250.34,0.002163
DESC-08,341,3665.15,-8937.36,257.03,-0.009443
DESC-08,344,-2565.25,-5140.86,307.6,-0.005549
DESC-08,345,-13441.68,-3957.27,250.54,0.011984
DESC-08,346,-1261.66,13709.75,250.63,0.004065
DESC-08,347,7872.32,-12439.32,250.43,-0.003437
DESC-08,350,-12406.77,2690.86,251.11,-0.002238
DESC-08,353,-12631.36,868.42,251.13,-0.002938
DESC-08,357,-48.89,7341.69,272.64,-0.006035
DESC-08,358,10548.01,-12194.93,250.2,0.005231
DESC-08,359,3963.66,3458.87,327.78,-0.003376
DESC-08,360,2382.11,-12361.81,251.36,-0.002612
DESC-08,361,13140.65,3887.76,250.74,-0.001704
DESC-08,363,1213.29,-13135.45,250.97,-0.007264
DESC-08,364,-3549.11,8125.77,259.43,0.006034
DESC-08,366,10351.71,8898.31,250.74,-0.006499
DESC-08,367,-10602.94,713.73,253.5,-0.006696
DESC-08,369,8448.02,-12234.96,250.39,0.008588
DESC-08,370,-10505.29,-12090.91,250.19,-0.006168
DESC-08,372,-3928.87,-3085.46,333.89,-0.004385
DESC-08,374,-5824.31,-7546.45,256.9,0.005488
DESC-08,376,-4842.05,-5025.08,278.23,-0.002616
DESC-08,378,2517.15,-6312.75,284.48,-0.011408
DESC-08,382,-925.69,-5321.41,321.64,0.004126
DESC-08,385,-6634.86,-10145.9,251.65,0.001577
DESC-08,386,-12314.39,-13645.85,250.05,0.00117
DESC-08,387,-7273.27,-6995.34,254.99,-0.009911
DESC-08,388,-6279.89,-849.69,288.34,0.010094
DESC-08,389,-9863.95,-4524.51,253.18,0.016028
DESC-08,391,4923.48,14689.49,250.25,-0.001621
DESC-08,392,-10516.74,-12016.07,250.19,0.001117
DESC-08,393,8271.65,9430.4,251.34,-0.004396
DESC-08,398,-12217.41,2711.74,251.22,-0.003507
DESC-08,404,9641.95,6637.36,252.19,0.002316
DESC-08,408,-11931.59,5648.71,250.83,0.001004
DESC-08,409,-4824.34,-1219.64,332.2,0.015948
DESC-08,411,11546.5,-2293.84,252.21,-0.003121
DESC-08,412,13420.1,3265.47,250.7,0.003294
DESC-08,413,3330.73,5342.65,292.59,-0.008545
DESC-08,416,6131.38,11287.18,251.11,0.008893
DESC-08,417,-4372.84,10359.37,252.52,0.017285
DESC-08,420,9044.62,-10407.35,250.72,0.006473
DESC-08,421,-3638.19,208.71,419.62,0.00707
DESC-08,424,3951.88,1309.74,397.73,-0.006028
DESC-08,425,8860.15,-4428.45,256.27,-0.012329
DESC-08,426,-14279.51,-14900.03,250.01,0.007498
DESC-08,427,-12481.34,1826.28,251.16,0.004819
DESC-08,428,-8615.2,13947.76,250.14,-0.002075
DESC-08,432,797.88,-64.7,1226.71,-0.017224
DESC-08,433,230.26,232.0,1420.58,-0.020627
DESC-08,435,742.89,-30.72,1255.97,-0.020748
DESC-08,437,416.6,-554.69,1284.6,-0.017347
DESC-08,438,-834.7,-257.55,1053.0,-0.004414
DESC-08,439,-65.82,-1333.09,940.78,-0.020325
DESC-08,440,95.7,-1286.2,965.83,-0.020815
DESC-08,441,-143.88,196.98,1368.65,-0.014714
DESC-08,443,496.8,-725.13,1181.99,-0.022213
DESC-08,446,-504.31,-1170.11,940.83,-0.015256
DESC-08,447,-377.87,-773.83,1112.55,-0.023983
DESC-08,449,1033.97,-101.47,1106.61,-0.017527
DESC-08,451,-456.33,199.97,1216.04,-0.0167
DESC-08,452,-432.65,-1202.16,943.52,-0.018198
DESC-08,455,-1033.16,127.17,968.32,-0.015594
DESC-08,458,183.5,1016.33,1011.18,-0.011211
DESC-08,461,854.7,-379.84,1164.85,-0.01869
DESC-08,463,-551.24,964.73,945.9,-0.002859
DESC-08,464,1294.81,200.14,977.39,-0.026522
DESC-08,465,-214.9,-781.57,1152.26,-0.023838
DESC-08,466,1272.5,-60.45,1000.34,-0.01933
DESC-08,467,-197.53,-995.79,1062.45,-0.021963
DESC-08,468,-314.3,753.49,1074.01,-0.000609
DESC-08,469,-487.22,-1126.0,958.94,-0.016331
DESC-08,470,-1066.48,-237.98,958.2,-0.009963
DESC-08,473,107.62,878.33,1071.64,-0.00846
DESC-08,474,778.42,927.97,973.66,-0.013751
DESC-08,476,658.71,-313.52,1275.83,-0.01904
DESC-08,477,959.1,-540.31,1084.7,-0.014894
DESC-08,478,13.6,102.49,1483.55,-0.014625
DESC-08,479,311.44,-368.46,1415.12,-0.017991
DESC-08,480,646.23,-704.17,1148.95,-0.025372
DESC-08,482,-599.52,-697.38,1066.28,-0.015748
DESC-08,483,-344.39,-927.87,1061.56,-0.026585
DESC-08,485,-939.2,-24.06,1013.81,-0.014161
DESC-08,486,-206.24,221.07,1330.42,-0.0141
DESC-08,489,-303.19,210.06,1288.26,-0.012667
DESC-08,491,-403.37,705.51,1070.91,0.00195
DESC-08,492,-432.93,102.86,1247.07,-0.023428
DESC-08,493,222.05,254.4,1407.69,-0.023361
DESC-08,495,-360.01,25.15,1298.3,-0.018815
DESC-08,496,819.18,877.6,981.58,-0.017595
DESC-08,498,1077.38,280.31,1055.53,-0.019993
DESC-08,500,418.11,233.53,1363.25,-0.016353
DESC-08,501,1400.92,-96.92,948.69,-0.020374
DESC-08,502,1005.91,-631.37,1045.2,-0.022949
DESC-08,503,-146.37,350.22,1297.32,-0.012856
DESC-08,504,506.9,246.11,1320.24,-0.017457
DESC-08,505,601.71,1092.28,946.65,-0.024086
DESC-08,506,32.72,508.38,1253.17,-0.009449
DESC-08,507,-214.24,-299.33,1355.46,-0.022568
DESC-08,508,1002.74,490.45,1041.76,-0.018241
DESC-08,510,112.38,280.0,1394.97,-0.017159
DESC-08,511,-288.28,-1259.46,945.89,-0.020924
DESC-08,517,1168.67,-68.34,1044.94,-0.020434
DESC-08,518,1326.6,144.15,969.68,-0.025343
DESC-08,519,1316.08,199.86,969.11,-0.024269
DESC-08,520,258.35,-975.18,1098.34,-0.021608
DESC-08,525,907.96,-1046.6,957.55,-0.030985
DESC-08,527,787.11,-1075.38,976.08,-0.029472
DESC-08,529,-83.31,-927.53,1109.08,-0.023482
DESC-08,530,320.0,-1159.73,1012.79,-0.017298
DESC-08,531,381.46,1111.85,963.17,-0.022263
DESC-08,532,409.91,-165.01,1452.68,-0.016008
DESC-08,534,278.57,-780.5,1192.52,-0.018058
DESC-08,535,643.43,1039.75,959.4,-0.017404
DESC-08,536,-53.32,-689.59,1229.68,-0.023037
DESC-08,537,497.99,-1027.87,1048.92,-0.025542
DESC-08,539,-1.33,1088.85,977.38,-0.006886
DESC-08,541,417.97,47.68,1437.16,-0.022231
DESC-08,543,690.51,-38.15,1285.92,-0.019853
DESC-08,545,675.16,-744.35,1124.59,-0.026655
DESC-08,546,591.54,-81.27,1345.45,-0.021364
DESC-08,547,-402.79,165.55,1250.43,-0.017089
DESC-08,550,-291.65,-1173.27,977.17,-0.024945
DESC-08,551,961.24,285.74,1103.93,-0.018873
DESC-08,553,-561.49,665.99,1039.59,-0.004642
DESC-08,554,-673.5,870.79,946.06,0.001943
DESC-08,555,689.81,32.94,1280.54,-0.021546
DESC-08,557,228.91,568.49,1223.89,-0.019565
DESC-08,558,61.72,-116.09,1577.75,-0.018977
DESC-08,559,247.06,-443.98,1385.64,-0.017936
DESC-08,562,263.06,1029.32,1003.51,-0.014647
DESC-08,565,-208.12,632.72,1148.83,-0.011661
DESC-08,567,694.34,-1009.94,1019.39,-0.030775
DESC-08,570,-82.19,-1040.46,1058.57,-0.022591
DESC-08,571,-823.66,-56.04,1064.96,-0.016026
DESC-08,572,71.28,-276.36,1494.76,-0.024694
DESC-08,575,-457.56,-643.29,1133.55,-0.025878
DESC-08,576,1106.57,754.38,941.62,-0.025323
DESC-08,578,372.32,476.76,1253.42,-0.02066
DESC-08,579,-400.86,-963.21,1035.2,-0.026658
DESC-08,581,528.18,-457.45,1290.43,-0.018537
DESC-08,582,1177.95,-350.82,1025.62,-0.019892
DESC-08,586,230.7,105.15,1501.4,-0.017668
DESC-08,587,1348.34,-296.88,961.71,-0.020175
DESC-08,591,-491.8,96.46,1217.23,-0.023397
DESC-08,594,634.15,-273.92,1297.84,-0.019413
DESC-08,595,-358.78,-352.45,1265.97,-0.018707
DESC-08,598,-892.76,-484.98,1002.02,-0.011725
DESC-08,600,590.05,-813.46,1120.47,-0.024848
DESC-08,601,366.26,190.55,1404.94,-0.017341
DESC-08,602,7.43,-793.89,1184.3,-0.025057
DESC-08,603,-174.19,702.59,1124.48,-0.005107
DESC-08,604,-37.86,-128.21,1507.0,-0.023634
DESC-08,605,-618.62,415.33,1092.38,-0.002342
DESC-08,607,212.56,-1199.18,1001.06,-0.020803
DESC-08,608,-812.74,315.43,1035.26,-0.013882
DESC-08,611,-314.95,-579.85,1208.12,-0.021125
DESC-08,613,-262.35,-1127.75,998.96,-0.021327
DESC-08,614,992.94,317.26,1084.24,-0.016097
DESC-08,617,-790.27,127.4,1069.99,-0.016505
DESC-08,618,-734.22,-396.48,1080.87,-0.008854
DESC-08,619,-1027.91,-609.05,933.25,-0.015226
DESC-08,620,104.14,167.11,1467.56,-0.018335
DESC-08,621,1301.49,-353.96,975.35,-0.019873
DESC-08,622,1024.67,-333.0,1094.19,-0.022896
DESC-08,623,629.27,-259.66,1303.5,-0.018007
DESC-08,625,744.91,992.53,958.29,-0.016915
DESC-08,628,154.32,658.02,1179.09,-0.010011
DESC-09,2,2947.38,-7443.99,267.6,-0.002387
DESC-09,4,-12659.81,-3577.24,250.88,-0.000571
DESC-09,8,8734.4,-7425.01,252.63,0.000797
DESC-09,9,-1873.09,-11214.63,252.6,-0.001661
DESC-09,11,11668.91,3860.67,251.62,-0.000166
DESC-09,12,-1687.1,12829.78,251.0,-0.000729
DESC-09,13,10048.84,-11062.4,250.38,-0.002364
DESC-09,14,-12506.56,12119.15,250.08,-0.00361
DESC-09,15,-14329.63,6225.82,250.22,0.000798
DESC-09,18,5057.81,5001.96,277.64,0.00174
DESC-09,20,9435.83,166.16,258.03,-0.001033
DESC-09,22,-1825.99,1584.09,583.3,-0.003706
DESC-09,23,-11902.4,-9858.45,250.25,0.001105
DESC-09,24,6966.1,7383.88,255.1,-3.7e-05
DESC-09,30,7277.53,-386.18,276.6,-0.003883
DESC-09,34,-4047.21,-1795.32,362.76,-1.6e-05
DESC-09,35,-13928.41,-14931.65,250.02,0.001289
DESC-09,36,4210.21,-14680.75,250.31,0.000904
DESC-09,38,11573.84,11713.92,250.15,-0.000454
DESC-09,39,-10627.78,4552.44,252.07,-0.000777
DESC-09,40,3447.4,6216.79,276.99,-0.003055
DESC-09,43,3344.2,11193.29,252.08,-0.001421
DESC-09,45,10879.15,-2897.52,252.95,-0.000417
DESC-09,46,-14687.05,10974.17,250.05,0.003993
DESC-09,47,2715.27,4181.24,338.32,-0.002995
DESC-09,48,-4892.48,4424.59,282.72,0.002526
DESC-09,53,-4001.17,1668.08,364.65,-0.000255
DESC-09,54,5036.9,-10047.59,252.94,-0.00608
DESC-09,57,11346.98,3906.13,251.9,-0.001407
DESC-09,58,5038.67,-7151.94,261.8,-0.001373
DESC-09,62,-12267.92,6006.26,250.64,0.003246
DESC-09,63,-1517.95,-3426.73,425.36,0.002689
DESC-09,64,-8923.93,6646.88,252.64,-0.001681
DESC-09,65,4386.54,13850.51,250.43,0.001393
DESC-09,66,5562.84,2716.4,297.44,-0.004093
DESC-09,67,146.43,-581.71,1309.44,-0.022337
DESC-09,68,-8988.84,-5455.13,253.87,0.000797
DESC-09,69,14416.54,-13886.2,250.02,0.000391
DESC-09,72,-11404.96,-12186.31,250.13,-0.001216
DESC-09,73,-13097.07,13025.98,250.04,-0.00123
DESC-09,79,7641.02,5851.35,256.93,0.001418
DESC-09,82,-2653.9,1416.38,489.5,0.001395
DESC-09,84,-14982.96,-11234.75,250.04,0.000148
DESC-09,88,-6018.86,-10637.51,251.57,0.002209
DESC-09,89,-9163.88,-13927.37,250.13,-0.002892
DESC-09,93,-7593.66,-5117.84,258.26,0.00069
DESC-09,96,8637.28,10943.11,250.62,-0.000931
DESC-09,97,-6031.84,5289.64,264.81,0.001722
DESC-09,98,9326.46,-1596.14,257.98,-0.0007
DESC-09,100,14574.91,14319.08,250.02,0.001471
DESC-09,104,8071.04,-2234.35,264.64,0.00123
DESC-09,105,-9202.52,-9887.45,250.75,-0.002251
DESC-09,106,-10751.62,-12242.46,250.16,0.001939
DESC-09,110,10398.71,10934.74,250.33,-0.000445
DESC-09,111,6804.78,7006.61,256.32,0.002064
DESC-09,113,-7336.73,-10195.33,251.29,-0.001146
DESC-09,114,1297.05,12483.63,251.27,0.000875
DESC-09,115,-5313.56,7325.97,258.43,0.002004
DESC-09,116,-7254.47,3778.25,263.54,0.000438
DESC-09,117,-2865.32,8921.6,257.17,0.00098
DESC-09,118,-8245.96,10224.41,250.87,-0.001599
DESC-09,120,10180.61,-8957.99,250.82,-0.000103
DESC-09,121,1260.12,11021.41,252.85,-0.00148
DESC-09,122,12825.85,-6231.59,250.56,-0.001523
DESC-09,123,-4095.53,5460.03,278.98,0.001678
DESC-09,125,259.75,-7940.28,267.76,-0.001818
DESC-09,128,-1780.91,8782.93,259.07,-0.000266
DESC-09,129,-14301.01,-1718.46,250.43,-0.001941
DESC-09,130,642.93,2861.85,516.96,-0.003027
DESC-09,131,-9610.68,-8717.16,251.0,-0.003405
DESC-09,134,1517.87,-608.9,869.85,-0.023135
DESC-09,135,-4421.05,14521.01,250.28,0.000496
DESC-09,136,11298.87,-5289.19,251.5,-0.002511
DESC-09,137,-6132.09,9106.46,252.89,0.002982
DESC-09,138,8435.32,4689.47,256.91,-0.00183
DESC-09,141,-12124.09,-6855.57,250.58,0.002112
DESC-09,143,1858.02,-14460.74,250.45,0.001848
DESC-09,144,11135.73,1015.15,253.04,-0.000881
DESC-09,145,-14957.16,10962.89,250.04,0.003252
DESC-09,152,14469.37,-1620.84,250.47,0.000271
DESC-09,153,-10520.85,10143.35,250.38,0.001086
DESC-09,154,4639.27,-4336.88,295.02,-0.004382
DESC-09,155,1480.02,12574.55,251.19,0.000229
DESC-09,159,-8461.14,-8400.32,251.81,-0.001427
DESC-09,162,-1322.71,-11807.99,251.97,0.003523
DESC-09,164,-2586.4,-9007.43,257.82,-0.00215
DESC-09,166,-8120.93,-10112.79,251.02,-0.00091
DESC-09,167,4892.91,13333.11,250.52,0.001906
DESC-09,169,13402.43,5018.06,250.53,0.000589
DESC-09,171,-5523.93,-4253.36,277.97,0.002528
DESC-09,173,-13395.89,2447.38,250.66,0.002704
DESC-09,175,-12750.71,4795.74,250.66,0.000727
DESC-09,177,-1296.47,4102.29,369.78,0.000427
DESC-09,179,-8747.49,-12894.92,250.24,-0.000587
DESC-09,180,12266.61,13396.36,250.06,0.003428
DESC-09,182,-11927.91,-5449.0,250.91,-0.001018
DESC-09,183,6105.11,-2039.78,293.0,-0.005048
DESC-09,188,8634.52,-931.52,262.27,-0.002109
DESC-09,190,-7306.27,13542.75,250.25,-0.000478
DESC-09,193,-14240.7,-8.35,250.47,0.002003
DESC-09,194,-8108.64,7218.72,253.07,0.000936
DESC-09,196,6620.93,3387.35,273.71,-0.001709
DESC-09,198,5109.42,7371.14,259.69,-0.00083
DESC-09,200,-145.35,-3700.64,436.06,-0.003089
DESC-09,202,-7162.19,-166.15,274.09,5.4e-05
DESC-09,207,6200.86,1778.1,291.58,-0.001823
DESC-09,209,5023.11,3806.16,293.88,-0.000384
DESC-09,210,-12412.65,-3184.91,251.06,-0.000878
DESC-09,213,5030.09,14762.17,250.24,4.5e-05
DESC-09,217,8474.23,-1013.18,263.34,-0.003434
DESC-09,218,8018.87,14026.22,250.18,0.000219
DESC-09,222,-1712.49,958.58,678.17,0.001415
DESC-09,225,-3267.07,13678.07,250.53,-0.000976
DESC-09,226,12401.97,-4906.24,250.93,-0.001142
DESC-09,230,5896.34,-14015.99,250.32,-0.003548
DESC-09,233,-4668.97,-13164.1,250.61,-0.002906
DESC-09,235,6040.39,-14930.35,250.2,-0.001333
DESC-09,239,4916.38,11693.99,251.21,-0.004348
DESC-09,241,6668.45,-6244.06,259.58,-0.002574
DESC-09,247,634.03,11635.92,252.07,0.002333
DESC-09,249,-8649.09,-6826.45,252.96,1.7e-05
DESC-09,250,4859.19,9462.4,253.79,-0.002336
DESC-09,251,8224.26,-5414.85,256.47,-0.003263
DESC-09,252,5292.51,-9460.62,253.67,0.000746
DESC-09,255,-13853.96,-2843.71,250.5,-0.002231
DESC-09,257,2929.53,14295.3,250.41,0.001139
DESC-09,258,-9301.97,11325.63,250.37,0.00107
DESC-09,259,-369.43,13548.27,250.72,-0.003635
DESC-09,260,-14731.12,13378.8,250.02,0.000211
DESC-09,265,-10088.86,14425.58,250.07,0.000773
DESC-09,266,-12722.72,-2085.72,251.01,0.000274
DESC-09,267,11178.56,9249.23,250.46,-0.004547
DESC-09,269,4256.17,4299.83,299.84,-0.003307
DESC-09,271,8178.45,13235.89,250.25,0.001963
DESC-09,274,-11251.69,10758.27,250.22,-0.000663
DESC-09,276,-12773.4,-7601.69,250.35,-0.00075
DESC-09,277,-3578.3,5443.77,284.53,0.002119
DESC-09,280,-12280.07,-1106.44,251.37,3.3e-05
DESC-09,283,-1894.76,2714.71,454.47,0.001018
DESC-09,284,-8643.83,-12827.25,250.26,-0.002019
DESC-09,286,3174.26,3495.14,353.83,-0.001821
DESC-09,287,12605.53,14979.09,250.03,0.00394
DESC-09,291,-5071.12,-13540.07,250.46,0.001225
DESC-09,292,-5155.78,-9641.25,253.22,0.000166
DESC-09,294,14777.13,-7858.59,250.14,0.002429
DESC-09,300,1627.63,-6562.07,284.84,-0.002148
DESC-09,302,10861.04,-11041.34,250.28,0.002129
DESC-09,303,8728.22,-12270.87,250.35,-0.001206
DESC-09,305,-14564.11,-11198.42,250.05,0.001383
DESC-09,306,8563.08,-12080.47,250.41,-0.001715
DESC-09,307,3449.02,1645.78,426.94,-0.007657
DESC-09,309,-4696.94,-11590.23,251.36,-0.001489
DESC-09,311,5695.6,-12453.33,250.75,0.000858
DESC-09,312,12614.37,-13018.21,250.06,0.002575
DESC-09,313,-4656.0,11558.21,251.28,0.000431
DESC-09,314,-1292.16,-4735.54,343.37,-0.002405
DESC-09,315,3589.75,7886.0,261.29,-0.001136
DESC-09,316,2442.72,-3492.08,392.66,-0.007549
DESC-09,318,-6349.84,1175.22,285.39,0.000254
DESC-09,319,-13637.19,7137.7,250.25,-0.003217
DESC-09,321,10549.99,-5924.7,251.85,-0.002979
DESC-09,322,-11585.92,7117.85,250.67,-0.001226
DESC-09,323,9871.5,11771.16,250.28,-0.0014
DESC-09,325,-14396.79,12025.05,250.04,0.001097
DESC-09,326,-8545.38,375.66,261.1,-0.001304
DESC-09,330,-9671.21,3143.73,254.49,0.001329
DESC-09,331,-11631.73,-1029.68,251.97,0.000398
DESC-09,336,4597.6,1672.53,348.34,-0.003938
DESC-09,337,12765.53,14057.19,250.04,0.002012
DESC-09,339,-9397.45,-10805.43,250.48,-0.000944
DESC-09,341,3665.15,-8937.36,257.03,-0.000307
DESC-09,343,-277.14,8562.86,261.44,8.3e-05
DESC-09,344,-2565.25,-5140.86,307.6,-0.00289
DESC-09,349,13355.67,12436.39,250.06,0.0009
DESC-09,350,-12406.77,2690.86,251.11,0.002776
DESC-09,351,613.46,-6984.65,279.95,-0.002385
DESC-09,352,6023.78,-8084.01,255.63,-0.003264
DESC-09,353,-12631.36,868.42,251.13,0.001759
DESC-09,354,8267.25,8543.43,251.94,-9.8e-05
DESC-09,355,-2234.4,12128.0,251.4,0.001122
DESC-09,356,-4109.56,-6545.14,268.97,9.4e-05
DESC-09,357,-48.89,7341.69,272.64,0.001999
DESC-09,358,10548.01,-12194.93,250.2,0.000281
DESC-09,359,3963.66,3458.87,327.78,-0.002876
DESC-09,361,13140.65,3887.76,250.74,-2.5e-05
DESC-09,362,-5244.72,7739.09,257.15,0.003934
DESC-09,363,1213.29,-13135.45,250.97,0.000244
DESC-09,364,-3549.11,8125.77,259.43,0.000707
DESC-09,366,10351.71,8898.31,250.74,-0.000272
DESC-09,367,-10602.94,713.73,253.5,-0.002406
DESC-09,368,13396.27,-9696.25,250.16,-0.001047
DESC-09,369,8448.02,-12234.96,250.39,-0.000268
DESC-09,370,-10505.29,-12090.91,250.19,0.002442
DESC-09,372,-3928.87,-3085.46,333.89,0.002849
DESC-09,375,5116.91,-12464.13,250.84,-0.00068
DESC-09,379,9549.62,-7827.65,251.61,0.000863
DESC-09,382,-925.69,-5321.41,321.64,-0.003402
DESC-09,387,-7273.27,-6995.34,254.99,0.000949
DESC-09,388,-6279.89,-849.69,288.34,0.001371
DESC-09,390,10261.57,10831.46,250.36,-0.000143
DESC-09,391,4923.48,14689.49,250.25,0.000335
DESC-09,394,-11072.39,-9086.16,250.47,0.00014
DESC-09,396,8341.56,-3401.5,260.31,0.002186
DESC-09,399,-7626.45,1288.87,267.42,0.001441
DESC-09,401,8360.95,-12761.29,250.32,-0.001257
DESC-09,403,12985.26,10455.51,250.14,0.000576
DESC-09,405,12259.35,2217.45,251.49,0.000871
DESC-09,406,-4435.56,-14743.79,250.27,-0.001034
DESC-09,407,4000.29,-7630.73,262.62,0.001169
DESC-09,408,-11931.59,5648.71,250.83,0.000292
DESC-09,409,-4824.34,-1219.64,332.2,0.002257
DESC-09,412,13420.1,3265.47,250.7,-0.001132
DESC-09,413,3330.73,5342.65,292.59,-0.005045
DESC-09,414,-106.93,315.18,1327.46,-0.016805
DESC-09,420,9044.62,-10407.35,250.72,0.002646
DESC-09,422,4870.5,1653.26,335.67,-0.00476
DESC-09,424,3951.88,1309.74,397.73,-0.005869
DESC-09,426,-14279.51,-14900.03,250.01,-5e-05
DESC-09,429,7159.19,3519.54,267.58,-0.002418
DESC-09,434,-370.26,-188.86,1292.04,-0.018529
DESC-09,435,742.89,-30.72,1255.97,-0.02472
DESC-09,436,871.69,233.55,1154.23,-0.021745
DESC-09,437,416.6,-554.69,1284.6,-0.02578
DESC-09,438,-834.7,-257.55,1053.0,-0.012452
DESC-09,439,-65.82,-1333.09,940.78,-0.016367
DESC-09,440,95.7,-1286.2,965.83,-0.017709
DESC-09,441,-143.88,196.98,1368.65,-0.018598
DESC-09,442,145.02,387.71,1329.63,-0.0209
DESC-09,443,496.8,-725.13,1181.99,-0.025123
DESC-09,444,-701.19,93.5,1114.04,-0.012774
DESC-09,445,118.99,-1371.88,932.87,-0.017099
DESC-09,449,1033.97,-101.47,1106.61,-0.025009
DESC-09,451,-456.33,199.97,1216.04,-0.015833
DESC-09,455,-1033.16,127.17,968.32,-0.009136
DESC-09,456,-124.75,-337.34,1385.8,-0.022572
DESC-09,459,814.98,-695.17,1096.37,-0.024275
DESC-09,460,1115.0,602.08,976.12,-0.016889
DESC-09,462,-889.65,-353.48,1020.47,-0.011526
DESC-09,465,-214.9,-781.57,1152.26,-0.021331
DESC-09,466,1272.5,-60.45,1000.34,-0.024008
DESC-09,467,-197.53,-995.79,1062.45,-0.020933
DESC-09,469,-487.22,-1126.0,958.94,-0.01524
DESC-09,475,136.61,154.64,1478.64,-0.022315
DESC-09,477,959.1,-540.31,1084.7,-0.024992
DESC-09,486,-206.24,221.07,1330.42,-0.017862
DESC-09,487,596.26,59.59,1329.73,-0.025494
DESC-09,491,-403.37,705.51,1070.91,-0.017054
DESC-09,493,222.05,254.4,1407.69,-0.022158
DESC-09,497,1303.38,-335.69,976.26,-0.024652
DESC-09,500,418.11,233.53,1363.25,-0.024094
DESC-09,502,1005.91,-631.37,1045.2,-0.024689
DESC-09,504,506.9,246.11,1320.24,-0.025527
DESC-09,505,601.71,1092.28,946.65,-0.014298
DESC-09,507,-214.24,-299.33,1355.46,-0.023143
DESC-09,508,1002.74,490.45,1041.76,-0.018588
DESC-09,510,112.38,280.0,1394.97,-0.020568
DESC-09,513,369.53,433.17,1276.74,-0.022492
DESC-09,516,-636.12,360.07,1098.71,-0.013223
DESC-09,517,1168.67,-68.34,1044.94,-0.025434
DESC-09,518,1326.6,144.15,969.68,-0.021082
DESC-09,519,1316.08,199.86,969.11,-0.021252
DESC-09,525,907.96,-1046.6,957.55,-0.020885
DESC-09,526,1004.59,568.39,1021.45,-0.018337
DESC-09,528,531.72,-731.41,1170.37,-0.025918
DESC-09,529,-83.31,-927.53,1109.08,-0.020997
DESC-09,530,320.0,-1159.73,1012.79,-0.019482
DESC-09,531,381.46,1111.85,963.17,-0.015611
DESC-09,532,409.91,-165.01,1452.68,-0.026487
DESC-09,533,821.56,-505.41,1150.17,-0.026536
DESC-09,534,278.57,-780.5,1192.52,-0.024022
DESC-09,536,-53.32,-689.59,1229.68,-0.02209
DESC-09,538,-269.12,-1264.83,946.47,-0.016119
DESC-09,540,1157.46,-21.85,1049.19,-0.024333
DESC-09,541,417.97,47.68,1437.16,-0.027176
DESC-09,542,1085.39,-376.36,1061.68,-0.023786
DESC-09,543,690.51,-38.15,1285.92,-0.026471
DESC-09,547,-402.79,165.55,1250.43,-0.01716
DESC-09,548,11.46,-1320.87,949.64,-0.017032
DESC-09,551,961.24,285.74,1103.93,-0.021149
DESC-09,552,-543.16,254.97,1162.81,-0.014269
DESC-09,553,-561.49,665.99,1039.59,-0.014456
DESC-09,556,-235.22,453.59,1221.27,-0.018058
DESC-09,557,228.91,568.49,1223.89,-0.019009
DESC-09,560,-53.56,978.66,1019.17,-0.015823
DESC-09,561,-178.43,-998.63,1064.23,-0.021507
DESC-09,562,263.06,1029.32,1003.51,-0.017172
DESC-09,563,822.25,-730.24,1082.67,-0.023281
DESC-09,565,-208.12,632.72,1148.83,-0.017983
DESC-09,566,121.97,-821.21,1177.18,-0.022827
DESC-09,567,694.34,-1009.94,1019.39,-0.021918
DESC-09,571,-823.66,-56.04,1064.96,-0.014011
DESC-09,573,-403.43,294.11,1215.95,-0.014416
DESC-09,575,-457.56,-643.29,1133.55,-0.020117
DESC-09,576,1106.57,754.38,941.62,-0.01887
DESC-09,578,372.32,476.76,1253.42,-0.020632
DESC-09,579,-400.86,-963.21,1035.2,-0.020403
DESC-09,581,528.18,-457.45,1290.43,-0.028152
DESC-09,582,1177.95,-350.82,1025.62,-0.022547
DESC-09,583,10.5,-928.62,1118.22,-0.021498
DESC-09,585,334.41,131.34,1447.99,-0.02555
DESC-09,587,1348.34,-296.88,961.71,-0.024809
DESC-09,590,252.57,427.45,1300.07,-0.021982
DESC-09,592,1115.59,84.96,1062.42,-0.023651
DESC-09,593,-404.55,412.51,1177.21,-0.014457
DESC-09,594,634.15,-273.92,1297.84,-0.026639
DESC-09,598,-892.76,-484.98,1002.02,-0.01332
DESC-09,599,766.32,-534.74,1164.81,-0.025841
DESC-09,601,366.26,190.55,1404.94,-0.024194
DESC-09,604,-37.86,-128.21,1507.0,-0.02447
DESC-09,605,-618.62,415.33,1092.38,-0.013864
DESC-09,608,-812.74,315.43,1035.26,-0.011085
DESC-09,616,1124.86,9.74,1062.69,-0.023643
DESC-09,620,104.14,167.11,1467.56,-0.021331
DESC-09,621,1301.49,-353.96,975.35,-0.024521
DESC-09,623,629.27,-259.66,1303.5,-0.027069
DESC-09,627,-214.72,553.68,1182.66,-0.018791
DESC-09,628,154.32,658.02,1179.09,-0.01841
DESC-10,0,6129.37,-3195.77,283.06,-0.00231
DESC-10,1,-4410.09,14055.44,250.37,0.001364
DESC-10,2,2947.38,-7443.99,267.6,0.00165
DESC-10,3,-8294.52,-10124.0,250.96,0.001825
DESC-10,4,-12659.81,-3577.24,250.88,-0.001761
DESC-10,6,5782.62,10477.42,251.82,-0.001302
DESC-10,7,6000.86,14696.79,250.2,0.002142
DESC-10,9,-1873.09,-11214.63,252.6,4e-05
DESC-10,10,-8301.88,5016.19,255.82,-0.000929
DESC-10,11,11668.91,3860.67,251.62,-0.00219
DESC-10,12,-1687.1,12829.78,251.0,0.002188
DESC-10,15,-14329.63,6225.82,250.22,0.002971
DESC-10,20,9435.83,166.16,258.03,-0.000122
DESC-10,21,14140.74,-10107.27,250.1,-0.000645
DESC-10,22,-1825.99,1584.09,583.3,-0.006741
DESC-10,23,-11902.4,-9858.45,250.25,0.001066
DESC-10,24,6966.1,7383.88,255.1,0.00042
DESC-10,26,5697.56,8737.96,254.29,-0.004079
DESC-10,28,6265.57,10628.83,251.48,0.000391
DESC-10,29,1027.16,-8117.06,265.68,-0.003173
DESC-10,31,4787.76,2755.18,318.33,-0.001561
DESC-10,34,-4047.21,-1795.32,362.76,0.002202
DESC-10,37,-2204.7,11961.27,251.53,-4e-06
DESC-10,38,11573.84,11713.92,250.15,0.000278
DESC-10,42,-722.59,1256.25,826.86,-0.006066
DESC-10,44,13425.15,-12823.53,250.05,0.000967
DESC-10,46,-14687.05,10974.17,250.05,-0.000696
DESC-10,47,2715.27,4181.24,338.32,-0.00216
DESC-10,50,-7397.33,-2344.91,267.58,0.001269
DESC-10,51,14291.98,-5954.32,250.28,-0.002456
DESC-10,52,4366.32,-9116.38,255.5,-0.001934
DESC-10,54,5036.9,-10047.59,252.94,-0.000273
DESC-10,55,-10392.71,10359.13,250.37,0.002072
DESC-10,57,11346.98,3906.13,251.9,-0.003319
DESC-10,58,5038.67,-7151.94,261.8,-0.000758
DESC-10,59,-10276.56,-9900.86,250.49,0.001262
DESC-10,60,5509.47,13354.61,250.45,0.000966
DESC-10,63,-1517.95,-3426.73,425.36,-0.004212
DESC-10,65,4386.54,13850.51,250.43,0.000814
DESC-10,69,14416.54,-13886.2,250.02,-0.000113
DESC-10,72,-11404.96,-12186.31,250.13,-0.000875
DESC-10,74,-13986.64,14254.94,250.02,0.002198
DESC-10,76,10305.01,7276.21,251.32,-0.00159
DESC-10,77,-3561.22,9401.01,254.89,0.001983
DESC-10,78,14647.57,-5980.26,250.23,-0.003241
DESC-10,79,7641.02,5851.35,256.93,0.000499
DESC-10,80,-7615.4,-14107.07,250.19,0.000647
DESC-10,81,7587.49,-9632.52,251.68,-0.002739
DESC-10,83,-10907.46,-2175.42,252.7,0.002884
DESC-10,84,-14982.96,-11234.75,250.04,-0.00084
DESC-10,85,-12365.9,-960.84,251.31,0.000698
DESC-10,89,-9163.88,-13927.37,250.13,-0.001839
DESC-10,90,-1417.68,6671.04,279.78,0.001518
DESC-10,91,-13267.28,-7954.68,250.25,0.00034
DESC-10,93,-7593.66,-5117.84,258.26,0.000517
DESC-10,94,1733.34,-917.53,767.55,-0.015766
DESC-10,97,-6031.84,5289.64,264.81,0.004014
DESC-10,98,9326.46,-1596.14,257.98,-0.003198
DESC-10,99,-13480.14,-3300.78,250.58,-0.001781
DESC-10,100,14574.91,14319.08,250.02,0.00308
DESC-10,102,-14505.45,5999.35,250.21,0.002571
DESC-10,105,-9202.52,-9887.45,250.75,-0.00134
DESC-10,106,-10751.62,-12242.46,250.16,0.002661
DESC-10,110,10398.71,10934.74,250.33,0.000336
DESC-10,111,6804.78,7006.61,256.32,5.2e-05
DESC-10,113,-7336.73,-10195.33,251.29,0.002091
DESC-10,116,-7254.47,3778.25,263.54,0.003037
DESC-10,118,-8245.96,10224.41,250.87,0.000718
DESC-10,120,10180.61,-8957.99,250.82,0.002219
DESC-10,122,12825.85,-6231.59,250.56,0.001516
DESC-10,123,-4095.53,5460.03,278.98,0.002408
DESC-10,124,6072.05,-9801.16,252.51,-0.000327
DESC-10,125,259.75,-7940.28,267.76,-0.000568
DESC-10,127,-4478.33,12829.92,250.69,-0.001896
DESC-10,128,-1780.91,8782.93,259.07,0.000761
DESC-10,130,642.93,2861.85,516.96,-0.005354
DESC-10,131,-9610.68,-8717.16,251.0,0.000905
DESC-10,133,-12883.91,-1872.95,250.94,0.002583
DESC-10,134,1517.87,-608.9,869.85,-0.020963
DESC-10,135,-4421.05,14521.01,250.28,-0.001064
DESC-10,139,-14177.18,-9372.53,250.11,0.002934
DESC-10,140,-7132.87,-3616.54,265.59,0.001021
DESC-10,141,-12124.09,-6855.57,250.58,-0.002848
DESC-10,143,1858.02,-14460.74,250.45,-0.000485
DESC-10,144,11135.73,1015.15,253.04,-0.000821
DESC-10,145,-14957.16,10962.89,250.04,-0.000722
DESC-10,147,7300.71,-5451.11,259.74,-0.001747
DESC-10,148,-4790.74,4523.41,282.87,0.000447
DESC-10,149,-14657.04,-4450.95,250.26,-0.000547
DESC-10,150,1868.98,3390.84,412.79,-0.003342
DESC-10,151,-4924.44,13058.72,250.56,0.001408
DESC-10,153,-10520.85,10143.35,250.38,8.1e-05
DESC-10,154,4639.27,-4336.88,295.02,-0.002068
DESC-10,155,1480.02,12574.55,251.19,-0.00096
DESC-10,156,13545.64,-6084.81,250.4,0.000562
DESC-10,158,1615.68,-9749.08,256.12,-0.003082
DESC-10,164,-2586.4,-9007.43,257.82,-0.000669
DESC-10,165,5436.92,-13896.25,250.38,-0.001163
DESC-10,166,-8120.93,-10112.79,251.02,0.002144
DESC-10,167,4892.91,13333.11,250.52,-0.000539
DESC-10,169,13402.43,5018.06,250.53,-0.000722
DESC-10,171,-5523.93,-4253.36,277.97,0.000612
DESC-10,172,-3185.08,1572.13,427.07,-0.000293
DESC-10,173,-13395.89,2447.38,250.66,0.001081
DESC-10,174,-934.9,12854.18,251.03,0.001748
DESC-10,175,-12750.71,4795.74,250.66,-0.000128
DESC-10,176,-7950.92,13022.51,250.27,-0.002868
DESC-10,177,-1296.47,4102.29,369.78,-0.002754
DESC-10,178,11158.06,-7289.34,250.94,-0.001061
DESC-10,179,-8747.49,-12894.92,250.24,-0.001786
DESC-10,180,12266.61,13396.36,250.06,0.000942
DESC-10,181,-2692.69,-13102.27,250.85,-0.001612
DESC-10,182,-11927.91,-5449.0,250.91,-0.002975
DESC-10,183,6105.11,-2039.78,293.0,-0.003358
DESC-10,185,-8851.07,8606.13,251.34,0.000428
DESC-10,188,8634.52,-931.52,262.27,-0.001332
DESC-10,191,-5113.18,10749.25,251.74,-0.000214
DESC-10,192,-12212.75,-3467.58,251.13,0.000155
DESC-10,193,-14240.7,-8.35,250.47,-0.004877
DESC-10,194,-8108.64,7218.72,253.07,-0.000724
DESC-10,195,-14260.72,-6664.92,250.21,0.000595
DESC-10,196,6620.93,3387.35,273.71,3e-05
DESC-10,198,5109.42,7371.14,259.69,0.000329
DESC-10,199,-1880.93,12142.27,251.43,0.000921
DESC-10,200,-145.35,-3700.64,436.06,-0.003732
DESC-10,203,1787.97,12515.39,251.21,-0.001277
DESC-10,205,6732.79,4400.44,266.78,-0.000658
DESC-10,206,-8785.36,10432.06,250.66,-0.001723
DESC-10,207,6200.86,1778.1,291.58,-0.003759
DESC-10,209,5023.11,3806.16,293.88,-0.004774
DESC-10,210,-12412.65,-3184.91,251.06,0.001271
DESC-10,212,4069.37,13268.44,250.62,0.001272
DESC-10,216,-12802.62,-1122.45,251.03,-0.000638
DESC-10,218,8018.87,14026.22,250.18,-0.002064
DESC-10,219,-4978.2,10873.24,251.69,0.001714
DESC-10,220,9056.0,-4965.1,254.96,-0.00309
DESC-10,222,-1712.49,958.58,678.17,-0.002986
DESC-10,223,-134.19,-7788.67,269.27,-0.001937
DESC-10,226,12401.97,-4906.24,250.93,0.000526
DESC-10,227,-13763.73,10269.04,250.09,0.001121
DESC-10,228,-3916.84,4575.2,295.16,0.001435
DESC-10,229,4227.87,120.12,394.9,-0.004438
DESC-10,230,5896.34,-14015.99,250.32,-0.001534
DESC-10,231,-7039.58,-799.89,275.28,0.002206
DESC-10,234,8651.81,-5091.38,255.82,-0.00246
DESC-10,236,-14438.63,12717.06,250.03,-0.000223
DESC-10,237,-4086.65,-13204.36,250.66,0.000393
DESC-10,239,4916.38,11693.99,251.21,-0.001609
DESC-10,243,-10084.09,-9917.13,250.53,0.000636
DESC-10,244,14016.56,5195.2,250.37,-0.001105
DESC-10,245,-12393.03,-11246.21,250.12,0.002828
DESC-10,246,-8082.41,-7364.93,253.12,-0.001073
DESC-10,247,634.03,11635.92,252.07,-0.000435
DESC-10,248,-2222.55,14644.72,250.35,0.002068
DESC-10,250,4859.19,9462.4,253.79,0.00118
DESC-10,252,5292.51,-9460.62,253.67,0.001502
DESC-10,253,14774.82,-12189.97,250.04,-0.001279
DESC-10,255,-13853.96,-2843.71,250.5,-0.001885
DESC-10,256,7836.43,1288.83,268.3,-0.000512
DESC-10,257,2929.53,14295.3,250.41,-0.003368
DESC-10,258,-9301.97,11325.63,250.37,8.8e-05
DESC-10,260,-14731.12,13378.8,250.02,-0.000385
DESC-10,264,-9423.97,-2492.32,255.81,-0.001917
DESC-10,265,-10088.86,14425.58,250.07,0.001028
DESC-10,267,11178.56,9249.23,250.46,0.000955
DESC-10,269,4256.17,4299.83,299.84,-0.004365
DESC-10,270,11983.5,8389.96,250.43,0.003054
DESC-10,271,8178.45,13235.89,250.25,0.001254
DESC-10,272,-11599.21,12171.94,250.11,0.001328
DESC-10,275,-14573.5,9388.01,250.08,0.000374
DESC-10,276,-12773.4,-7601.69,250.35,0.000241
DESC-10,277,-3578.3,5443.77,284.53,0.001026
DESC-10,278,9517.96,-4421.88,254.52,-0.002721
DESC-10,279,-9679.3,-7873.64,251.32,0.002417
DESC-10,280,-12280.07,-1106.44,251.37,0.000866
DESC-10,281,622.59,14612.23,250.4,0.001075
DESC-10,286,3174.26,3495.14,353.83,-0.00395
DESC-10,287,12605.53,14979.09,250.03,-0.001483
DESC-10,289,-10541.61,-10003.97,250.42,0.002495
DESC-10,290,-4829.27,10815.97,251.8,0.001954
DESC-10,292,-5155.78,-9641.25,253.22,0.001578
DESC-10,293,1932.69,-534.32,753.81,-0.018076
DESC-10,294,14777.13,-7858.59,250.14,0.002728
DESC-10,296,10563.34,6413.09,251.53,0.001206
DESC-10,297,-13165.28,-1221.7,250.84,7.6e-05
DESC-10,298,13249.07,-5017.85,250.59,-0.000489
DESC-10,299,-8860.18,-12701.16,250.25,-0.001192
DESC-10,300,1627.63,-6562.07,284.84,-0.001699
DESC-10,301,-2170.5,6527.1,278.61,-0.001717
DESC-10,302,10861.04,-11041.34,250.28,1.3e-05
DESC-10,305,-14564.11,-11198.42,250.05,0.000349
DESC-10,306,8563.08,-12080.47,250.41,-0.001368
DESC-10,311,5695.6,-12453.33,250.75,-0.000321
DESC-10,313,-4656.0,11558.21,251.28,-0.001299
DESC-10,314,-1292.16,-4735.54,343.37,-0.0007
DESC-10,317,4033.25,-11670.01,251.57,-0.000225
DESC-10,318,-6349.84,1175.22,285.39,0.001571
DESC-10,321,10549.99,-5924.7,251.85,0.001342
DESC-10,322,-11585.92,7117.85,250.67,0.001581
DESC-10,323,9871.5,11771.16,250.28,0.000433
DESC-10,324,11397.39,5505.37,251.31,-0.000491
DESC-10,325,-14396.79,12025.05,250.04,0.000101
DESC-10,326,-8545.38,375.66,261.1,0.001168
DESC-10,327,-33.63,1645.19,783.99,-0.009947
DESC-10,330,-9671.21,3143.73,254.49,-0.002176
DESC-10,331,-11631.73,-1029.68,251.97,0.001352
DESC-10,332,-7161.41,-6059.5,257.37,6.2e-05
DESC-10,333,-3629.92,8353.32,258.25,-0.001341
DESC-10,334,13624.48,-4400.03,250.54,0.001794
DESC-10,339,-9397.45,-10805.43,250.48,0.003939
DESC-10,341,3665.15,-8937.36,257.03,-0.004349
DESC-10,343,-277.14,8562.86,261.44,-0.003308
DESC-10,344,-2565.25,-5140.86,307.6,-0.000348
DESC-10,345,-13441.68,-3957.27,250.54,-0.004496
DESC-10,346,-1261.66,13709.75,250.63,0.000676
DESC-10,347,7872.32,-12439.32,250.43,-0.000189
DESC-10,348,-4817.06,-2113.77,320.98,0.000915
DESC-10,349,13355.67,12436.39,250.06,0.001592
DESC-10,350,-12406.77,2690.86,251.11,-0.001451
DESC-10,351,613.46,-6984.65,279.95,0.000216
DESC-10,354,8267.25,8543.43,251.94,0.00123
DESC-10,355,-2234.4,12128.0,251.4,0.000916
DESC-10,356,-4109.56,-6545.14,268.97,0.000118
DESC-10,357,-48.89,7341.69,272.64,-0.00519
DESC-10,359,3963.66,3458.87,327.78,-0.004817
DESC-10,361,13140.65,3887.76,250.74,-0.007982
DESC-10,362,-5244.72,7739.09,257.15,0.001261
DESC-10,363,1213.29,-13135.45,250.97,-0.000232
DESC-10,364,-3549.11,8125.77,259.43,0.001629
DESC-10,367,-10602.94,713.73,253.5,0.000187
DESC-10,368,13396.27,-9696.25,250.16,-0.002985
DESC-10,370,-10505.29,-12090.91,250.19,0.00104
DESC-10,373,-11339.0,942.01,252.31,-0.00254
DESC-10,374,-5824.31,-7546.45,256.9,-0.001776
DESC-10,375,5116.91,-12464.13,250.84,-0.006812
DESC-10,377,-3576.81,12681.59,250.87,0.001456
DESC-10,378,2517.15,-6312.75,284.48,-0.003765
DESC-10,379,9549.62,-7827.65,251.61,-0.000213
DESC-10,380,2472.51,8118.4,262.31,-6.2e-05
DESC-10,382,-925.69,-5321.41,321.64,-0.001962
DESC-10,385,-6634.86,-10145.9,251.65,0.001851
DESC-10,386,-12314.39,-13645.85,250.05,0.001877
DESC-10,387,-7273.27,-6995.34,254.99,0.000602
DESC-10,390,10261.57,10831.46,250.36,-0.000183
DESC-10,393,8271.65,9430.4,251.34,0.00048
DESC-10,394,-11072.39,-9086.16,250.47,-0.000978
DESC-10,396,8341.56,-3401.5,260.31,-0.001448
DESC-10,398,-12217.41,2711.74,251.22,-0.001092
DESC-10,400,1640.66,11469.66,252.17,-0.001136
DESC-10,401,8360.95,-12761.29,250.32,-0.00118
DESC-10,402,7868.19,9779.47,251.33,-0.000751
DESC-10,404,9641.95,6637.36,252.19,0.001359
DESC-10,405,12259.35,2217.45,251.49,0.000803
DESC-10,406,-4435.56,-14743.79,250.27,0.001769
DESC-10,409,-4824.34,-1219.64,332.2,0.000316
DESC-10,410,-2153.88,3283.22,395.39,0.001027
DESC-10,411,11546.5,-2293.84,252.21,0.002553
DESC-10,414,-106.93,315.18,1327.46,-0.017557
DESC-10,416,6131.38,11287.18,251.11,0.001462
DESC-10,419,2055.83,2351.17,501.65,-0.009693
DESC-10,420,9044.62,-10407.35,250.72,0.000728
DESC-10,421,-3638.19,208.71,419.62,0.002574
DESC-10,422,4870.5,1653.26,335.67,-0.004204
DESC-10,425,8860.15,-4428.45,256.27,-0.002586
DESC-10,426,-14279.51,-14900.03,250.01,-0.004011
DESC-10,427,-12481.34,1826.28,251.16,-0.000799
DESC-10,429,7159.19,3519.54,267.58,-0.002699
DESC-10,431,-274.58,-370.49,1301.97,-0.016582
DESC-10,432,797.88,-64.7,1226.71,-0.024213
DESC-10,434,-370.26,-188.86,1292.04,-0.016378
DESC-10,435,742.89,-30.72,1255.97,-0.025444
DESC-10,436,871.69,233.55,1154.23,-0.026257
DESC-10,439,-65.82,-1333.09,940.78,-0.01669
DESC-10,441,-143.88,196.98,1368.65,-0.01792
DESC-10,442,145.02,387.71,1329.63,-0.01928
DESC-10,445,118.99,-1371.88,932.87,-0.018244
DESC-10,446,-504.31,-1170.11,940.83,-0.015339
DESC-10,449,1033.97,-101.47,1106.61,-0.025348
DESC-10,452,-432.65,-1202.16,943.52,-0.014495
DESC-10,454,-892.79,109.32,1026.99,-0.007406
DESC-10,455,-1033.16,127.17,968.32,-0.00804
DESC-10,456,-124.75,-337.34,1385.8,-0.019033
DESC-10,457,332.26,-922.08,1117.46,-0.020964
DESC-10,463,-551.24,964.73,945.9,-0.011649
DESC-10,465,-214.9,-781.57,1152.26,-0.018883
DESC-10,466,1272.5,-60.45,1000.34,-0.023028
DESC-10,468,-314.3,753.49,1074.01,-0.016224
DESC-10,469,-487.22,-1126.0,958.94,-0.015812
DESC-10,470,-1066.48,-237.98,958.2,-0.006212
DESC-10,471,220.82,-1204.72,998.55,-0.018727
DESC-10,472,-111.51,587.0,1190.31,-0.015913
DESC-10,474,778.42,927.97,973.66,-0.016912
DESC-10,476,658.71,-313.52,1275.83,-0.023608
DESC-10,477,959.1,-540.31,1084.7,-0.021884
DESC-10,478,13.6,102.49,1483.55,-0.018958
DESC-10,479,311.44,-368.46,1415.12,-0.02459
DESC-10,480,646.23,-704.17,1148.95,-0.021829
DESC-10,483,-344.39,-927.87,1061.56,-0.018701
DESC-10,485,-939.2,-24.06,1013.81,-0.008358
DESC-10,486,-206.24,221.07,1330.42,-0.015545
DESC-10,488,1230.7,-587.95,971.14,-0.02203
DESC-10,494,-298.57,1100.8,944.01,-0.014793
DESC-10,496,819.18,877.6,981.58,-0.01726
DESC-10,497,1303.38,-335.69,976.26,-0.023958
DESC-10,498,1077.38,280.31,1055.53,-0.02374
DESC-10,499,-666.32,840.2,956.86,-0.011507
DESC-10,501,1400.92,-96.92,948.69,-0.022227
DESC-10,502,1005.91,-631.37,1045.2,-0.020487
DESC-10,503,-146.37,350.22,1297.32,-0.017511
DESC-10,507,-214.24,-299.33,1355.46,-0.019551
DESC-10,509,-670.24,-729.5,1032.88,-0.015123
DESC-10,510,112.38,280.0,1394.97,-0.017685
DESC-10,511,-288.28,-1259.46,945.89,-0.015902
DESC-10,512,1126.6,-401.0,1040.85,-0.024388
DESC-10,513,369.53,433.17,1276.74,-0.021771
DESC-10,516,-636.12,360.07,1098.71,-0.011712
DESC-10,519,1316.08,199.86,969.11,-0.020269
DESC-10,523,742.61,-298.31,1235.72,-0.024512
DESC-10,525,907.96,-1046.6,957.55,-0.020001
DESC-10,527,787.11,-1075.38,976.08,-0.019921
DESC-10,529,-83.31,-927.53,1109.08,-0.019516
DESC-10,530,320.0,-1159.73,1012.79,-0.019125
DESC-10,531,381.46,1111.85,963.17,-0.015104
DESC-10,533,821.56,-505.41,1150.17,-0.023538
DESC-10,534,278.57,-780.5,1192.52,-0.021228
DESC-10,535,643.43,1039.75,959.4,-0.016595
DESC-10,536,-53.32,-689.59,1229.68,-0.02167
DESC-10,537,497.99,-1027.87,1048.92,-0.020899
DESC-10,538,-269.12,-1264.83,946.47,-0.015474
DESC-10,541,417.97,47.68,1437.16,-0.022567
DESC-10,542,1085.39,-376.36,1061.68,-0.024748
DESC-10,545,675.16,-744.35,1124.59,-0.021544
DESC-10,546,591.54,-81.27,1345.45,-0.024355
DESC-10,552,-543.16,254.97,1162.81,-0.014752
DESC-10,553,-561.49,665.99,1039.59,-0.014711
DESC-10,554,-673.5,870.79,946.06,-0.010476
DESC-10,555,689.81,32.94,1280.54,-0.024754
DESC-10,556,-235.22,453.59,1221.27,-0.018084
DESC-10,557,228.91,568.49,1223.89,-0.019208
DESC-10,558,61.72,-116.09,1577.75,-0.022479
DESC-10,559,247.06,-443.98,1385.64,-0.02513
DESC-10,560,-53.56,978.66,1019.17,-0.01515
DESC-10,561,-178.43,-998.63,1064.23,-0.017935
DESC-10,562,263.06,1029.32,1003.51,-0.015566
DESC-10,564,-336.53,1078.59,946.53,-0.014612
DESC-10,565,-208.12,632.72,1148.83,-0.015888
DESC-10,566,121.97,-821.21,1177.18,-0.021218
DESC-10,567,694.34,-1009.94,1019.39,-0.021741
DESC-10,569,334.19,-470.58,1351.38,-0.022931
DESC-10,570,-82.19,-1040.46,1058.57,-0.017857
DESC-10,571,-823.66,-56.04,1064.96,-0.00863
DESC-10,576,1106.57,754.38,941.62,-0.020149
DESC-10,579,-400.86,-963.21,1035.2,-0.017001
DESC-10,581,528.18,-457.45,1290.43,-0.02397
DESC-10,586,230.7,105.15,1501.4,-0.02076
DESC-10,589,344.5,478.4,1258.0,-0.021685
DESC-10,590,252.57,427.45,1300.07,-0.0205
DESC-10,591,-491.8,96.46,1217.23,-0.01613
DESC-10,592,1115.59,84.96,1062.42,-0.022678
DESC-10,593,-404.55,412.51,1177.21,-0.015984
DESC-10,594,634.15,-273.92,1297.84,-0.023128
DESC-10,597,119.26,491.64,1268.61,-0.018657
DESC-10,599,766.32,-534.74,1164.81,-0.02235
DESC-10,600,590.05,-813.46,1120.47,-0.02155
DESC-10,602,7.43,-793.89,1184.3,-0.021193
DESC-10,605,-618.62,415.33,1092.38,-0.014163
DESC-10,607,212.56,-1199.18,1001.06,-0.018518
DESC-10,609,-776.75,23.13,1083.96,-0.010052
DESC-10,611,-314.95,-579.85,1208.12,-0.019609
DESC-10,613,-262.35,-1127.75,998.96,-0.015633
DESC-10,615,-599.78,-901.05,1004.85,-0.017725
DESC-10,616,1124.86,9.74,1062.69,-0.023927
DESC-10,618,-734.22,-396.48,1080.87,-0.01259
DESC-10,622,1024.67,-333.0,1094.19,-0.024772
DESC-10,623,629.27,-259.66,1303.5,-0.023352
DESC-10,625,744.91,992.53,958.29,-0.016229
DESC-10,627,-214.72,553.68,1182.66,-0.015598
DESC-10,628,154.32,658.02,1179.09,-0.015705
DESC-10,629,-1142.05,25.47,931.32,-0.006983
DESC-11,3,-8294.52,-10124.0,250.96,0.00193
DESC-11,5,6440.82,928.92,290.64,-0.00243
DESC-11,7,6000.86,14696.79,250.2,0.00066
DESC-11,10,-8301.88,5016.19,255.82,-0.00093
DESC-11,12,-1687.1,12829.78,251.0,-0.001184
DESC-11,13,10048.84,-11062.4,250.38,-0.004768
DESC-11,14,-12506.56,12119.15,250.08,-0.001079
DESC-11,15,-14329.63,6225.82,250.22,0.00194
DESC-11,16,-11433.11,303.52,252.24,0.000761
DESC-11,17,12605.65,9574.56,250.22,-0.00062
DESC-11,18,5057.81,5001.96,277.64,-0.004647
DESC-11,20,9435.83,166.16,258.03,-0.001683
DESC-11,22,-1825.99,1584.09,583.3,-0.001335
DESC-11,23,-11902.4,-9858.45,250.25,-0.000959
DESC-11,24,6966.1,7383.88,255.1,-0.00142
DESC-11,25,9631.75,10287.17,250.57,0.001363
DESC-11,27,-9355.2,-7127.66,251.95,-0.000249
DESC-11,29,1027.16,-8117.06,265.68,0.001145
DESC-11,31,4787.76,2755.18,318.33,-0.000551
DESC-11,33,-7437.94,4332.93,260.67,0.002796
DESC-11,41,11366.43,-3887.69,251.94,0.000862
DESC-11,42,-722.59,1256.25,826.86,-0.006353
DESC-11,43,3344.2,11193.29,252.08,-0.003174
DESC-11,44,13425.15,-12823.53,250.05,-0.002971
DESC-11,46,-14687.05,10974.17,250.05,-0.003083
DESC-11,49,-1276.57,-12677.0,251.22,0.000194
DESC-11,50,-7397.33,-2344.91,267.58,-0.001498
DESC-11,51,14291.98,-5954.32,250.28,-0.00109
DESC-11,52,4366.32,-9116.38,255.5,0.000145
DESC-11,53,-4001.17,1668.08,364.65,0.001154
DESC-11,54,5036.9,-10047.59,252.94,-0.002649
DESC-11,55,-10392.71,10359.13,250.37,-0.000506
DESC-11,57,11346.98,3906.13,251.9,-0.003743
DESC-11,60,5509.47,13354.61,250.45,-0.001323
DESC-11,61,-14966.48,-3675.3,250.25,0.000881
DESC-11,64,-8923.93,6646.88,252.64,-4e-05
DESC-11,67,146.43,-581.71,1309.44,-0.018694
DESC-11,68,-8988.84,-5455.13,253.87,0.002549
DESC-11,70,8355.58,3511.37,259.66,-0.002499
DESC-11,72,-11404.96,-12186.31,250.13,0.00535
DESC-11,73,-13097.07,13025.98,250.04,0.001848
DESC-11,74,-13986.64,14254.94,250.02,-0.001583
DESC-11,77,-3561.22,9401.01,254.89,0.001366
DESC-11,78,14647.57,-5980.26,250.23,-0.003961
DESC-11,81,7587.49,-9632.52,251.68,0.002637
DESC-11,87,4864.47,-7684.6,259.71,-0.003676
DESC-11,88,-6018.86,-10637.51,251.57,-0.002873
DESC-11,92,3121.32,-42.28,518.64,-0.009296
DESC-11,94,1733.34,-917.53,767.55,-0.015045
DESC-11,95,1006.1,14270.97,250.48,-0.001218
DESC-11,97,-6031.84,5289.64,264.81,0.00108
DESC-11,98,9326.46,-1596.14,257.98,0.001637
DESC-11,99,-13480.14,-3300.78,250.58,-0.002692
DESC-11,100,14574.91,14319.08,250.02,-0.001895
DESC-11,102,-14505.45,5999.35,250.21,0.000675
DESC-11,104,8071.04,-2234.35,264.64,-0.00114
DESC-11,106,-10751.62,-12242.46,250.16,0.001252
DESC-11,109,-2503.74,-379.0,567.54,-0.003789
DESC-11,110,10398.71,10934.74,250.33,-5.9e-05
DESC-11,112,-13598.44,-12667.44,250.04,-0.000809
DESC-11,116,-7254.47,3778.25,263.54,-0.000575
DESC-11,117,-2865.32,8921.6,257.17,-0.001729
DESC-11,120,10180.61,-8957.99,250.82,-0.001351
DESC-11,122,12825.85,-6231.59,250.56,-0.000767
DESC-11,129,-14301.01,-1718.46,250.43,-0.002881
DESC-11,131,-9610.68,-8717.16,251.0,-0.0007
DESC-11,133,-12883.91,-1872.95,250.94,0.001108
DESC-11,134,1517.87,-608.9,869.85,-0.017695
DESC-11,135,-4421.05,14521.01,250.28,0.00088
DESC-11,137,-6132.09,9106.46,252.89,0.001209
DESC-11,138,8435.32,4689.47,256.91,-0.001614
DESC-11,139,-14177.18,-9372.53,250.11,0.002491
DESC-11,140,-7132.87,-3616.54,265.59,0.000123
DESC-11,141,-12124.09,-6855.57,250.58,0.000292
DESC-11,142,-9602.4,2867.55,254.88,-0.001399
DESC-11,146,-8196.86,3150.87,259.7,-0.000452
DESC-11,147,7300.71,-5451.11,259.74,-0.000439
DESC-11,151,-4924.44,13058.72,250.56,-0.001468
DESC-11,152,14469.37,-1620.84,250.47,0.000176
DESC-11,156,13545.64,-6084.81,250.4,-0.000732
DESC-11,157,11787.82,14400.13,250.05,0.001895
DESC-11,158,1615.68,-9749.08,256.12,0.001061
DESC-11,159,-8461.14,-8400.32,251.81,0.000865
DESC-11,162,-1322.71,-11807.99,251.97,0.004468
DESC-11,164,-2586.4,-9007.43,257.82,-0.002316
DESC-11,166,-8120.93,-10112.79,251.02,0.001361
DESC-11,168,-6235.6,954.81,288.49,0.001014
DESC-11,170,2425.83,-13713.1,250.65,-0.000158
DESC-11,173,-13395.89,2447.38,250.66,-0.001676
DESC-11,174,-934.9,12854.18,251.03,0.000154
DESC-11,175,-12750.71,4795.74,250.66,0.00221
DESC-11,176,-7950.92,13022.51,250.27,-0.000713
DESC-11,179,-8747.49,-12894.92,250.24,0.000856
DESC-11,180,12266.61,13396.36,250.06,-0.000152
DESC-11,181,-2692.69,-13102.27,250.85,-0.001351
DESC-11,182,-11927.91,-5449.0,250.91,0.003154
DESC-11,184,-11653.76,1280.97,251.9,-0.00083
DESC-11,186,14578.21,-337.09,250.46,4e-06
DESC-11,188,8634.52,-931.52,262.27,-0.002429
DESC-11,190,-7306.27,13542.75,250.25,2.1e-05
DESC-11,192,-12212.75,-3467.58,251.13,0.002677
DESC-11,193,-14240.7,-8.35,250.47,-0.002021
DESC-11,195,-14260.72,-6664.92,250.21,0.000167
DESC-11,196,6620.93,3387.35,273.71,-0.001321
DESC-11,197,12034.91,-8995.71,250.36,0.000795
DESC-11,199,-1880.93,12142.27,251.43,0.002236
DESC-11,203,1787.97,12515.39,251.21,0.00093
DESC-11,207,6200.86,1778.1,291.58,-0.001421
DESC-11,209,5023.11,3806.16,293.88,-0.002708
DESC-11,210,-12412.65,-3184.91,251.06,0.002419
DESC-11,212,4069.37,13268.44,250.62,-0.001586
DESC-11,213,5030.09,14762.17,250.24,0.001826
DESC-11,215,-4767.62,7691.98,258.45,0.00056
DESC-11,217,8474.23,-1013.18,263.34,-0.001897
DESC-11,218,8018.87,14026.22,250.18,-0.001945
DESC-11,220,9056.0,-4965.1,254.96,-0.003823
DESC-11,221,-2337.55,-7357.07,269.53,-0.000131
DESC-11,225,-3267.07,13678.07,250.53,0.003918
DESC-11,226,12401.97,-4906.24,250.93,-0.001335
DESC-11,227,-13763.73,10269.04,250.09,-0.000435
DESC-11,228,-3916.84,4575.2,295.16,0.0001
DESC-11,229,4227.87,120.12,394.9,-0.004058
DESC-11,231,-7039.58,-799.89,275.28,0.002538
DESC-11,233,-4668.97,-13164.1,250.61,-0.000399
DESC-11,234,8651.81,-5091.38,255.82,-0.002383
DESC-11,236,-14438.63,12717.06,250.03,-0.001299
DESC-11,238,10356.2,304.9,254.81,-0.000767
DESC-11,242,-9930.72,1791.33,254.7,0.000956
DESC-11,243,-10084.09,-9917.13,250.53,-0.001634
DESC-11,244,14016.56,5195.2,250.37,-0.002233
DESC-11,245,-12393.03,-11246.21,250.12,0.00283
DESC-11,249,-8649.09,-6826.45,252.96,0.00146
DESC-11,250,4859.19,9462.4,253.79,-0.003338
DESC-11,251,8224.26,-5414.85,256.47,-0.001888
DESC-11,253,14774.82,-12189.97,250.04,0.001076
DESC-11,254,1504.03,11466.62,252.19,-0.002479
DESC-11,257,2929.53,14295.3,250.41,-0.002263
DESC-11,258,-9301.97,11325.63,250.37,0.001521
DESC-11,259,-369.43,13548.27,250.72,-0.000201
DESC-11,263,11210.0,13438.09,250.09,-0.000156
DESC-11,267,11178.56,9249.23,250.46,0.000346
DESC-11,268,-3270.71,14299.34,250.38,2.4e-05
DESC-11,269,4256.17,4299.83,299.84,-5.2e-05
DESC-11,270,11983.5,8389.96,250.43,-0.00132
DESC-11,272,-11599.21,12171.94,250.11,-0.000344
DESC-11,273,-4735.47,7351.62,260.01,0.001086
DESC-11,274,-11251.69,10758.27,250.22,0.000474
DESC-11,275,-14573.5,9388.01,250.08,-0.00082
DESC-11,276,-12773.4,-7601.69,250.35,-0.000989
DESC-11,278,9517.96,-4421.88,254.52,-0.001926
DESC-11,281,622.59,14612.23,250.4,0.003338
DESC-11,284,-8643.83,-12827.25,250.26,0.001591
DESC-11,285,-3233.89,12134.92,251.22,-0.000678
DESC-11,286,3174.26,3495.14,353.83,-0.001467
DESC-11,288,6974.38,6609.19,256.93,-0.004039
DESC-11,289,-10541.61,-10003.97,250.42,0.000126
DESC-11,290,-4829.27,10815.97,251.8,-8.2e-05
DESC-11,292,-5155.78,-9641.25,253.22,7.4e-05
DESC-11,293,1932.69,-534.32,753.81,-0.015495
DESC-11,294,14777.13,-7858.59,250.14,0.000357
DESC-11,296,10563.34,6413.09,251.53,0.00042
DESC-11,297,-13165.28,-1221.7,250.84,-0.003424
DESC-11,298,13249.07,-5017.85,250.59,-0.001206
DESC-11,299,-8860.18,-12701.16,250.25,0.001616
DESC-11,301,-2170.5,6527.1,278.61,0.002085
DESC-11,302,10861.04,-11041.34,250.28,-0.001205
DESC-11,303,8728.22,-12270.87,250.35,-0.000641
DESC-11,304,-4075.98,-4822.88,291.06,-0.001915
DESC-11,305,-14564.11,-11198.42,250.05,0.001955
DESC-11,309,-4696.94,-11590.23,251.36,-0.002204
DESC-11,310,12098.06,11143.23,250.16,0.001518
DESC-11,311,5695.6,-12453.33,250.75,-0.001775
DESC-11,313,-4656.0,11558.21,251.28,-0.000173
DESC-11,315,3589.75,7886.0,261.29,-0.003099
DESC-11,318,-6349.84,1175.22,285.39,0.00281
DESC-11,321,10549.99,-5924.7,251.85,-0.000542
DESC-11,322,-11585.92,7117.85,250.67,-0.001064
DESC-11,323,9871.5,11771.16,250.28,0.00147
DESC-11,325,-14396.79,12025.05,250.04,-0.001562
DESC-11,326,-8545.38,375.66,261.1,0.000253
DESC-11,327,-33.63,1645.19,783.99,-0.010178
DESC-11,328,9451.91,8998.4,251.02,0.003328
DESC-11,329,1193.3,-11209.73,252.81,-0.00101
DESC-11,330,-9671.21,3143.73,254.49,-0.000672
DESC-11,331,-11631.73,-1029.68,251.97,-0.0009
DESC-11,332,-7161.41,-6059.5,257.37,0.001388
DESC-11,333,-3629.92,8353.32,258.25,-0.000288
DESC-11,334,13624.48,-4400.03,250.54,0.001614
DESC-11,338,-5523.08,-6068.12,264.32,0.000977
DESC-11,339,-9397.45,-10805.43,250.48,0.000289
DESC-11,340,-14826.24,-180.65,250.34,0.002247
DESC-11,341,3665.15,-8937.36,257.03,-0.000447
DESC-11,342,7401.55,-9249.17,252.12,-0.001149
DESC-11,345,-13441.68,-3957.27,250.54,-0.000447
DESC-11,349,13355.67,12436.39,250.06,0.001024
DESC-11,351,613.46,-6984.65,279.95,-0.002072
DESC-11,352,6023.78,-8084.01,255.63,-0.000603
DESC-11,353,-12631.36,868.42,251.13,-0.00274
DESC-11,355,-2234.4,12128.0,251.4,0.004196
DESC-11,358,10548.01,-12194.93,250.2,0.001867
DESC-11,359,3963.66,3458.87,327.78,-0.004961
DESC-11,361,13140.65,3887.76,250.74,-0.000293
DESC-11,362,-5244.72,7739.09,257.15,0.001824
DESC-11,364,-3549.11,8125.77,259.43,0.000579
DESC-11,367,-10602.94,713.73,253.5,0.003198
DESC-11,370,-10505.29,-12090.91,250.19,0.002002
DESC-11,371,-6641.25,7088.77,255.8,0.004195
DESC-11,372,-3928.87,-3085.46,333.89,0.000539
DESC-11,373,-11339.0,942.01,252.31,-0.000129
DESC-11,376,-4842.05,-5025.08,278.23,0.000869
DESC-11,379,9549.62,-7827.65,251.61,-0.000212
DESC-11,380,2472.51,8118.4,262.31,-0.000964
DESC-11,381,-13089.95,-7932.3,250.27,-0.000487
DESC-11,383,-13101.65,-4582.87,250.59,-0.000266
DESC-11,384,-11717.74,14044.14,250.05,-0.002215
DESC-11,386,-12314.39,-13645.85,250.05,0.001034
DESC-11,388,-6279.89,-849.69,288.34,-0.000649
DESC-11,389,-9863.95,-4524.51,253.18,0.0018
DESC-11,391,4923.48,14689.49,250.25,0.001961
DESC-11,393,8271.65,9430.4,251.34,-0.00335
DESC-11,395,-12925.96,5022.91,250.57,0.002896
DESC-11,397,-7317.2,-8807.59,252.37,0.00352
DESC-11,399,-7626.45,1288.87,267.42,0.001792
DESC-11,400,1640.66,11469.66,252.17,-0.001288
DESC-11,401,8360.95,-12761.29,250.32,-0.000648
DESC-11,403,12985.26,10455.51,250.14,-0.0002
DESC-11,406,-4435.56,-14743.79,250.27,-0.001307
DESC-11,409,-4824.34,-1219.64,332.2,-0.001757
DESC-11,410,-2153.88,3283.22,395.39,0.000302
DESC-11,412,13420.1,3265.47,250.7,0.000982
DESC-11,413,3330.73,5342.65,292.59,-0.002815
DESC-11,414,-106.93,315.18,1327.46,-0.017558
DESC-11,415,6360.37,3907.2,273.2,-0.002248
DESC-11,416,6131.38,11287.18,251.11,-0.001551
DESC-11,417,-4372.84,10359.37,252.52,-0.001221
DESC-11,418,12924.09,6611.48,250.46,0.002141
DESC-11,420,9044.62,-10407.35,250.72,0.001962
DESC-11,421,-3638.19,208.71,419.62,-0.000508
DESC-11,422,4870.5,1653.26,335.67,-0.010011
DESC-11,424,3951.88,1309.74,397.73,-0.009345
DESC-11,427,-12481.34,1826.28,251.16,-0.000702
DESC-11,429,7159.19,3519.54,267.58,-0.002883
DESC-11,431,-274.58,-370.49,1301.97,-0.014225
DESC-11,432,797.88,-64.7,1226.71,-0.021081
DESC-11,433,230.26,232.0,1420.58,-0.018959
DESC-11,434,-370.26,-188.86,1292.04,-0.011704
DESC-11,436,871.69,233.55,1154.23,-0.019096
DESC-11,437,416.6,-554.69,1284.6,-0.021465
DESC-11,439,-65.82,-1333.09,940.78,-0.011176
DESC-11,441,-143.88,196.98,1368.65,-0.014796
DESC-11,444,-701.19,93.5,1114.04,-0.014176
DESC-11,446,-504.31,-1170.11,940.83,-0.014845
DESC-11,447,-377.87,-773.83,1112.55,-0.01239
DESC-11,451,-456.33,199.97,1216.04,-0.013589
DESC-11,452,-432.65,-1202.16,943.52,-0.014273
DESC-11,454,-892.79,109.32,1026.99,-0.010478
DESC-11,456,-124.75,-337.34,1385.8,-0.014459
DESC-11,457,332.26,-922.08,1117.46,-0.018263
DESC-11,458,183.5,1016.33,1011.18,-0.013399
DESC-11,459,814.98,-695.17,1096.37,-0.022255
DESC-11,460,1115.0,602.08,976.12,-0.019819
DESC-11,461,854.7,-379.84,1164.85,-0.020511
DESC-11,462,-889.65,-353.48,1020.47,-0.012168
DESC-11,463,-551.24,964.73,945.9,-0.010537
DESC-11,464,1294.81,200.14,977.39,-0.021063
DESC-11,466,1272.5,-60.45,1000.34,-0.020329
DESC-11,467,-197.53,-995.79,1062.45,-0.012804
DESC-11,468,-314.3,753.49,1074.01,-0.013845
DESC-11,470,-1066.48,-237.98,958.2,-0.012109
DESC-11,471,220.82,-1204.72,998.55,-0.014252
DESC-11,473,107.62,878.33,1071.64,-0.013096
DESC-11,475,136.61,154.64,1478.64,-0.018297
DESC-11,476,658.71,-313.52,1275.83,-0.019445
DESC-11,478,13.6,102.49,1483.55,-0.016391
DESC-11,479,311.44,-368.46,1415.12,-0.018217
DESC-11,481,-446.92,-1024.56,1002.55,-0.013864
DESC-11,482,-599.52,-697.38,1066.28,-0.012656
DESC-11,483,-344.39,-927.87,1061.56,-0.014521
DESC-11,485,-939.2,-24.06,1013.81,-0.009613
DESC-11,487,596.26,59.59,1329.73,-0.019661
DESC-11,489,-303.19,210.06,1288.26,-0.014325
DESC-11,491,-403.37,705.51,1070.91,-0.01196
DESC-11,494,-298.57,1100.8,944.01,-0.009134
DESC-11,497,1303.38,-335.69,976.26,-0.018382
DESC-11,498,1077.38,280.31,1055.53,-0.020467
DESC-11,499,-666.32,840.2,956.86,-0.010031
DESC-11,500,418.11,233.53,1363.25,-0.019388
DESC-11,502,1005.91,-631.37,1045.2,-0.020135
DESC-11,508,1002.74,490.45,1041.76,-0.019496
DESC-11,510,112.38,280.0,1394.97,-0.017061
DESC-11,512,1126.6,-401.0,1040.85,-0.020272
DESC-11,517,1168.67,-68.34,1044.94,-0.021038
DESC-11,518,1326.6,144.15,969.68,-0.020194
DESC-11,519,1316.08,199.86,969.11,-0.020152
DESC-11,522,1088.49,105.06,1072.88,-0.021125
DESC-11,523,742.61,-298.31,1235.72,-0.020564
DESC-11,526,1004.59,568.39,1021.45,-0.018734
DESC-11,529,-83.31,-927.53,1109.08,-0.013716
DESC-11,530,320.0,-1159.73,1012.79,-0.014862
DESC-11,531,381.46,1111.85,963.17,-0.014232
DESC-11,533,821.56,-505.41,1150.17,-0.019469
DESC-11,534,278.57,-780.5,1192.52,-0.019544
DESC-11,535,643.43,1039.75,959.4,-0.01531
DESC-11,537,497.99,-1027.87,1048.92,-0.018346
DESC-11,539,-1.33,1088.85,977.38,-0.008895
DESC-11,541,417.97,47.68,1437.16,-0.019908
DESC-11,542,1085.39,-376.36,1061.68,-0.020599
DESC-11,543,690.51,-38.15,1285.92,-0.020684
DESC-11,544,-402.29,-968.19,1033.03,-0.013484
DESC-11,547,-402.79,165.55,1250.43,-0.014338
DESC-11,548,11.46,-1320.87,949.64,-0.011829
DESC-11,549,1333.93,-140.96,974.6,-0.018223
DESC-11,551,961.24,285.74,1103.93,-0.021237
DESC-11,552,-543.16,254.97,1162.81,-0.012337
DESC-11,554,-673.5,870.79,946.06,-0.009988
DESC-11,555,689.81,32.94,1280.54,-0.01907
DESC-11,557,228.91,568.49,1223.89,-0.01583
DESC-11,558,61.72,-116.09,1577.75,-0.014423
DESC-11,563,822.25,-730.24,1082.67,-0.021242
DESC-11,567,694.34,-1009.94,1019.39,-0.020278
DESC-11,569,334.19,-470.58,1351.38,-0.020501
DESC-11,570,-82.19,-1040.46,1058.57,-0.013363
DESC-11,572,71.28,-276.36,1494.76,-0.015084
DESC-11,573,-403.43,294.11,1215.95,-0.013029
DESC-11,574,579.12,-3.3,1348.88,-0.020977
DESC-11,576,1106.57,754.38,941.62,-0.018432
DESC-11,577,818.2,-897.86,1028.6,-0.018769
DESC-11,581,528.18,-457.45,1290.43,-0.021091
DESC-11,583,10.5,-928.62,1118.22,-0.013876
DESC-11,585,334.41,131.34,1447.99,-0.018861
DESC-11,586,230.7,105.15,1501.4,-0.018857
DESC-11,588,204.86,164.13,1468.31,-0.019685
DESC-11,589,344.5,478.4,1258.0,-0.01979
DESC-11,591,-491.8,96.46,1217.23,-0.013134
DESC-11,593,-404.55,412.51,1177.21,-0.013486
DESC-11,595,-358.78,-352.45,1265.97,-0.013894
DESC-11,597,119.26,491.64,1268.61,-0.015721
DESC-11,600,590.05,-813.46,1120.47,-0.020256
DESC-11,604,-37.86,-128.21,1507.0,-0.013403
DESC-11,608,-812.74,315.43,1035.26,-0.011498
DESC-11,610,457.93,1102.48,960.08,-0.013614
DESC-11,611,-314.95,-579.85,1208.12,-0.012411
DESC-11,612,-600.55,-796.81,1036.54,-0.012682
DESC-11,617,-790.27,127.4,1069.99,-0.012136
DESC-11,618,-734.22,-396.48,1080.87,-0.01128
DESC-11,619,-1027.91,-609.05,933.25,-0.011202
DESC-11,620,104.14,167.11,1467.56,-0.016631
DESC-11,622,1024.67,-333.0,1094.19,-0.022319
DESC-11,623,629.27,-259.66,1303.5,-0.021511
DESC-12,0,6129.37,-3195.77,283.06,-0.003706
DESC-12,1,-4410.09,14055.44,250.37,-0.002626
DESC-12,3,-8294.52,-10124.0,250.96,0.001219
DESC-12,5,6440.82,928.92,290.64,-0.00356
DESC-12,6,5782.62,10477.42,251.82,-0.00487
DESC-12,7,6000.86,14696.79,250.2,-0.00301
DESC-12,9,-1873.09,-11214.63,252.6,0.003984
DESC-12,11,11668.91,3860.67,251.62,-0.001583
DESC-12,13,10048.84,-11062.4,250.38,0.00158
DESC-12,14,-12506.56,12119.15,250.08,0.002184
DESC-12,15,-14329.63,6225.82,250.22,0.000669
DESC-12,16,-11433.11,303.52,252.24,0.001712
DESC-12,19,5402.17,9982.25,252.56,-0.000743
DESC-12,21,14140.74,-10107.27,250.1,0.000737
DESC-12,22,-1825.99,1584.09,583.3,0.001362
DESC-12,26,5697.56,8737.96,254.29,0.002452
DESC-12,32,12490.06,11964.43,250.1,-0.000754
DESC-12,33,-7437.94,4332.93,260.67,0.00136
DESC-12,34,-4047.21,-1795.32,362.76,8.7e-05
DESC-12,38,11573.84,11713.92,250.15,-0.000707
DESC-12,39,-10627.78,4552.44,252.07,0.001157
DESC-12,40,3447.4,6216.79,276.99,-0.000221
DESC-12,41,11366.43,-3887.69,251.94,-0.000401
DESC-12,42,-722.59,1256.25,826.86,-0.009519
DESC-12,44,13425.15,-12823.53,250.05,-0.00118
DESC-12,45,10879.15,-2897.52,252.95,0.00069
DESC-12,46,-14687.05,10974.17,250.05,0.004964
DESC-12,47,2715.27,4181.24,338.32,-0.004474
DESC-12,58,5038.67,-7151.94,261.8,-0.003498
DESC-12,60,5509.47,13354.61,250.45,-0.000776
DESC-12,61,-14966.48,-3675.3,250.25,-0.000287
DESC-12,62,-12267.92,6006.26,250.64,0.000532
DESC-12,63,-1517.95,-3426.73,425.36,-0.002957
DESC-12,64,-8923.93,6646.88,252.64,0.001189
DESC-12,68,-8988.84,-5455.13,253.87,0.002194
DESC-12,69,14416.54,-13886.2,250.02,0.001324
DESC-12,70,8355.58,3511.37,259.66,0.000746
DESC-12,71,12842.38,-7175.91,250.43,-0.001173
DESC-12,73,-13097.07,13025.98,250.04,0.001432
DESC-12,74,-13986.64,14254.94,250.02,-0.001294
DESC-12,78,14647.57,-5980.26,250.23,0.000228
DESC-12,79,7641.02,5851.35,256.93,-0.000653
DESC-12,81,7587.49,-9632.52,251.68,-0.005359
DESC-12,89,-9163.88,-13927.37,250.13,0.000156
DESC-12,92,3121.32,-42.28,518.64,-0.008907
DESC-12,93,-7593.66,-5117.84,258.26,0.004644
DESC-12,95,1006.1,14270.97,250.48,-0.000628
DESC-12,96,8637.28,10943.11,250.62,-0.001832
DESC-12,97,-6031.84,5289.64,264.81,-0.001012
DESC-12,99,-13480.14,-3300.78,250.58,0.001371
DESC-12,102,-14505.45,5999.35,250.21,0.003585
DESC-12,104,8071.04,-2234.35,264.64,-0.0021
DESC-12,105,-9202.52,-9887.45,250.75,0.000144
DESC-12,106,-10751.62,-12242.46,250.16,0.001344
DESC-12,108,6384.54,-772.52,292.92,-0.00312
DESC-12,111,6804.78,7006.61,256.32,0.001509
DESC-12,116,-7254.47,3778.25,263.54,0.001995
DESC-12,119,14361.04,-13136.34,250.03,-0.000449
DESC-12,120,10180.61,-8957.99,250.82,-0.003373
DESC-12,121,1260.12,11021.41,252.85,-0.00037
DESC-12,123,-4095.53,5460.03,278.98,0.001983
DESC-12,126,-8627.19,-6453.27,253.38,0.002734
DESC-12,127,-4478.33,12829.92,250.69,-0.002021
DESC-12,129,-14301.01,-1718.46,250.43,-0.00031
DESC-12,130,642.93,2861.85,516.96,-0.007121
DESC-12,131,-9610.68,-8717.16,251.0,-0.002466
DESC-12,135,-4421.05,14521.01,250.28,0.000627
DESC-12,136,11298.87,-5289.19,251.5,-0.001389
DESC-12,137,-6132.09,9106.46,252.89,0.000634
DESC-12,142,-9602.4,2867.55,254.88,0.001899
DESC-12,145,-14957.16,10962.89,250.04,0.001475
DESC-12,146,-8196.86,3150.87,259.7,0.001756
DESC-12,147,7300.71,-5451.11,259.74,-0.000499
DESC-12,148,-4790.74,4523.41,282.87,0.001926
DESC-12,149,-14657.04,-4450.95,250.26,-0.000671
DESC-12,150,1868.98,3390.84,412.79,-0.001236
DESC-12,151,-4924.44,13058.72,250.56,-4.4e-05
DESC-12,155,1480.02,12574.55,251.19,0.001236
DESC-12,158,1615.68,-9749.08,256.12,0.001394
DESC-12,159,-8461.14,-8400.32,251.81,-0.003377
DESC-12,160,4714.8,2983.98,316.02,-0.002078
DESC-12,161,-14299.32,-2922.51,250.39,0.00263
DESC-12,162,-1322.71,-11807.99,251.97,0.001371
DESC-12,163,2890.49,-5761.04,292.1,-0.00082
DESC-12,165,5436.92,-13896.25,250.38,0.003292
DESC-12,166,-8120.93,-10112.79,251.02,0.001801
DESC-12,170,2425.83,-13713.1,250.65,-0.000426
DESC-12,174,-934.9,12854.18,251.03,0.001466
DESC-12,176,-7950.92,13022.51,250.27,0.000131
DESC-12,177,-1296.47,4102.29,369.78,-0.000705
DESC-12,178,11158.06,-7289.34,250.94,-4.7e-05
DESC-12,179,-8747.49,-12894.92,250.24,-0.001071
DESC-12,182,-11927.91,-5449.0,250.91,6e-06
DESC-12,185,-8851.07,8606.13,251.34,0.003805
DESC-12,187,-1452.35,11908.85,251.69,0.000551
DESC-12,188,8634.52,-931.52,262.27,0.000797
DESC-12,189,3491.21,-1004.99,454.01,-0.006859
DESC-12,190,-7306.27,13542.75,250.25,0.002607
DESC-12,191,-5113.18,10749.25,251.74,0.001953
DESC-12,197,12034.91,-8995.71,250.36,-0.001191
DESC-12,198,5109.42,7371.14,259.69,-0.001171
DESC-12,200,-145.35,-3700.64,436.06,-0.002521
DESC-12,205,6732.79,4400.44,266.78,0.000317
DESC-12,210,-12412.65,-3184.91,251.06,-0.001808
DESC-12,213,5030.09,14762.17,250.24,0.000866
DESC-12,216,-12802.62,-1122.45,251.03,0.001861
DESC-12,217,8474.23,-1013.18,263.34,-0.000605
DESC-12,218,8018.87,14026.22,250.18,-0.002632
DESC-12,219,-4978.2,10873.24,251.69,-0.000554
DESC-12,220,9056.0,-4965.1,254.96,-0.000712
DESC-12,221,-2337.55,-7357.07,269.53,0.001303
DESC-12,222,-1712.49,958.58,678.17,-0.003373
DESC-12,225,-3267.07,13678.07,250.53,-0.002132
DESC-12,226,12401.97,-4906.24,250.93,0.000359
DESC-12,228,-3916.84,4575.2,295.16,-0.003355
DESC-12,229,4227.87,120.12,394.9,-0.005415
DESC-12,231,-7039.58,-799.89,275.28,-0.000537
DESC-12,232,1353.9,-7632.92,269.99,0.000621
DESC-12,233,-4668.97,-13164.1,250.61,0.000151
DESC-12,239,4916.38,11693.99,251.21,0.001081
DESC-12,240,13506.35,-12916.21,250.05,-0.001238
DESC-12,241,6668.45,-6244.06,259.58,-0.00083
DESC-12,245,-12393.03,-11246.21,250.12,0.001448
DESC-12,248,-2222.55,14644.72,250.35,-0.001392
DESC-12,249,-8649.09,-6826.45,252.96,0.00187
DESC-12,250,4859.19,9462.4,253.79,-0.00143
DESC-12,251,8224.26,-5414.85,256.47,0.000964
DESC-12,254,1504.03,11466.62,252.19,0.001681
DESC-12,255,-13853.96,-2843.71,250.5,0.001352
DESC-12,256,7836.43,1288.83,268.3,-0.002952
DESC-12,258,-9301.97,11325.63,250.37,0.001165
DESC-12,259,-369.43,13548.27,250.72,-0.001795
DESC-12,262,-1321.34,4262.31,359.63,-0.000651
DESC-12,263,11210.0,13438.09,250.09,0.000309
DESC-12,265,-10088.86,14425.58,250.07,0.003188
DESC-12,267,11178.56,9249.23,250.46,0.002574
DESC-12,268,-3270.71,14299.34,250.38,-0.002589
DESC-12,269,4256.17,4299.83,299.84,0.002548
DESC-12,270,11983.5,8389.96,250.43,-0.000407
DESC-12,271,8178.45,13235.89,250.25,0.000169
DESC-12,275,-14573.5,9388.01,250.08,0.000845
DESC-12,276,-12773.4,-7601.69,250.35,-0.00032
DESC-12,277,-3578.3,5443.77,284.53,0.001037
DESC-12,281,622.59,14612.23,250.4,-0.004165
DESC-12,282,-9506.18,-13098.6,250.17,-0.000105
DESC-12,283,-1894.76,2714.71,454.47,0.001167
DESC-12,286,3174.26,3495.14,353.83,-0.006152
DESC-12,288,6974.38,6609.19,256.93,-0.001451
DESC-12,291,-5071.12,-13540.07,250.46,0.001168
DESC-12,292,-5155.78,-9641.25,253.22,0.005607
DESC-12,293,1932.69,-534.32,753.81,-0.016485
DESC-12,294,14777.13,-7858.59,250.14,-0.001625
DESC-12,296,10563.34,6413.09,251.53,-0.002944
DESC-12,297,-13165.28,-1221.7,250.84,-0.001865
DESC-12,298,13249.07,-5017.85,250.59,0.00093
DESC-12,299,-8860.18,-12701.16,250.25,0.001153
DESC-12,300,1627.63,-6562.07,284.84,-0.00085
DESC-12,301,-2170.5,6527.1,278.61,-0.000671
DESC-12,303,8728.22,-12270.87,250.35,-0.000192
DESC-12,305,-14564.11,-11198.42,250.05,0.00151
DESC-12,306,8563.08,-12080.47,250.41,0.002713
DESC-12,308,11012.56,8452.82,250.65,0.00086
DESC-12,310,12098.06,11143.23,250.16,-0.000273
DESC-12,312,12614.37,-13018.21,250.06,0.000206
DESC-12,315,3589.75,7886.0,261.29,0.000299
DESC-12,318,-6349.84,1175.22,285.39,2.2e-05
DESC-12,319,-13637.19,7137.7,250.25,-0.001459
DESC-12,321,10549.99,-5924.7,251.85,-0.000896
DESC-12,323,9871.5,11771.16,250.28,-0.001882
DESC-12,324,11397.39,5505.37,251.31,0.000917
DESC-12,325,-14396.79,12025.05,250.04,-2.6e-05
DESC-12,326,-8545.38,375.66,261.1,0.001492
DESC-12,328,9451.91,8998.4,251.02,-0.000136
DESC-12,330,-9671.21,3143.73,254.49,0.001203
DESC-12,332,-7161.41,-6059.5,257.37,0.003075
DESC-12,333,-3629.92,8353.32,258.25,-0.001424
DESC-12,336,4597.6,1672.53,348.34,-0.005394
DESC-12,337,12765.53,14057.19,250.04,-0.003278
DESC-12,338,-5523.08,-6068.12,264.32,0.000558
DESC-12,339,-9397.45,-10805.43,250.48,0.000926
DESC-12,340,-14826.24,-180.65,250.34,0.002021
DESC-12,341,3665.15,-8937.36,257.03,-0.000761
DESC-12,345,-13441.68,-3957.27,250.54,0.000658
DESC-12,348,-4817.06,-2113.77,320.98,-0.000702
DESC-12,349,13355.67,12436.39,250.06,0.000964
DESC-12,351,613.46,-6984.65,279.95,-0.000498
DESC-12,352,6023.78,-8084.01,255.63,-0.001363
DESC-12,355,-2234.4,12128.0,251.4,0.003088
DESC-12,357,-48.89,7341.69,272.64,-0.004553
DESC-12,358,10548.01,-12194.93,250.2,-0.001197
DESC-12,363,1213.29,-13135.45,250.97,0.000682
DESC-12,365,-548.92,-5477.13,318.09,-0.00218
DESC-12,366,10351.71,8898.31,250.74,-0.001419
DESC-12,367,-10602.94,713.73,253.5,0.001054
DESC-12,368,13396.27,-9696.25,250.16,-0.003464
DESC-12,369,8448.02,-12234.96,250.39,0.000367
DESC-12,370,-10505.29,-12090.91,250.19,0.000289
DESC-12,372,-3928.87,-3085.46,333.89,-0.002419
DESC-12,373,-11339.0,942.01,252.31,-0.001766
DESC-12,378,2517.15,-6312.75,284.48,-0.001402
DESC-12,379,9549.62,-7827.65,251.61,-0.001532
DESC-12,380,2472.51,8118.4,262.31,-0.000154
DESC-12,381,-13089.95,-7932.3,250.27,0.001362
DESC-12,384,-11717.74,14044.14,250.05,-0.000694
DESC-12,386,-12314.39,-13645.85,250.05,-0.000757
DESC-12,387,-7273.27,-6995.34,254.99,0.00045
DESC-12,388,-6279.89,-849.69,288.34,-0.000704
DESC-12,391,4923.48,14689.49,250.25,0.000405
DESC-12,392,-10516.74,-12016.07,250.19,-0.000328
DESC-12,393,8271.65,9430.4,251.34,-0.00165
DESC-12,396,8341.56,-3401.5,260.31,-0.00111
DESC-12,401,8360.95,-12761.29,250.32,-0.002501
DESC-12,403,12985.26,10455.51,250.14,-0.000352
DESC-12,405,12259.35,2217.45,251.49,-0.004136
DESC-12,406,-4435.56,-14743.79,250.27,-0.000249
DESC-12,407,4000.29,-7630.73,262.62,-0.002434
DESC-12,408,-11931.59,5648.71,250.83,-0.000681
DESC-12,411,11546.5,-2293.84,252.21,-0.00152
DESC-12,412,13420.1,3265.47,250.7,-0.001954
DESC-12,413,3330.73,5342.65,292.59,-0.001804
DESC-12,414,-106.93,315.18,1327.46,-0.017361
DESC-12,415,6360.37,3907.2,273.2,-0.001328
DESC-12,417,-4372.84,10359.37,252.52,0.001485
DESC-12,418,12924.09,6611.48,250.46,0.002147
DESC-12,419,2055.83,2351.17,501.65,-0.007342
DESC-12,423,-1341.67,2027.82,583.5,-0.003235
DESC-12,425,8860.15,-4428.45,256.27,-0.002715
DESC-12,429,7159.19,3519.54,267.58,-0.00181
DESC-12,431,-274.58,-370.49,1301.97,-0.013958
DESC-12,433,230.26,232.0,1420.58,-0.019287
DESC-12,435,742.89,-30.72,1255.97,-0.019425
DESC-12,436,871.69,233.55,1154.23,-0.017747
DESC-12,438,-834.7,-257.55,1053.0,-0.008835
DESC-12,444,-701.19,93.5,1114.04,-0.011014
DESC-12,445,118.99,-1371.88,932.87,-0.015769
DESC-12,446,-504.31,-1170.11,940.83,-0.014385
DESC-12,448,-403.14,70.17,1268.21,-0.013501
DESC-12,449,1033.97,-101.47,1106.61,-0.019913
DESC-12,452,-432.65,-1202.16,943.52,-0.013672
DESC-12,457,332.26,-922.08,1117.46,-0.021099
DESC-12,458,183.5,1016.33,1011.18,-0.012814
DESC-12,460,1115.0,602.08,976.12,-0.018936
DESC-12,463,-551.24,964.73,945.9,-0.0111
DESC-12,466,1272.5,-60.45,1000.34,-0.016878
DESC-12,469,-487.22,-1126.0,958.94,-0.01313
DESC-12,471,220.82,-1204.72,998.55,-0.018241
DESC-12,472,-111.51,587.0,1190.31,-0.016267
DESC-12,473,107.62,878.33,1071.64,-0.016271
DESC-12,474,778.42,927.97,973.66,-0.01514
DESC-12,479,311.44,-368.46,1415.12,-0.018799
DESC-12,481,-446.92,-1024.56,1002.55,-0.012044
DESC-12,482,-599.52,-697.38,1066.28,-0.01033
DESC-12,483,-344.39,-927.87,1061.56,-0.011949
DESC-12,488,1230.7,-587.95,971.14,-0.015949
DESC-12,489,-303.19,210.06,1288.26,-0.016915
DESC-12,492,-432.93,102.86,1247.07,-0.013491
DESC-12,493,222.05,254.4,1407.69,-0.019887
DESC-12,496,819.18,877.6,981.58,-0.015922
DESC-12,497,1303.38,-335.69,976.26,-0.018899
DESC-12,499,-666.32,840.2,956.86,-0.009303
DESC-12,503,-146.37,350.22,1297.32,-0.01508
DESC-12,505,601.71,1092.28,946.65,-0.012492
DESC-12,508,1002.74,490.45,1041.76,-0.018544
DESC-12,511,-288.28,-1259.46,945.89,-0.012457
DESC-12,512,1126.6,-401.0,1040.85,-0.018621
DESC-12,516,-636.12,360.07,1098.71,-0.011722
DESC-12,517,1168.67,-68.34,1044.94,-0.018358
DESC-12,519,1316.08,199.86,969.11,-0.017858
DESC-12,526,1004.59,568.39,1021.45,-0.020014
DESC-12,529,-83.31,-927.53,1109.08,-0.016532
DESC-12,530,320.0,-1159.73,1012.79,-0.018113
DESC-12,531,381.46,1111.85,963.17,-0.01192
DESC-12,533,821.56,-505.41,1150.17,-0.021373
DESC-12,534,278.57,-780.5,1192.52,-0.02131
DESC-12,536,-53.32,-689.59,1229.68,-0.017313
DESC-12,538,-269.12,-1264.83,946.47,-0.012359
DESC-12,539,-1.33,1088.85,977.38,-0.014214
DESC-12,540,1157.46,-21.85,1049.19,-0.018064
DESC-12,542,1085.39,-376.36,1061.68,-0.01892
DESC-12,548,11.46,-1320.87,949.64,-0.016506
DESC-12,549,1333.93,-140.96,974.6,-0.018428
DESC-12,550,-291.65,-1173.27,977.17,-0.011822
DESC-12,552,-543.16,254.97,1162.81,-0.013868
DESC-12,553,-561.49,665.99,1039.59,-0.012055
DESC-12,555,689.81,32.94,1280.54,-0.018531
DESC-12,556,-235.22,453.59,1221.27,-0.014596
DESC-12,557,228.91,568.49,1223.89,-0.015343
DESC-12,558,61.72,-116.09,1577.75,-0.018893
DESC-12,561,-178.43,-998.63,1064.23,-0.015647
DESC-12,562,263.06,1029.32,1003.51,-0.013904
DESC-12,563,822.25,-730.24,1082.67,-0.020428
DESC-12,565,-208.12,632.72,1148.83,-0.015023
DESC-12,567,694.34,-1009.94,1019.39,-0.019024
DESC-12,569,334.19,-470.58,1351.38,-0.018595
DESC-12,570,-82.19,-1040.46,1058.57,-0.015917
DESC-12,571,-823.66,-56.04,1064.96,-0.009567
DESC-12,573,-403.43,294.11,1215.95,-0.015985
DESC-12,575,-457.56,-643.29,1133.55,-0.012423
DESC-12,576,1106.57,754.38,941.62,-0.018426
DESC-12,579,-400.86,-963.21,1035.2,-0.012393
DESC-12,581,528.18,-457.45,1290.43,-0.019499
DESC-12,585,334.41,131.34,1447.99,-0.019498
DESC-12,590,252.57,427.45,1300.07,-0.016996
DESC-12,591,-491.8,96.46,1217.23,-0.013557
DESC-12,592,1115.59,84.96,1062.42,-0.019193
DESC-12,595,-358.78,-352.45,1265.97,-0.013966
DESC-12,597,119.26,491.64,1268.61,-0.015944
DESC-12,601,366.26,190.55,1404.94,-0.019203
DESC-12,602,7.43,-793.89,1184.3,-0.017624
DESC-12,603,-174.19,702.59,1124.48,-0.013273
DESC-12,609,-776.75,23.13,1083.96,-0.010856
DESC-12,611,-314.95,-579.85,1208.12,-0.013891
DESC-12,613,-262.35,-1127.75,998.96,-0.012763
DESC-12,614,992.94,317.26,1084.24,-0.018194
DESC-12,618,-734.22,-396.48,1080.87,-0.010047
DESC-12,619,-1027.91,-609.05,933.25,-0.008275
DESC-12,622,1024.67,-333.0,1094.19,-0.020013
DESC-12,623,629.27,-259.66,1303.5,-0.021421
DESC-12,624,-250.2,595.93,1154.9,-0.015572
DESC-12,625,744.91,992.53,958.29,-0.014157
DESC-12,628,154.32,658.02,1179.09,-0.015925
DESC-12,629,-1142.05,25.47,931.32,-0.007472
DESC-13,0,6129.37,-3195.77,283.06,-0.003273
DESC-13,1,-4410.09,14055.44,250.37,-0.001664
DESC-13,2,2947.38,-7443.99,267.6,0.004525
DESC-13,5,6440.82,928.92,290.64,-0.004109
DESC-13,7,6000.86,14696.79,250.2,-0.00155
DESC-13,8,8734.4,-7425.01,252.63,-0.000945
DESC-13,9,-1873.09,-11214.63,252.6,0.000937
DESC-13,10,-8301.88,5016.19,255.82,0.000599
DESC-13,11,11668.91,3860.67,251.62,-0.001732
DESC-13,12,-1687.1,12829.78,251.0,0.002439
DESC-13,13,10048.84,-11062.4,250.38,-0.002891
DESC-13,14,-12506.56,12119.15,250.08,-0.000964
DESC-13,15,-14329.63,6225.82,250.22,-0.000146
DESC-13,16,-11433.11,303.52,252.24,0.000739
DESC-13,19,5402.17,9982.25,252.56,-0.001672
DESC-13,20,9435.83,166.16,258.03,0.00085
DESC-13,21,14140.74,-10107.27,250.1,0.000962
DESC-13,23,-11902.4,-9858.45,250.25,0.001292
DESC-13,26,5697.56,8737.96,254.29,0.000321
DESC-13,27,-9355.2,-7127.66,251.95,-0.002493
DESC-13,28,6265.57,10628.83,251.48,-0.00165
DESC-13,29,1027.16,-8117.06,265.68,-0.002762
DESC-13,30,7277.53,-386.18,276.6,0.000963
DESC-13,31,4787.76,2755.18,318.33,-0.00278
DESC-13,33,-7437.94,4332.93,260.67,-0.001081
DESC-13,36,4210.21,-14680.75,250.31,0.00256
DESC-13,37,-2204.7,11961.27,251.53,0.002084
DESC-13,38,11573.84,11713.92,250.15,0.000861
DESC-13,39,-10627.78,4552.44,252.07,-0.001145
DESC-13,40,3447.4,6216.79,276.99,-0.000426
DESC-13,41,11366.43,-3887.69,251.94,-0.002997
DESC-13,43,3344.2,11193.29,252.08,0.001024
DESC-13,44,13425.15,-12823.53,250.05,-0.000456
DESC-13,45,10879.15,-2897.52,252.95,-0.00174
DESC-13,46,-14687.05,10974.17,250.05,0.000694
DESC-13,47,2715.27,4181.24,338.32,-0.004845
DESC-13,48,-4892.48,4424.59,282.72,0.002168
DESC-13,49,-1276.57,-12677.0,251.22,0.00249
DESC-13,50,-7397.33,-2344.91,267.58,0.003972
DESC-13,52,4366.32,-9116.38,255.5,-0.003017
DESC-13,54,5036.9,-10047.59,252.94,-0.000715
DESC-13,55,-10392.71,10359.13,250.37,0.002248
DESC-13,58,5038.67,-7151.94,261.8,-0.001072
DESC-13,59,-10276.56,-9900.86,250.49,0.000841
DESC-13,60,5509.47,13354.61,250.45,-0.002022
DESC-13,61,-14966.48,-3675.3,250.25,0.001233
DESC-13,62,-12267.92,6006.26,250.64,0.000733
DESC-13,64,-8923.93,6646.88,252.64,-0.000581
DESC-13,65,4386.54,13850.51,250.43,-0.003515
DESC-13,66,5562.84,2716.4,297.44,-0.003664
DESC-13,67,146.43,-581.71,1309.44,-0.019652
DESC-13,68,-8988.84,-5455.13,253.87,-0.001728
DESC-13,70,8355.58,3511.37,259.66,-0.002197
DESC-13,71,12842.38,-7175.91,250.43,-0.001157
DESC-13,72,-11404.96,-12186.31,250.13,2e-05
DESC-13,76,10305.01,7276.21,251.32,-0.000364
DESC-13,77,-3561.22,9401.01,254.89,0.001561
DESC-13,79,7641.02,5851.35,256.93,-0.001427
DESC-13,80,-7615.4,-14107.07,250.19,-0.000711
DESC-13,81,7587.49,-9632.52,251.68,0.003314
DESC-13,84,-14982.96,-11234.75,250.04,-0.000274
DESC-13,85,-12365.9,-960.84,251.31,-0.000851
DESC-13,86,-9830.29,5427.77,252.49,0.001739
DESC-13,87,4864.47,-7684.6,259.71,-0.000523
DESC-13,88,-6018.86,-10637.51,251.57,-0.002591
DESC-13,89,-9163.88,-13927.37,250.13,0.001043
DESC-13,90,-1417.68,6671.04,279.78,-0.001094
DESC-13,91,-13267.28,-7954.68,250.25,0.00026
DESC-13,95,1006.1,14270.97,250.48,-0.000778
DESC-13,96,8637.28,10943.11,250.62,0.000314
DESC-13,98,9326.46,-1596.14,257.98,-0.002571
DESC-13,99,-13480.14,-3300.78,250.58,-0.001075
DESC-13,100,14574.91,14319.08,250.02,-0.00153
DESC-13,101,-6572.08,-14614.42,250.19,0.00014
DESC-13,103,-5158.59,10985.79,251.53,0.001532
DESC-13,105,-9202.52,-9887.45,250.75,0.000824
DESC-13,107,8349.85,11432.66,250.54,-0.001254
DESC-13,108,6384.54,-772.52,292.92,-0.004161
DESC-13,109,-2503.74,-379.0,567.54,7.9e-05
DESC-13,113,-7336.73,-10195.33,251.29,0.00274
DESC-13,116,-7254.47,3778.25,263.54,1.4e-05
DESC-13,117,-2865.32,8921.6,257.17,-0.002637
DESC-13,118,-8245.96,10224.41,250.87,0.001657
DESC-13,119,14361.04,-13136.34,250.03,0.003073
DESC-13,120,10180.61,-8957.99,250.82,-0.003812
DESC-13,121,1260.12,11021.41,252.85,-0.000664
DESC-13,122,12825.85,-6231.59,250.56,0.000654
DESC-13,123,-4095.53,5460.03,278.98,0.001147
DESC-13,125,259.75,-7940.28,267.76,-0.002847
DESC-13,126,-8627.19,-6453.27,253.38,-0.003048
DESC-13,129,-14301.01,-1718.46,250.43,-0.000836
DESC-13,131,-9610.68,-8717.16,251.0,-0.001891
DESC-13,132,8966.77,-11108.03,250.55,-0.001045
DESC-13,133,-12883.91,-1872.95,250.94,-0.002997
DESC-13,134,1517.87,-608.9,869.85,-0.01738
DESC-13,135,-4421.05,14521.01,250.28,0.000833
DESC-13,136,11298.87,-5289.19,251.5,-0.000671
DESC-13,137,-6132.09,9106.46,252.89,0.000427
DESC-13,138,8435.32,4689.47,256.91,-0.000598
DESC-13,139,-14177.18,-9372.53,250.11,-0.00032
DESC-13,140,-7132.87,-3616.54,265.59,0.001113
DESC-13,141,-12124.09,-6855.57,250.58,-0.001421
DESC-13,142,-9602.4,2867.55,254.88,-0.001754
DESC-13,143,1858.02,-14460.74,250.45,-0.001558
DESC-13,144,11135.73,1015.15,253.04,0.00133
DESC-13,145,-14957.16,10962.89,250.04,0.00107
DESC-13,146,-8196.86,3150.87,259.7,0.000846
DESC-13,147,7300.71,-5451.11,259.74,-0.001213
DESC-13,148,-4790.74,4523.41,282.87,0.002164
DESC-13,149,-14657.04,-4450.95,250.26,0.000299
DESC-13,150,1868.98,3390.84,412.79,-0.006328
DESC-13,151,-4924.44,13058.72,250.56,0.00133
DESC-13,152,14469.37,-1620.84,250.47,-0.001253
DESC-13,153,-10520.85,10143.35,250.38,0.000108
DESC-13,155,1480.02,12574.55,251.19,0.000522
DESC-13,158,1615.68,-9749.08,256.12,-0.00204
DESC-13,159,-8461.14,-8400.32,251.81,-0.00158
DESC-13,161,-14299.32,-2922.51,250.39,0.000565
DESC-13,163,2890.49,-5761.04,292.1,-0.000216
DESC-13,164,-2586.4,-9007.43,257.82,-0.001451
DESC-13,166,-8120.93,-10112.79,251.02,0.002941
DESC-13,167,4892.91,13333.11,250.52,-0.000222
DESC-13,169,13402.43,5018.06,250.53,0.000776
DESC-13,170,2425.83,-13713.1,250.65,0.000133
DESC-13,173,-13395.89,2447.38,250.66,8.5e-05
DESC-13,174,-934.9,12854.18,251.03,-0.00199
DESC-13,175,-12750.71,4795.74,250.66,4.7e-05
DESC-13,177,-1296.47,4102.29,369.78,0.002812
DESC-13,178,11158.06,-7289.34,250.94,-0.00201
DESC-13,180,12266.61,13396.36,250.06,0.000726
DESC-13,182,-11927.91,-5449.0,250.91,-0.001081
DESC-13,184,-11653.76,1280.97,251.9,0.000387
DESC-13,185,-8851.07,8606.13,251.34,0.000736
DESC-13,186,14578.21,-337.09,250.46,0.003304
DESC-13,188,8634.52,-931.52,262.27,-0.002271
DESC-13,190,-7306.27,13542.75,250.25,0.001487
DESC-13,191,-5113.18,10749.25,251.74,-0.000491
DESC-13,192,-12212.75,-3467.58,251.13,-0.000572
DESC-13,193,-14240.7,-8.35,250.47,0.00096
DESC-13,194,-8108.64,7218.72,253.07,0.000678
DESC-13,197,12034.91,-8995.71,250.36,0.001196
DESC-13,199,-1880.93,12142.27,251.43,0.001532
DESC-13,200,-145.35,-3700.64,436.06,-0.001206
DESC-13,201,4919.77,-14635.7,250.28,0.002833
DESC-13,202,-7162.19,-166.15,274.09,0.00102
DESC-13,203,1787.97,12515.39,251.21,0.001326
DESC-13,205,6732.79,4400.44,266.78,-0.003762
DESC-13,206,-8785.36,10432.06,250.66,-1.6e-05
DESC-13,207,6200.86,1778.1,291.58,-0.000668
DESC-13,208,-7441.72,-9424.37,251.74,0.001045
DESC-13,209,5023.11,3806.16,293.88,0.001162
DESC-13,211,10317.64,14503.08,250.07,0.000113
DESC-13,212,4069.37,13268.44,250.62,-0.004357
DESC-13,214,5792.73,9687.2,252.66,-0.00248
DESC-13,216,-12802.62,-1122.45,251.03,-0.000108
DESC-13,217,8474.23,-1013.18,263.34,-0.000657
DESC-13,221,-2337.55,-7357.07,269.53,-0.000126
DESC-13,223,-134.19,-7788.67,269.27,-0.002146
DESC-13,225,-3267.07,13678.07,250.53,0.001797
DESC-13,226,12401.97,-4906.24,250.93,0.001101
DESC-13,228,-3916.84,4575.2,295.16,0.002652
DESC-13,229,4227.87,120.12,394.9,-0.008326
DESC-13,230,5896.34,-14015.99,250.32,0.001974
DESC-13,232,1353.9,-7632.92,269.99,-0.002141
DESC-13,233,-4668.97,-13164.1,250.61,-0.00247
DESC-13,235,6040.39,-14930.35,250.2,0.000349
DESC-13,237,-4086.65,-13204.36,250.66,0.002228
DESC-13,239,4916.38,11693.99,251.21,-0.000486
DESC-13,240,13506.35,-12916.21,250.05,-0.002554
DESC-13,241,6668.45,-6244.06,259.58,-0.001169
DESC-13,242,-9930.72,1791.33,254.7,0.000547
DESC-13,243,-10084.09,-9917.13,250.53,-0.000426
DESC-13,244,14016.56,5195.2,250.37,-0.001473
DESC-13,245,-12393.03,-11246.21,250.12,0.001692
DESC-13,246,-8082.41,-7364.93,253.12,0.000804
DESC-13,247,634.03,11635.92,252.07,0.000568
DESC-13,249,-8649.09,-6826.45,252.96,-0.002555
DESC-13,250,4859.19,9462.4,253.79,0.001271
DESC-13,252,5292.51,-9460.62,253.67,-0.003837
DESC-13,253,14774.82,-12189.97,250.04,-0.000436
DESC-13,256,7836.43,1288.83,268.3,-0.001151
DESC-13,257,2929.53,14295.3,250.41,0.002055
DESC-13,258,-9301.97,11325.63,250.37,-0.00085
DESC-13,260,-14731.12,13378.8,250.02,0.00021
DESC-13,261,-2360.91,-7054.22,272.79,0.000371
DESC-13,263,11210.0,13438.09,250.09,0.000443
DESC-13,264,-9423.97,-2492.32,255.81,0.000825
DESC-13,265,-10088.86,14425.58,250.07,-0.000602
DESC-13,266,-12722.72,-2085.72,251.01,-0.003373
DESC-13,267,11178.56,9249.23,250.46,-0.000604
DESC-13,271,8178.45,13235.89,250.25,0.002561
DESC-13,273,-4735.47,7351.62,260.01,0.002904
DESC-13,274,-11251.69,10758.27,250.22,0.000191
DESC-13,276,-12773.4,-7601.69,250.35,-0.00096
DESC-13,277,-3578.3,5443.77,284.53,0.001457
DESC-13,278,9517.96,-4421.88,254.52,-0.002098
DESC-13,279,-9679.3,-7873.64,251.32,-0.000999
DESC-13,280,-12280.07,-1106.44,251.37,0.001563
DESC-13,281,622.59,14612.23,250.4,0.001583
DESC-13,282,-9506.18,-13098.6,250.17,-2.9e-05
DESC-13,283,-1894.76,2714.71,454.47,-0.000322
DESC-13,285,-3233.89,12134.92,251.22,0.001552
DESC-13,286,3174.26,3495.14,353.83,-0.005731
DESC-13,287,12605.53,14979.09,250.03,-0.000274
DESC-13,288,6974.38,6609.19,256.93,-0.003406
DESC-13,289,-10541.61,-10003.97,250.42,-0.001943
DESC-13,291,-5071.12,-13540.07,250.46,-0.001728
DESC-13,293,1932.69,-534.32,753.81,-0.016381
DESC-13,294,14777.13,-7858.59,250.14,0.000425
DESC-13,295,6140.73,2520.62,287.19,-0.003185
DESC-13,297,-13165.28,-1221.7,250.84,-0.0021
DESC-13,298,13249.07,-5017.85,250.59,-0.000506
DESC-13,299,-8860.18,-12701.16,250.25,0.000519
DESC-13,300,1627.63,-6562.07,284.84,-0.002616
DESC-13,301,-2170.5,6527.1,278.61,0.001089
DESC-13,302,10861.04,-11041.34,250.28,-0.000193
DESC-13,303,8728.22,-12270.87,250.35,-0.002513
DESC-13,304,-4075.98,-4822.88,291.06,0.001436
DESC-13,305,-14564.11,-11198.42,250.05,-0.000205
DESC-13,306,8563.08,-12080.47,250.41,-0.000883
DESC-13,307,3449.02,1645.78,426.94,-0.004796
DESC-13,308,11012.56,8452.82,250.65,0.001021
DESC-13,309,-4696.94,-11590.23,251.36,-9.1e-05
DESC-13,310,12098.06,11143.23,250.16,0.003144
DESC-13,312,12614.37,-13018.21,250.06,0.000526
DESC-13,313,-4656.0,11558.21,251.28,-9.3e-05
DESC-13,314,-1292.16,-4735.54,343.37,-0.001564
DESC-13,316,2442.72,-3492.08,392.66,-0.003765
DESC-13,318,-6349.84,1175.22,285.39,-0.000686
DESC-13,319,-13637.19,7137.7,250.25,8.6e-05
DESC-13,320,-10931.57,1891.01,252.69,0.001546
DESC-13,321,10549.99,-5924.7,251.85,0.003869
DESC-13,322,-11585.92,7117.85,250.67,-0.001281
DESC-13,324,11397.39,5505.37,251.31,0.001736
DESC-13,325,-14396.79,12025.05,250.04,-0.00273
DESC-13,326,-8545.38,375.66,261.1,0.001341
DESC-13,327,-33.63,1645.19,783.99,-0.008052
DESC-13,328,9451.91,8998.4,251.02,-0.001682
DESC-13,329,1193.3,-11209.73,252.81,0.000229
DESC-13,330,-9671.21,3143.73,254.49,-0.00112
DESC-13,331,-11631.73,-1029.68,251.97,0.00326
DESC-13,332,-7161.41,-6059.5,257.37,0.000742
DESC-13,333,-3629.92,8353.32,258.25,0.001302
DESC-13,334,13624.48,-4400.03,250.54,-0.000115
DESC-13,335,-3066.44,11149.77,252.13,-0.000905
DESC-13,336,4597.6,1672.53,348.34,-0.004801
DESC-13,337,12765.53,14057.19,250.04,0.00102
DESC-13,338,-5523.08,-6068.12,264.32,0.00096
DESC-13,339,-9397.45,-10805.43,250.48,-0.002752
DESC-13,340,-14826.24,-180.65,250.34,0.000704
DESC-13,341,3665.15,-8937.36,257.03,-0.000241
DESC-13,342,7401.55,-9249.17,252.12,0.004455
DESC-13,343,-277.14,8562.86,261.44,-0.000243
DESC-13,344,-2565.25,-5140.86,307.6,-0.000336
DESC-13,346,-1261.66,13709.75,250.63,-0.001026
DESC-13,347,7872.32,-12439.32,250.43,-0.000307
DESC-13,348,-4817.06,-2113.77,320.98,0.003164
DESC-13,349,13355.67,12436.39,250.06,0.002177
DESC-13,350,-12406.77,2690.86,251.11,-0.001253
DESC-13,351,613.46,-6984.65,279.95,-0.001842
DESC-13,353,-12631.36,868.42,251.13,-0.000351
DESC-13,354,8267.25,8543.43,251.94,-0.001844
DESC-13,355,-2234.4,12128.0,251.4,0.003022
DESC-13,356,-4109.56,-6545.14,268.97,0.001757
DESC-13,357,-48.89,7341.69,272.64,-0.000207
DESC-13,358,10548.01,-12194.93,250.2,5.4e-05
DESC-13,359,3963.66,3458.87,327.78,-0.004526
DESC-13,360,2382.11,-12361.81,251.36,0.000499
DESC-13,361,13140.65,3887.76,250.74,0.000454
DESC-13,362,-5244.72,7739.09,257.15,-1.5e-05
DESC-13,363,1213.29,-13135.45,250.97,-0.001462
DESC-13,364,-3549.11,8125.77,259.43,3.4e-05
DESC-13,365,-548.92,-5477.13,318.09,0.000314
DESC-13,366,10351.71,8898.31,250.74,-0.003894
DESC-13,367,-10602.94,713.73,253.5,0.000987
DESC-13,368,13396.27,-9696.25,250.16,0.000416
DESC-13,369,8448.02,-12234.96,250.39,-0.000114
DESC-13,370,-10505.29,-12090.91,250.19,-0.002073
DESC-13,371,-6641.25,7088.77,255.8,-0.002415
DESC-13,372,-3928.87,-3085.46,333.89,0.000457
DESC-13,373,-11339.0,942.01,252.31,0.000979
DESC-13,374,-5824.31,-7546.45,256.9,0.000569
DESC-13,375,5116.91,-12464.13,250.84,0.001369
DESC-13,379,9549.62,-7827.65,251.61,-0.000203
DESC-13,380,2472.51,8118.4,262.31,0.001814
DESC-13,382,-925.69,-5321.41,321.64,-0.00266
DESC-13,384,-11717.74,14044.14,250.05,-0.000456
DESC-13,386,-12314.39,-13645.85,250.05,-0.000539
DESC-13,387,-7273.27,-6995.34,254.99,-0.002667
DESC-13,388,-6279.89,-849.69,288.34,0.000348
DESC-13,390,10261.57,10831.46,250.36,0.001421
DESC-13,394,-11072.39,-9086.16,250.47,-0.000413
DESC-13,397,-7317.2,-8807.59,252.37,0.002264
DESC-13,398,-12217.41,2711.74,251.22,-9.6e-05
DESC-13,400,1640.66,11469.66,252.17,-0.000928
DESC-13,401,8360.95,-12761.29,250.32,-0.000262
DESC-13,404,9641.95,6637.36,252.19,0.00099
DESC-13,405,12259.35,2217.45,251.49,0.001118
DESC-13,406,-4435.56,-14743.79,250.27,-0.002323
DESC-13,407,4000.29,-7630.73,262.62,-0.001946
DESC-13,408,-11931.59,5648.71,250.83,-0.0002
DESC-13,409,-4824.34,-1219.64,332.2,0.002996
DESC-13,410,-2153.88,3283.22,395.39,0.002511
DESC-13,411,11546.5,-2293.84,252.21,-0.001277
DESC-13,413,3330.73,5342.65,292.59,-0.000193
DESC-13,414,-106.93,315.18,1327.46,-0.017885
DESC-13,416,6131.38,11287.18,251.11,-0.002158
DESC-13,417,-4372.84,10359.37,252.52,-0.000806
DESC-13,419,2055.83,2351.17,501.65,-0.006571
DESC-13,420,9044.62,-10407.35,250.72,-0.000487
DESC-13,421,-3638.19,208.71,419.62,0.001132
DESC-13,423,-1341.67,2027.82,583.5,-0.004815
DESC-13,424,3951.88,1309.74,397.73,-0.005528
DESC-13,426,-14279.51,-14900.03,250.01,-0.003526
DESC-13,427,-12481.34,1826.28,251.16,0.00122
DESC-13,428,-8615.2,13947.76,250.14,-0.000796
DESC-13,430,399.26,-171.76,1457.94,-0.019941
DESC-13,431,-274.58,-370.49,1301.97,-0.016692
DESC-13,432,797.88,-64.7,1226.71,-0.021524
DESC-13,433,230.26,232.0,1420.58,-0.020637
DESC-13,434,-370.26,-188.86,1292.04,-0.013333
DESC-13,435,742.89,-30.72,1255.97,-0.02093
DESC-13,436,871.69,233.55,1154.23,-0.02028
DESC-13,437,416.6,-554.69,1284.6,-0.020981
DESC-13,439,-65.82,-1333.09,940.78,-0.015645
DESC-13,440,95.7,-1286.2,965.83,-0.015284
DESC-13,441,-143.88,196.98,1368.65,-0.018508
DESC-13,442,145.02,387.71,1329.63,-0.019105
DESC-13,443,496.8,-725.13,1181.99,-0.020022
DESC-13,444,-701.19,93.5,1114.04,-0.012273
DESC-13,445,118.99,-1371.88,932.87,-0.01519
DESC-13,446,-504.31,-1170.11,940.83,-0.011327
DESC-13,451,-456.33,199.97,1216.04,-0.014951
DESC-13,452,-432.65,-1202.16,943.52,-0.012075
DESC-13,454,-892.79,109.32,1026.99,-0.010692
DESC-13,455,-1033.16,127.17,968.32,-0.009182
DESC-13,457,332.26,-922.08,1117.46,-0.017492
DESC-13,458,183.5,1016.33,1011.18,-0.015205
DESC-13,459,814.98,-695.17,1096.37,-0.017301
DESC-13,460,1115.0,602.08,976.12,-0.020283
DESC-13,461,854.7,-379.84,1164.85,-0.018856
DESC-13,462,-889.65,-353.48,1020.47,-0.010697
DESC-13,463,-551.24,964.73,945.9,-0.010024
DESC-13,464,1294.81,200.14,977.39,-0.020178
DESC-13,465,-214.9,-781.57,1152.26,-0.016671
DESC-13,468,-314.3,753.49,1074.01,-0.01432
DESC-13,469,-487.22,-1126.0,958.94,-0.011713
DESC-13,471,220.82,-1204.72,998.55,-0.017668
DESC-13,472,-111.51,587.0,1190.31,-0.01629
DESC-13,473,107.62,878.33,1071.64,-0.016449
DESC-13,476,658.71,-313.52,1275.83,-0.01963
DESC-13,477,959.1,-540.31,1084.7,-0.01866
DESC-13,478,13.6,102.49,1483.55,-0.019112
DESC-13,479,311.44,-368.46,1415.12,-0.018967
DESC-13,480,646.23,-704.17,1148.95,-0.018403
DESC-13,481,-446.92,-1024.56,1002.55,-0.014156
DESC-13,482,-599.52,-697.38,1066.28,-0.011588
DESC-13,483,-344.39,-927.87,1061.56,-0.015444
DESC-13,485,-939.2,-24.06,1013.81,-0.010362
DESC-13,486,-206.24,221.07,1330.42,-0.017345
DESC-13,488,1230.7,-587.95,971.14,-0.018065
DESC-13,489,-303.19,210.06,1288.26,-0.017978
DESC-13,492,-432.93,102.86,1247.07,-0.016397
DESC-13,493,222.05,254.4,1407.69,-0.020799
DESC-13,494,-298.57,1100.8,944.01,-0.011751
DESC-13,495,-360.01,25.15,1298.3,-0.015067
DESC-13,497,1303.38,-335.69,976.26,-0.021541
DESC-13,498,1077.38,280.31,1055.53,-0.022403
DESC-13,499,-666.32,840.2,956.86,-0.008048
DESC-13,500,418.11,233.53,1363.25,-0.019588
DESC-13,501,1400.92,-96.92,948.69,-0.020566
DESC-13,502,1005.91,-631.37,1045.2,-0.018043
DESC-13,503,-146.37,350.22,1297.32,-0.016955
DESC-13,505,601.71,1092.28,946.65,-0.013381
DESC-13,506,32.72,508.38,1253.17,-0.016815
DESC-13,508,1002.74,490.45,1041.76,-0.019947
DESC-13,509,-670.24,-729.5,1032.88,-0.01098
DESC-13,510,112.38,280.0,1394.97,-0.019598
DESC-13,511,-288.28,-1259.46,945.89,-0.015868
DESC-13,512,1126.6,-401.0,1040.85,-0.020566
DESC-13,513,369.53,433.17,1276.74,-0.020462
DESC-13,514,455.74,166.92,1375.4,-0.019942
DESC-13,515,-700.11,93.96,1114.5,-0.012359
DESC-13,517,1168.67,-68.34,1044.94,-0.022881
DESC-13,518,1326.6,144.15,969.68,-0.020975
DESC-13,520,258.35,-975.18,1098.34,-0.017696
DESC-13,522,1088.49,105.06,1072.88,-0.022196
DESC-13,523,742.61,-298.31,1235.72,-0.021073
DESC-13,525,907.96,-1046.6,957.55,-0.019541
DESC-13,527,787.11,-1075.38,976.08,-0.019228
DESC-13,528,531.72,-731.41,1170.37,-0.019458
DESC-13,529,-83.31,-927.53,1109.08,-0.016401
DESC-13,530,320.0,-1159.73,1012.79,-0.017901
DESC-13,531,381.46,1111.85,963.17,-0.016114
DESC-13,532,409.91,-165.01,1452.68,-0.020251
DESC-13,535,643.43,1039.75,959.4,-0.015583
DESC-13,536,-53.32,-689.59,1229.68,-0.019154
DESC-13,537,497.99,-1027.87,1048.92,-0.019256
DESC-13,538,-269.12,-1264.83,946.47,-0.016542
DESC-13,539,-1.33,1088.85,977.38,-0.014831
DESC-13,542,1085.39,-376.36,1061.68,-0.020534
DESC-13,543,690.51,-38.15,1285.92,-0.021062
DESC-13,545,675.16,-744.35,1124.59,-0.017839
DESC-13,546,591.54,-81.27,1345.45,-0.021431
DESC-13,547,-402.79,165.55,1250.43,-0.016264
DESC-13,548,11.46,-1320.87,949.64,-0.015387
DESC-13,549,1333.93,-140.96,974.6,-0.019988
DESC-13,550,-291.65,-1173.27,977.17,-0.014916
DESC-13,552,-543.16,254.97,1162.81,-0.014362
DESC-13,555,689.81,32.94,1280.54,-0.021613
DESC-13,556,-235.22,453.59,1221.27,-0.015756
DESC-13,557,228.91,568.49,1223.89,-0.018462
DESC-13,558,61.72,-116.09,1577.75,-0.018777
DESC-13,559,247.06,-443.98,1385.64,-0.020459
DESC-13,560,-53.56,978.66,1019.17,-0.014372
DESC-13,561,-178.43,-998.63,1064.23,-0.014564
DESC-13,563,822.25,-730.24,1082.67,-0.016979
DESC-13,564,-336.53,1078.59,946.53,-0.011742
DESC-13,566,121.97,-821.21,1177.18,-0.019199
DESC-13,569,334.19,-470.58,1351.38,-0.020182
DESC-13,570,-82.19,-1040.46,1058.57,-0.016605
DESC-13,571,-823.66,-56.04,1064.96,-0.010376
DESC-13,574,579.12,-3.3,1348.88,-0.020559
DESC-13,576,1106.57,754.38,941.62,-0.019404
DESC-13,577,818.2,-897.86,1028.6,-0.019756
DESC-13,578,372.32,476.76,1253.42,-0.019566
DESC-13,579,-400.86,-963.21,1035.2,-0.014884
DESC-13,583,10.5,-928.62,1118.22,-0.015547
DESC-13,585,334.41,131.34,1447.99,-0.01903
DESC-13,587,1348.34,-296.88,961.71,-0.021244
DESC-13,588,204.86,164.13,1468.31,-0.019985
DESC-13,589,344.5,478.4,1258.0,-0.020109
DESC-13,591,-491.8,96.46,1217.23,-0.016126
DESC-13,593,-404.55,412.51,1177.21,-0.014203
DESC-13,594,634.15,-273.92,1297.84,-0.019906
DESC-13,595,-358.78,-352.45,1265.97,-0.014577
DESC-13,597,119.26,491.64,1268.61,-0.017999
DESC-13,599,766.32,-534.74,1164.81,-0.021019
DESC-13,600,590.05,-813.46,1120.47,-0.017939
DESC-13,601,366.26,190.55,1404.94,-0.019467
DESC-13,603,-174.19,702.59,1124.48,-0.015893
DESC-13,604,-37.86,-128.21,1507.0,-0.019202
DESC-13,605,-618.62,415.33,1092.38,-0.013098
DESC-13,607,212.56,-1199.18,1001.06,-0.017382
DESC-13,608,-812.74,315.43,1035.26,-0.010727
DESC-13,609,-776.75,23.13,1083.96,-0.011701
DESC-13,610,457.93,1102.48,960.08,-0.015529
DESC-13,611,-314.95,-579.85,1208.12,-0.015977
DESC-13,612,-600.55,-796.81,1036.54,-0.010968
DESC-13,613,-262.35,-1127.75,998.96,-0.014702
DESC-13,614,992.94,317.26,1084.24,-0.021838
DESC-13,615,-599.78,-901.05,1004.85,-0.011851
DESC-13,616,1124.86,9.74,1062.69,-0.022685
DESC-13,620,104.14,167.11,1467.56,-0.020195
DESC-13,622,1024.67,-333.0,1094.19,-0.019945
DESC-13,623,629.27,-259.66,1303.5,-0.019562
DESC-13,624,-250.2,595.93,1154.9,-0.01582
DESC-13,625,744.91,992.53,958.29,-0.016097
DESC-13,627,-214.72,553.68,1182.66,-0.015674
DESC-13,629,-1142.05,25.47,931.32,-0.010482
DESC-14,1,-4410.09,14055.44,250.37,-0.001691
DESC-14,2,2947.38,-7443.99,267.6,-0.002561
DESC-14,5,6440.82,928.92,290.64,-0.002627
DESC-14,7,6000.86,14696.79,250.2,0.000693
DESC-14,8,8734.4,-7425.01,252.63,-7.6e-05
DESC-14,9,-1873.09,-11214.63,252.6,0.000979
DESC-14,10,-8301.88,5016.19,255.82,-0.002537
DESC-14,11,11668.91,3860.67,251.62,0.000128
DESC-14,13,10048.84,-11062.4,250.38,-0.000603
DESC-14,14,-12506.56,12119.15,250.08,0.001854
DESC-14,16,-11433.11,303.52,252.24,-0.003399
DESC-14,17,12605.65,9574.56,250.22,0.002336
DESC-14,18,5057.81,5001.96,277.64,-0.001918
DESC-14,19,5402.17,9982.25,252.56,0.001191
DESC-14,21,14140.74,-10107.27,250.1,3.5e-05
DESC-14,22,-1825.99,1584.09,583.3,-0.000709
DESC-14,24,6966.1,7383.88,255.1,-0.004151
DESC-14,25,9631.75,10287.17,250.57,-0.001475
DESC-14,31,4787.76,2755.18,318.33,-0.00451
DESC-14,32,12490.06,11964.43,250.1,0.000483
DESC-14,33,-7437.94,4332.93,260.67,0.003016
DESC-14,34,-4047.21,-1795.32,362.76,0.003715
DESC-14,36,4210.21,-14680.75,250.31,0.002594
DESC-14,38,11573.84,11713.92,250.15,0.001062
DESC-14,39,-10627.78,4552.44,252.07,-0.00223
DESC-14,41,11366.43,-3887.69,251.94,-0.00251
DESC-14,42,-722.59,1256.25,826.86,-0.00833
DESC-14,45,10879.15,-2897.52,252.95,-0.000545
DESC-14,46,-14687.05,10974.17,250.05,0.002438
DESC-14,47,2715.27,4181.24,338.32,-0.001712
DESC-14,48,-4892.48,4424.59,282.72,0.000891
DESC-14,49,-1276.57,-12677.0,251.22,0.000118
DESC-14,51,14291.98,-5954.32,250.28,0.002065
DESC-14,55,-10392.71,10359.13,250.37,-0.000478
DESC-14,60,5509.47,13354.61,250.45,-0.000939
DESC-14,61,-14966.48,-3675.3,250.25,-0.001083
DESC-14,62,-12267.92,6006.26,250.64,0.001954
DESC-14,64,-8923.93,6646.88,252.64,-0.001307
DESC-14,67,146.43,-581.71,1309.44,-0.019514
DESC-14,70,8355.58,3511.37,259.66,0.000635
DESC-14,71,12842.38,-7175.91,250.43,-0.00228
DESC-14,74,-13986.64,14254.94,250.02,0.002399
DESC-14,76,10305.01,7276.21,251.32,-0.001088
DESC-14,78,14647.57,-5980.26,250.23,0.001515
DESC-14,79,7641.02,5851.35,256.93,-0.001188
DESC-14,81,7587.49,-9632.52,251.68,-0.002481
DESC-14,83,-10907.46,-2175.42,252.7,-0.001531
DESC-14,84,-14982.96,-11234.75,250.04,0.000505
DESC-14,86,-9830.29,5427.77,252.49,-0.000703
DESC-14,87,4864.47,-7684.6,259.71,-0.002853
DESC-14,89,-9163.88,-13927.37,250.13,0.001555
DESC-14,91,-13267.28,-7954.68,250.25,-0.002569
DESC-14,92,3121.32,-42.28,518.64,-0.009519
DESC-14,96,8637.28,10943.11,250.62,0.002345
DESC-14,97,-6031.84,5289.64,264.81,0.002005
DESC-14,98,9326.46,-1596.14,257.98,0.000699
DESC-14,99,-13480.14,-3300.78,250.58,-0.000377
DESC-14,100,14574.91,14319.08,250.02,-0.000697
DESC-14,101,-6572.08,-14614.42,250.19,-0.000169
DESC-14,102,-14505.45,5999.35,250.21,0.003466
DESC-14,103,-5158.59,10985.79,251.53,0.005039
DESC-14,107,8349.85,11432.66,250.54,-0.000842
DESC-14,109,-2503.74,-379.0,567.54,-0.002184
DESC-14,111,6804.78,7006.61,256.32,-0.001415
DESC-14,112,-13598.44,-12667.44,250.04,0.000934
DESC-14,113,-7336.73,-10195.33,251.29,-0.000693
DESC-14,115,-5313.56,7325.97,258.43,-0.001535
DESC-14,116,-7254.47,3778.25,263.54,0.002099
DESC-14,118,-8245.96,10224.41,250.87,0.000714
DESC-14,121,1260.12,11021.41,252.85,0.001077
DESC-14,124,6072.05,-9801.16,252.51,-0.000803
DESC-14,125,259.75,-7940.28,267.76,-0.003988
DESC-14,127,-4478.33,12829.92,250.69,0.003321
DESC-14,130,642.93,2861.85,516.96,-0.00528
DESC-14,131,-9610.68,-8717.16,251.0,-0.00126
DESC-14,132,8966.77,-11108.03,250.55,-0.004786
DESC-14,135,-4421.05,14521.01,250.28,-0.001794
DESC-14,137,-6132.09,9106.46,252.89,0.002956
DESC-14,139,-14177.18,-9372.53,250.11,0.00212
DESC-14,141,-12124.09,-6855.57,250.58,-0.001839
DESC-14,144,11135.73,1015.15,253.04,-0.000153
DESC-14,147,7300.71,-5451.11,259.74,-7.9e-05
DESC-14,149,-14657.04,-4450.95,250.26,-0.001355
DESC-14,150,1868.98,3390.84,412.79,-0.002024
DESC-14,151,-4924.44,13058.72,250.56,-0.000546
DESC-14,153,-10520.85,10143.35,250.38,0.000988
DESC-14,156,13545.64,-6084.81,250.4,-0.001651
DESC-14,157,11787.82,14400.13,250.05,0.001143
DESC-14,158,1615.68,-9749.08,256.12,-0.001305
DESC-14,160,4714.8,2983.98,316.02,-0.006164
DESC-14,161,-14299.32,-2922.51,250.39,0.001618
DESC-14,163,2890.49,-5761.04,292.1,-0.004471
DESC-14,164,-2586.4,-9007.43,257.82,0.000985
DESC-14,166,-8120.93,-10112.79,251.02,-0.001033
DESC-14,168,-6235.6,954.81,288.49,0.001327
DESC-14,170,2425.83,-13713.1,250.65,-0.001929
DESC-14,171,-5523.93,-4253.36,277.97,-0.000797
DESC-14,172,-3185.08,1572.13,427.07,0.00222
DESC-14,173,-13395.89,2447.38,250.66,0.001049
DESC-14,174,-934.9,12854.18,251.03,0.000148
DESC-14,175,-12750.71,4795.74,250.66,0.001117
DESC-14,178,11158.06,-7289.34,250.94,0.000354
DESC-14,179,-8747.49,-12894.92,250.24,0.001052
DESC-14,181,-2692.69,-13102.27,250.85,0.001306
DESC-14,182,-11927.91,-5449.0,250.91,0.002612
DESC-14,183,6105.11,-2039.78,293.0,-0.001745
DESC-14,184,-11653.76,1280.97,251.9,0.000813
DESC-14,186,14578.21,-337.09,250.46,-0.000356
DESC-14,187,-1452.35,11908.85,251.69,0.001607
DESC-14,188,8634.52,-931.52,262.27,-0.002878
DESC-14,189,3491.21,-1004.99,454.01,-0.009568
DESC-14,190,-7306.27,13542.75,250.25,0.000356
DESC-14,191,-5113.18,10749.25,251.74,0.005103
DESC-14,192,-12212.75,-3467.58,251.13,-0.001049
DESC-14,193,-14240.7,-8.35,250.47,0.001328
DESC-14,195,-14260.72,-6664.92,250.21,-0.000312
DESC-14,196,6620.93,3387.35,273.71,-0.001621
DESC-14,198,5109.42,7371.14,259.69,-0.003927
DESC-14,200,-145.35,-3700.64,436.06,-0.004568
DESC-14,203,1787.97,12515.39,251.21,0.001978
DESC-14,204,12259.88,13744.9,250.05,0.002849
DESC-14,205,6732.79,4400.44,266.78,-0.001435
DESC-14,207,6200.86,1778.1,291.58,0.001429
DESC-14,209,5023.11,3806.16,293.88,-0.000348
DESC-14,211,10317.64,14503.08,250.07,0.000486
DESC-14,212,4069.37,13268.44,250.62,0.000411
DESC-14,213,5030.09,14762.17,250.24,0.000848
DESC-14,215,-4767.62,7691.98,258.45,0.000201
DESC-14,217,8474.23,-1013.18,263.34,-0.000861
DESC-14,221,-2337.55,-7357.07,269.53,-0.001717
DESC-14,222,-1712.49,958.58,678.17,-0.000853
DESC-14,227,-13763.73,10269.04,250.09,-0.000546
DESC-14,229,4227.87,120.12,394.9,-0.004298
DESC-14,230,5896.34,-14015.99,250.32,0.001429
DESC-14,231,-7039.58,-799.89,275.28,0.001208
DESC-14,232,1353.9,-7632.92,269.99,-0.004145
DESC-14,234,8651.81,-5091.38,255.82,-0.002916
DESC-14,238,10356.2,304.9,254.81,0.000518
DESC-14,239,4916.38,11693.99,251.21,0.00194
DESC-14,240,13506.35,-12916.21,250.05,0.001049
DESC-14,243,-10084.09,-9917.13,250.53,0.003772
DESC-14,246,-8082.41,-7364.93,253.12,0.00088
DESC-14,248,-2222.55,14644.72,250.35,0.00023
DESC-14,250,4859.19,9462.4,253.79,0.000103
DESC-14,252,5292.51,-9460.62,253.67,0.000523
DESC-14,254,1504.03,11466.62,252.19,0.000789
DESC-14,256,7836.43,1288.83,268.3,-0.003692
DESC-14,257,2929.53,14295.3,250.41,0.000488
DESC-14,258,-9301.97,11325.63,250.37,0.002762
DESC-14,259,-369.43,13548.27,250.72,0.000392
DESC-14,262,-1321.34,4262.31,359.63,-0.001355
DESC-14,263,11210.0,13438.09,250.09,-0.001405
DESC-14,264,-9423.97,-2492.32,255.81,0.000988
DESC-14,266,-12722.72,-2085.72,251.01,-8e-05
DESC-14,267,11178.56,9249.23,250.46,0.002075
DESC-14,268,-3270.71,14299.34,250.38,0.001334
DESC-14,269,4256.17,4299.83,299.84,0.001312
DESC-14,270,11983.5,8389.96,250.43,0.001349
DESC-14,271,8178.45,13235.89,250.25,-0.000365
DESC-14,272,-11599.21,12171.94,250.11,0.000552
DESC-14,276,-12773.4,-7601.69,250.35,0.000743
DESC-14,278,9517.96,-4421.88,254.52,-0.000142
DESC-14,279,-9679.3,-7873.64,251.32,-0.001331
DESC-14,281,622.59,14612.23,250.4,0.002267
DESC-14,283,-1894.76,2714.71,454.47,0.001032
DESC-14,285,-3233.89,12134.92,251.22,-0.000742
DESC-14,286,3174.26,3495.14,353.83,-0.003161
DESC-14,288,6974.38,6609.19,256.93,-0.002379
DESC-14,294,14777.13,-7858.59,250.14,-0.003002
DESC-14,297,-13165.28,-1221.7,250.84,0.000703
DESC-14,299,-8860.18,-12701.16,250.25,-0.001326
DESC-14,302,10861.04,-11041.34,250.28,-0.004871
DESC-14,304,-4075.98,-4822.88,291.06,0.00089
DESC-14,305,-14564.11,-11198.42,250.05,-4.4e-05
DESC-14,306,8563.08,-12080.47,250.41,-0.001484
DESC-14,307,3449.02,1645.78,426.94,-0.005809
DESC-14,309,-4696.94,-11590.23,251.36,0.002738
DESC-14,310,12098.06,11143.23,250.16,-0.001752
DESC-14,313,-4656.0,11558.21,251.28,0.001445
DESC-14,315,3589.75,7886.0,261.29,0.001688
DESC-14,316,2442.72,-3492.08,392.66,-0.004146
DESC-14,317,4033.25,-11670.01,251.57,-0.003906
DESC-14,318,-6349.84,1175.22,285.39,0.001732
DESC-14,320,-10931.57,1891.01,252.69,-0.002137
DESC-14,321,10549.99,-5924.7,251.85,-0.002058
DESC-14,323,9871.5,11771.16,250.28,0.000317
DESC-14,325,-14396.79,12025.05,250.04,0.000786
DESC-14,328,9451.91,8998.4,251.02,0.000752
DESC-14,329,1193.3,-11209.73,252.81,-0.001094
DESC-14,330,-9671.21,3143.73,254.49,-0.000164
DESC-14,331,-11631.73,-1029.68,251.97,0.001622
DESC-14,332,-7161.41,-6059.5,257.37,0.002686
DESC-14,333,-3629.92,8353.32,258.25,0.000695
DESC-14,334,13624.48,-4400.03,250.54,-0.00045
DESC-14,337,12765.53,14057.19,250.04,-0.001574
DESC-14,338,-5523.08,-6068.12,264.32,0.001093
DESC-14,343,-277.14,8562.86,261.44,0.001167
DESC-14,345,-13441.68,-3957.27,250.54,-0.002446
DESC-14,346,-1261.66,13709.75,250.63,0.000241
DESC-14,349,13355.67,12436.39,250.06,-0.000268
DESC-14,350,-12406.77,2690.86,251.11,-0.000484
DESC-14,351,613.46,-6984.65,279.95,-0.002679
DESC-14,354,8267.25,8543.43,251.94,0.000438
DESC-14,356,-4109.56,-6545.14,268.97,0.00261
DESC-14,358,10548.01,-12194.93,250.2,0.002282
DESC-14,359,3963.66,3458.87,327.78,0.000128
DESC-14,360,2382.11,-12361.81,251.36,0.000998
DESC-14,363,1213.29,-13135.45,250.97,-0.002767
DESC-14,364,-3549.11,8125.77,259.43,-0.000174
DESC-14,370,-10505.29,-12090.91,250.19,-0.000518
DESC-14,371,-6641.25,7088.77,255.8,0.002246
DESC-14,372,-3928.87,-3085.46,333.89,0.003626
DESC-14,374,-5824.31,-7546.45,256.9,-0.000908
DESC-14,375,5116.91,-12464.13,250.84,-0.003509
DESC-14,376,-4842.05,-5025.08,278.23,-0.001565
DESC-14,377,-3576.81,12681.59,250.87,0.001149
DESC-14,378,2517.15,-6312.75,284.48,-0.003974
DESC-14,379,9549.62,-7827.65,251.61,0.002122
DESC-14,380,2472.51,8118.4,262.31,-0.001199
DESC-14,381,-13089.95,-7932.3,250.27,-7.8e-05
DESC-14,383,-13101.65,-4582.87,250.59,0.002856
DESC-14,386,-12314.39,-13645.85,250.05,-0.001427
DESC-14,389,-9863.95,-4524.51,253.18,0.001158
DESC-14,391,4923.48,14689.49,250.25,0.001931
DESC-14,392,-10516.74,-12016.07,250.19,-0.000959
DESC-14,395,-12925.96,5022.91,250.57,0.001091
DESC-14,396,8341.56,-3401.5,260.31,-0.002771
DESC-14,399,-7626.45,1288.87,267.42,-0.003443
DESC-14,400,1640.66,11469.66,252.17,0.000786
DESC-14,401,8360.95,-12761.29,250.32,-0.002928
DESC-14,403,12985.26,10455.51,250.14,-0.002343
DESC-14,407,4000.29,-7630.73,262.62,0.001643
DESC-14,408,-11931.59,5648.71,250.83,0.001554
DESC-14,411,11546.5,-2293.84,252.21,0.000414
DESC-14,412,13420.1,3265.47,250.7,-0.001884
DESC-14,413,3330.73,5342.65,292.59,-0.001
DESC-14,416,6131.38,11287.18,251.11,-0.003447
DESC-14,417,-4372.84,10359.37,252.52,0.003101
DESC-14,418,12924.09,6611.48,250.46,0.001792
DESC-14,419,2055.83,2351.17,501.65,-0.003795
DESC-14,424,3951.88,1309.74,397.73,-0.005419
DESC-14,426,-14279.51,-14900.03,250.01,-0.002931
DESC-14,427,-12481.34,1826.28,251.16,-0.000646
DESC-14,428,-8615.2,13947.76,250.14,-0.000459
DESC-14,429,7159.19,3519.54,267.58,-0.001402
DESC-14,430,399.26,-171.76,1457.94,-0.021025
DESC-14,434,-370.26,-188.86,1292.04,-0.015972
DESC-14,436,871.69,233.55,1154.23,-0.019883
DESC-14,437,416.6,-554.69,1284.6,-0.020399
DESC-14,439,-65.82,-1333.09,940.78,-0.013826
DESC-14,440,95.7,-1286.2,965.83,-0.01607
DESC-14,442,145.02,387.71,1329.63,-0.016442
DESC-14,443,496.8,-725.13,1181.99,-0.021201
DESC-14,444,-701.19,93.5,1114.04,-0.01283
DESC-14,445,118.99,-1371.88,932.87,-0.014197
DESC-14,447,-377.87,-773.83,1112.55,-0.015189
DESC-14,448,-403.14,70.17,1268.21,-0.012336
DESC-14,455,-1033.16,127.17,968.32,-0.007909
DESC-14,456,-124.75,-337.34,1385.8,-0.016271
DESC-14,457,332.26,-922.08,1117.46,-0.019053
DESC-14,460,1115.0,602.08,976.12,-0.015437
DESC-14,464,1294.81,200.14,977.39,-0.019684
DESC-14,465,-214.9,-781.57,1152.26,-0.015312
DESC-14,466,1272.5,-60.45,1000.34,-0.020331
DESC-14,467,-197.53,-995.79,1062.45,-0.012534
DESC-14,468,-314.3,753.49,1074.01,-0.009168
DESC-14,472,-111.51,587.0,1190.31,-0.013285
DESC-14,473,107.62,878.33,1071.64,-0.014388
DESC-14,475,136.61,154.64,1478.64,-0.019188
DESC-14,476,658.71,-313.52,1275.83,-0.023321
DESC-14,477,959.1,-540.31,1084.7,-0.021535
DESC-14,480,646.23,-704.17,1148.95,-0.019573
DESC-14,481,-446.92,-1024.56,1002.55,-0.01334
DESC-14,482,-599.52,-697.38,1066.28,-0.010986
DESC-14,485,-939.2,-24.06,1013.81,-0.011286
DESC-14,487,596.26,59.59,1329.73,-0.02129
DESC-14,488,1230.7,-587.95,971.14,-0.021507
DESC-14,489,-303.19,210.06,1288.26,-0.015171
DESC-14,491,-403.37,705.51,1070.91,-0.009908
DESC-14,492,-432.93,102.86,1247.07,-0.011619
DESC-14,493,222.05,254.4,1407.69,-0.018502
DESC-14,494,-298.57,1100.8,944.01,-0.009688
DESC-14,495,-360.01,25.15,1298.3,-0.014416
DESC-14,496,819.18,877.6,981.58,-0.016181
DESC-14,497,1303.38,-335.69,976.26,-0.022444
DESC-14,500,418.11,233.53,1363.25,-0.019655
DESC-14,501,1400.92,-96.92,948.69,-0.021599
DESC-14,502,1005.91,-631.37,1045.2,-0.022249
DESC-14,505,601.71,1092.28,946.65,-0.012041
DESC-14,506,32.72,508.38,1253.17,-0.014784
DESC-14,510,112.38,280.0,1394.97,-0.017321
DESC-14,513,369.53,433.17,1276.74,-0.015972
DESC-14,514,455.74,166.92,1375.4,-0.019774
DESC-14,515,-700.11,93.96,1114.5,-0.013014
DESC-14,516,-636.12,360.07,1098.71,-0.010295
DESC-14,518,1326.6,144.15,969.68,-0.020545
DESC-14,522,1088.49,105.06,1072.88,-0.021155
DESC-14,525,907.96,-1046.6,957.55,-0.016479
DESC-14,533,821.56,-505.41,1150.17,-0.022074
DESC-14,534,278.57,-780.5,1192.52,-0.018235
DESC-14,539,-1.33,1088.85,977.38,-0.012501
DESC-14,541,417.97,47.68,1437.16,-0.019109
DESC-14,542,1085.39,-376.36,1061.68,-0.019963
DESC-14,543,690.51,-38.15,1285.92,-0.02288
DESC-14,544,-402.29,-968.19,1033.03,-0.014076
DESC-14,545,675.16,-744.35,1124.59,-0.019159
DESC-14,546,591.54,-81.27,1345.45,-0.020802
DESC-14,548,11.46,-1320.87,949.64,-0.01483
DESC-14,550,-291.65,-1173.27,977.17,-0.013153
DESC-14,553,-561.49,665.99,1039.59,-0.010197
DESC-14,554,-673.5,870.79,946.06,-0.008425
DESC-14,555,689.81,32.94,1280.54,-0.020535
DESC-14,556,-235.22,453.59,1221.27,-0.01336
DESC-14,559,247.06,-443.98,1385.64,-0.021299
DESC-14,560,-53.56,978.66,1019.17,-0.012669
DESC-14,561,-178.43,-998.63,1064.23,-0.01321
DESC-14,562,263.06,1029.32,1003.51,-0.01176
DESC-14,563,822.25,-730.24,1082.67,-0.022427
DESC-14,564,-336.53,1078.59,946.53,-0.011694
DESC-14,565,-208.12,632.72,1148.83,-0.011379
DESC-14,569,334.19,-470.58,1351.38,-0.022317
DESC-14,570,-82.19,-1040.46,1058.57,-0.016108
DESC-14,573,-403.43,294.11,1215.95,-0.012845
DESC-14,574,579.12,-3.3,1348.88,-0.021421
DESC-14,575,-457.56,-643.29,1133.55,-0.015585
DESC-14,576,1106.57,754.38,941.62,-0.014963
DESC-14,577,818.2,-897.86,1028.6,-0.019538
DESC-14,579,-400.86,-963.21,1035.2,-0.013894
DESC-14,582,1177.95,-350.82,1025.62,-0.019351
DESC-14,583,10.5,-928.62,1118.22,-0.018219
DESC-14,585,334.41,131.34,1447.99,-0.019915
DESC-14,587,1348.34,-296.88,961.71,-0.020921
DESC-14,589,344.5,478.4,1258.0,-0.015094
DESC-14,590,252.57,427.45,1300.07,-0.01642
DESC-14,591,-491.8,96.46,1217.23,-0.012085
DESC-14,592,1115.59,84.96,1062.42,-0.021508
DESC-14,593,-404.55,412.51,1177.21,-0.011337
DESC-14,595,-358.78,-352.45,1265.97,-0.015809
DESC-14,599,766.32,-534.74,1164.81,-0.021369
DESC-14,600,590.05,-813.46,1120.47,-0.021106
DESC-14,602,7.43,-793.89,1184.3,-0.01807
DESC-14,610,457.93,1102.48,960.08,-0.012208
DESC-14,612,-600.55,-796.81,1036.54,-0.011513
DESC-14,613,-262.35,-1127.75,998.96,-0.01307
DESC-14,614,992.94,317.26,1084.24,-0.018464
DESC-14,615,-599.78,-901.05,1004.85,-0.010027
DESC-14,617,-790.27,127.4,1069.99,-0.011799
DESC-14,618,-734.22,-396.48,1080.87,-0.010236
DESC-14,621,1301.49,-353.96,975.35,-0.021989
DESC-14,622,1024.67,-333.0,1094.19,-0.020489
DESC-14,623,629.27,-259.66,1303.5,-0.024352
DESC-14,624,-250.2,595.93,1154.9,-0.010772
DESC-14,625,744.91,992.53,958.29,-0.01464
DESC-14,627,-214.72,553.68,1182.66,-0.012602
DESC-14,628,154.32,658.02,1179.09,-0.015461
DESC-14,629,-1142.05,25.47,931.32,-0.006205
DESC-15,0,6129.37,-3195.77,283.06,-0.002419
DESC-15,1,-4410.09,14055.44,250.37,0.001193
DESC-15,3,-8294.52,-10124.0,250.96,-0.000286
DESC-15,4,-12659.81,-3577.24,250.88,-0.001179
DESC-15,5,6440.82,928.92,290.64,-0.006614
DESC-15,7,6000.86,14696.79,250.2,-0.003922
DESC-15,9,-1873.09,-11214.63,252.6,0.000249
DESC-15,10,-8301.88,5016.19,255.82,0.005283
DESC-15,12,-1687.1,12829.78,251.0,-0.000905
DESC-15,13,10048.84,-11062.4,250.38,-0.000628
DESC-15,16,-11433.11,303.52,252.24,0.000664
DESC-15,17,12605.65,9574.56,250.22,0.00116
DESC-15,18,5057.81,5001.96,277.64,-0.00232
DESC-15,19,5402.17,9982.25,252.56,8.7e-05
DESC-15,20,9435.83,166.16,258.03,0.00045
DESC-15,22,-1825.99,1584.09,583.3,-0.003052
DESC-15,23,-11902.4,-9858.45,250.25,-0.005061
DESC-15,24,6966.1,7383.88,255.1,0.003737
DESC-15,25,9631.75,10287.17,250.57,0.000592
DESC-15,26,5697.56,8737.96,254.29,-0.000502
DESC-15,29,1027.16,-8117.06,265.68,-0.003286
DESC-15,31,4787.76,2755.18,318.33,-0.004842
DESC-15,32,12490.06,11964.43,250.1,-0.002386
DESC-15,33,-7437.94,4332.93,260.67,0.000203
DESC-15,34,-4047.21,-1795.32,362.76,0.002531
DESC-15,35,-13928.41,-14931.65,250.02,-0.00053
DESC-15,37,-2204.7,11961.27,251.53,0.001656
DESC-15,38,11573.84,11713.92,250.15,-0.001568
DESC-15,40,3447.4,6216.79,276.99,-0.001499
DESC-15,42,-722.59,1256.25,826.86,-0.012117
DESC-15,43,3344.2,11193.29,252.08,-0.00411
DESC-15,44,13425.15,-12823.53,250.05,-0.005101
DESC-15,46,-14687.05,10974.17,250.05,0.002099
DESC-15,47,2715.27,4181.24,338.32,-0.002994
DESC-15,48,-4892.48,4424.59,282.72,-0.002902
DESC-15,49,-1276.57,-12677.0,251.22,-0.000979
DESC-15,51,14291.98,-5954.32,250.28,-0.001296
DESC-15,52,4366.32,-9116.38,255.5,-0.003645
DESC-15,53,-4001.17,1668.08,364.65,-0.000597
DESC-15,54,5036.9,-10047.59,252.94,0.000464
DESC-15,55,-10392.71,10359.13,250.37,-0.001459
DESC-15,56,10621.27,-2722.7,253.47,-0.003993
DESC-15,58,5038.67,-7151.94,261.8,-0.004844
DESC-15,59,-10276.56,-9900.86,250.49,-0.002093
DESC-15,60,5509.47,13354.61,250.45,-0.001543
DESC-15,62,-12267.92,6006.26,250.64,0.000767
DESC-15,63,-1517.95,-3426.73,425.36,-0.002081
DESC-15,64,-8923.93,6646.88,252.64,0.001458
DESC-15,66,5562.84,2716.4,297.44,-0.004372
DESC-15,69,14416.54,-13886.2,250.02,0.002585
DESC-15,70,8355.58,3511.37,259.66,0.000965
DESC-15,71,12842.38,-7175.91,250.43,-0.001917
DESC-15,74,-13986.64,14254.94,250.02,-0.001077
DESC-15,75,3740.71,-9175.53,256.12,-0.006297
DESC-15,78,14647.57,-5980.26,250.23,-0.000524
DESC-15,79,7641.02,5851.35,256.93,-0.005564
DESC-15,81,7587.49,-9632.52,251.68,-0.003385
DESC-15,83,-10907.46,-2175.42,252.7,-0.002464
DESC-15,84,-14982.96,-11234.75,250.04,1.4e-05
DESC-15,85,-12365.9,-960.84,251.31,0.000792
DESC-15,86,-9830.29,5427.77,252.49,0.001651
DESC-15,88,-6018.86,-10637.51,251.57,0.000543
DESC-15,90,-1417.68,6671.04,279.78,-0.003957
DESC-15,91,-13267.28,-7954.68,250.25,0.001767
DESC-15,92,3121.32,-42.28,518.64,-0.016321
DESC-15,93,-7593.66,-5117.84,258.26,0.002013
DESC-15,94,1733.34,-917.53,767.55,-0.023731
DESC-15,95,1006.1,14270.97,250.48,0.00135
DESC-15,96,8637.28,10943.11,250.62,0.002618
DESC-15,97,-6031.84,5289.64,264.81,-0.000123
DESC-15,99,-13480.14,-3300.78,250.58,-0.002012
DESC-15,100,14574.91,14319.08,250.02,0.002174
DESC-15,101,-6572.08,-14614.42,250.19,0.001624
DESC-15,104,8071.04,-2234.35,264.64,-0.005641
DESC-15,107,8349.85,11432.66,250.54,0.000456
DESC-15,110,10398.71,10934.74,250.33,-0.000235
DESC-15,111,6804.78,7006.61,256.32,0.002346
DESC-15,113,-7336.73,-10195.33,251.29,0.001451
DESC-15,115,-5313.56,7325.97,258.43,-0.002176
DESC-15,116,-7254.47,3778.25,263.54,0.001271
DESC-15,117,-2865.32,8921.6,257.17,-0.00143
DESC-15,123,-4095.53,5460.03,278.98,0.00224
DESC-15,124,6072.05,-9801.16,252.51,-0.00273
DESC-15,125,259.75,-7940.28,267.76,-0.000257
DESC-15,126,-8627.19,-6453.27,253.38,0.002188
DESC-15,127,-4478.33,12829.92,250.69,0.000418
DESC-15,129,-14301.01,-1718.46,250.43,-0.000182
DESC-15,130,642.93,2861.85,516.96,-0.007581
DESC-15,131,-9610.68,-8717.16,251.0,-0.001902
DESC-15,132,8966.77,-11108.03,250.55,-0.002109
DESC-15,133,-12883.91,-1872.95,250.94,-0.000291
DESC-15,135,-4421.05,14521.01,250.28,-0.001261
DESC-15,137,-6132.09,9106.46,252.89,-0.002314
DESC-15,138,8435.32,4689.47,256.91,-0.002189
DESC-15,139,-14177.18,-9372.53,250.11,-0.001849
DESC-15,140,-7132.87,-3616.54,265.59,-0.00102
DESC-15,145,-14957.16,10962.89,250.04,0.000496
DESC-15,146,-8196.86,3150.87,259.7,0.001767
DESC-15,147,7300.71,-5451.11,259.74,-0.002382
DESC-15,148,-4790.74,4523.41,282.87,-0.00102
DESC-15,152,14469.37,-1620.84,250.47,0.000553
DESC-15,154,4639.27,-4336.88,295.02,-0.004326
DESC-15,155,1480.02,12574.55,251.19,-0.001149
DESC-15,157,11787.82,14400.13,250.05,0.002097
DESC-15,158,1615.68,-9749.08,256.12,-0.002883
DESC-15,159,-8461.14,-8400.32,251.81,4.8e-05
DESC-15,160,4714.8,2983.98,316.02,-0.006853
DESC-15,161,-14299.32,-2922.51,250.39,0.001214
DESC-15,162,-1322.71,-11807.99,251.97,0.000356
DESC-15,163,2890.49,-5761.04,292.1,-0.005233
DESC-15,165,5436.92,-13896.25,250.38,-0.004722
DESC-15,166,-8120.93,-10112.79,251.02,-0.000299
DESC-15,167,4892.91,13333.11,250.52,0.001721
DESC-15,168,-6235.6,954.81,288.49,0.001356
DESC-15,169,13402.43,5018.06,250.53,-0.001612
DESC-15,170,2425.83,-13713.1,250.65,0.000182
DESC-15,171,-5523.93,-4253.36,277.97,-7.8e-05
DESC-15,172,-3185.08,1572.13,427.07,0.000622
DESC-15,173,-13395.89,2447.38,250.66,0.001412
DESC-15,174,-934.9,12854.18,251.03,0.001216
DESC-15,175,-12750.71,4795.74,250.66,0.00086
DESC-15,176,-7950.92,13022.51,250.27,-0.000554
DESC-15,177,-1296.47,4102.29,369.78,0.00225
DESC-15,178,11158.06,-7289.34,250.94,-0.001065
DESC-15,180,12266.61,13396.36,250.06,-0.002931
DESC-15,181,-2692.69,-13102.27,250.85,-0.002541
DESC-15,183,6105.11,-2039.78,293.0,-0.003874
DESC-15,184,-11653.76,1280.97,251.9,0.001179
DESC-15,185,-8851.07,8606.13,251.34,0.004013
DESC-15,186,14578.21,-337.09,250.46,-0.001797
DESC-15,188,8634.52,-931.52,262.27,-0.002556
DESC-15,189,3491.21,-1004.99,454.01,-0.011544
DESC-15,190,-7306.27,13542.75,250.25,0.00088
DESC-15,191,-5113.18,10749.25,251.74,-0.001622
DESC-15,193,-14240.7,-8.35,250.47,0.001003
DESC-15,194,-8108.64,7218.72,253.07,0.001279
DESC-15,197,12034.91,-8995.71,250.36,0.000424
DESC-15,198,5109.42,7371.14,259.69,-0.00211
DESC-15,200,-145.35,-3700.64,436.06,-0.004005
DESC-15,202,-7162.19,-166.15,274.09,0.004251
DESC-15,208,-7441.72,-9424.37,251.74,-0.000142
DESC-15,209,5023.11,3806.16,293.88,-0.002483
DESC-15,213,5030.09,14762.17,250.24,0.001237
DESC-15,214,5792.73,9687.2,252.66,0.003231
DESC-15,215,-4767.62,7691.98,258.45,-4.7e-05
DESC-15,218,8018.87,14026.22,250.18,0.001276
DESC-15,219,-4978.2,10873.24,251.69,0.000596
DESC-15,221,-2337.55,-7357.07,269.53,0.000365
DESC-15,222,-1712.49,958.58,678.17,-0.004741
DESC-15,224,-3555.29,10522.76,252.73,0.001029
DESC-15,226,12401.97,-4906.24,250.93,-0.00221
DESC-15,227,-13763.73,10269.04,250.09,0.001088
DESC-15,229,4227.87,120.12,394.9,-0.009501
DESC-15,230,5896.34,-14015.99,250.32,-0.002766
DESC-15,231,-7039.58,-799.89,275.28,0.000304
DESC-15,232,1353.9,-7632.92,269.99,-0.000281
DESC-15,235,6040.39,-14930.35,250.2,-0.005442
DESC-15,241,6668.45,-6244.06,259.58,0.000682
DESC-15,242,-9930.72,1791.33,254.7,0.00173
DESC-15,243,-10084.09,-9917.13,250.53,-0.002526
DESC-15,244,14016.56,5195.2,250.37,-0.002201
DESC-15,245,-12393.03,-11246.21,250.12,-0.001296
DESC-15,246,-8082.41,-7364.93,253.12,-0.002045
DESC-15,247,634.03,11635.92,252.07,0.002366
DESC-15,248,-2222.55,14644.72,250.35,0.001809
DESC-15,250,4859.19,9462.4,253.79,0.001886
DESC-15,251,8224.26,-5414.85,256.47,-0.001328
DESC-15,252,5292.51,-9460.62,253.67,-0.00257
DESC-15,254,1504.03,11466.62,252.19,-0.00334
DESC-15,255,-13853.96,-2843.71,250.5,0.001352
DESC-15,256,7836.43,1288.83,268.3,-0.000157
DESC-15,257,2929.53,14295.3,250.41,-0.004975
DESC-15,261,-2360.91,-7054.22,272.79,0.000323
DESC-15,262,-1321.34,4262.31,359.63,0.003477
DESC-15,263,11210.0,13438.09,250.09,0.000252
DESC-15,264,-9423.97,-2492.32,255.81,0.001647
DESC-15,265,-10088.86,14425.58,250.07,0.001842
DESC-15,266,-12722.72,-2085.72,251.01,0.000689
DESC-15,267,11178.56,9249.23,250.46,-0.002964
DESC-15,269,4256.17,4299.83,299.84,-0.004441
DESC-15,270,11983.5,8389.96,250.43,-0.002015
DESC-15,271,8178.45,13235.89,250.25,-0.001795
DESC-15,273,-4735.47,7351.62,260.01,-0.001458
DESC-15,274,-11251.69,10758.27,250.22,-0.00028
DESC-15,275,-14573.5,9388.01,250.08,-0.002633
DESC-15,279,-9679.3,-7873.64,251.32,-0.000837
DESC-15,280,-12280.07,-1106.44,251.37,-0.002185
DESC-15,281,622.59,14612.23,250.4,0.003036
DESC-15,283,-1894.76,2714.71,454.47,0.002061
DESC-15,285,-3233.89,12134.92,251.22,0.001413
DESC-15,286,3174.26,3495.14,353.83,-0.004614
DESC-15,288,6974.38,6609.19,256.93,0.001105
DESC-15,289,-10541.61,-10003.97,250.42,0.000387
DESC-15,290,-4829.27,10815.97,251.8,-0.000519
DESC-15,291,-5071.12,-13540.07,250.46,0.001368
DESC-15,292,-5155.78,-9641.25,253.22,-0.000779
DESC-15,294,14777.13,-7858.59,250.14,-0.000106
DESC-15,296,10563.34,6413.09,251.53,-0.000861
DESC-15,298,13249.07,-5017.85,250.59,-0.003261
DESC-15,299,-8860.18,-12701.16,250.25,0.002446
DESC-15,300,1627.63,-6562.07,284.84,-0.001991
DESC-15,301,-2170.5,6527.1,278.61,-0.000669
DESC-15,303,8728.22,-12270.87,250.35,-0.004401
DESC-15,304,-4075.98,-4822.88,291.06,1.2e-05
DESC-15,305,-14564.11,-11198.42,250.05,0.002751
DESC-15,306,8563.08,-12080.47,250.41,-0.004445
DESC-15,307,3449.02,1645.78,426.94,-0.010192
DESC-15,308,11012.56,8452.82,250.65,0.000342
DESC-15,311,5695.6,-12453.33,250.75,-0.00223
DESC-15,313,-4656.0,11558.21,251.28,0.002893
DESC-15,315,3589.75,7886.0,261.29,-0.002027
DESC-15,316,2442.72,-3492.08,392.66,-0.006213
DESC-15,317,4033.25,-11670.01,251.57,0.000505
DESC-15,318,-6349.84,1175.22,285.39,0.001104
DESC-15,320,-10931.57,1891.01,252.69,0.001821
DESC-15,323,9871.5,11771.16,250.28,-0.000152
DESC-15,325,-14396.79,12025.05,250.04,0.001019
DESC-15,327,-33.63,1645.19,783.99,-0.013475
DESC-15,328,9451.91,8998.4,251.02,0.002531
DESC-15,329,1193.3,-11209.73,252.81,-0.002026
DESC-15,331,-11631.73,-1029.68,251.97,-0.000983
DESC-15,332,-7161.41,-6059.5,257.37,1.4e-05
DESC-15,334,13624.48,-4400.03,250.54,-0.004054
DESC-15,341,3665.15,-8937.36,257.03,-0.005958
DESC-15,344,-2565.25,-5140.86,307.6,0.000882
DESC-15,346,-1261.66,13709.75,250.63,-0.0026
DESC-15,347,7872.32,-12439.32,250.43,-0.001546
DESC-15,349,13355.67,12436.39,250.06,-0.002334
DESC-15,350,-12406.77,2690.86,251.11,-0.000193
DESC-15,351,613.46,-6984.65,279.95,-0.001107
DESC-15,353,-12631.36,868.42,251.13,0.001383
DESC-15,354,8267.25,8543.43,251.94,-0.002528
DESC-15,355,-2234.4,12128.0,251.4,0.000908
DESC-15,357,-48.89,7341.69,272.64,-0.002914
DESC-15,358,10548.01,-12194.93,250.2,-0.000779
DESC-15,360,2382.11,-12361.81,251.36,-0.00233
DESC-15,361,13140.65,3887.76,250.74,-0.000388
DESC-15,362,-5244.72,7739.09,257.15,-0.001921
DESC-15,363,1213.29,-13135.45,250.97,0.002669
DESC-15,365,-548.92,-5477.13,318.09,-0.002691
DESC-15,367,-10602.94,713.73,253.5,0.001001
DESC-15,368,13396.27,-9696.25,250.16,0.001282
DESC-15,370,-10505.29,-12090.91,250.19,-0.001358
DESC-15,372,-3928.87,-3085.46,333.89,-0.002127
DESC-15,374,-5824.31,-7546.45,256.9,-0.001592
DESC-15,377,-3576.81,12681.59,250.87,0.001901
DESC-15,378,2517.15,-6312.75,284.48,-0.005816
DESC-15,379,9549.62,-7827.65,251.61,-0.000792
DESC-15,381,-13089.95,-7932.3,250.27,0.002678
DESC-15,382,-925.69,-5321.41,321.64,-0.004019
DESC-15,383,-13101.65,-4582.87,250.59,-0.000595
DESC-15,385,-6634.86,-10145.9,251.65,-0.00356
DESC-15,386,-12314.39,-13645.85,250.05,-9.1e-05
DESC-15,387,-7273.27,-6995.34,254.99,0.00161
DESC-15,388,-6279.89,-849.69,288.34,0.002335
DESC-15,389,-9863.95,-4524.51,253.18,0.000433
DESC-15,391,4923.48,14689.49,250.25,0.000489
DESC-15,392,-10516.74,-12016.07,250.19,-0.000251
DESC-15,395,-12925.96,5022.91,250.57,-0.003265
DESC-15,397,-7317.2,-8807.59,252.37,-0.000521
DESC-15,398,-12217.41,2711.74,251.22,6.9e-05
DESC-15,400,1640.66,11469.66,252.17,-0.002524
DESC-15,401,8360.95,-12761.29,250.32,-0.000981
DESC-15,402,7868.19,9779.47,251.33,0.001189
DESC-15,403,12985.26,10455.51,250.14,0.00075
DESC-15,404,9641.95,6637.36,252.19,-0.001317
DESC-15,405,12259.35,2217.45,251.49,-0.002963
DESC-15,406,-4435.56,-14743.79,250.27,0.000807
DESC-15,408,-11931.59,5648.71,250.83,0.000365
DESC-15,409,-4824.34,-1219.64,332.2,0.002981
DESC-15,410,-2153.88,3283.22,395.39,0.001639
DESC-15,411,11546.5,-2293.84,252.21,-0.004183
DESC-15,412,13420.1,3265.47,250.7,-0.00167
DESC-15,419,2055.83,2351.17,501.65,-0.013268
DESC-15,420,9044.62,-10407.35,250.72,-0.001849
DESC-15,421,-3638.19,208.71,419.62,0.000299
DESC-15,422,4870.5,1653.26,335.67,-0.00529
DESC-15,424,3951.88,1309.74,397.73,-0.009666
DESC-15,425,8860.15,-4428.45,256.27,-0.003176
DESC-15,426,-14279.51,-14900.03,250.01,-0.000801
DESC-15,428,-8615.2,13947.76,250.14,0.000583
DESC-15,430,399.26,-171.76,1457.94,-0.032442
DESC-15,431,-274.58,-370.49,1301.97,-0.025073
DESC-15,433,230.26,232.0,1420.58,-0.027872
DESC-15,434,-370.26,-188.86,1292.04,-0.026113
DESC-15,435,742.89,-30.72,1255.97,-0.032598
DESC-15,436,871.69,233.55,1154.23,-0.028761
DESC-15,439,-65.82,-1333.09,940.78,-0.019798
DESC-15,441,-143.88,196.98,1368.65,-0.026323
DESC-15,443,496.8,-725.13,1181.99,-0.02966
DESC-15,444,-701.19,93.5,1114.04,-0.018575
DESC-15,445,118.99,-1371.88,932.87,-0.019458
DESC-15,448,-403.14,70.17,1268.21,-0.022919
DESC-15,452,-432.65,-1202.16,943.52,-0.01707
DESC-15,454,-892.79,109.32,1026.99,-0.015554
DESC-15,455,-1033.16,127.17,968.32,-0.013647
DESC-15,458,183.5,1016.33,1011.18,-0.022494
DESC-15,461,854.7,-379.84,1164.85,-0.03271
DESC-15,462,-889.65,-353.48,1020.47,-0.01816
DESC-15,464,1294.81,200.14,977.39,-0.028582
DESC-15,465,-214.9,-781.57,1152.26,-0.022821
DESC-15,468,-314.3,753.49,1074.01,-0.017656
DESC-15,469,-487.22,-1126.0,958.94,-0.01833
DESC-15,470,-1066.48,-237.98,958.2,-0.013404
DESC-15,471,220.82,-1204.72,998.55,-0.021751
DESC-15,473,107.62,878.33,1071.64,-0.021351
DESC-15,474,778.42,927.97,973.66,-0.024481
DESC-15,475,136.61,154.64,1478.64,-0.030361
DESC-15,478,13.6,102.49,1483.55,-0.029098
DESC-15,479,311.44,-368.46,1415.12,-0.030932
DESC-15,480,646.23,-704.17,1148.95,-0.028769
DESC-15,481,-446.92,-1024.56,1002.55,-0.018723
DESC-15,485,-939.2,-24.06,1013.81,-0.014889
DESC-15,487,596.26,59.59,1329.73,-0.031581
DESC-15,488,1230.7,-587.95,971.14,-0.03017
DESC-15,489,-303.19,210.06,1288.26,-0.023213
DESC-15,491,-403.37,705.51,1070.91,-0.016487
DESC-15,492,-432.93,102.86,1247.07,-0.022459
DESC-15,494,-298.57,1100.8,944.01,-0.015941
DESC-15,498,1077.38,280.31,1055.53,-0.027852
DESC-15,500,418.11,233.53,1363.25,-0.030025
DESC-15,501,1400.92,-96.92,948.69,-0.030271
DESC-15,502,1005.91,-631.37,1045.2,-0.030541
DESC-15,503,-146.37,350.22,1297.32,-0.024225
DESC-15,504,506.9,246.11,1320.24,-0.030953
DESC-15,505,601.71,1092.28,946.65,-0.025458
DESC-15,506,32.72,508.38,1253.17,-0.025309
DESC-15,507,-214.24,-299.33,1355.46,-0.025517
DESC-15,508,1002.74,490.45,1041.76,-0.025682
DESC-15,510,112.38,280.0,1394.97,-0.029053
DESC-15,512,1126.6,-401.0,1040.85,-0.030307
DESC-15,514,455.74,166.92,1375.4,-0.030093
DESC-15,516,-636.12,360.07,1098.71,-0.020593
DESC-15,517,1168.67,-68.34,1044.94,-0.031586
DESC-15,518,1326.6,144.15,969.68,-0.028351
DESC-15,519,1316.08,199.86,969.11,-0.028291
DESC-15,522,1088.49,105.06,1072.88,-0.030281
DESC-15,525,907.96,-1046.6,957.55,-0.029055
DESC-15,528,531.72,-731.41,1170.37,-0.029596
DESC-15,529,-83.31,-927.53,1109.08,-0.02241
DESC-15,531,381.46,1111.85,963.17,-0.022226
DESC-15,532,409.91,-165.01,1452.68,-0.032241
DESC-15,533,821.56,-505.41,1150.17,-0.029984
DESC-15,534,278.57,-780.5,1192.52,-0.026319
DESC-15,535,643.43,1039.75,959.4,-0.023947
DESC-15,536,-53.32,-689.59,1229.68,-0.02399
DESC-15,537,497.99,-1027.87,1048.92,-0.027303
DESC-15,538,-269.12,-1264.83,946.47,-0.018569
DESC-15,539,-1.33,1088.85,977.38,-0.018377
DESC-15,541,417.97,47.68,1437.16,-0.031852
DESC-15,543,690.51,-38.15,1285.92,-0.034322
DESC-15,547,-402.79,165.55,1250.43,-0.021992
DESC-15,548,11.46,-1320.87,949.64,-0.019811
DESC-15,549,1333.93,-140.96,974.6,-0.031103
DESC-15,550,-291.65,-1173.27,977.17,-0.019727
DESC-15,551,961.24,285.74,1103.93,-0.029885
DESC-15,553,-561.49,665.99,1039.59,-0.017451
DESC-15,555,689.81,32.94,1280.54,-0.034194
DESC-15,556,-235.22,453.59,1221.27,-0.021697
DESC-15,559,247.06,-443.98,1385.64,-0.028649
DESC-15,560,-53.56,978.66,1019.17,-0.019934
DESC-15,562,263.06,1029.32,1003.51,-0.023687
DESC-15,564,-336.53,1078.59,946.53,-0.014084
DESC-15,565,-208.12,632.72,1148.83,-0.021593
DESC-15,567,694.34,-1009.94,1019.39,-0.028876
DESC-15,569,334.19,-470.58,1351.38,-0.030487
DESC-15,572,71.28,-276.36,1494.76,-0.029498
DESC-15,573,-403.43,294.11,1215.95,-0.021068
DESC-15,574,579.12,-3.3,1348.88,-0.032388
DESC-15,577,818.2,-897.86,1028.6,-0.030971
DESC-15,578,372.32,476.76,1253.42,-0.026742
DESC-15,579,-400.86,-963.21,1035.2,-0.019882
DESC-15,581,528.18,-457.45,1290.43,-0.031365
DESC-15,582,1177.95,-350.82,1025.62,-0.031071
DESC-15,583,10.5,-928.62,1118.22,-0.022746
DESC-15,587,1348.34,-296.88,961.71,-0.029502
DESC-15,589,344.5,478.4,1258.0,-0.026582
DESC-15,593,-404.55,412.51,1177.21,-0.020588
DESC-15,595,-358.78,-352.45,1265.97,-0.023683
DESC-15,598,-892.76,-484.98,1002.02,-0.01864
DESC-15,599,766.32,-534.74,1164.81,-0.029626
DESC-15,601,366.26,190.55,1404.94,-0.029951
DESC-15,602,7.43,-793.89,1184.3,-0.024135
DESC-15,603,-174.19,702.59,1124.48,-0.020411
DESC-15,605,-618.62,415.33,1092.38,-0.019948
DESC-15,607,212.56,-1199.18,1001.06,-0.022722
DESC-15,608,-812.74,315.43,1035.26,-0.017305
DESC-15,609,-776.75,23.13,1083.96,-0.016336
DESC-15,610,457.93,1102.48,960.08,-0.023097
DESC-15,613,-262.35,-1127.75,998.96,-0.020525
DESC-15,614,992.94,317.26,1084.24,-0.028738
DESC-15,615,-599.78,-901.05,1004.85,-0.018931
DESC-15,617,-790.27,127.4,1069.99,-0.016164
DESC-15,619,-1027.91,-609.05,933.25,-0.013655
DESC-15,621,1301.49,-353.96,975.35,-0.028555
DESC-15,622,1024.67,-333.0,1094.19,-0.031947
DESC-15,623,629.27,-259.66,1303.5,-0.032589
DESC-15,624,-250.2,595.93,1154.9,-0.020471
DESC-15,627,-214.72,553.68,1182.66,-0.020345
DESC-16,0,6129.37,-3195.77,283.06,-0.005732
DESC-16,1,-4410.09,14055.44,250.37,0.002713
DESC-16,2,2947.38,-7443.99,267.6,-0.002422
DESC-16,4,-12659.81,-3577.24,250.88,0.000568
DESC-16,7,6000.86,14696.79,250.2,0.001011
DESC-16,8,8734.4,-7425.01,252.63,-0.003499
DESC-16,10,-8301.88,5016.19,255.82,0.001516
DESC-16,13,10048.84,-11062.4,250.38,-0.002728
DESC-16,14,-12506.56,12119.15,250.08,-0.001443
DESC-16,16,-11433.11,303.52,252.24,-0.000395
DESC-16,17,12605.65,9574.56,250.22,0.000635
DESC-16,18,5057.81,5001.96,277.64,-0.005496
DESC-16,23,-11902.4,-9858.45,250.25,-0.000132
DESC-16,24,6966.1,7383.88,255.1,0.000159
DESC-16,25,9631.75,10287.17,250.57,-0.000398
DESC-16,27,-9355.2,-7127.66,251.95,0.001236
DESC-16,29,1027.16,-8117.06,265.68,-0.004961
DESC-16,30,7277.53,-386.18,276.6,-0.006211
DESC-16,31,4787.76,2755.18,318.33,-0.008591
DESC-16,32,12490.06,11964.43,250.1,-2.3e-05
DESC-16,33,-7437.94,4332.93,260.67,-0.000364
DESC-16,36,4210.21,-14680.75,250.31,-0.002119
DESC-16,44,13425.15,-12823.53,250.05,-0.002084
DESC-16,46,-14687.05,10974.17,250.05,0.000411
DESC-16,47,2715.27,4181.24,338.32,-0.003879
DESC-16,48,-4892.48,4424.59,282.72,0.001906
DESC-16,52,4366.32,-9116.38,255.5,-0.000909
DESC-16,54,5036.9,-10047.59,252.94,-0.003533
DESC-16,60,5509.47,13354.61,250.45,0.000341
DESC-16,62,-12267.92,6006.26,250.64,-0.000353
DESC-16,63,-1517.95,-3426.73,425.36,-0.005424
DESC-16,66,5562.84,2716.4,297.44,-0.006426
DESC-16,69,14416.54,-13886.2,250.02,-0.003519
DESC-16,70,8355.58,3511.37,259.66,-0.001749
DESC-16,72,-11404.96,-12186.31,250.13,-0.001306
DESC-16,74,-13986.64,14254.94,250.02,-0.000982
DESC-16,75,3740.71,-9175.53,256.12,-0.00272
DESC-16,77,-3561.22,9401.01,254.89,-0.001555
DESC-16,78,14647.57,-5980.26,250.23,0.001513
DESC-16,80,-7615.4,-14107.07,250.19,-0.002313
DESC-16,82,-2653.9,1416.38,489.5,-0.001553
DESC-16,85,-12365.9,-960.84,251.31,0.000772
DESC-16,86,-9830.29,5427.77,252.49,0.001179
DESC-16,88,-6018.86,-10637.51,251.57,-0.001319
DESC-16,90,-1417.68,6671.04,279.78,-0.001351
DESC-16,94,1733.34,-917.53,767.55,-0.033214
DESC-16,95,1006.1,14270.97,250.48,-0.000568
DESC-16,96,8637.28,10943.11,250.62,-0.003317
DESC-16,97,-6031.84,5289.64,264.81,0.000715
DESC-16,99,-13480.14,-3300.78,250.58,0.002454
DESC-16,101,-6572.08,-14614.42,250.19,0.000739
DESC-16,104,8071.04,-2234.35,264.64,-0.003994
DESC-16,107,8349.85,11432.66,250.54,-0.001161
DESC-16,108,6384.54,-772.52,292.92,-0.005702
DESC-16,110,10398.71,10934.74,250.33,-0.000953
DESC-16,111,6804.78,7006.61,256.32,-0.000271
DESC-16,114,1297.05,12483.63,251.27,-0.000186
DESC-16,119,14361.04,-13136.34,250.03,0.000737
DESC-16,120,10180.61,-8957.99,250.82,-0.001197
DESC-16,121,1260.12,11021.41,252.85,0.000227
DESC-16,122,12825.85,-6231.59,250.56,-0.003007
DESC-16,123,-4095.53,5460.03,278.98,0.000501
DESC-16,125,259.75,-7940.28,267.76,-0.002622
DESC-16,126,-8627.19,-6453.27,253.38,-0.001473
DESC-16,131,-9610.68,-8717.16,251.0,-0.001108
DESC-16,133,-12883.91,-1872.95,250.94,0.003216
DESC-16,134,1517.87,-608.9,869.85,-0.036953
DESC-16,136,11298.87,-5289.19,251.5,-0.002171
DESC-16,138,8435.32,4689.47,256.91,0.001481
DESC-16,139,-14177.18,-9372.53,250.11,-0.00223
DESC-16,140,-7132.87,-3616.54,265.59,0.000889
DESC-16,142,-9602.4,2867.55,254.88,-0.002637
DESC-16,144,11135.73,1015.15,253.04,-0.002461
DESC-16,148,-4790.74,4523.41,282.87,0.000491
DESC-16,150,1868.98,3390.84,412.79,-0.00866
DESC-16,152,14469.37,-1620.84,250.47,-0.002389
DESC-16,155,1480.02,12574.55,251.19,-0.001921
DESC-16,156,13545.64,-6084.81,250.4,-0.000303
DESC-16,159,-8461.14,-8400.32,251.81,0.003001
DESC-16,161,-14299.32,-2922.51,250.39,0.001529
DESC-16,162,-1322.71,-11807.99,251.97,-0.002801
DESC-16,164,-2586.4,-9007.43,257.82,4.4e-05
DESC-16,166,-8120.93,-10112.79,251.02,0.002573
DESC-16,169,13402.43,5018.06,250.53,0.000727
DESC-16,170,2425.83,-13713.1,250.65,0.002712
DESC-16,171,-5523.93,-4253.36,277.97,0.000195
DESC-16,172,-3185.08,1572.13,427.07,0.003901
DESC-16,173,-13395.89,2447.38,250.66,0.000867
DESC-16,174,-934.9,12854.18,251.03,0.000187
DESC-16,175,-12750.71,4795.74,250.66,0.000872
DESC-16,176,-7950.92,13022.51,250.27,0.003364
DESC-16,177,-1296.47,4102.29,369.78,-0.001784
DESC-16,179,-8747.49,-12894.92,250.24,-0.002764
DESC-16,180,12266.61,13396.36,250.06,-0.001484
DESC-16,181,-2692.69,-13102.27,250.85,-0.000331
DESC-16,182,-11927.91,-5449.0,250.91,-0.000984
DESC-16,183,6105.11,-2039.78,293.0,-0.005915
DESC-16,186,14578.21,-337.09,250.46,-0.000857
DESC-16,190,-7306.27,13542.75,250.25,0.001228
DESC-16,193,-14240.7,-8.35,250.47,0.001176
DESC-16,197,12034.91,-8995.71,250.36,-0.00307
DESC-16,199,-1880.93,12142.27,251.43,0.002398
DESC-16,201,4919.77,-14635.7,250.28,0.000462
DESC-16,202,-7162.19,-166.15,274.09,0.001159
DESC-16,203,1787.97,12515.39,251.21,-0.001402
DESC-16,204,12259.88,13744.9,250.05,-0.001735
DESC-16,205,6732.79,4400.44,266.78,-0.003755
DESC-16,206,-8785.36,10432.06,250.66,-0.000399
DESC-16,207,6200.86,1778.1,291.58,-0.007418
DESC-16,208,-7441.72,-9424.37,251.74,0.000838
DESC-16,209,5023.11,3806.16,293.88,-0.004014
DESC-16,210,-12412.65,-3184.91,251.06,0.004054
DESC-16,212,4069.37,13268.44,250.62,0.002058
DESC-16,214,5792.73,9687.2,252.66,0.000244
DESC-16,217,8474.23,-1013.18,263.34,-0.008144
DESC-16,218,8018.87,14026.22,250.18,-0.001643
DESC-16,219,-4978.2,10873.24,251.69,0.002053
DESC-16,221,-2337.55,-7357.07,269.53,0.000416
DESC-16,222,-1712.49,958.58,678.17,-0.004422
DESC-16,223,-134.19,-7788.67,269.27,-0.000204
DESC-16,230,5896.34,-14015.99,250.32,-0.000783
DESC-16,232,1353.9,-7632.92,269.99,-0.007406
DESC-16,234,8651.81,-5091.38,255.82,0.001398
DESC-16,236,-14438.63,12717.06,250.03,9.3e-05
DESC-16,244,14016.56,5195.2,250.37,-0.000616
DESC-16,246,-8082.41,-7364.93,253.12,-0.000342
DESC-16,247,634.03,11635.92,252.07,0.000259
DESC-16,254,1504.03,11466.62,252.19,-0.002738
DESC-16,256,7836.43,1288.83,268.3,-0.006212
DESC-16,258,-9301.97,11325.63,250.37,-0.001433
DESC-16,260,-14731.12,13378.8,250.02,0.000631
DESC-16,270,11983.5,8389.96,250.43,-2.2e-05
DESC-16,272,-11599.21,12171.94,250.11,0.00017
DESC-16,273,-4735.47,7351.62,260.01,0.003003
DESC-16,275,-14573.5,9388.01,250.08,0.00136
DESC-16,277,-3578.3,5443.77,284.53,-0.001706
DESC-16,278,9517.96,-4421.88,254.52,-0.002105
DESC-16,280,-12280.07,-1106.44,251.37,0.002674
DESC-16,282,-9506.18,-13098.6,250.17,-0.001404
DESC-16,283,-1894.76,2714.71,454.47,-0.002816
DESC-16,285,-3233.89,12134.92,251.22,0.000545
DESC-16,290,-4829.27,10815.97,251.8,0.002138
DESC-16,294,14777.13,-7858.59,250.14,9.1e-05
DESC-16,295,6140.73,2520.62,287.19,-0.006429
DESC-16,297,-13165.28,-1221.7,250.84,0.001647
DESC-16,299,-8860.18,-12701.16,250.25,-0.001654
DESC-16,300,1627.63,-6562.07,284.84,-0.004215
DESC-16,301,-2170.5,6527.1,278.61,-0.002643
DESC-16,302,10861.04,-11041.34,250.28,-0.001814
DESC-16,303,8728.22,-12270.87,250.35,0.001729
DESC-16,307,3449.02,1645.78,426.94,-0.01302
DESC-16,308,11012.56,8452.82,250.65,-0.001101
DESC-16,309,-4696.94,-11590.23,251.36,-0.001196
DESC-16,310,12098.06,11143.23,250.16,-0.000827
DESC-16,312,12614.37,-13018.21,250.06,0.000389
DESC-16,313,-4656.0,11558.21,251.28,0.001029
DESC-16,314,-1292.16,-4735.54,343.37,-0.003561
DESC-16,316,2442.72,-3492.08,392.66,-0.012082
DESC-16,321,10549.99,-5924.7,251.85,-0.00298
DESC-16,322,-11585.92,7117.85,250.67,-0.002418
DESC-16,323,9871.5,11771.16,250.28,-0.00076
DESC-16,324,11397.39,5505.37,251.31,-0.000535
DESC-16,325,-14396.79,12025.05,250.04,-0.002229
DESC-16,328,9451.91,8998.4,251.02,-0.004767
DESC-16,329,1193.3,-11209.73,252.81,0.000338
DESC-16,330,-9671.21,3143.73,254.49,0.000171
DESC-16,331,-11631.73,-1029.68,251.97,0.000824
DESC-16,333,-3629.92,8353.32,258.25,-0.001777
DESC-16,335,-3066.44,11149.77,252.13,0.002121
DESC-16,336,4597.6,1672.53,348.34,-0.012442
DESC-16,337,12765.53,14057.19,250.04,0.003092
DESC-16,338,-5523.08,-6068.12,264.32,0.002797
DESC-16,340,-14826.24,-180.65,250.34,0.001285
DESC-16,342,7401.55,-9249.17,252.12,0.000538
DESC-16,343,-277.14,8562.86,261.44,-0.002107
DESC-16,346,-1261.66,13709.75,250.63,0.001439
DESC-16,347,7872.32,-12439.32,250.43,0.000735
DESC-16,348,-4817.06,-2113.77,320.98,-0.000567
DESC-16,353,-12631.36,868.42,251.13,0.001725
DESC-16,354,8267.25,8543.43,251.94,-5.4e-05
DESC-16,355,-2234.4,12128.0,251.4,-0.000144
DESC-16,356,-4109.56,-6545.14,268.97,-0.001479
DESC-16,358,10548.01,-12194.93,250.2,0.000569
DESC-16,361,13140.65,3887.76,250.74,0.000327
DESC-16,363,1213.29,-13135.45,250.97,-0.000236
DESC-16,364,-3549.11,8125.77,259.43,-0.002447
DESC-16,366,10351.71,8898.31,250.74,-0.005082
DESC-16,367,-10602.94,713.73,253.5,0.003318
DESC-16,369,8448.02,-12234.96,250.39,-0.000644
DESC-16,372,-3928.87,-3085.46,333.89,-0.00146
DESC-16,373,-11339.0,942.01,252.31,-0.00159
DESC-16,374,-5824.31,-7546.45,256.9,-0.001149
DESC-16,376,-4842.05,-5025.08,278.23,-0.00044
DESC-16,377,-3576.81,12681.59,250.87,-0.003295
DESC-16,379,9549.62,-7827.65,251.61,0.000564
DESC-16,380,2472.51,8118.4,262.31,0.000984
DESC-16,394,-11072.39,-9086.16,250.47,0.000819
DESC-16,395,-12925.96,5022.91,250.57,0.001913
DESC-16,397,-7317.2,-8807.59,252.37,-0.000129
DESC-16,403,12985.26,10455.51,250.14,0.001278
DESC-16,404,9641.95,6637.36,252.19,0.000235
DESC-16,405,12259.35,2217.45,251.49,-0.001593
DESC-16,406,-4435.56,-14743.79,250.27,-0.001724
DESC-16,407,4000.29,-7630.73,262.62,-0.002133
DESC-16,409,-4824.34,-1219.64,332.2,0.002293
DESC-16,411,11546.5,-2293.84,252.21,-0.00109
DESC-16,412,13420.1,3265.47,250.7,-0.002581
DESC-16,414,-106.93,315.18,1327.46,-0.034137
DESC-16,418,12924.09,6611.48,250.46,-0.001954
DESC-16,419,2055.83,2351.17,501.65,-0.017251
DESC-16,420,9044.62,-10407.35,250.72,-0.004187
DESC-16,422,4870.5,1653.26,335.67,-0.011325
DESC-16,424,3951.88,1309.74,397.73,-0.012792
DESC-16,425,8860.15,-4428.45,256.27,0.000218
DESC-16,427,-12481.34,1826.28,251.16,-0.000644
DESC-16,428,-8615.2,13947.76,250.14,-0.00225
DESC-16,429,7159.19,3519.54,267.58,-0.003152
DESC-16,432,797.88,-64.7,1226.71,-0.043293
DESC-16,435,742.89,-30.72,1255.97,-0.04249
DESC-16,436,871.69,233.55,1154.23,-0.043697
DESC-16,437,416.6,-554.69,1284.6,-0.042726
DESC-16,438,-834.7,-257.55,1053.0,-0.022735
DESC-16,440,95.7,-1286.2,965.83,-0.031813
DESC-16,442,145.02,387.71,1329.63,-0.036626
DESC-16,443,496.8,-725.13,1181.99,-0.042137
DESC-16,444,-701.19,93.5,1114.04,-0.022488
DESC-16,445,118.99,-1371.88,932.87,-0.030369
DESC-16,446,-504.31,-1170.11,940.83,-0.024949
DESC-16,448,-403.14,70.17,1268.21,-0.029126
DESC-16,454,-892.79,109.32,1026.99,-0.020015
DESC-16,457,332.26,-922.08,1117.46,-0.037113
DESC-16,463,-551.24,964.73,945.9,-0.021565
DESC-16,464,1294.81,200.14,977.39,-0.039679
DESC-16,465,-214.9,-781.57,1152.26,-0.031887
DESC-16,466,1272.5,-60.45,1000.34,-0.03952
DESC-16,467,-197.53,-995.79,1062.45,-0.030789
DESC-16,468,-314.3,753.49,1074.01,-0.026066
DESC-16,469,-487.22,-1126.0,958.94,-0.025318
DESC-16,471,220.82,-1204.72,998.55,-0.034341
DESC-16,475,136.61,154.64,1478.64,-0.036266
DESC-16,478,13.6,102.49,1483.55,-0.034007
DESC-16,482,-599.52,-697.38,1066.28,-0.028236
DESC-16,487,596.26,59.59,1329.73,-0.042185
DESC-16,488,1230.7,-587.95,971.14,-0.041125
DESC-16,489,-303.19,210.06,1288.26,-0.03022
DESC-16,491,-403.37,705.51,1070.91,-0.027519
DESC-16,493,222.05,254.4,1407.69,-0.037952
DESC-16,494,-298.57,1100.8,944.01,-0.022638
DESC-16,495,-360.01,25.15,1298.3,-0.030618
DESC-16,498,1077.38,280.31,1055.53,-0.03924
DESC-16,500,418.11,233.53,1363.25,-0.04039
DESC-16,501,1400.92,-96.92,948.69,-0.03885
DESC-16,503,-146.37,350.22,1297.32,-0.032793
DESC-16,505,601.71,1092.28,946.65,-0.028775
DESC-16,507,-214.24,-299.33,1355.46,-0.032242
DESC-16,509,-670.24,-729.5,1032.88,-0.026821
DESC-16,511,-288.28,-1259.46,945.89,-0.026286
DESC-16,513,369.53,433.17,1276.74,-0.037729
DESC-16,515,-700.11,93.96,1114.5,-0.022396
DESC-16,516,-636.12,360.07,1098.71,-0.025164
DESC-16,517,1168.67,-68.34,1044.94,-0.041267
DESC-16,518,1326.6,144.15,969.68,-0.03783
DESC-16,520,258.35,-975.18,1098.34,-0.035923
DESC-16,523,742.61,-298.31,1235.72,-0.044799
DESC-16,528,531.72,-731.41,1170.37,-0.042611
DESC-16,529,-83.31,-927.53,1109.08,-0.033423
DESC-16,530,320.0,-1159.73,1012.79,-0.035741
DESC-16,533,821.56,-505.41,1150.17,-0.044817
DESC-16,536,-53.32,-689.59,1229.68,-0.034714
DESC-16,538,-269.12,-1264.83,946.47,-0.02651
DESC-16,539,-1.33,1088.85,977.38,-0.02486
DESC-16,540,1157.46,-21.85,1049.19,-0.041557
DESC-16,541,417.97,47.68,1437.16,-0.039085
DESC-16,543,690.51,-38.15,1285.92,-0.042415
DESC-16,545,675.16,-744.35,1124.59,-0.043415
DESC-16,546,591.54,-81.27,1345.45,-0.042777
DESC-16,547,-402.79,165.55,1250.43,-0.029252
DESC-16,548,11.46,-1320.87,949.64,-0.02973
DESC-16,549,1333.93,-140.96,974.6,-0.041751
DESC-16,551,961.24,285.74,1103.93,-0.04125
DESC-16,552,-543.16,254.97,1162.81,-0.024473
DESC-16,553,-561.49,665.99,1039.59,-0.027364
DESC-16,555,689.81,32.94,1280.54,-0.04295
DESC-16,557,228.91,568.49,1223.89,-0.03355
DESC-16,560,-53.56,978.66,1019.17,-0.028147
DESC-16,561,-178.43,-998.63,1064.23,-0.030777
DESC-16,562,263.06,1029.32,1003.51,-0.029839
DESC-16,563,822.25,-730.24,1082.67,-0.04431
DESC-16,564,-336.53,1078.59,946.53,-0.022051
DESC-16,565,-208.12,632.72,1148.83,-0.031151
DESC-16,566,121.97,-821.21,1177.18,-0.036434
DESC-16,567,694.34,-1009.94,1019.39,-0.039937
DESC-16,569,334.19,-470.58,1351.38,-0.040897
DESC-16,573,-403.43,294.11,1215.95,-0.028164
DESC-16,579,-400.86,-963.21,1035.2,-0.029077
DESC-16,581,528.18,-457.45,1290.43,-0.043753
DESC-16,582,1177.95,-350.82,1025.62,-0.041107
DESC-16,588,204.86,164.13,1468.31,-0.038203
DESC-16,590,252.57,427.45,1300.07,-0.037207
DESC-16,595,-358.78,-352.45,1265.97,-0.030044
DESC-16,597,119.26,491.64,1268.61,-0.034216
DESC-16,599,766.32,-534.74,1164.81,-0.044628
DESC-16,600,590.05,-813.46,1120.47,-0.042727
DESC-16,601,366.26,190.55,1404.94,-0.040326
DESC-16,602,7.43,-793.89,1184.3,-0.035233
DESC-16,603,-174.19,702.59,1124.48,-0.029469
DESC-16,607,212.56,-1199.18,1001.06,-0.033998
DESC-16,608,-812.74,315.43,1035.26,-0.021132
DESC-16,610,457.93,1102.48,960.08,-0.029341
DESC-16,611,-314.95,-579.85,1208.12,-0.032525
DESC-16,612,-600.55,-796.81,1036.54,-0.026228
DESC-16,615,-599.78,-901.05,1004.85,-0.026239
DESC-16,616,1124.86,9.74,1062.69,-0.042481
DESC-16,620,104.14,167.11,1467.56,-0.03557
DESC-16,621,1301.49,-353.96,975.35,-0.039773
DESC-16,622,1024.67,-333.0,1094.19,-0.041423
DESC-16,625,744.91,992.53,958.29,-0.029864
DESC-16,628,154.32,658.02,1179.09,-0.032535
DESC-17,0,6129.37,-3195.77,283.06,-0.005472
DESC-17,2,2947.38,-7443.99,267.6,-0.002725
DESC-17,5,6440.82,928.92,290.64,-0.00576
DESC-17,6,5782.62,10477.42,251.82,-0.002538
DESC-17,7,6000.86,14696.79,250.2,0.00317
DESC-17,8,8734.4,-7425.01,252.63,-0.001236
DESC-17,9,-1873.09,-11214.63,252.6,-0.002031
DESC-17,10,-8301.88,5016.19,255.82,0.000553
DESC-17,11,11668.91,3860.67,251.62,-0.002362
DESC-17,12,-1687.1,12829.78,251.0,-0.001622
DESC-17,14,-12506.56,12119.15,250.08,0.000314
DESC-17,15,-14329.63,6225.82,250.22,-0.000938
DESC-17,17,12605.65,9574.56,250.22,-0.000917
DESC-17,18,5057.81,5001.96,277.64,-0.003405
DESC-17,21,14140.74,-10107.27,250.1,-0.002272
DESC-17,22,-1825.99,1584.09,583.3,-0.004109
DESC-17,23,-11902.4,-9858.45,250.25,-0.003012
DESC-17,26,5697.56,8737.96,254.29,-0.002422
DESC-17,27,-9355.2,-7127.66,251.95,0.002276
DESC-17,28,6265.57,10628.83,251.48,-0.001655
DESC-17,30,7277.53,-386.18,276.6,-0.007502
DESC-17,32,12490.06,11964.43,250.1,-0.000818
DESC-17,33,-7437.94,4332.93,260.67,-0.00221
DESC-17,34,-4047.21,-1795.32,362.76,0.002281
DESC-17,36,4210.21,-14680.75,250.31,-0.000772
DESC-17,37,-2204.7,11961.27,251.53,-0.001545
DESC-17,40,3447.4,6216.79,276.99,-0.001587
DESC-17,41,11366.43,-3887.69,251.94,-0.002626
DESC-17,42,-722.59,1256.25,826.86,-0.016501
DESC-17,43,3344.2,11193.29,252.08,0.0017
DESC-17,44,13425.15,-12823.53,250.05,-0.0009
DESC-17,45,10879.15,-2897.52,252.95,-0.001642
DESC-17,46,-14687.05,10974.17,250.05,0.001707
DESC-17,48,-4892.48,4424.59,282.72,0.000614
DESC-17,49,-1276.57,-12677.0,251.22,-0.001003
DESC-17,51,14291.98,-5954.32,250.28,-0.002305
DESC-17,54,5036.9,-10047.59,252.94,-0.003438
DESC-17,56,10621.27,-2722.7,253.47,-0.000787
DESC-17,57,11346.98,3906.13,251.9,-0.003872
DESC-17,58,5038.67,-7151.94,261.8,-0.002268
DESC-17,59,-10276.56,-9900.86,250.49,-0.001699
DESC-17,60,5509.47,13354.61,250.45,-0.001858
DESC-17,61,-14966.48,-3675.3,250.25,-0.001066
DESC-17,62,-12267.92,6006.26,250.64,-0.001148
DESC-17,63,-1517.95,-3426.73,425.36,-0.002518
DESC-17,64,-8923.93,6646.88,252.64,-0.002054
DESC-17,65,4386.54,13850.51,250.43,-0.000189
DESC-17,66,5562.84,2716.4,297.44,-0.007297
DESC-17,67,146.43,-581.71,1309.44,-0.042421
DESC-17,68,-8988.84,-5455.13,253.87,0.001477
DESC-17,70,8355.58,3511.37,259.66,-0.007454
DESC-17,72,-11404.96,-12186.31,250.13,-0.002523
DESC-17,73,-13097.07,13025.98,250.04,-0.0011
DESC-17,76,10305.01,7276.21,251.32,-4.5e-05
DESC-17,77,-3561.22,9401.01,254.89,0.002876
DESC-17,78,14647.57,-5980.26,250.23,-0.00379
DESC-17,79,7641.02,5851.35,256.93,-0.001237
DESC-17,81,7587.49,-9632.52,251.68,0.001448
DESC-17,82,-2653.9,1416.38,489.5,-0.001355
DESC-17,83,-10907.46,-2175.42,252.7,0.003101
DESC-17,88,-6018.86,-10637.51,251.57,0.001945
DESC-17,89,-9163.88,-13927.37,250.13,0.001284
DESC-17,90,-1417.68,6671.04,279.78,-0.000788
DESC-17,91,-13267.28,-7954.68,250.25,-0.000141
DESC-17,92,3121.32,-42.28,518.64,-0.023363
DESC-17,93,-7593.66,-5117.84,258.26,-0.000203
DESC-17,96,8637.28,10943.11,250.62,-0.000691
DESC-17,98,9326.46,-1596.14,257.98,-0.001604
DESC-17,99,-13480.14,-3300.78,250.58,0.003739
DESC-17,100,14574.91,14319.08,250.02,0.00017
DESC-17,101,-6572.08,-14614.42,250.19,0.002658
DESC-17,102,-14505.45,5999.35,250.21,0.000377
DESC-17,103,-5158.59,10985.79,251.53,0.002573
DESC-17,104,8071.04,-2234.35,264.64,-0.00378
DESC-17,106,-10751.62,-12242.46,250.16,0.001092
DESC-17,107,8349.85,11432.66,250.54,-0.000753
DESC-17,108,6384.54,-772.52,292.92,-0.006658
DESC-17,109,-2503.74,-379.0,567.54,-0.006232
DESC-17,111,6804.78,7006.61,256.32,-0.003947
DESC-17,112,-13598.44,-12667.44,250.04,0.00204
DESC-17,114,1297.05,12483.63,251.27,-0.002792
DESC-17,115,-5313.56,7325.97,258.43,0.001293
DESC-17,117,-2865.32,8921.6,257.17,-0.00226
DESC-17,121,1260.12,11021.41,252.85,0.000105
DESC-17,122,12825.85,-6231.59,250.56,-0.002254
DESC-17,123,-4095.53,5460.03,278.98,0.001217
DESC-17,124,6072.05,-9801.16,252.51,-0.000882
DESC-17,126,-8627.19,-6453.27,253.38,-0.002057
DESC-17,130,642.93,2861.85,516.96,-0.009714
DESC-17,133,-12883.91,-1872.95,250.94,0.003232
DESC-17,135,-4421.05,14521.01,250.28,0.00139
DESC-17,136,11298.87,-5289.19,251.5,0.000283
DESC-17,139,-14177.18,-9372.53,250.11,0.002461
DESC-17,143,1858.02,-14460.74,250.45,-0.00103
DESC-17,144,11135.73,1015.15,253.04,-0.004556
DESC-17,145,-14957.16,10962.89,250.04,0.000212
DESC-17,146,-8196.86,3150.87,259.7,0.003368
DESC-17,147,7300.71,-5451.11,259.74,-0.004275
DESC-17,152,14469.37,-1620.84,250.47,-0.001271
DESC-17,153,-10520.85,10143.35,250.38,-0.002287
DESC-17,154,4639.27,-4336.88,295.02,-0.005365
DESC-17,157,11787.82,14400.13,250.05,-0.002128
DESC-17,158,1615.68,-9749.08,256.12,-0.00349
DESC-17,159,-8461.14,-8400.32,251.81,0.000652
DESC-17,166,-8120.93,-10112.79,251.02,-0.001365
DESC-17,167,4892.91,13333.11,250.52,-0.001468
DESC-17,168,-6235.6,954.81,288.49,0.000224
DESC-17,169,13402.43,5018.06,250.53,0.00321
DESC-17,171,-5523.93,-4253.36,277.97,0.000889
DESC-17,172,-3185.08,1572.13,427.07,-0.000745
DESC-17,173,-13395.89,2447.38,250.66,0.002036
DESC-17,176,-7950.92,13022.51,250.27,-0.000957
DESC-17,177,-1296.47,4102.29,369.78,-0.001421
DESC-17,179,-8747.49,-12894.92,250.24,0.000511
DESC-17,180,12266.61,13396.36,250.06,-0.000521
DESC-17,181,-2692.69,-13102.27,250.85,0.000416
DESC-17,182,-11927.91,-5449.0,250.91,-0.000929
DESC-17,183,6105.11,-2039.78,293.0,-0.009441
DESC-17,184,-11653.76,1280.97,251.9,-0.000416
DESC-17,185,-8851.07,8606.13,251.34,0.001311
DESC-17,187,-1452.35,11908.85,251.69,8.9e-05
DESC-17,188,8634.52,-931.52,262.27,-0.003542
DESC-17,189,3491.21,-1004.99,454.01,-0.018971
DESC-17,190,-7306.27,13542.75,250.25,-0.000549
DESC-17,191,-5113.18,10749.25,251.74,0.004407
DESC-17,192,-12212.75,-3467.58,251.13,-0.001883
DESC-17,193,-14240.7,-8.35,250.47,-0.001013
DESC-17,195,-14260.72,-6664.92,250.21,0.000817
DESC-17,196,6620.93,3387.35,273.71,-0.003538
DESC-17,200,-145.35,-3700.64,436.06,-0.011177
DESC-17,201,4919.77,-14635.7,250.28,-0.002208
DESC-17,204,12259.88,13744.9,250.05,0.003037
DESC-17,206,-8785.36,10432.06,250.66,-0.001096
DESC-17,207,6200.86,1778.1,291.58,-0.004683
DESC-17,209,5023.11,3806.16,293.88,-0.007487
DESC-17,210,-12412.65,-3184.91,251.06,0.000705
DESC-17,212,4069.37,13268.44,250.62,0.002082
DESC-17,213,5030.09,14762.17,250.24,0.000541
DESC-17,214,5792.73,9687.2,252.66,-0.003147
DESC-17,215,-4767.62,7691.98,258.45,0.001888
DESC-17,218,8018.87,14026.22,250.18,0.001675
DESC-17,221,-2337.55,-7357.07,269.53,0.000785
DESC-17,225,-3267.07,13678.07,250.53,0.000965
DESC-17,229,4227.87,120.12,394.9,-0.013345
DESC-17,230,5896.34,-14015.99,250.32,-0.004597
DESC-17,231,-7039.58,-799.89,275.28,0.004682
DESC-17,235,6040.39,-14930.35,250.2,-0.00079
DESC-17,236,-14438.63,12717.06,250.03,-0.000459
DESC-17,238,10356.2,304.9,254.81,-0.000609
DESC-17,239,4916.38,11693.99,251.21,-0.001777
DESC-17,240,13506.35,-12916.21,250.05,-0.000272
DESC-17,242,-9930.72,1791.33,254.7,0.001293
DESC-17,243,-10084.09,-9917.13,250.53,0.00205
DESC-17,246,-8082.41,-7364.93,253.12,-0.00244
DESC-17,247,634.03,11635.92,252.07,-0.002377
DESC-17,249,-8649.09,-6826.45,252.96,-0.000461
DESC-17,250,4859.19,9462.4,253.79,-0.003683
DESC-17,251,8224.26,-5414.85,256.47,0.000496
DESC-17,252,5292.51,-9460.62,253.67,-0.003823
DESC-17,253,14774.82,-12189.97,250.04,-0.000993
DESC-17,256,7836.43,1288.83,268.3,-0.005772
DESC-17,257,2929.53,14295.3,250.41,-0.001629
DESC-17,258,-9301.97,11325.63,250.37,0.000313
DESC-17,262,-1321.34,4262.31,359.63,-0.002971
DESC-17,263,11210.0,13438.09,250.09,-0.004992
DESC-17,264,-9423.97,-2492.32,255.81,-0.000857
DESC-17,267,11178.56,9249.23,250.46,0.001855
DESC-17,268,-3270.71,14299.34,250.38,0.002494
DESC-17,270,11983.5,8389.96,250.43,-0.001861
DESC-17,272,-11599.21,12171.94,250.11,-0.00097
DESC-17,274,-11251.69,10758.27,250.22,-0.00018
DESC-17,275,-14573.5,9388.01,250.08,-0.001462
DESC-17,276,-12773.4,-7601.69,250.35,-2.6e-05
DESC-17,277,-3578.3,5443.77,284.53,0.001273
DESC-17,279,-9679.3,-7873.64,251.32,-0.001376
DESC-17,280,-12280.07,-1106.44,251.37,0.001712
DESC-17,282,-9506.18,-13098.6,250.17,-0.000403
DESC-17,283,-1894.76,2714.71,454.47,-0.000302
DESC-17,284,-8643.83,-12827.25,250.26,-0.001127
DESC-17,285,-3233.89,12134.92,251.22,-0.001352
DESC-17,288,6974.38,6609.19,256.93,-0.000243
DESC-17,289,-10541.61,-10003.97,250.42,-0.003564
DESC-17,290,-4829.27,10815.97,251.8,0.003613
DESC-17,292,-5155.78,-9641.25,253.22,0.002234
DESC-17,294,14777.13,-7858.59,250.14,-0.001852
DESC-17,298,13249.07,-5017.85,250.59,0.001232
DESC-17,299,-8860.18,-12701.16,250.25,-0.000317
DESC-17,300,1627.63,-6562.07,284.84,-0.00598
DESC-17,301,-2170.5,6527.1,278.61,9e-06
DESC-17,302,10861.04,-11041.34,250.28,-0.001019
DESC-17,306,8563.08,-12080.47,250.41,-0.000819
DESC-17,307,3449.02,1645.78,426.94,-0.012585
DESC-17,311,5695.6,-12453.33,250.75,-0.002117
DESC-17,313,-4656.0,11558.21,251.28,0.000243
DESC-17,314,-1292.16,-4735.54,343.37,-0.00035
DESC-17,318,-6349.84,1175.22,285.39,0.002659
DESC-17,319,-13637.19,7137.7,250.25,0.00112
DESC-17,322,-11585.92,7117.85,250.67,0.001211
DESC-17,323,9871.5,11771.16,250.28,0.000991
DESC-17,325,-14396.79,12025.05,250.04,-0.001286
DESC-17,328,9451.91,8998.4,251.02,0.003432
DESC-17,330,-9671.21,3143.73,254.49,0.003563
DESC-17,332,-7161.41,-6059.5,257.37,-0.000846
DESC-17,334,13624.48,-4400.03,250.54,-0.000372
DESC-17,336,4597.6,1672.53,348.34,-0.010077
DESC-17,337,12765.53,14057.19,250.04,-0.000839
DESC-17,339,-9397.45,-10805.43,250.48,0.000867
DESC-17,343,-277.14,8562.86,261.44,6.3e-05
DESC-17,345,-13441.68,-3957.27,250.54,-1e-06
DESC-17,346,-1261.66,13709.75,250.63,-0.000111
DESC-17,348,-4817.06,-2113.77,320.98,0.001876
DESC-17,353,-12631.36,868.42,251.13,-5.8e-05
DESC-17,355,-2234.4,12128.0,251.4,-0.001537
DESC-17,356,-4109.56,-6545.14,268.97,-0.001776
DESC-17,357,-48.89,7341.69,272.64,-0.000294
DESC-17,358,10548.01,-12194.93,250.2,0.000768
DESC-17,359,3963.66,3458.87,327.78,-0.004799
DESC-17,361,13140.65,3887.76,250.74,-0.000728
DESC-17,362,-5244.72,7739.09,257.15,0.003313
DESC-17,363,1213.29,-13135.45,250.97,-0.000745
DESC-17,364,-3549.11,8125.77,259.43,0.000796
DESC-17,365,-548.92,-5477.13,318.09,-0.002526
DESC-17,366,10351.71,8898.31,250.74,0.000561
DESC-17,368,13396.27,-9696.25,250.16,0.002961
DESC-17,369,8448.02,-12234.96,250.39,-0.000518
DESC-17,372,-3928.87,-3085.46,333.89,-0.001256
DESC-17,374,-5824.31,-7546.45,256.9,-0.001768
DESC-17,375,5116.91,-12464.13,250.84,-0.00082
DESC-17,376,-4842.05,-5025.08,278.23,0.002774
DESC-17,377,-3576.81,12681.59,250.87,0.00135
DESC-17,378,2517.15,-6312.75,284.48,-0.004542
DESC-17,379,9549.62,-7827.65,251.61,-0.002228
DESC-17,384,-11717.74,14044.14,250.05,0.001563
DESC-17,385,-6634.86,-10145.9,251.65,0.001189
DESC-17,386,-12314.39,-13645.85,250.05,0.001458
DESC-17,387,-7273.27,-6995.34,254.99,-0.002181
DESC-17,390,10261.57,10831.46,250.36,0.002508
DESC-17,391,4923.48,14689.49,250.25,0.001035
DESC-17,393,8271.65,9430.4,251.34,-0.000963
DESC-17,394,-11072.39,-9086.16,250.47,-0.002164
DESC-17,395,-12925.96,5022.91,250.57,0.002455
DESC-17,397,-7317.2,-8807.59,252.37,0.001952
DESC-17,398,-12217.41,2711.74,251.22,-0.001183
DESC-17,400,1640.66,11469.66,252.17,-0.002364
DESC-17,402,7868.19,9779.47,251.33,-0.003392
DESC-17,404,9641.95,6637.36,252.19,-0.004662
DESC-17,405,12259.35,2217.45,251.49,0.001382
DESC-17,407,4000.29,-7630.73,262.62,-0.00249
DESC-17,408,-11931.59,5648.71,250.83,0.001974
DESC-17,412,13420.1,3265.47,250.7,-0.000301
DESC-17,413,3330.73,5342.65,292.59,-0.003004
DESC-17,414,-106.93,315.18,1327.46,-0.036403
DESC-17,416,6131.38,11287.18,251.11,0.001331
DESC-17,418,12924.09,6611.48,250.46,-0.001914
DESC-17,419,2055.83,2351.17,501.65,-0.013445
DESC-17,420,9044.62,-10407.35,250.72,0.000986
DESC-17,423,-1341.67,2027.82,583.5,-0.007784
DESC-17,424,3951.88,1309.74,397.73,-0.012496
DESC-17,425,8860.15,-4428.45,256.27,-0.001929
DESC-17,426,-14279.51,-14900.03,250.01,-0.000415
DESC-17,427,-12481.34,1826.28,251.16,0.001495
DESC-17,429,7159.19,3519.54,267.58,-0.003977
DESC-17,430,399.26,-171.76,1457.94,-0.046276
DESC-17,432,797.88,-64.7,1226.71,-0.047594
DESC-17,434,-370.26,-188.86,1292.04,-0.032848
DESC-17,438,-834.7,-257.55,1053.0,-0.021652
DESC-17,439,-65.82,-1333.09,940.78,-0.030742
DESC-17,441,-143.88,196.98,1368.65,-0.037871
DESC-17,442,145.02,387.71,1329.63,-0.041096
DESC-17,444,-701.19,93.5,1114.04,-0.021995
DESC-17,447,-377.87,-773.83,1112.55,-0.030603
DESC-17,448,-403.14,70.17,1268.21,-0.033312
DESC-17,451,-456.33,199.97,1216.04,-0.030942
DESC-17,452,-432.65,-1202.16,943.52,-0.025561
DESC-17,454,-892.79,109.32,1026.99,-0.021506
DESC-17,457,332.26,-922.08,1117.46,-0.040455
DESC-17,460,1115.0,602.08,976.12,-0.038379
DESC-17,463,-551.24,964.73,945.9,-0.023452
DESC-17,467,-197.53,-995.79,1062.45,-0.03148
DESC-17,470,-1066.48,-237.98,958.2,-0.018082
DESC-17,471,220.82,-1204.72,998.55,-0.0379
DESC-17,472,-111.51,587.0,1190.31,-0.03488
DESC-17,475,136.61,154.64,1478.64,-0.042699
DESC-17,476,658.71,-313.52,1275.83,-0.047606
DESC-17,479,311.44,-368.46,1415.12,-0.04451
DESC-17,482,-599.52,-697.38,1066.28,-0.026765
DESC-17,486,-206.24,221.07,1330.42,-0.038008
DESC-17,487,596.26,59.59,1329.73,-0.047277
DESC-17,488,1230.7,-587.95,971.14,-0.047191
DESC-17,489,-303.19,210.06,1288.26,-0.035146
DESC-17,491,-403.37,705.51,1070.91,-0.02649
DESC-17,494,-298.57,1100.8,944.01,-0.026176
DESC-17,495,-360.01,25.15,1298.3,-0.034807
DESC-17,499,-666.32,840.2,956.86,-0.022965
DESC-17,500,418.11,233.53,1363.25,-0.045155
DESC-17,501,1400.92,-96.92,948.69,-0.041573
DESC-17,503,-146.37,350.22,1297.32,-0.036354
DESC-17,504,506.9,246.11,1320.24,-0.045002
DESC-17,505,601.71,1092.28,946.65,-0.032761
DESC-17,506,32.72,508.38,1253.17,-0.038532
DESC-17,507,-214.24,-299.33,1355.46,-0.035104
DESC-17,509,-670.24,-729.5,1032.88,-0.027792
DESC-17,510,112.38,280.0,1394.97,-0.040774
DESC-17,511,-288.28,-1259.46,945.89,-0.026808
DESC-17,512,1126.6,-401.0,1040.85,-0.046864
DESC-17,514,455.74,166.92,1375.4,-0.046831
DESC-17,519,1316.08,199.86,969.11,-0.041844
DESC-17,520,258.35,-975.18,1098.34,-0.039182
DESC-17,522,1088.49,105.06,1072.88,-0.043141
DESC-17,523,742.61,-298.31,1235.72,-0.048534
DESC-17,525,907.96,-1046.6,957.55,-0.041875
DESC-17,526,1004.59,568.39,1021.45,-0.040182
DESC-17,527,787.11,-1075.38,976.08,-0.041774
DESC-17,529,-83.31,-927.53,1109.08,-0.03291
DESC-17,531,381.46,1111.85,963.17,-0.030732
DESC-17,532,409.91,-165.01,1452.68,-0.047241
DESC-17,534,278.57,-780.5,1192.52,-0.041118
DESC-17,535,643.43,1039.75,959.4,-0.03316
DESC-17,537,497.99,-1027.87,1048.92,-0.041242
DESC-17,539,-1.33,1088.85,977.38,-0.029874
DESC-17,540,1157.46,-21.85,1049.19,-0.044157
DESC-17,542,1085.39,-376.36,1061.68,-0.048139
DESC-17,544,-402.29,-968.19,1033.03,-0.027356
DESC-17,546,591.54,-81.27,1345.45,-0.048666
DESC-17,547,-402.79,165.55,1250.43,-0.033339
DESC-17,549,1333.93,-140.96,974.6,-0.044329
DESC-17,550,-291.65,-1173.27,977.17,-0.026505
DESC-17,553,-561.49,665.99,1039.59,-0.026126
DESC-17,555,689.81,32.94,1280.54,-0.047595
DESC-17,557,228.91,568.49,1223.89,-0.038081
DESC-17,559,247.06,-443.98,1385.64,-0.04397
DESC-17,560,-53.56,978.66,1019.17,-0.03018
DESC-17,561,-178.43,-998.63,1064.23,-0.031622
DESC-17,562,263.06,1029.32,1003.51,-0.031148
DESC-17,563,822.25,-730.24,1082.67,-0.045313
DESC-17,564,-336.53,1078.59,946.53,-0.025833
DESC-17,565,-208.12,632.72,1148.83,-0.032521
DESC-17,567,694.34,-1009.94,1019.39,-0.041132
DESC-17,570,-82.19,-1040.46,1058.57,-0.032807
DESC-17,571,-823.66,-56.04,1064.96,-0.022306
DESC-17,572,71.28,-276.36,1494.76,-0.044673
DESC-17,577,818.2,-897.86,1028.6,-0.044918
DESC-17,578,372.32,476.76,1253.42,-0.040067
DESC-17,581,528.18,-457.45,1290.43,-0.047581
DESC-17,582,1177.95,-350.82,1025.62,-0.047711
DESC-17,583,10.5,-928.62,1118.22,-0.035479
DESC-17,586,230.7,105.15,1501.4,-0.044884
DESC-17,588,204.86,164.13,1468.31,-0.04343
DESC-17,591,-491.8,96.46,1217.23,-0.03053
DESC-17,593,-404.55,412.51,1177.21,-0.031843
DESC-17,597,119.26,491.64,1268.61,-0.039273
DESC-17,598,-892.76,-484.98,1002.02,-0.021817
DESC-17,599,766.32,-534.74,1164.81,-0.048106
DESC-17,600,590.05,-813.46,1120.47,-0.043847
DESC-17,601,366.26,190.55,1404.94,-0.04438
DESC-17,605,-618.62,415.33,1092.38,-0.023994
DESC-17,607,212.56,-1199.18,1001.06,-0.037091
DESC-17,608,-812.74,315.43,1035.26,-0.020584
DESC-17,609,-776.75,23.13,1083.96,-0.022911
DESC-17,610,457.93,1102.48,960.08,-0.031602
DESC-17,611,-314.95,-579.85,1208.12,-0.032964
DESC-17,612,-600.55,-796.81,1036.54,-0.025692
DESC-17,614,992.94,317.26,1084.24,-0.042106
DESC-17,618,-734.22,-396.48,1080.87,-0.024838
DESC-17,619,-1027.91,-609.05,933.25,-0.01924
DESC-17,622,1024.67,-333.0,1094.19,-0.048641
DESC-17,623,629.27,-259.66,1303.5,-0.047831
DESC-17,625,744.91,992.53,958.29,-0.034522
DESC-17,629,-1142.05,25.47,931.32,-0.016721
DESC-18,1,-4410.09,14055.44,250.37,0.000171
DESC-18,4,-12659.81,-3577.24,250.88,0.001163
DESC-18,5,6440.82,928.92,290.64,-0.003702
DESC-18,6,5782.62,10477.42,251.82,0.001362
DESC-18,8,8734.4,-7425.01,252.63,-0.003171
DESC-18,9,-1873.09,-11214.63,252.6,-0.000819
DESC-18,13,10048.84,-11062.4,250.38,-0.005829
DESC-18,17,12605.65,9574.56,250.22,-0.001024
DESC-18,18,5057.81,5001.96,277.64,-0.004528
DESC-18,19,5402.17,9982.25,252.56,0.001945
DESC-18,23,-11902.4,-9858.45,250.25,-0.001324
DESC-18,24,6966.1,7383.88,255.1,-0.003797
DESC-18,26,5697.56,8737.96,254.29,-0.005614
DESC-18,29,1027.16,-8117.06,265.68,-0.003174
DESC-18,31,4787.76,2755.18,318.33,-0.005275
DESC-18,32,12490.06,11964.43,250.1,2e-06
DESC-18,35,-13928.41,-14931.65,250.02,-0.001671
DESC-18,37,-2204.7,11961.27,251.53,0.002982
DESC-18,38,11573.84,11713.92,250.15,0.001038
DESC-18,40,3447.4,6216.79,276.99,-0.00342
DESC-18,44,13425.15,-12823.53,250.05,0.000121
DESC-18,45,10879.15,-2897.52,252.95,-0.000333
DESC-18,46,-14687.05,10974.17,250.05,-0.003722
DESC-18,47,2715.27,4181.24,338.32,-0.00579
DESC-18,48,-4892.48,4424.59,282.72,-0.001099
DESC-18,51,14291.98,-5954.32,250.28,-0.000195
DESC-18,53,-4001.17,1668.08,364.65,0.002663
DESC-18,54,5036.9,-10047.59,252.94,-0.002165
DESC-18,55,-10392.71,10359.13,250.37,0.002027
DESC-18,56,10621.27,-2722.7,253.47,0.00161
DESC-18,57,11346.98,3906.13,251.9,-0.000173
DESC-18,58,5038.67,-7151.94,261.8,-0.002855
DESC-18,59,-10276.56,-9900.86,250.49,-0.00021
DESC-18,60,5509.47,13354.61,250.45,-0.000493
DESC-18,61,-14966.48,-3675.3,250.25,0.001407
DESC-18,62,-12267.92,6006.26,250.64,0.002969
DESC-18,64,-8923.93,6646.88,252.64,0.001546
DESC-18,66,5562.84,2716.4,297.44,-0.003636
DESC-18,67,146.43,-581.71,1309.44,-0.039681
DESC-18,70,8355.58,3511.37,259.66,-0.002329
DESC-18,71,12842.38,-7175.91,250.43,-0.00365
DESC-18,75,3740.71,-9175.53,256.12,-0.004364
DESC-18,76,10305.01,7276.21,251.32,-0.003316
DESC-18,77,-3561.22,9401.01,254.89,0.003379
DESC-18,78,14647.57,-5980.26,250.23,-0.001322
DESC-18,79,7641.02,5851.35,256.93,-0.002292
DESC-18,84,-14982.96,-11234.75,250.04,-0.00021
DESC-18,85,-12365.9,-960.84,251.31,0.000512
DESC-18,89,-9163.88,-13927.37,250.13,0.002021
DESC-18,90,-1417.68,6671.04,279.78,-0.001278
DESC-18,91,-13267.28,-7954.68,250.25,-0.000893
DESC-18,92,3121.32,-42.28,518.64,-0.022167
DESC-18,93,-7593.66,-5117.84,258.26,0.004699
DESC-18,94,1733.34,-917.53,767.55,-0.038768
DESC-18,96,8637.28,10943.11,250.62,-0.002801
DESC-18,97,-6031.84,5289.64,264.81,0.002188
DESC-18,100,14574.91,14319.08,250.02,0.001221
DESC-18,101,-6572.08,-14614.42,250.19,0.002038
DESC-18,102,-14505.45,5999.35,250.21,0.001379
DESC-18,103,-5158.59,10985.79,251.53,0.001389
DESC-18,104,8071.04,-2234.35,264.64,-0.007896
DESC-18,105,-9202.52,-9887.45,250.75,-0.000912
DESC-18,106,-10751.62,-12242.46,250.16,0.001511
DESC-18,107,8349.85,11432.66,250.54,-1.8e-05
DESC-18,109,-2503.74,-379.0,567.54,-0.001228
DESC-18,112,-13598.44,-12667.44,250.04,7.6e-05
DESC-18,113,-7336.73,-10195.33,251.29,0.002956
DESC-18,115,-5313.56,7325.97,258.43,0.000711
DESC-18,116,-7254.47,3778.25,263.54,0.001363
DESC-18,118,-8245.96,10224.41,250.87,0.000184
DESC-18,120,10180.61,-8957.99,250.82,-0.001323
DESC-18,125,259.75,-7940.28,267.76,-0.002566
DESC-18,126,-8627.19,-6453.27,253.38,0.00079
DESC-18,127,-4478.33,12829.92,250.69,0.002286
DESC-18,128,-1780.91,8782.93,259.07,0.000513
DESC-18,129,-14301.01,-1718.46,250.43,0.000319
DESC-18,130,642.93,2861.85,516.96,-0.011146
DESC-18,132,8966.77,-11108.03,250.55,-0.000905
DESC-18,133,-12883.91,-1872.95,250.94,2.6e-05
DESC-18,134,1517.87,-608.9,869.85,-0.042162
DESC-18,137,-6132.09,9106.46,252.89,0.000424
DESC-18,138,8435.32,4689.47,256.91,-0.001237
DESC-18,142,-9602.4,2867.55,254.88,0.000395
DESC-18,144,11135.73,1015.15,253.04,0.000855
DESC-18,146,-8196.86,3150.87,259.7,0.003706
DESC-18,147,7300.71,-5451.11,259.74,-0.0052
DESC-18,149,-14657.04,-4450.95,250.26,0.002151
DESC-18,151,-4924.44,13058.72,250.56,0.000554
DESC-18,152,14469.37,-1620.84,250.47,-0.003406
DESC-18,155,1480.02,12574.55,251.19,-0.000741
DESC-18,156,13545.64,-6084.81,250.4,0.000253
DESC-18,157,11787.82,14400.13,250.05,-0.000349
DESC-18,158,1615.68,-9749.08,256.12,-0.001551
DESC-18,160,4714.8,2983.98,316.02,-0.008211
DESC-18,163,2890.49,-5761.04,292.1,-0.003857
DESC-18,164,-2586.4,-9007.43,257.82,-0.001564
DESC-18,168,-6235.6,954.81,288.49,-0.001036
DESC-18,169,13402.43,5018.06,250.53,0.001812
DESC-18,170,2425.83,-13713.1,250.65,0.000921
DESC-18,171,-5523.93,-4253.36,277.97,-0.000579
DESC-18,172,-3185.08,1572.13,427.07,-0.002283
DESC-18,173,-13395.89,2447.38,250.66,0.001409
DESC-18,174,-934.9,12854.18,251.03,-0.001349
DESC-18,177,-1296.47,4102.29,369.78,0.000111
DESC-18,180,12266.61,13396.36,250.06,-0.000151
DESC-18,181,-2692.69,-13102.27,250.85,0.001191
DESC-18,182,-11927.91,-5449.0,250.91,0.002318
DESC-18,184,-11653.76,1280.97,251.9,0.000706
DESC-18,187,-1452.35,11908.85,251.69,-0.000564
DESC-18,189,3491.21,-1004.99,454.01,-0.020796
DESC-18,191,-5113.18,10749.25,251.74,0.002197
DESC-18,193,-14240.7,-8.35,250.47,-0.000779
DESC-18,195,-14260.72,-6664.92,250.21,0.001507
DESC-18,196,6620.93,3387.35,273.71,-0.00333
DESC-18,197,12034.91,-8995.71,250.36,-0.003304
DESC-18,198,5109.42,7371.14,259.69,0.000635
DESC-18,199,-1880.93,12142.27,251.43,0.001254
DESC-18,208,-7441.72,-9424.37,251.74,0.001056
DESC-18,209,5023.11,3806.16,293.88,-0.002917
DESC-18,210,-12412.65,-3184.91,251.06,-0.000525
DESC-18,217,8474.23,-1013.18,263.34,0.000892
DESC-18,218,8018.87,14026.22,250.18,-0.000263
DESC-18,220,9056.0,-4965.1,254.96,-0.001399
DESC-18,222,-1712.49,958.58,678.17,-0.005304
DESC-18,226,12401.97,-4906.24,250.93,-0.000518
DESC-18,228,-3916.84,4575.2,295.16,0.000508
DESC-18,229,4227.87,120.12,394.9,-0.01269
DESC-18,230,5896.34,-14015.99,250.32,-0.00125
DESC-18,232,1353.9,-7632.92,269.99,-0.004076
DESC-18,233,-4668.97,-13164.1,250.61,-0.000698
DESC-18,234,8651.81,-5091.38,255.82,-0.002067
DESC-18,235,6040.39,-14930.35,250.2,0.000982
DESC-18,238,10356.2,304.9,254.81,-0.001723
DESC-18,240,13506.35,-12916.21,250.05,-4.2e-05
DESC-18,241,6668.45,-6244.06,259.58,-0.002687
DESC-18,242,-9930.72,1791.33,254.7,0.00021
DESC-18,244,14016.56,5195.2,250.37,0.000344
DESC-18,246,-8082.41,-7364.93,253.12,-0.00195
DESC-18,247,634.03,11635.92,252.07,-0.001911
DESC-18,248,-2222.55,14644.72,250.35,0.002002
DESC-18,249,-8649.09,-6826.45,252.96,-0.00299
DESC-18,251,8224.26,-5414.85,256.47,-0.002128
DESC-18,252,5292.51,-9460.62,253.67,-0.000534
DESC-18,253,14774.82,-12189.97,250.04,-7.4e-05
DESC-18,256,7836.43,1288.83,268.3,-0.005298
DESC-18,257,2929.53,14295.3,250.41,-0.00143
DESC-18,258,-9301.97,11325.63,250.37,0.00021
DESC-18,261,-2360.91,-7054.22,272.79,-0.001513
DESC-18,263,11210.0,13438.09,250.09,0.000234
DESC-18,266,-12722.72,-2085.72,251.01,-0.000884
DESC-18,267,11178.56,9249.23,250.46,-0.003004
DESC-18,269,4256.17,4299.83,299.84,-0.00166
DESC-18,270,11983.5,8389.96,250.43,-0.00232
DESC-18,271,8178.45,13235.89,250.25,-0.000781
DESC-18,272,-11599.21,12171.94,250.11,0.003432
DESC-18,273,-4735.47,7351.62,260.01,-0.001539
DESC-18,274,-11251.69,10758.27,250.22,0.002175
DESC-18,276,-12773.4,-7601.69,250.35,-0.001237
DESC-18,278,9517.96,-4421.88,254.52,-0.002363
DESC-18,279,-9679.3,-7873.64,251.32,0.000264
DESC-18,280,-12280.07,-1106.44,251.37,-0.000105
DESC-18,281,622.59,14612.23,250.4,-0.000855
DESC-18,284,-8643.83,-12827.25,250.26,0.002356
DESC-18,285,-3233.89,12134.92,251.22,0.000418
DESC-18,286,3174.26,3495.14,353.83,-0.010318
DESC-18,287,12605.53,14979.09,250.03,0.001211
DESC-18,290,-4829.27,10815.97,251.8,0.002792
DESC-18,291,-5071.12,-13540.07,250.46,-0.000481
DESC-18,292,-5155.78,-9641.25,253.22,0.001749
DESC-18,296,10563.34,6413.09,251.53,0.00114
DESC-18,297,-13165.28,-1221.7,250.84,-0.000468
DESC-18,299,-8860.18,-12701.16,250.25,0.000958
DESC-18,300,1627.63,-6562.07,284.84,-0.005379
DESC-18,301,-2170.5,6527.1,278.61,-0.000444
DESC-18,302,10861.04,-11041.34,250.28,0.001162
DESC-18,303,8728.22,-12270.87,250.35,0.001104
DESC-18,304,-4075.98,-4822.88,291.06,0.000136
DESC-18,307,3449.02,1645.78,426.94,-0.015918
DESC-18,308,11012.56,8452.82,250.65,-0.001044
DESC-18,309,-4696.94,-11590.23,251.36,-0.001723
DESC-18,311,5695.6,-12453.33,250.75,-0.001814
DESC-18,312,12614.37,-13018.21,250.06,-0.002735
DESC-18,319,-13637.19,7137.7,250.25,0.001099
DESC-18,320,-10931.57,1891.01,252.69,0.00156
DESC-18,321,10549.99,-5924.7,251.85,-5.8e-05
DESC-18,322,-11585.92,7117.85,250.67,0.001434
DESC-18,323,9871.5,11771.16,250.28,-0.000414
DESC-18,325,-14396.79,12025.05,250.04,-0.001848
DESC-18,326,-8545.38,375.66,261.1,0.001461
DESC-18,327,-33.63,1645.19,783.99,-0.021435
DESC-18,328,9451.91,8998.4,251.02,-0.001194
DESC-18,329,1193.3,-11209.73,252.81,0.001239
DESC-18,331,-11631.73,-1029.68,251.97,-0.000942
DESC-18,335,-3066.44,11149.77,252.13,0.001061
DESC-18,336,4597.6,1672.53,348.34,-0.008594
DESC-18,337,12765.53,14057.19,250.04,-0.004175
DESC-18,339,-9397.45,-10805.43,250.48,0.000525
DESC-18,345,-13441.68,-3957.27,250.54,0.000955
DESC-18,346,-1261.66,13709.75,250.63,0.000139
DESC-18,347,7872.32,-12439.32,250.43,-0.00313
DESC-18,348,-4817.06,-2113.77,320.98,0.004646
DESC-18,349,13355.67,12436.39,250.06,-0.001793
DESC-18,350,-12406.77,2690.86,251.11,-0.000232
DESC-18,351,613.46,-6984.65,279.95,-0.001395
DESC-18,352,6023.78,-8084.01,255.63,-0.001832
DESC-18,354,8267.25,8543.43,251.94,-1.2e-05
DESC-18,356,-4109.56,-6545.14,268.97,-0.001921
DESC-18,362,-5244.72,7739.09,257.15,0.000263
DESC-18,363,1213.29,-13135.45,250.97,0.002325
DESC-18,364,-3549.11,8125.77,259.43,-0.001489
DESC-18,365,-548.92,-5477.13,318.09,-0.003046
DESC-18,368,13396.27,-9696.25,250.16,-0.000331
DESC-18,369,8448.02,-12234.96,250.39,-0.002226
DESC-18,372,-3928.87,-3085.46,333.89,0.001466
DESC-18,374,-5824.31,-7546.45,256.9,-0.002217
DESC-18,375,5116.91,-12464.13,250.84,-0.000374
DESC-18,376,-4842.05,-5025.08,278.23,0.000626
DESC-18,377,-3576.81,12681.59,250.87,0.001969
DESC-18,382,-925.69,-5321.41,321.64,-0.000578
DESC-18,383,-13101.65,-4582.87,250.59,0.004018
DESC-18,385,-6634.86,-10145.9,251.65,-0.001845
DESC-18,389,-9863.95,-4524.51,253.18,-0.001143
DESC-18,390,10261.57,10831.46,250.36,0.0015
DESC-18,392,-10516.74,-12016.07,250.19,0.001391
DESC-18,394,-11072.39,-9086.16,250.47,0.003033
DESC-18,397,-7317.2,-8807.59,252.37,0.000566
DESC-18,398,-12217.41,2711.74,251.22,0.00076
DESC-18,399,-7626.45,1288.87,267.42,-0.000554
DESC-18,401,8360.95,-12761.29,250.32,-0.003024
DESC-18,402,7868.19,9779.47,251.33,-0.001374
DESC-18,403,12985.26,10455.51,250.14,-0.000869
DESC-18,405,12259.35,2217.45,251.49,-0.000753
DESC-18,406,-4435.56,-14743.79,250.27,0.000529
DESC-18,407,4000.29,-7630.73,262.62,-0.00626
DESC-18,408,-11931.59,5648.71,250.83,0.002892
DESC-18,409,-4824.34,-1219.64,332.2,0.002089
DESC-18,410,-2153.88,3283.22,395.39,-0.001422
DESC-18,411,11546.5,-2293.84,252.21,-0.002352
DESC-18,412,13420.1,3265.47,250.7,0.000529
DESC-18,413,3330.73,5342.65,292.59,-0.004781
DESC-18,415,6360.37,3907.2,273.2,-0.003977
DESC-18,416,6131.38,11287.18,251.11,0.000898
DESC-18,417,-4372.84,10359.37,252.52,-0.002091
DESC-18,423,-1341.67,2027.82,583.5,-0.007375
DESC-18,428,-8615.2,13947.76,250.14,0.003118
DESC-18,429,7159.19,3519.54,267.58,-0.003313
DESC-18,430,399.26,-171.76,1457.94,-0.043894
DESC-18,431,-274.58,-370.49,1301.97,-0.035566
DESC-18,432,797.88,-64.7,1226.71,-0.047508
DESC-18,433,230.26,232.0,1420.58,-0.040126
DESC-18,436,871.69,233.55,1154.23,-0.044947
DESC-18,439,-65.82,-1333.09,940.78,-0.02902
DESC-18,441,-143.88,196.98,1368.65,-0.036134
DESC-18,442,145.02,387.71,1329.63,-0.036955
DESC-18,444,-701.19,93.5,1114.04,-0.023436
DESC-18,445,118.99,-1371.88,932.87,-0.031943
DESC-18,446,-504.31,-1170.11,940.83,-0.023733
DESC-18,449,1033.97,-101.47,1106.61,-0.048039
DESC-18,452,-432.65,-1202.16,943.52,-0.024547
DESC-18,454,-892.79,109.32,1026.99,-0.019464
DESC-18,457,332.26,-922.08,1117.46,-0.041093
DESC-18,461,854.7,-379.84,1164.85,-0.047078
DESC-18,462,-889.65,-353.48,1020.47,-0.023276
DESC-18,463,-551.24,964.73,945.9,-0.019622
DESC-18,465,-214.9,-781.57,1152.26,-0.033516
DESC-18,466,1272.5,-60.45,1000.34,-0.04436
DESC-18,468,-314.3,753.49,1074.01,-0.028286
DESC-18,469,-487.22,-1126.0,958.94,-0.023552
DESC-18,470,-1066.48,-237.98,958.2,-0.020183
DESC-18,472,-111.51,587.0,1190.31,-0.031958
DESC-18,474,778.42,927.97,973.66,-0.033544
DESC-18,478,13.6,102.49,1483.55,-0.037436
DESC-18,479,311.44,-368.46,1415.12,-0.042521
DESC-18,480,646.23,-704.17,1148.95,-0.04395
DESC-18,482,-599.52,-697.38,1066.28,-0.026206
DESC-18,483,-344.39,-927.87,1061.56,-0.028374
DESC-18,485,-939.2,-24.06,1013.81,-0.020948
DESC-18,489,-303.19,210.06,1288.26,-0.030931
DESC-18,491,-403.37,705.51,1070.91,-0.025507
DESC-18,494,-298.57,1100.8,944.01,-0.024534
DESC-18,497,1303.38,-335.69,976.26,-0.046407
DESC-18,498,1077.38,280.31,1055.53,-0.042362
DESC-18,499,-666.32,840.2,956.86,-0.016357
DESC-18,500,418.11,233.53,1363.25,-0.043274
DESC-18,503,-146.37,350.22,1297.32,-0.033852
DESC-18,505,601.71,1092.28,946.65,-0.031453
DESC-18,506,32.72,508.38,1253.17,-0.035921
DESC-18,509,-670.24,-729.5,1032.88,-0.024733
DESC-18,510,112.38,280.0,1394.97,-0.038123
DESC-18,511,-288.28,-1259.46,945.89,-0.026036
DESC-18,512,1126.6,-401.0,1040.85,-0.045524
DESC-18,513,369.53,433.17,1276.74,-0.038876
DESC-18,515,-700.11,93.96,1114.5,-0.023499
DESC-18,517,1168.67,-68.34,1044.94,-0.044288
DESC-18,518,1326.6,144.15,969.68,-0.04342
DESC-18,520,258.35,-975.18,1098.34,-0.038034
DESC-18,522,1088.49,105.06,1072.88,-0.045511
DESC-18,526,1004.59,568.39,1021.45,-0.039075
DESC-18,530,320.0,-1159.73,1012.79,-0.037798
DESC-18,533,821.56,-505.41,1150.17,-0.043886
DESC-18,534,278.57,-780.5,1192.52,-0.04066
DESC-18,541,417.97,47.68,1437.16,-0.045071
DESC-18,542,1085.39,-376.36,1061.68,-0.045809
DESC-18,543,690.51,-38.15,1285.92,-0.046776
DESC-18,544,-402.29,-968.19,1033.03,-0.027853
DESC-18,546,591.54,-81.27,1345.45,-0.046472
DESC-18,548,11.46,-1320.87,949.64,-0.031373
DESC-18,549,1333.93,-140.96,974.6,-0.042294
DESC-18,551,961.24,285.74,1103.93,-0.043618
DESC-18,552,-543.16,254.97,1162.81,-0.024302
DESC-18,553,-561.49,665.99,1039.59,-0.022959
DESC-18,554,-673.5,870.79,946.06,-0.015701
DESC-18,555,689.81,32.94,1280.54,-0.046666
DESC-18,557,228.91,568.49,1223.89,-0.036537
DESC-18,558,61.72,-116.09,1577.75,-0.039716
DESC-18,559,247.06,-443.98,1385.64,-0.041313
DESC-18,560,-53.56,978.66,1019.17,-0.027745
DESC-18,561,-178.43,-998.63,1064.23,-0.030797
DESC-18,562,263.06,1029.32,1003.51,-0.030868
DESC-18,564,-336.53,1078.59,946.53,-0.024068
DESC-18,566,121.97,-821.21,1177.18,-0.038364
DESC-18,567,694.34,-1009.94,1019.39,-0.041532
DESC-18,569,334.19,-470.58,1351.38,-0.041629
DESC-18,574,579.12,-3.3,1348.88,-0.046159
DESC-18,575,-457.56,-643.29,1133.55,-0.029712
DESC-18,576,1106.57,754.38,941.62,-0.036355
DESC-18,577,818.2,-897.86,1028.6,-0.043458
DESC-18,578,372.32,476.76,1253.42,-0.038637
DESC-18,581,528.18,-457.45,1290.43,-0.043789
DESC-18,582,1177.95,-350.82,1025.62,-0.046781
DESC-18,585,334.41,131.34,1447.99,-0.04448
DESC-18,586,230.7,105.15,1501.4,-0.04236
DESC-18,587,1348.34,-296.88,961.71,-0.045094
DESC-18,588,204.86,164.13,1468.31,-0.041004
DESC-18,592,1115.59,84.96,1062.42,-0.045522
DESC-18,593,-404.55,412.51,1177.21,-0.027016
DESC-18,594,634.15,-273.92,1297.84,-0.047368
DESC-18,597,119.26,491.64,1268.61,-0.036886
DESC-18,599,766.32,-534.74,1164.81,-0.041939
DESC-18,600,590.05,-813.46,1120.47,-0.043494
DESC-18,601,366.26,190.55,1404.94,-0.043036
DESC-18,602,7.43,-793.89,1184.3,-0.03644
DESC-18,603,-174.19,702.59,1124.48,-0.03014
DESC-18,604,-37.86,-128.21,1507.0,-0.038162
DESC-18,608,-812.74,315.43,1035.26,-0.018979
DESC-18,609,-776.75,23.13,1083.96,-0.022932
DESC-18,610,457.93,1102.48,960.08,-0.030872
DESC-18,612,-600.55,-796.81,1036.54,-0.024499
DESC-18,613,-262.35,-1127.75,998.96,-0.027593
DESC-18,617,-790.27,127.4,1069.99,-0.019934
DESC-18,619,-1027.91,-609.05,933.25,-0.020403
DESC-18,620,104.14,167.11,1467.56,-0.039908
DESC-18,623,629.27,-259.66,1303.5,-0.047983
DESC-18,627,-214.72,553.68,1182.66,-0.028714
DESC-18,628,154.32,658.02,1179.09,-0.035343
DESC-19,0,6129.37,-3195.77,283.06,-0.007943
DESC-19,2,2947.38,-7443.99,267.6,-0.005142
DESC-19,4,-12659.81,-3577.24,250.88,-0.000471
DESC-19,5,6440.82,928.92,290.64,-0.00512
DESC-19,6,5782.62,10477.42,251.82,-0.000976
DESC-19,8,8734.4,-7425.01,252.63,-0.002672
DESC-19,11,11668.91,3860.67,251.62,-0.003348
DESC-19,13,10048.84,-11062.4,250.38,-0.003189
DESC-19,14,-12506.56,12119.15,250.08,-4.7e-05
DESC-19,15,-14329.63,6225.82,250.22,-0.002566
DESC-19,16,-11433.11,303.52,252.24,0.000655
DESC-19,17,12605.65,9574.56,250.22,-0.00183
DESC-19,18,5057.81,5001.96,277.64,-0.002027
DESC-19,19,5402.17,9982.25,252.56,-0.000738
DESC-19,20,9435.83,166.16,258.03,-0.006748
DESC-19,21,14140.74,-10107.27,250.1,-0.001982
DESC-19,22,-1825.99,1584.09,583.3,-0.000455
DESC-19,23,-11902.4,-9858.45,250.25,2.3e-05
DESC-19,24,6966.1,7383.88,255.1,-0.003934
DESC-19,25,9631.75,10287.17,250.57,0.000916
DESC-19,26,5697.56,8737.96,254.29,-0.003705
DESC-19,27,-9355.2,-7127.66,251.95,0.00307
DESC-19,28,6265.57,10628.83,251.48,-0.001334
DESC-19,29,1027.16,-8117.06,265.68,-0.001358
DESC-19,32,12490.06,11964.43,250.1,-0.000467
DESC-19,33,-7437.94,4332.93,260.67,0.00177
DESC-19,34,-4047.21,-1795.32,362.76,-0.000285
DESC-19,35,-13928.41,-14931.65,250.02,0.00066
DESC-19,36,4210.21,-14680.75,250.31,0.000544
DESC-19,37,-2204.7,11961.27,251.53,-0.001179
DESC-19,39,-10627.78,4552.44,252.07,0.002937
DESC-19,40,3447.4,6216.79,276.99,-0.003165
DESC-19,41,11366.43,-3887.69,251.94,-0.00292
DESC-19,42,-722.59,1256.25,826.86,-0.014353
DESC-19,44,13425.15,-12823.53,250.05,0.000346
DESC-19,45,10879.15,-2897.52,252.95,-0.003265
DESC-19,46,-14687.05,10974.17,250.05,0.001476
DESC-19,47,2715.27,4181.24,338.32,-0.006613
DESC-19,48,-4892.48,4424.59,282.72,0.001973
DESC-19,49,-1276.57,-12677.0,251.22,-0.000218
DESC-19,51,14291.98,-5954.32,250.28,-0.001565
DESC-19,52,4366.32,-9116.38,255.5,0.002986
DESC-19,53,-4001.17,1668.08,364.65,-0.000955
DESC-19,54,5036.9,-10047.59,252.94,-0.00158
DESC-19,56,10621.27,-2722.7,253.47,-0.001735
DESC-19,57,11346.98,3906.13,251.9,-0.002718
DESC-19,58,5038.67,-7151.94,261.8,-0.001587
DESC-19,59,-10276.56,-9900.86,250.49,0.000686
DESC-19,60,5509.47,13354.61,250.45,-0.000924
DESC-19,61,-14966.48,-3675.3,250.25,-0.001345
DESC-19,62,-12267.92,6006.26,250.64,0.001436
DESC-19,63,-1517.95,-3426.73,425.36,-0.003857
DESC-19,64,-8923.93,6646.88,252.64,0.001364
DESC-19,66,5562.84,2716.4,297.44,-0.007288
DESC-19,67,146.43,-581.71,1309.44,-0.038597
DESC-19,68,-8988.84,-5455.13,253.87,0.000805
DESC-19,71,12842.38,-7175.91,250.43,-0.00229
DESC-19,72,-11404.96,-12186.31,250.13,0.00408
DESC-19,73,-13097.07,13025.98,250.04,-0.001939
DESC-19,74,-13986.64,14254.94,250.02,0.00412
DESC-19,75,3740.71,-9175.53,256.12,0.000734
DESC-19,76,10305.01,7276.21,251.32,-0.001958
DESC-19,77,-3561.22,9401.01,254.89,-0.001926
DESC-19,78,14647.57,-5980.26,250.23,-0.002817
DESC-19,81,7587.49,-9632.52,251.68,-4.3e-05
DESC-19,83,-10907.46,-2175.42,252.7,-0.001318
DESC-19,84,-14982.96,-11234.75,250.04,0.000854
DESC-19,85,-12365.9,-960.84,251.31,0.002191
DESC-19,86,-9830.29,5427.77,252.49,0.00434
DESC-19,87,4864.47,-7684.6,259.71,0.000821
DESC-19,88,-6018.86,-10637.51,251.57,0.002632
DESC-19,89,-9163.88,-13927.37,250.13,-0.002312
DESC-19,90,-1417.68,6671.04,279.78,-0.001078
DESC-19,91,-13267.28,-7954.68,250.25,0.00126
DESC-19,92,3121.32,-42.28,518.64,-0.019713
DESC-19,93,-7593.66,-5117.84,258.26,0.000789
DESC-19,94,1733.34,-917.53,767.55,-0.034373
DESC-19,95,1006.1,14270.97,250.48,-0.001137
DESC-19,96,8637.28,10943.11,250.62,0.00035
DESC-19,97,-6031.84,5289.64,264.81,0.000903
DESC-19,100,14574.91,14319.08,250.02,-0.000476
DESC-19,105,-9202.52,-9887.45,250.75,0.000431
DESC-19,106,-10751.62,-12242.46,250.16,0.000592
DESC-19,107,8349.85,11432.66,250.54,0.001741
DESC-19,108,6384.54,-772.52,292.92,-0.003504
DESC-19,109,-2503.74,-379.0,567.54,0.000429
DESC-19,110,10398.71,10934.74,250.33,-0.003926
DESC-19,111,6804.78,7006.61,256.32,-0.004097
DESC-19,112,-13598.44,-12667.44,250.04,0.000329
DESC-19,113,-7336.73,-10195.33,251.29,0.002254
DESC-19,114,1297.05,12483.63,251.27,0.000347
DESC-19,115,-5313.56,7325.97,258.43,0.003156
DESC-19,116,-7254.47,3778.25,263.54,0.005241
DESC-19,117,-2865.32,8921.6,257.17,0.000542
DESC-19,120,10180.61,-8957.99,250.82,-0.001268
DESC-19,121,1260.12,11021.41,252.85,-0.000398
DESC-19,122,12825.85,-6231.59,250.56,-0.000261
DESC-19,123,-4095.53,5460.03,278.98,0.001056
DESC-19,124,6072.05,-9801.16,252.51,-0.000888
DESC-19,125,259.75,-7940.28,267.76,0.000459
DESC-19,126,-8627.19,-6453.27,253.38,-0.001003
DESC-19,127,-4478.33,12829.92,250.69,0.000634
DESC-19,129,-14301.01,-1718.46,250.43,0.000446
DESC-19,130,642.93,2861.85,516.96,-0.009176
DESC-19,131,-9610.68,-8717.16,251.0,-0.000567
DESC-19,132,8966.77,-11108.03,250.55,-0.000675
DESC-19,134,1517.87,-608.9,869.85,-0.041946
DESC-19,135,-4421.05,14521.01,250.28,0.001998
DESC-19,137,-6132.09,9106.46,252.89,-0.001086
DESC-19,142,-9602.4,2867.55,254.88,-0.000198
DESC-19,143,1858.02,-14460.74,250.45,0.002414
DESC-19,144,11135.73,1015.15,253.04,-0.001127
DESC-19,145,-14957.16,10962.89,250.04,0.000654
DESC-19,146,-8196.86,3150.87,259.7,0.002611
DESC-19,148,-4790.74,4523.41,282.87,0.000818
DESC-19,149,-14657.04,-4450.95,250.26,0.000333
DESC-19,150,1868.98,3390.84,412.79,-0.008817
DESC-19,151,-4924.44,13058.72,250.56,-0.000484
DESC-19,152,14469.37,-1620.84,250.47,-0.002907
DESC-19,153,-10520.85,10143.35,250.38,-0.001813
DESC-19,154,4639.27,-4336.88,295.02,-0.003013
DESC-19,155,1480.02,12574.55,251.19,7.1e-05
DESC-19,156,13545.64,-6084.81,250.4,-0.000949
DESC-19,157,11787.82,14400.13,250.05,-0.001099
DESC-19,158,1615.68,-9749.08,256.12,-0.00048
DESC-19,159,-8461.14,-8400.32,251.81,-0.002211
DESC-19,161,-14299.32,-2922.51,250.39,-0.001744
DESC-19,164,-2586.4,-9007.43,257.82,0.000773
DESC-19,165,5436.92,-13896.25,250.38,-0.003154
DESC-19,169,13402.43,5018.06,250.53,0.002247
DESC-19,170,2425.83,-13713.1,250.65,0.001375
DESC-19,172,-3185.08,1572.13,427.07,0.002249
DESC-19,173,-13395.89,2447.38,250.66,0.000326
DESC-19,174,-934.9,12854.18,251.03,0.001321
DESC-19,177,-1296.47,4102.29,369.78,-0.001727
DESC-19,179,-8747.49,-12894.92,250.24,0.000955
DESC-19,183,6105.11,-2039.78,293.0,-0.008181
DESC-19,184,-11653.76,1280.97,251.9,0.000702
DESC-19,185,-8851.07,8606.13,251.34,0.00103
DESC-19,187,-1452.35,11908.85,251.69,-4.4e-05
DESC-19,189,3491.21,-1004.99,454.01,-0.020542
DESC-19,190,-7306.27,13542.75,250.25,-0.000176
DESC-19,192,-12212.75,-3467.58,251.13,0.003299
DESC-19,194,-8108.64,7218.72,253.07,0.000893
DESC-19,195,-14260.72,-6664.92,250.21,-0.003896
DESC-19,196,6620.93,3387.35,273.71,-0.002942
DESC-19,197,12034.91,-8995.71,250.36,-0.004169
DESC-19,198,5109.42,7371.14,259.69,-0.005654
DESC-19,199,-1880.93,12142.27,251.43,0.000106
DESC-19,200,-145.35,-3700.64,436.06,-0.010317
DESC-19,201,4919.77,-14635.7,250.28,0.002101
DESC-19,202,-7162.19,-166.15,274.09,0.001195
DESC-19,203,1787.97,12515.39,251.21,0.00318
DESC-19,205,6732.79,4400.44,266.78,-0.002568
DESC-19,207,6200.86,1778.1,291.58,-0.006173
DESC-19,208,-7441.72,-9424.37,251.74,0.003717
DESC-19,209,5023.11,3806.16,293.88,-0.003769
DESC-19,210,-12412.65,-3184.91,251.06,0.000626
DESC-19,211,10317.64,14503.08,250.07,0.000351
DESC-19,212,4069.37,13268.44,250.62,0.001357
DESC-19,213,5030.09,14762.17,250.24,-0.000732
DESC-19,214,5792.73,9687.2,252.66,0.000915
DESC-19,218,8018.87,14026.22,250.18,0.000389
DESC-19,219,-4978.2,10873.24,251.69,-0.001455
DESC-19,222,-1712.49,958.58,678.17,-0.008674
DESC-19,223,-134.19,-7788.67,269.27,0.002143
DESC-19,224,-3555.29,10522.76,252.73,0.001078
DESC-19,228,-3916.84,4575.2,295.16,0.001845
DESC-19,230,5896.34,-14015.99,250.32,-0.002414
DESC-19,231,-7039.58,-799.89,275.28,0.002259
DESC-19,232,1353.9,-7632.92,269.99,-0.00113
DESC-19,233,-4668.97,-13164.1,250.61,-0.000933
DESC-19,234,8651.81,-5091.38,255.82,-0.002272
DESC-19,235,6040.39,-14930.35,250.2,-0.001935
DESC-19,236,-14438.63,12717.06,250.03,-0.000586
DESC-19,237,-4086.65,-13204.36,250.66,0.00143
DESC-19,239,4916.38,11693.99,251.21,-0.002166
DESC-19,240,13506.35,-12916.21,250.05,0.000339
DESC-19,241,6668.45,-6244.06,259.58,-0.002175
DESC-19,247,634.03,11635.92,252.07,0.000827
DESC-19,249,-8649.09,-6826.45,252.96,0.000977
DESC-19,250,4859.19,9462.4,253.79,-0.000944
DESC-19,251,8224.26,-5414.85,256.47,-0.00445
DESC-19,252,5292.51,-9460.62,253.67,-0.000367
DESC-19,253,14774.82,-12189.97,250.04,0.00121
DESC-19,254,1504.03,11466.62,252.19,0.000131
DESC-19,258,-9301.97,11325.63,250.37,-0.000381
DESC-19,260,-14731.12,13378.8,250.02,-0.000742
DESC-19,261,-2360.91,-7054.22,272.79,-0.001209
DESC-19,263,11210.0,13438.09,250.09,-0.001551
DESC-19,264,-9423.97,-2492.32,255.81,0.002719
DESC-19,265,-10088.86,14425.58,250.07,-0.000614
DESC-19,268,-3270.71,14299.34,250.38,0.000325
DESC-19,270,11983.5,8389.96,250.43,0.000703
DESC-19,271,8178.45,13235.89,250.25,0.001664
DESC-19,272,-11599.21,12171.94,250.11,-0.001235
DESC-19,274,-11251.69,10758.27,250.22,-0.001537
DESC-19,275,-14573.5,9388.01,250.08,0.000795
DESC-19,277,-3578.3,5443.77,284.53,0.001195
DESC-19,278,9517.96,-4421.88,254.52,-0.002714
DESC-19,279,-9679.3,-7873.64,251.32,-0.001945
DESC-19,280,-12280.07,-1106.44,251.37,0.002161
DESC-19,283,-1894.76,2714.71,454.47,-0.001295
DESC-19,287,12605.53,14979.09,250.03,-0.000818
DESC-19,288,6974.38,6609.19,256.93,-0.004189
DESC-19,290,-4829.27,10815.97,251.8,-0.001058
DESC-19,292,-5155.78,-9641.25,253.22,0.001292
DESC-19,294,14777.13,-7858.59,250.14,0.000127
DESC-19,297,-13165.28,-1221.7,250.84,0.00171
DESC-19,298,13249.07,-5017.85,250.59,0.000594
DESC-19,299,-8860.18,-12701.16,250.25,-0.000942
DESC-19,300,1627.63,-6562.07,284.84,-0.004565
DESC-19,302,10861.04,-11041.34,250.28,-0.002281
DESC-19,304,-4075.98,-4822.88,291.06,0.000633
DESC-19,305,-14564.11,-11198.42,250.05,0.001032
DESC-19,306,8563.08,-12080.47,250.41,-0.002481
DESC-19,307,3449.02,1645.78,426.94,-0.01518
DESC-19,308,11012.56,8452.82,250.65,-0.001963
DESC-19,309,-4696.94,-11590.23,251.36,0.003196
DESC-19,310,12098.06,11143.23,250.16,-0.002013
DESC-19,311,5695.6,-12453.33,250.75,0.00092
DESC-19,312,12614.37,-13018.21,250.06,0.001829
DESC-19,313,-4656.0,11558.21,251.28,-0.000376
DESC-19,314,-1292.16,-4735.54,343.37,-0.003968
DESC-19,316,2442.72,-3492.08,392.66,-0.012327
DESC-19,317,4033.25,-11670.01,251.57,0.000153
DESC-19,319,-13637.19,7137.7,250.25,0.001051
DESC-19,321,10549.99,-5924.7,251.85,-0.001181
DESC-19,322,-11585.92,7117.85,250.67,-0.00073
DESC-19,328,9451.91,8998.4,251.02,-0.003996
DESC-19,329,1193.3,-11209.73,252.81,-0.003232
DESC-19,330,-9671.21,3143.73,254.49,0.00191
DESC-19,331,-11631.73,-1029.68,251.97,-0.00061
DESC-19,332,-7161.41,-6059.5,257.37,-0.000106
DESC-19,333,-3629.92,8353.32,258.25,-5e-05
DESC-19,334,13624.48,-4400.03,250.54,-0.002027
DESC-19,335,-3066.44,11149.77,252.13,0.001512
DESC-19,337,12765.53,14057.19,250.04,0.000149
DESC-19,338,-5523.08,-6068.12,264.32,0.00051
DESC-19,340,-14826.24,-180.65,250.34,0.005838
DESC-19,341,3665.15,-8937.36,257.03,8.2e-05
DESC-19,342,7401.55,-9249.17,252.12,-0.000662
DESC-19,343,-277.14,8562.86,261.44,-0.001025
DESC-19,344,-2565.25,-5140.86,307.6,-0.003153
DESC-19,345,-13441.68,-3957.27,250.54,-0.001692
DESC-19,347,7872.32,-12439.32,250.43,-0.001909
DESC-19,348,-4817.06,-2113.77,320.98,0.00253
DESC-19,349,13355.67,12436.39,250.06,-0.000597
DESC-19,350,-12406.77,2690.86,251.11,0.001528
DESC-19,351,613.46,-6984.65,279.95,-0.00256
DESC-19,353,-12631.36,868.42,251.13,-0.001854
DESC-19,354,8267.25,8543.43,251.94,-0.003135
DESC-19,355,-2234.4,12128.0,251.4,-0.000286
DESC-19,357,-48.89,7341.69,272.64,-0.001729
DESC-19,358,10548.01,-12194.93,250.2,0.000104
DESC-19,359,3963.66,3458.87,327.78,-0.008305
DESC-19,360,2382.11,-12361.81,251.36,-0.001059
DESC-19,361,13140.65,3887.76,250.74,-0.00093
DESC-19,362,-5244.72,7739.09,257.15,0.003482
DESC-19,363,1213.29,-13135.45,250.97,-0.002773
DESC-19,365,-548.92,-5477.13,318.09,-0.00314
DESC-19,367,-10602.94,713.73,253.5,0.000749
DESC-19,368,13396.27,-9696.25,250.16,-0.0014
DESC-19,371,-6641.25,7088.77,255.8,-0.001908
DESC-19,372,-3928.87,-3085.46,333.89,-0.000111
DESC-19,374,-5824.31,-7546.45,256.9,0.001666
DESC-19,375,5116.91,-12464.13,250.84,-0.001285
DESC-19,376,-4842.05,-5025.08,278.23,-0.003816
DESC-19,377,-3576.81,12681.59,250.87,-0.001295
DESC-19,378,2517.15,-6312.75,284.48,-0.002199
DESC-19,380,2472.51,8118.4,262.31,0.00123
DESC-19,381,-13089.95,-7932.3,250.27,0.000891
DESC-19,382,-925.69,-5321.41,321.64,-0.003536
DESC-19,383,-13101.65,-4582.87,250.59,-0.000577
DESC-19,384,-11717.74,14044.14,250.05,-0.000129
DESC-19,385,-6634.86,-10145.9,251.65,-0.00094
DESC-19,387,-7273.27,-6995.34,254.99,0.000193
DESC-19,391,4923.48,14689.49,250.25,-0.000282
DESC-19,393,8271.65,9430.4,251.34,-0.001167
DESC-19,394,-11072.39,-9086.16,250.47,0.000126
DESC-19,395,-12925.96,5022.91,250.57,0.000776
DESC-19,396,8341.56,-3401.5,260.31,-0.002238
DESC-19,398,-12217.41,2711.74,251.22,0.001492
DESC-19,399,-7626.45,1288.87,267.42,0.001215
DESC-19,400,1640.66,11469.66,252.17,0.000184
DESC-19,401,8360.95,-12761.29,250.32,-0.00417
DESC-19,402,7868.19,9779.47,251.33,0.000399
DESC-19,403,12985.26,10455.51,250.14,0.000216
DESC-19,405,12259.35,2217.45,251.49,-0.002257
DESC-19,406,-4435.56,-14743.79,250.27,0.001532
DESC-19,408,-11931.59,5648.71,250.83,0.002375
DESC-19,409,-4824.34,-1219.64,332.2,0.004558
DESC-19,410,-2153.88,3283.22,395.39,0.002579
DESC-19,412,13420.1,3265.47,250.7,0.001206
DESC-19,416,6131.38,11287.18,251.11,0.000751
DESC-19,421,-3638.19,208.71,419.62,0.002088
DESC-19,422,4870.5,1653.26,335.67,-0.008586
DESC-19,423,-1341.67,2027.82,583.5,-0.002797
DESC-19,424,3951.88,1309.74,397.73,-0.012466
DESC-19,425,8860.15,-4428.45,256.27,-0.004143
DESC-19,426,-14279.51,-14900.03,250.01,0.001097
DESC-19,427,-12481.34,1826.28,251.16,-0.00016
DESC-19,428,-8615.2,13947.76,250.14,-0.000269
DESC-19,429,7159.19,3519.54,267.58,-0.004818
DESC-19,430,399.26,-171.76,1457.94,-0.046282
DESC-19,431,-274.58,-370.49,1301.97,-0.032681
DESC-19,432,797.88,-64.7,1226.71,-0.046054
DESC-19,433,230.26,232.0,1420.58,-0.039573
DESC-19,434,-370.26,-188.86,1292.04,-0.031662
DESC-19,435,742.89,-30.72,1255.97,-0.046991
DESC-19,436,871.69,233.55,1154.23,-0.043629
DESC-19,437,416.6,-554.69,1284.6,-0.044597
DESC-19,440,95.7,-1286.2,965.83,-0.034205
DESC-19,441,-143.88,196.98,1368.65,-0.034449
DESC-19,442,145.02,387.71,1329.63,-0.035601
DESC-19,445,118.99,-1371.88,932.87,-0.032047
DESC-19,446,-504.31,-1170.11,940.83,-0.026855
DESC-19,447,-377.87,-773.83,1112.55,-0.0302
DESC-19,449,1033.97,-101.47,1106.61,-0.045534
DESC-19,451,-456.33,199.97,1216.04,-0.027066
DESC-19,452,-432.65,-1202.16,943.52,-0.026296
DESC-19,454,-892.79,109.32,1026.99,-0.019784
DESC-19,455,-1033.16,127.17,968.32,-0.015205
DESC-19,458,183.5,1016.33,1011.18,-0.033496
DESC-19,459,814.98,-695.17,1096.37,-0.043985
DESC-19,460,1115.0,602.08,976.12,-0.038958
DESC-19,461,854.7,-379.84,1164.85,-0.048108
DESC-19,462,-889.65,-353.48,1020.47,-0.021611
DESC-19,463,-551.24,964.73,945.9,-0.019991
DESC-19,464,1294.81,200.14,977.39,-0.042802
DESC-19,465,-214.9,-781.57,1152.26,-0.032883
DESC-19,466,1272.5,-60.45,1000.34,-0.042031
DESC-19,468,-314.3,753.49,1074.01,-0.026764
DESC-19,469,-487.22,-1126.0,958.94,-0.026413
DESC-19,471,220.82,-1204.72,998.55,-0.035852
DESC-19,472,-111.51,587.0,1190.31,-0.031759
DESC-19,474,778.42,927.97,973.66,-0.037167
DESC-19,476,658.71,-313.52,1275.83,-0.048407
DESC-19,477,959.1,-540.31,1084.7,-0.045791
DESC-19,478,13.6,102.49,1483.55,-0.038461
DESC-19,479,311.44,-368.46,1415.12,-0.043996
DESC-19,481,-446.92,-1024.56,1002.55,-0.027324
DESC-19,482,-599.52,-697.38,1066.28,-0.027512
DESC-19,483,-344.39,-927.87,1061.56,-0.028999
DESC-19,485,-939.2,-24.06,1013.81,-0.018948
DESC-19,486,-206.24,221.07,1330.42,-0.032943
DESC-19,488,1230.7,-587.95,971.14,-0.046669
DESC-19,491,-403.37,705.51,1070.91,-0.025345
DESC-19,493,222.05,254.4,1407.69,-0.039756
DESC-19,494,-298.57,1100.8,944.01,-0.024655
DESC-19,495,-360.01,25.15,1298.3,-0.031847
DESC-19,496,819.18,877.6,981.58,-0.038925
DESC-19,497,1303.38,-335.69,976.26,-0.0456
DESC-19,498,1077.38,280.31,1055.53,-0.043078
DESC-19,500,418.11,233.53,1363.25,-0.041226
DESC-19,501,1400.92,-96.92,948.69,-0.041578
DESC-19,502,1005.91,-631.37,1045.2,-0.045852
DESC-19,503,-146.37,350.22,1297.32,-0.033402
DESC-19,505,601.71,1092.28,946.65,-0.033374
DESC-19,506,32.72,508.38,1253.17,-0.032671
DESC-19,507,-214.24,-299.33,1355.46,-0.03226
DESC-19,508,1002.74,490.45,1041.76,-0.041486
DESC-19,510,112.38,280.0,1394.97,-0.037593
DESC-19,511,-288.28,-1259.46,945.89,-0.028057
DESC-19,516,-636.12,360.07,1098.71,-0.022276
DESC-19,517,1168.67,-68.34,1044.94,-0.042924
DESC-19,518,1326.6,144.15,969.68,-0.043318
DESC-19,519,1316.08,199.86,969.11,-0.043266
DESC-19,520,258.35,-975.18,1098.34,-0.035411
DESC-19,522,1088.49,105.06,1072.88,-0.043418
DESC-19,523,742.61,-298.31,1235.72,-0.047071
DESC-19,525,907.96,-1046.6,957.55,-0.038956
DESC-19,526,1004.59,568.39,1021.45,-0.039184
DESC-19,527,787.11,-1075.38,976.08,-0.039661
DESC-19,528,531.72,-731.41,1170.37,-0.042204
DESC-19,529,-83.31,-927.53,1109.08,-0.032442
DESC-19,530,320.0,-1159.73,1012.79,-0.034659
DESC-19,531,381.46,1111.85,963.17,-0.033649
DESC-19,532,409.91,-165.01,1452.68,-0.04661
DESC-19,533,821.56,-505.41,1150.17,-0.046881
DESC-19,534,278.57,-780.5,1192.52,-0.037299
DESC-19,536,-53.32,-689.59,1229.68,-0.034703
DESC-19,537,497.99,-1027.87,1048.92,-0.03859
DESC-19,538,-269.12,-1264.83,946.47,-0.028187
DESC-19,539,-1.33,1088.85,977.38,-0.031032
DESC-19,541,417.97,47.68,1437.16,-0.044729
DESC-19,542,1085.39,-376.36,1061.68,-0.047948
DESC-19,545,675.16,-744.35,1124.59,-0.04342
DESC-19,547,-402.79,165.55,1250.43,-0.02687
DESC-19,548,11.46,-1320.87,949.64,-0.03068
DESC-19,549,1333.93,-140.96,974.6,-0.042522
DESC-19,551,961.24,285.74,1103.93,-0.042917
DESC-19,552,-543.16,254.97,1162.81,-0.025503
DESC-19,553,-561.49,665.99,1039.59,-0.020323
DESC-19,556,-235.22,453.59,1221.27,-0.030283
DESC-19,557,228.91,568.49,1223.89,-0.037082
DESC-19,558,61.72,-116.09,1577.75,-0.03999
DESC-19,559,247.06,-443.98,1385.64,-0.043324
DESC-19,561,-178.43,-998.63,1064.23,-0.029149
DESC-19,562,263.06,1029.32,1003.51,-0.034757
DESC-19,563,822.25,-730.24,1082.67,-0.044275
DESC-19,564,-336.53,1078.59,946.53,-0.023726
DESC-19,565,-208.12,632.72,1148.83,-0.031033
DESC-19,566,121.97,-821.21,1177.18,-0.035245
DESC-19,567,694.34,-1009.94,1019.39,-0.04023
DESC-19,569,334.19,-470.58,1351.38,-0.04366
DESC-19,570,-82.19,-1040.46,1058.57,-0.029856
DESC-19,572,71.28,-276.36,1494.76,-0.040247
DESC-19,573,-403.43,294.11,1215.95,-0.02775
DESC-19,574,579.12,-3.3,1348.88,-0.044892
DESC-19,576,1106.57,754.38,941.62,-0.039828
DESC-19,577,818.2,-897.86,1028.6,-0.041291
DESC-19,578,372.32,476.76,1253.42,-0.039825
DESC-19,579,-400.86,-963.21,1035.2,-0.026994
DESC-19,581,528.18,-457.45,1290.43,-0.048222
DESC-19,582,1177.95,-350.82,1025.62,-0.04605
DESC-19,583,10.5,-928.62,1118.22,-0.034256
DESC-19,587,1348.34,-296.88,961.71,-0.044508
DESC-19,588,204.86,164.13,1468.31,-0.041292
DESC-19,589,344.5,478.4,1258.0,-0.038868
DESC-19,590,252.57,427.45,1300.07,-0.037999
DESC-19,592,1115.59,84.96,1062.42,-0.043403
DESC-19,593,-404.55,412.51,1177.21,-0.025871
DESC-19,595,-358.78,-352.45,1265.97,-0.030941
DESC-19,597,119.26,491.64,1268.61,-0.034467
DESC-19,598,-892.76,-484.98,1002.02,-0.02128
DESC-19,602,7.43,-793.89,1184.3,-0.034769
DESC-19,603,-174.19,702.59,1124.48,-0.029524
DESC-19,604,-37.86,-128.21,1507.0,-0.038721
DESC-19,605,-618.62,415.33,1092.38,-0.0219
DESC-19,607,212.56,-1199.18,1001.06,-0.035797
DESC-19,608,-812.74,315.43,1035.26,-0.020193
DESC-19,609,-776.75,23.13,1083.96,-0.023161
DESC-19,611,-314.95,-579.85,1208.12,-0.032233
DESC-19,612,-600.55,-796.81,1036.54,-0.025992
DESC-19,614,992.94,317.26,1084.24,-0.042202
DESC-19,618,-734.22,-396.48,1080.87,-0.025751
DESC-19,619,-1027.91,-609.05,933.25,-0.019779
DESC-19,621,1301.49,-353.96,975.35,-0.046288
DESC-19,622,1024.67,-333.0,1094.19,-0.047181
DESC-19,623,629.27,-259.66,1303.5,-0.04949
DESC-19,624,-250.2,595.93,1154.9,-0.029337
DESC-19,625,744.91,992.53,958.29,-0.035775
DESC-19,627,-214.72,553.68,1182.66,-0.030285
DESC-19,628,154.32,658.02,1179.09,-0.036679
DESC-19,629,-1142.05,25.47,931.32,-0.014054
