interferogram_id,point_id,x_m,y_m,elevation_m,los_displacement_m
ASC-01,0,875.67,497.86,1173.71,0.004596
ASC-01,1,2780.5,1765.71,412.23,0.011498
ASC-01,2,1929.8,624.99,688.02,0.004159
ASC-01,3,-1923.55,2119.45,411.65,-0.01318
ASC-01,4,-1398.84,353.29,681.09,-0.007591
ASC-01,5,2614.87,-2112.99,369.29,0.019682
ASC-01,6,-3463.14,579.08,320.51,-0.023493
ASC-01,7,2248.6,-63.45,604.37,0.014068
ASC-01,8,2079.49,-2338.45,389.9,0.01813
ASC-01,9,-224.46,834.16,1066.62,-0.000603
ASC-01,10,-1378.77,2218.72,460.56,-0.014135
ASC-01,11,-1551.02,-2554.39,364.16,-0.001735
ASC-01,12,-1715.91,314.62,590.38,-0.010332
ASC-01,13,-384.47,1635.81,719.47,-0.010974
ASC-01,14,31.84,-678.88,1012.92,-0.001598
ASC-01,15,374.48,-1609.68,648.43,0.005619
ASC-01,16,3468.5,-894.04,360.54,0.01701
ASC-01,17,2048.63,291.89,666.78,0.008879
ASC-01,18,855.25,1306.62,857.08,0.001256
ASC-01,19,3422.72,414.23,386.14,0.021617
ASC-01,20,-1992.84,-2750.82,324.21,0.001514
ASC-01,21,-2378.52,2225.2,359.9,-0.020649
ASC-01,22,787.78,2967.02,430.46,-0.00023
ASC-01,23,-3192.41,-2790.95,269.95,-0.005954
ASC-01,24,-3250.24,-1753.36,300.66,-0.010325
ASC-01,25,104.22,-2284.23,484.84,0.008021
ASC-01,26,-236.56,2444.09,522.14,-0.011232
ASC-01,27,2920.17,2871.95,323.76,0.012204
ASC-01,28,904.58,-3190.08,351.03,0.008919
ASC-01,29,98.82,-1173.06,794.71,0.002677
ASC-01,30,-21.89,-2152.54,508.05,0.00896
ASC-01,31,-1767.4,-213.27,567.86,-0.010266
ASC-01,32,-3417.44,2951.13,268.72,-0.032276
ASC-01,33,-2153.18,-3008.79,301.54,-0.000676
ASC-01,34,1344.22,-2301.05,446.25,0.00945
ASC-01,35,-2095.75,-90.8,500.16,-0.01389
ASC-01,36,-913.25,168.24,867.88,-0.002503
ASC-01,37,-3473.86,1718.51,299.61,-0.022541
ASC-01,38,2310.33,-436.2,567.78,0.014443
ASC-01,39,-2418.77,-2512.04,315.94,-0.004141
ASC-01,40,-1626.8,-1024.72,527.39,-0.004099
ASC-01,41,2662.33,3374.65,307.25,0.009677
ASC-01,42,68.54,1755.06,725.89,-0.004295
ASC-01,43,2430.05,-2685.59,337.3,0.018072
ASC-01,44,978.02,2157.46,576.97,0.001181
ASC-01,45,1692.4,-1323.51,578.89,0.012465
ASC-01,46,-2859.53,1969.78,334.15,-0.02421
ASC-01,47,288.01,-3410.95,335.09,0.008632
ASC-01,48,54.41,2598.89,500.55,-0.01085
ASC-01,49,2599.38,-2363.83,351.0,0.01813
ASC-01,50,-971.15,-309.75,801.96,-0.006402
ASC-01,51,687.29,1132.29,965.25,0.000755
ASC-01,52,-3085.24,55.09,356.7,-0.019544
ASC-01,53,-786.58,-2342.22,437.48,0.003222
ASC-01,54,-1238.75,-2526.17,386.09,0.001598
ASC-01,55,-2448.6,-1508.26,373.43,-0.010117
ASC-01,56,2214.37,-3133.26,315.66,0.014846
ASC-01,57,-843.88,-1984.19,489.89,7.8e-05
ASC-01,58,3351.24,-2589.26,295.32,0.021203
ASC-01,59,629.94,-246.42,1236.02,0.00676
ASC-01,60,735.39,-1004.43,838.69,0.00764
ASC-01,61,965.98,607.83,1091.23,0.003799
ASC-01,62,1235.15,-1533.85,603.39,0.012555
ASC-01,63,-2444.48,-3262.62,278.86,-0.003065
ASC-01,64,-417.81,-1182.23,731.07,0.003167
ASC-01,65,-1823.05,1786.26,456.32,-0.015734
ASC-01,66,-682.51,-1709.13,558.46,-0.003458
ASC-01,67,-2823.07,-668.16,372.82,-0.008148
ASC-01,68,3274.8,1784.82,358.56,0.018769
ASC-01,69,-1994.97,-653.23,493.22,-0.010521
ASC-01,70,1202.36,2709.87,453.44,0.001927
ASC-01,71,-1397.06,2926.48,376.31,-0.01821
ASC-01,72,2618.54,-1326.29,435.73,0.016094
ASC-01,73,1135.5,1651.75,691.05,-0.000223
ASC-01,74,-2578.69,-1728.18,348.91,-0.009605
ASC-01,75,2415.52,-2523.34,350.54,0.01861
ASC-01,76,3114.64,-434.83,419.13,0.017436
ASC-01,77,2827.42,717.31,468.63,0.01692
ASC-01,78,488.03,3049.14,423.56,-0.004363
ASC-01,79,-2481.78,-2478.69,314.28,-0.001935
ASC-01,80,-2152.76,1486.54,436.69,-0.018485
ASC-01,81,2995.34,-171.75,444.52,0.017457
ASC-01,82,366.29,-2578.03,435.25,0.004759
ASC-01,83,-2236.13,3308.61,303.4,-0.028006
ASC-01,84,2688.4,1370.38,454.69,0.015067
ASC-01,85,991.0,-2597.99,419.61,0.007337
ASC-01,86,487.86,2840.29,456.87,-0.003476
ASC-01,87,-865.99,-2778.34,377.85,0.003933
ASC-01,88,-623.31,-2851.39,379.09,0.003364
ASC-01,89,-1823.58,-1179.14,477.31,-0.006158
ASC-01,90,-3233.6,3065.71,272.25,-0.032605
ASC-01,91,2633.53,-3268.83,292.4,0.016506
ASC-01,92,-225.89,2927.45,435.43,-0.009776
ASC-01,93,333.45,781.28,1217.45,0.001672
ASC-01,94,-1244.86,-3030.64,337.81,0.002056
ASC-01,95,1759.27,480.14,757.02,0.004328
ASC-01,96,-3323.62,-288.46,331.06,-0.016452
ASC-01,97,-894.7,447.89,865.0,-0.004757
ASC-01,98,-3287.55,1660.42,313.4,-0.021487
ASC-01,99,-2639.76,1250.33,387.18,-0.014672
ASC-01,100,3270.04,3480.59,278.49,0.016343
ASC-01,101,1104.33,-2403.32,443.89,0.008416
ASC-01,102,-502.46,2189.99,558.8,-0.01139
ASC-01,103,166.18,-622.35,1060.73,-0.000735
ASC-01,104,2609.66,1983.15,414.42,0.009394
ASC-01,105,-1090.53,2742.45,417.31,-0.01715
ASC-01,106,632.04,3443.99,370.59,-0.005005
ASC-01,107,1285.79,-1637.71,573.51,0.011498
ASC-01,108,-1012.1,-329.43,784.03,-0.005625
ASC-01,109,133.69,3099.45,416.39,-0.008569
ASC-01,110,1856.73,3120.17,365.19,0.004481
ASC-01,111,2864.26,-889.88,434.09,0.014015
ASC-01,112,-2442.56,3081.47,305.76,-0.02429
ASC-01,113,3033.94,-658.76,422.03,0.016788
ASC-01,114,-3463.75,-876.64,310.32,-0.010699
ASC-01,115,1770.84,1796.34,552.88,0.007165
ASC-01,116,2173.69,-201.52,618.11,0.015369
ASC-01,117,-2542.65,-362.61,417.32,-0.012637
ASC-01,118,-567.67,-797.17,821.42,0.000294
ASC-01,119,2206.79,-470.37,589.85,0.017437
ASC-01,120,-3400.1,-2521.28,270.19,-0.009394
ASC-01,121,899.23,-3072.74,363.22,0.010329
ASC-01,122,2051.17,1777.95,511.61,0.011138
ASC-01,123,91.03,451.5,1406.2,0.001355
ASC-01,124,1580.95,1203.23,707.0,0.006652
ASC-01,125,-1915.04,2116.35,412.85,-0.012723
ASC-01,126,-2110.35,-1889.26,378.88,-0.006495
ASC-01,127,-958.11,-1863.59,499.46,-0.000546
ASC-01,128,-2244.16,-1554.64,391.11,-0.009606
ASC-01,129,-1077.57,-1372.53,572.23,-0.003385
ASC-01,130,3136.87,1824.84,369.65,0.015661
ASC-01,131,513.33,-880.73,919.7,0.004584
ASC-01,132,-1119.52,-1237.68,590.06,-0.002992
ASC-01,133,-1599.33,954.11,584.08,-0.011133
ASC-01,134,3164.28,-2194.01,324.53,0.016935
ASC-01,135,-388.65,-2755.06,398.42,0.008268
ASC-01,136,3362.76,1379.93,368.19,0.020531
ASC-01,137,108.66,1795.12,713.98,-0.003582
ASC-01,138,148.16,-1425.45,705.16,0.003579
ASC-01,139,2775.78,952.29,467.25,0.015554
ASC-01,140,1699.37,-3261.46,324.48,0.014783
ASC-01,141,564.57,-669.77,1018.23,0.005359
ASC-01,142,-513.45,545.71,1032.12,-0.005855
ASC-01,143,2647.32,-1726.07,398.14,0.018468
ASC-01,144,-618.48,-1062.5,729.74,0.00504
ASC-01,145,2959.32,766.85,444.82,0.014864
ASC-01,146,-3018.99,629.28,361.12,-0.017699
ASC-01,147,-490.02,-2420.66,441.88,0.005912
ASC-01,148,136.6,1446.07,848.97,-0.003308
ASC-01,149,3156.57,-2939.8,288.53,0.02205
ASC-01,150,-1743.01,3288.07,327.07,-0.024692
ASC-01,151,2142.27,-2083.47,412.14,0.017099
ASC-01,152,1235.3,-1725.16,560.08,0.012871
ASC-01,153,1519.6,-2097.9,464.78,0.011616
ASC-01,154,907.36,3440.49,366.55,-0.003161
ASC-01,155,3300.92,-1493.84,350.79,0.018339
ASC-01,156,-1171.23,737.05,728.0,-0.008893
ASC-01,157,-712.07,3434.44,356.62,-0.012104
ASC-01,158,-2079.62,3150.47,319.85,-0.02652
ASC-01,159,-3145.07,-3203.55,259.42,-0.001688
ASC-01,160,-2009.64,148.29,521.52,-0.01474
ASC-01,161,2908.25,709.13,455.08,0.016616
ASC-01,162,2381.18,1416.77,500.68,0.011714
ASC-01,163,-2713.16,-1148.63,366.07,-0.014413
ASC-01,164,726.45,-1204.64,763.74,0.007513
ASC-01,165,-145.62,-3470.01,327.56,0.006116
ASC-01,166,662.79,-3253.34,348.16,0.008459
ASC-01,167,1114.93,350.4,1063.3,0.007919
ASC-01,168,-1353.38,-2968.79,338.44,0.000205
ASC-01,169,3229.46,-2082.63,326.14,0.016256
ASC-01,170,-239.12,-1167.1,763.13,0.004617
ASC-01,171,896.71,-3006.7,370.5,0.010018
ASC-01,172,946.58,-3283.98,341.3,0.011748
ASC-01,173,-2212.77,2988.44,322.83,-0.024022
ASC-01,174,-3066.94,-453.54,352.43,-0.014524
ASC-01,175,-619.38,-2065.81,493.85,0.001933
ASC-01,176,1848.21,1459.16,596.56,0.010238
ASC-01,177,2206.55,-3433.88,297.27,0.017308
ASC-01,178,1609.92,-1784.88,507.29,0.012707
ASC-01,179,-2707.57,3225.25,287.3,-0.028282
ASC-01,180,2893.48,2783.83,330.66,0.01201
ASC-01,181,2114.26,951.48,605.07,0.007992
ASC-01,182,2643.84,-2847.58,315.6,0.021235
ASC-01,183,163.13,-1273.64,759.23,0.003337
ASC-01,184,2909.45,-3304.47,281.48,0.017005
ASC-01,185,-3173.43,-1965.66,297.94,-0.010037
ASC-01,186,-3287.98,-3321.96,252.53,-0.000878
ASC-01,187,-3358.49,-2616.85,269.06,-0.007375
ASC-01,188,-1730.62,932.5,555.7,-0.012363
ASC-01,189,-1760.01,-2796.9,332.79,-0.00067
ASC-01,190,-2187.48,-2409.66,335.6,-0.002886
ASC-01,191,469.39,2819.66,460.64,-0.00502
ASC-01,192,-3227.1,-1151.83,320.91,-0.013857
ASC-01,193,632.72,-1169.02,786.38,0.007626
ASC-01,194,-2337.92,-2894.22,299.73,-0.002516
ASC-01,195,1245.12,2071.51,570.73,0.003004
ASC-01,196,-3352.47,1234.64,319.39,-0.019851
ASC-01,197,-1326.01,329.93,705.61,-0.006381
ASC-01,198,3068.39,825.39,426.13,0.01626
ASC-01,199,268.77,-2797.34,403.34,0.010029
ASC-01,200,2181.11,-1677.86,454.99,0.016754
ASC-01,201,1106.18,585.49,1026.73,0.004594
ASC-01,202,775.26,3165.62,402.53,-0.001053
ASC-01,203,-2161.23,2219.92,379.57,-0.017359
ASC-01,204,520.76,985.08,1070.9,-0.000362
ASC-01,205,-3222.2,131.73,343.26,-0.019687
ASC-01,206,2111.65,-3394.07,302.51,0.016282
ASC-01,207,3220.5,2735.01,313.87,0.011355
ASC-01,208,2478.06,-3032.02,311.6,0.017383
ASC-01,209,-3145.03,-2596.43,277.88,-0.007083
ASC-01,210,-1129.38,1351.5,641.22,-0.011837
ASC-01,211,-1273.98,2185.01,477.09,-0.016144
ASC-01,212,-2710.98,2005.85,344.4,-0.023468
ASC-01,213,886.28,-333.17,1084.4,0.007182
ASC-01,214,2082.21,-2260.61,397.89,0.017693
ASC-01,215,-1303.95,-3252.88,318.52,0.000927
ASC-01,216,2539.66,2459.66,379.86,0.011053
ASC-01,217,2079.89,3343.88,334.92,0.003701
ASC-01,218,-2596.03,-1791.05,344.06,-0.009304
ASC-01,219,1868.01,2562.53,426.53,0.008585
ASC-01,220,2678.35,-682.28,476.46,0.013789
ASC-01,221,-2119.02,-1320.59,423.27,-0.009336
ASC-01,222,515.49,36.08,1452.28,0.00612
ASC-01,223,971.25,-3442.82,326.95,0.011402
ASC-01,224,765.34,-401.0,1103.7,0.006374
ASC-01,225,-2826.28,-2103.12,312.68,-0.007107
ASC-01,226,1128.34,1487.2,740.64,0.002805
ASC-01,227,923.68,18.0,1172.71,0.003388
ASC-01,228,2267.2,2581.97,391.27,0.007971
ASC-01,229,2124.59,2776.54,382.81,0.005831
ASC-01,230,-1209.82,-1282.69,565.94,-0.004697
ASC-01,231,1554.33,-1537.31,559.49,0.011134
ASC-01,232,2570.91,3073.91,330.49,0.007866
ASC-01,233,2750.63,27.98,491.62,0.016282
ASC-01,234,-2369.41,-2824.39,301.89,-0.003576
ASC-01,235,-3313.08,-3178.8,255.44,-0.002203
ASC-01,236,1055.65,3432.98,363.99,-0.001113
ASC-01,237,-1997.27,554.15,518.5,-0.014671
ASC-01,238,445.97,-3118.55,363.81,0.00896
ASC-01,239,3113.63,78.79,429.46,0.020895
ASC-01,240,-844.76,28.73,893.36,-0.002954
ASC-01,241,-1730.58,-452.29,561.9,-0.009945
ASC-01,242,-304.43,3158.96,400.31,-0.010701
ASC-01,243,1100.71,3141.4,396.55,-0.001098
ASC-01,244,-2792.31,-2625.23,291.91,-0.004064
ASC-01,245,-835.91,-2437.96,421.07,0.004367
ASC-01,246,-2563.95,-647.58,404.81,-0.011878
ASC-01,247,1137.12,2338.19,524.54,0.001728
ASC-01,248,2313.87,866.27,564.7,0.012172
ASC-01,249,-862.02,1608.81,643.97,-0.012398
ASC-01,250,-897.93,532.41,854.86,-0.005406
ASC-01,251,276.65,-2029.6,539.25,0.005379
ASC-01,252,-1994.6,2224.36,395.05,-0.016384
ASC-01,253,-1768.13,-3401.85,294.09,0.000688
ASC-01,254,-1191.03,1389.39,620.6,-0.009824
ASC-01,255,-298.02,-2139.62,499.86,0.004991
ASC-01,256,-2929.28,-202.36,371.35,-0.016509
ASC-01,257,1769.12,3325.93,349.99,0.002286
ASC-01,258,553.38,273.25,1458.13,0.003996
ASC-01,259,-1402.14,-3101.36,326.09,0.001412
ASC-01,260,-2957.17,-498.54,362.78,-0.012454
ASC-01,261,1842.27,1121.87,652.76,0.010835
ASC-01,262,-2582.45,-3103.05,280.69,-0.002577
ASC-01,263,-2567.55,-1731.42,349.65,-0.008867
ASC-01,264,-2585.21,-3371.65,270.27,-0.001278
ASC-01,265,-2931.16,280.48,373.89,-0.01716
ASC-01,266,2844.75,-829.66,440.59,0.012858
ASC-01,267,-1615.29,25.83,616.17,-0.009564
ASC-01,268,-1355.13,-1429.14,518.92,-0.004273
ASC-01,269,2329.56,1097.65,541.64,0.011402
ASC-01,270,839.46,-2288.4,474.72,0.004061
ASC-01,271,-2190.0,2846.56,333.05,-0.021707
ASC-01,272,-456.31,3220.57,388.17,-0.012031
ASC-01,273,2687.46,-49.04,502.76,0.015236
ASC-01,274,-872.38,-242.27,850.58,-0.005248
ASC-01,275,1476.17,2517.32,465.27,0.003988
ASC-01,276,-2822.35,-1471.14,341.5,-0.011012
ASC-01,277,1591.27,2121.74,520.44,0.003417
ASC-01,278,1935.31,-1488.85,512.93,0.012576
ASC-01,279,2280.37,1539.75,504.67,0.011685
ASC-01,280,1219.41,-1161.92,701.57,0.010458
ASC-01,281,-904.87,718.21,825.67,-0.007544
ASC-01,282,-3050.52,2981.08,282.3,-0.031097
ASC-01,283,131.43,-3119.73,363.57,0.007198
ASC-01,284,1802.22,2150.78,490.55,0.006223
ASC-01,285,-2164.13,292.92,489.83,-0.013186
ASC-01,286,-1636.34,-846.53,545.8,-0.007487
ASC-01,287,252.84,-1048.07,852.35,0.005248
ASC-01,288,1738.32,-3014.12,343.41,0.015587
ASC-01,289,2776.11,-1691.35,387.92,0.017383
ASC-01,290,-2619.81,861.96,403.83,-0.014685
ASC-01,291,-2210.11,-2816.87,309.6,-0.003217
ASC-01,292,2096.76,1185.85,582.57,0.007958
ASC-01,293,1011.65,3235.77,387.64,-0.00279
ASC-01,294,1546.81,3365.43,355.26,0.000794
ASC-01,295,3477.4,2724.69,300.25,0.014617
ASC-01,296,3074.26,2146.28,356.64,0.013005
ASC-01,297,2401.18,-2254.33,374.04,0.018557
ASC-01,298,1939.81,3291.09,345.54,0.001006
ASC-01,299,-734.87,-2080.94,482.42,0.001944
ASC-01,300,988.6,2583.35,486.96,-0.00163
ASC-01,301,-2208.88,2645.12,345.14,-0.022
ASC-01,302,1816.46,853.36,698.9,0.006048
ASC-01,303,1803.83,149.15,750.09,0.006621
ASC-01,304,1549.07,-2097.02,462.46,0.010895
ASC-01,305,-386.41,136.28,1147.33,-0.003991
ASC-01,306,-852.74,-1465.66,588.69,-0.001674
ASC-01,307,-561.6,-2618.84,410.22,0.006498
ASC-01,308,-3266.63,-2602.66,272.91,-0.006868
ASC-01,309,2410.24,2108.2,425.09,0.008219
ASC-01,310,296.59,2956.82,438.73,-0.007801
ASC-01,311,-787.37,-2506.92,414.53,0.003594
ASC-01,312,336.2,-3407.17,335.41,0.00919
ASC-01,313,1551.48,-1654.57,537.53,0.009604
ASC-01,314,-829.77,-2558.93,405.55,0.00496
ASC-01,315,2314.48,-2179.61,387.67,0.017678
ASC-01,316,2936.24,583.29,453.98,0.016038
ASC-01,317,-787.97,-543.94,823.0,-0.002547
ASC-01,318,-2535.29,-495.4,414.22,-0.010857
ASC-01,319,1822.61,-2060.71,443.74,0.01463
ASC-01,320,3450.64,1152.12,367.16,0.021534
ASC-01,321,-2464.08,-1473.43,374.01,-0.010264
ASC-01,322,1488.73,-705.97,753.81,0.012589
ASC-01,323,2277.26,-256.1,587.78,0.016618
ASC-01,324,2944.0,2830.97,324.78,0.0121
ASC-01,325,-2636.33,-1775.51,341.72,-0.008275
ASC-01,326,-2857.33,1530.66,352.79,-0.0193
ASC-01,327,3415.1,-1334.42,348.15,0.018471
ASC-01,328,-2682.7,2760.98,309.11,-0.027499
ASC-01,329,-2262.35,-741.44,443.07,-0.011351
ASC-01,330,524.67,36.13,1446.17,0.0064
ASC-01,331,-376.09,2640.51,477.26,-0.013591
ASC-01,332,1752.75,1209.33,661.24,0.009997
ASC-01,333,-2166.1,-2839.49,310.37,-0.001818
ASC-01,334,2900.99,-2542.15,320.73,0.019987
ASC-01,335,-1979.64,3435.13,307.21,-0.029927
ASC-01,336,1883.78,-3296.26,316.09,0.01524
ASC-01,337,-3026.78,-1393.9,328.25,-0.011059
ASC-01,338,-186.18,3212.26,396.18,-0.011132
ASC-01,339,-3272.09,-3394.26,251.16,-0.000673
ASC-01,340,-1303.33,-2370.21,399.08,-0.003058
ASC-01,341,-1314.39,-2006.45,442.39,-0.001178
ASC-01,342,1538.24,-2895.26,362.51,0.012513
ASC-01,343,-314.88,-196.27,1121.08,-0.00055
ASC-01,344,-3102.58,647.07,352.22,-0.020836
ASC-01,345,3467.53,-1271.75,346.16,0.019273
ASC-01,346,2720.9,-2739.45,318.45,0.020236
ASC-01,347,2914.27,2176.69,368.72,0.013063
ASC-01,348,-1773.97,2131.3,426.77,-0.015202
ASC-01,349,-741.23,434.7,936.31,-0.00564
ASC-01,350,-1909.74,-2535.81,343.84,0.002157
ASC-01,351,-2625.66,293.38,413.11,-0.016824
ASC-01,352,-3268.83,906.67,332.66,-0.022069
ASC-01,353,23.36,-501.95,1107.07,-0.001034
ASC-01,354,-2638.06,2547.04,322.27,-0.027014
ASC-01,355,-2265.87,-769.68,440.94,-0.010395
ASC-01,356,2523.33,76.21,539.92,0.017007
ASC-01,357,-110.3,-2701.0,412.72,0.006972
ASC-01,358,-2214.08,444.86,478.45,-0.016589
ASC-01,359,1189.05,1865.14,626.16,0.003243
ASC-01,360,-1638.95,1618.81,502.32,-0.012542
ASC-01,361,188.56,-1701.13,621.42,0.006132
ASC-01,362,-1519.33,3443.06,325.74,-0.020413
ASC-01,363,113.13,1539.54,808.83,-0.004702
ASC-01,364,899.74,-533.73,997.48,0.007124
ASC-01,365,253.46,-595.64,1081.73,-0.00073
ASC-01,366,-730.77,1955.28,586.13,-0.014628
ASC-01,367,2035.7,-2270.22,400.44,0.018162
ASC-01,368,2614.06,977.39,494.65,0.013532
ASC-01,369,-2244.4,1531.88,421.1,-0.015515
ASC-01,370,-2545.84,114.38,424.78,-0.015566
ASC-01,371,-2707.66,2612.39,314.76,-0.028165
ASC-01,372,3357.18,-219.55,391.71,0.020722
ASC-01,373,3091.14,-245.75,427.89,0.020232
ASC-01,374,-1885.33,-1507.24,436.15,-0.005682
ASC-01,375,3289.35,2935.6,300.67,0.011716
ASC-01,376,-2045.28,-1286.11,435.62,-0.008034
ASC-01,377,45.33,1366.9,876.53,-0.001984
ASC-01,378,-18.3,-634.53,1026.97,-0.001796
ASC-01,379,2904.69,3047.97,314.46,0.010434
ASC-01,380,-3216.3,3135.72,270.77,-0.031587
ASC-01,381,-1292.54,-3289.75,316.27,0.001452
ASC-01,382,699.82,3461.74,367.75,-0.005604
ASC-01,383,-3035.21,734.55,357.81,-0.019501
ASC-01,384,-1844.15,-2983.03,316.12,-0.000969
ASC-01,385,-244.56,-20.78,1213.82,-0.001047
ASC-01,386,2666.0,-3153.7,297.22,0.017688
ASC-01,387,1826.72,342.26,739.69,0.007246
ASC-01,388,2302.86,-2201.82,386.48,0.01823
ASC-01,389,1827.49,-924.42,623.58,0.010422
ASC-01,390,1454.05,-1367.1,609.84,0.012064
ASC-01,391,2447.85,715.48,544.01,0.014369
ASC-01,392,1270.34,2256.53,529.39,0.003246
ASC-01,393,1649.78,3055.76,382.62,0.004904
ASC-01,394,-1388.49,-1197.99,547.86,-0.005152
ASC-01,395,-2326.51,487.83,457.68,-0.017439
ASC-01,396,1795.67,-3458.71,307.57,0.016546
ASC-01,397,-2339.14,-894.86,423.27,-0.012113
ASC-01,398,2936.19,3224.93,303.36,0.008306
ASC-01,399,676.5,-2668.13,418.05,0.008501
ASC-01,400,-1193.96,2588.79,429.27,-0.017691
ASC-01,401,3056.5,1067.54,418.48,0.016604
ASC-01,402,-2414.09,-1442.74,380.95,-0.011668
ASC-01,403,101.26,1947.13,664.5,-0.006885
ASC-01,404,-2859.12,-1475.03,338.3,-0.011846
ASC-01,405,3257.99,2763.71,310.35,0.011432
ASC-01,406,527.63,-2920.69,386.28,0.009468
ASC-01,407,2125.67,-2667.05,355.59,0.013088
ASC-01,408,-1526.54,1750.09,503.73,-0.012121
ASC-01,409,2112.58,-355.75,623.82,0.014125
ASC-01,410,1419.89,-2467.76,417.97,0.009083
ASC-01,411,1005.77,94.04,1132.09,0.005677
ASC-01,412,3153.94,-1421.22,368.18,0.017458
ASC-01,413,-465.56,345.21,1092.25,-0.006531
ASC-01,414,-594.38,1706.0,666.62,-0.009379
ASC-01,415,1344.85,2497.88,478.77,0.001966
ASC-01,416,2345.39,-3087.0,313.55,0.016302
ASC-01,417,-1154.47,646.48,743.98,-0.007771
ASC-01,418,1187.6,3385.66,365.43,0.001112
ASC-01,419,-2036.74,-281.42,505.72,-0.012781
ASC-01,420,361.9,1886.97,686.78,-0.001946
ASC-01,421,1884.2,-2819.18,354.5,0.012912
ASC-01,422,-3042.8,2614.56,295.98,-0.027392
ASC-01,423,1594.89,574.37,810.7,0.00382
ASC-01,424,-3391.97,2717.84,276.25,-0.031471
ASC-01,425,3208.45,2009.83,352.86,0.017989
ASC-01,426,-219.31,2584.68,494.76,-0.011398
ASC-01,427,-636.5,-3098.93,352.48,0.004765
ASC-01,428,1543.11,1508.67,650.29,0.009642
ASC-01,429,163.09,-2121.13,518.34,0.007375
ASC-01,430,1615.94,-1639.33,532.12,0.010009
ASC-01,431,-2906.69,-1226.52,344.52,-0.011713
ASC-01,432,439.54,639.2,1303.23,0.000491
ASC-01,433,406.76,895.03,1138.64,0.001811
ASC-01,434,3024.8,3020.1,309.83,0.012475
ASC-01,435,-3222.76,-3410.97,251.94,-0.001142
ASC-01,436,-330.26,-2145.93,497.02,0.004308
ASC-01,437,917.51,-965.98,822.42,0.00865
ASC-01,438,355.23,2226.05,588.39,-0.004826
ASC-01,439,-2980.87,349.36,367.96,-0.018882
ASC-01,440,652.6,83.93,1371.16,0.006134
ASC-01,441,-1944.62,1821.3,436.81,-0.01844
ASC-01,442,-2131.16,1085.41,467.28,-0.015991
ASC-01,443,2650.84,-1471.01,419.29,0.016231
ASC-01,444,-2115.11,-2890.19,309.79,-0.001188
ASC-01,445,-319.96,-263.85,1095.19,-0.000413
ASC-01,446,1752.01,2661.16,423.22,0.004996
ASC-01,447,1451.21,686.99,851.91,0.0054
ASC-01,448,374.21,-3126.98,363.15,0.008587
ASC-01,449,2149.32,-419.46,608.71,0.015085
ASC-01,450,-239.29,-807.72,900.12,-0.001313
ASC-01,451,842.7,576.97,1165.55,0.002414
ASC-01,452,2232.42,609.89,601.93,0.011063
ASC-01,453,1246.64,3159.32,389.02,-0.000671
ASC-01,454,992.8,-1133.34,750.87,0.009342
ASC-01,455,-657.1,-643.33,840.85,0.000107
ASC-01,456,408.26,794.6,1202.55,0.002438
ASC-01,457,-727.42,2704.73,446.75,-0.011824
ASC-01,458,1710.05,1443.01,628.41,0.009332
ASC-01,459,-836.99,-203.8,871.05,-0.005646
ASC-01,460,-233.65,2201.96,576.9,-0.008534
ASC-01,461,1788.2,-102.86,744.98,0.010029
ASC-01,462,25.59,3244.66,395.43,-0.007937
ASC-01,463,-1133.77,-1522.5,536.68,-0.003106
ASC-01,464,2287.73,-2608.26,351.34,0.017858
ASC-01,465,-833.26,2312.8,503.34,-0.012732
ASC-01,466,2413.1,-1418.91,454.32,0.016775
ASC-01,467,1996.68,2431.77,431.42,0.008714
ASC-01,468,-368.98,765.83,1036.39,-0.002638
ASC-01,469,1490.24,62.72,874.84,0.007754
ASC-01,470,-3259.27,-2890.78,264.75,-0.004746
ASC-01,471,-771.41,2004.21,570.3,-0.013304
ASC-01,472,2522.34,-3038.53,309.37,0.017351
ASC-01,473,556.78,3256.06,394.16,-0.002025
ASC-01,474,404.78,2638.82,494.66,-0.006032
ASC-01,475,1153.17,-1379.22,653.32,0.012389
ASC-01,476,1243.7,-2604.94,408.57,0.009073
ASC-01,477,585.19,2699.72,480.32,-0.003816
ASC-01,478,-555.59,-141.05,1011.74,0.000135
ASC-01,479,-2215.61,-2625.88,320.42,-0.002722
ASC-01,480,-1451.51,-10.34,662.74,-0.009767
ASC-01,481,-1449.54,-1772.27,458.68,-0.003958
ASC-01,482,-484.79,-645.15,895.29,-0.000793
ASC-01,483,3493.41,981.69,367.57,0.023919
ASC-01,484,-1032.14,2907.55,400.65,-0.015649
ASC-01,485,-368.35,2106.51,590.09,-0.0088
ASC-01,486,-898.61,-2372.94,426.09,0.002045
ASC-01,487,569.99,-158.65,1312.03,0.006471
ASC-01,488,3135.29,-56.5,424.82,0.020979
ASC-01,489,2723.51,3426.38,301.81,0.011844
ASC-01,490,-860.03,-2891.72,365.96,0.0028
ASC-01,491,-1631.69,75.37,612.71,-0.009237
ASC-01,492,2690.79,2900.54,335.46,0.010251
ASC-01,493,-43.17,-708.06,985.3,-0.00241
ASC-01,494,1298.79,-1667.98,565.43,0.011713
ASC-01,495,-2986.96,391.53,367.03,-0.019019
ASC-01,496,2565.9,-1259.38,448.74,0.013091
ASC-01,497,-1309.24,2989.55,375.26,-0.017116
ASC-01,498,-38.31,-2906.41,386.8,0.008271
ASC-01,499,-2113.85,-2053.04,365.99,-0.005514
ASC-01,500,-558.3,-2912.9,374.25,0.003177
ASC-01,501,2296.34,1483.22,508.31,0.012812
ASC-01,502,2293.05,-1448.01,467.5,0.016265
ASC-01,503,-184.3,2801.18,457.06,-0.009427
ASC-01,504,1875.37,2755.42,402.73,0.007745
ASC-01,505,-293.53,3054.71,414.73,-0.011127
ASC-01,506,-886.51,-1707.1,535.57,-0.000985
ASC-01,507,321.22,-3495.4,327.69,0.008872
ASC-01,508,-2090.61,-786.76,467.48,-0.01025
ASC-01,509,-1284.07,3237.94,352.8,-0.0179
ASC-01,510,1445.7,1846.19,593.91,0.004789
ASC-01,511,1893.6,-3082.38,331.72,0.016336
ASC-01,512,-3103.04,1418.01,334.77,-0.019657
ASC-01,513,1629.78,2919.44,399.36,0.004461
ASC-01,514,2222.01,3274.04,333.79,0.004969
ASC-01,515,-383.64,1511.92,759.46,-0.008536
ASC-01,516,-3062.82,2540.97,297.67,-0.028481
ASC-01,517,1280.39,2391.91,502.61,0.001779
ASC-01,518,-1776.85,-991.64,503.97,-0.006539
ASC-01,519,1003.5,-2806.69,391.45,0.008458
ASC-01,520,-863.64,1592.25,647.44,-0.012295
ASC-01,521,960.14,-2541.61,428.89,0.006533
ASC-01,522,-1693.06,-810.61,538.14,-0.00585
ASC-01,523,-164.24,3470.15,365.88,-0.008297
ASC-01,524,172.72,418.5,1467.3,0.002073
ASC-01,525,917.09,152.18,1192.86,0.005092
ASC-01,526,-2077.83,3135.16,320.89,-0.025055
ASC-01,527,3234.36,-1511.72,355.78,0.018292
ASC-01,528,-1476.03,3496.02,323.62,-0.020447
ASC-01,529,-1357.86,2883.86,383.12,-0.017597
ASC-01,530,-1705.81,-952.67,520.84,-0.005659
ASC-01,531,-3027.67,-1209.32,334.83,-0.01048
ASC-01,532,-539.54,-2614.06,411.76,0.006589
ASC-01,533,1902.85,2909.48,383.92,0.008701
ASC-01,534,1466.97,-2199.33,453.28,0.00975
ASC-01,535,-2130.99,-3437.15,281.18,0.001341
ASC-01,536,-2541.48,2730.54,318.7,-0.027133
ASC-01,537,-1250.0,686.81,707.82,-0.00669
ASC-01,538,1877.79,1202.94,631.32,0.009943
ASC-01,539,-83.45,1631.99,758.32,-0.00619
ASC-01,540,2962.29,-3201.37,284.24,0.019576
ASC-01,541,1094.69,-2857.02,382.63,0.010927
ASC-01,542,846.35,-1.14,1217.48,0.003308
ASC-01,543,1873.84,-3148.17,327.33,0.015595
ASC-01,544,1751.81,30.25,766.09,0.006637
ASC-01,545,-1093.13,1654.37,591.73,-0.012035
ASC-01,546,-1700.94,1101.86,547.24,-0.012829
ASC-01,547,-436.65,816.53,990.62,-0.004087
ASC-01,548,-75.27,-3175.16,355.91,0.005959
ASC-01,549,-2507.94,-1843.42,348.12,-0.008719
ASC-01,550,-410.67,2782.46,451.53,-0.013064
ASC-01,551,978.76,-2637.46,414.48,0.007991
ASC-01,552,-2550.0,232.57,424.33,-0.014647
ASC-01,553,-2533.73,-3149.66,280.5,-0.004455
ASC-01,554,-2283.95,3074.42,314.03,-0.024983
ASC-01,555,-1516.68,-2299.06,391.23,-0.002876
ASC-01,556,3231.96,-629.85,396.72,0.01823
ASC-01,557,-3319.46,327.47,334.12,-0.022409
ASC-01,558,-2213.83,1530.56,425.22,-0.016509
ASC-01,559,-2344.67,3062.17,311.64,-0.025578
ASC-01,560,-179.56,1654.54,740.33,-0.006733
ASC-01,561,-3394.49,-1068.42,310.95,-0.012358
ASC-01,562,-292.79,-2972.62,374.43,0.006254
ASC-01,563,-2359.54,1451.84,411.37,-0.015703
ASC-01,564,-1612.52,3307.57,331.71,-0.022464
ASC-01,565,2047.08,-3380.89,305.32,0.01458
ASC-01,566,-2211.53,1922.76,396.92,-0.017174
ASC-01,567,819.9,-2267.01,479.34,0.004565
ASC-01,568,-655.81,-280.32,935.15,-0.002286
ASC-01,569,-576.83,158.46,1035.48,-0.002663
ASC-01,570,2217.92,800.98,592.8,0.011746
ASC-01,571,-2373.6,3426.76,291.8,-0.03017
ASC-01,572,2966.67,1311.81,418.57,0.015087
ASC-01,573,2754.44,-753.29,459.26,0.015078
ASC-01,574,1178.25,1505.15,725.56,0.004224
ASC-01,575,-3153.87,-232.88,347.32,-0.017774
ASC-01,576,1143.16,-608.16,888.56,0.007171
ASC-01,577,702.43,-940.43,869.81,0.006388
ASC-01,578,1905.44,-46.16,707.97,0.009454
ASC-01,579,-2003.18,-1531.72,419.68,-0.008853
ASC-01,580,3173.49,-1805.3,345.07,0.017589
ASC-01,581,2703.38,-2460.73,337.4,0.017337
ASC-01,582,-2699.5,-418.43,394.71,-0.013711
ASC-01,583,-1293.59,-1447.17,525.48,-0.003243
ASC-01,584,-3272.89,2358.59,292.79,-0.029612
ASC-01,585,2316.63,2435.26,401.59,0.008858
ASC-01,586,2905.66,-1092.86,415.73,0.016101
ASC-01,587,3428.66,833.99,378.58,0.022871
ASC-01,588,783.48,2816.04,454.59,-0.001764
ASC-01,589,1161.9,-985.87,764.47,0.009718
ASC-01,590,1248.84,383.01,987.61,0.005756
ASC-01,591,491.04,-395.09,1188.86,0.006857
ASC-01,592,3166.96,1051.86,404.25,0.01889
ASC-01,593,755.03,3218.4,396.02,-0.002754
ASC-01,594,-1149.92,-2529.63,391.08,0.00184
ASC-01,595,90.14,3257.7,394.41,-0.006959
ASC-01,596,-3369.36,1160.13,319.66,-0.020167
ASC-01,597,1568.88,2071.09,532.3,0.00549
ASC-01,598,1357.45,945.85,833.04,0.007233
ASC-01,599,-552.64,2592.22,475.93,-0.013371
ASC-01,600,2460.37,-1216.33,468.02,0.013653
ASC-01,601,1788.68,1456.33,609.35,0.008779
ASC-01,602,-1143.21,-1651.21,513.67,-0.002077
ASC-01,603,-2957.51,60.6,370.64,-0.017853
ASC-01,604,-2574.44,1270.43,394.1,-0.01227
ASC-01,605,-2210.09,-2092.13,355.57,-0.00528
ASC-01,606,-1372.57,-3071.88,329.47,-0.000376
ASC-01,607,-367.39,2036.64,607.67,-0.009756
ASC-01,608,2995.98,2162.62,362.4,0.013119
ASC-01,609,-1551.07,1159.65,573.6,-0.013487
ASC-01,610,2790.1,-1249.98,419.69,0.014628
ASC-01,611,1263.24,1107.21,820.85,0.005177
ASC-01,612,2474.45,-2912.84,319.32,0.018507
ASC-01,613,-677.23,1137.57,808.13,-0.008126
ASC-01,614,-3477.06,533.39,319.75,-0.024169
ASC-01,615,2008.77,820.43,646.43,0.008227
ASC-01,616,-1781.67,-371.11,555.73,-0.010943
ASC-01,617,-2502.64,-1923.89,343.87,-0.008381
ASC-01,618,2096.44,1581.14,531.14,0.009204
ASC-01,619,1304.3,-251.09,920.0,0.006704
ASC-01,620,-2013.09,1717.66,437.19,-0.016928
ASC-01,621,-1626.93,-950.74,535.95,-0.006797
ASC-01,622,3074.54,-2885.48,294.34,0.021389
ASC-01,623,-1620.23,297.2,616.31,-0.008703
ASC-01,624,1416.84,859.33,831.81,0.006084
ASC-01,625,-2593.13,2952.44,304.69,-0.026135
ASC-01,626,2205.25,2714.28,383.12,0.005678
ASC-01,627,-2676.87,-3099.96,277.51,-0.001051
ASC-01,628,112.29,1902.88,678.71,-0.00489
ASC-01,629,-3253.48,-1670.46,303.14,-0.010439
ASC-01,630,350.55,1380.39,882.37,-0.004211
ASC-01,631,2426.35,-843.63,509.24,0.012051
ASC-01,632,-2909.21,-1245.45,343.56,-0.011078
ASC-01,633,-1580.2,-82.01,622.31,-0.007749
ASC-01,634,1852.85,213.72,732.69,0.007562
ASC-01,635,756.69,1361.38,852.79,0.001732
ASC-01,636,-1310.42,965.18,656.95,-0.011111
ASC-01,637,902.33,1247.79,870.15,0.001603
ASC-01,638,-317.03,-811.46,880.85,-0.000522
ASC-01,639,2536.49,1241.38,489.6,0.013785
ASC-01,640,-1449.42,-1082.29,553.26,-0.006827
ASC-01,641,1804.11,752.73,715.39,0.006173
ASC-01,642,949.72,-283.27,1074.27,0.008014
ASC-01,643,1683.0,439.59,788.45,0.003539
ASC-01,644,-852.17,-3377.23,322.46,0.002302
ASC-01,645,1574.45,-8.5,834.16,0.008128
ASC-01,646,1388.98,-1960.22,499.0,0.010344
ASC-01,647,-787.58,-799.31,760.36,-0.003679
ASC-01,648,-3314.83,-2983.6,260.46,-0.00311
ASC-01,649,3240.39,1098.31,393.16,0.019828
ASC-01,650,1495.2,2754.65,428.82,0.002862
ASC-01,651,-2066.83,-1017.82,454.35,-0.006149
ASC-01,652,1615.65,-2764.53,372.6,0.01244
ASC-01,653,-1549.22,841.87,606.77,-0.011517
ASC-01,654,-215.0,-2610.74,423.23,0.007448
ASC-01,655,2519.22,2741.35,358.21,0.007749
ASC-01,656,-363.5,-2642.8,414.24,0.006822
ASC-01,657,-1483.95,-966.91,562.16,-0.006077
ASC-01,658,-1361.56,-37.38,689.93,-0.009077
ASC-01,659,-2960.88,-2674.89,282.69,-0.005666
ASC-01,660,-1963.46,-1268.77,448.24,-0.005418
ASC-01,661,-1602.26,-1573.05,464.96,-0.003338
ASC-01,662,-2289.22,1493.1,417.84,-0.015152
ASC-01,663,-3058.54,3403.91,267.95,-0.031221
ASC-01,664,-239.48,-960.14,839.23,0.001942
ASC-01,665,-1999.23,2035.04,411.04,-0.013598
ASC-01,666,1671.39,-2517.61,397.13,0.012007
ASC-01,667,2957.69,559.4,450.96,0.017764
ASC-01,668,-1589.11,-471.01,594.15,-0.009817
ASC-01,669,505.74,-1482.71,684.47,0.006
ASC-01,670,47.08,2251.97,578.0,-0.009969
ASC-01,671,-2974.24,1724.95,335.0,-0.022255
ASC-01,672,-2625.88,-2562.02,302.6,-0.002656
ASC-01,673,2693.46,-1453.15,415.72,0.017469
ASC-01,674,-180.94,2236.53,571.74,-0.00973
ASC-01,675,2132.27,3447.02,324.92,0.004357
ASC-01,676,-3033.93,780.95,357.13,-0.019802
ASC-01,677,663.69,2601.89,496.99,-0.004123
ASC-01,678,2557.18,3389.55,310.86,0.007304
ASC-01,679,2569.46,1683.82,446.06,0.011624
ASC-01,680,-3459.94,1013.13,315.43,-0.024601
ASC-01,681,152.04,-1951.33,556.24,0.00644
ASC-01,682,-916.97,-907.03,700.92,-0.002903
ASC-01,683,1820.29,864.88,696.21,0.005944
ASC-01,684,-2987.47,2984.81,284.85,-0.031348
ASC-01,685,-1645.51,-1387.07,481.29,-0.006335
ASC-01,686,2188.5,-733.54,568.26,0.016171
ASC-01,687,-213.11,-3344.34,337.78,0.004126
ASC-01,688,-327.95,1377.09,816.35,-0.004447
ASC-01,689,3279.91,-395.01,397.83,0.020041
ASC-01,690,-1260.77,2084.12,493.58,-0.015349
ASC-01,691,-3207.95,-1864.42,299.45,-0.011368
ASC-01,692,-754.59,1117.52,790.7,-0.007449
ASC-01,693,-2426.39,1211.65,415.84,-0.011841
ASC-01,694,-2926.76,-249.73,370.93,-0.016821
ASC-01,695,475.02,-2179.76,505.65,0.005196
ASC-01,696,3175.03,-679.71,402.11,0.018604
ASC-01,697,555.85,1715.3,738.46,-0.000747
ASC-01,698,1029.8,-2175.7,486.11,0.010276
ASC-01,699,-1234.6,-2869.71,352.21,0.000833
ASC-02,0,875.67,497.86,1173.71,0.029085
ASC-02,1,2780.5,1765.71,412.23,0.025502
ASC-02,2,1929.8,624.99,688.02,0.032185
ASC-02,3,-1923.55,2119.45,411.65,-0.00146
ASC-02,4,-1398.84,353.29,681.09,-0.004427
ASC-02,5,2614.87,-2112.99,369.29,0.027752
ASC-02,6,-3463.14,579.08,320.51,-0.00031
ASC-02,7,2248.6,-63.45,604.37,0.032414
ASC-02,8,2079.49,-2338.45,389.9,0.027293
ASC-02,9,-224.46,834.16,1066.62,0.027846
ASC-02,10,-1378.77,2218.72,460.56,0.000753
ASC-02,11,-1551.02,-2554.39,364.16,0.003169
ASC-02,12,-1715.91,314.62,590.38,-0.002112
ASC-02,13,-384.47,1635.81,719.47,0.002035
ASC-02,14,31.84,-678.88,1012.92,0.02903
ASC-02,15,374.48,-1609.68,648.43,0.027514
ASC-02,16,3468.5,-894.04,360.54,0.028259
ASC-02,17,2048.63,291.89,666.78,0.030941
ASC-02,18,855.25,1306.62,857.08,0.026508
ASC-02,19,3422.72,414.23,386.14,0.030614
ASC-02,20,-1992.84,-2750.82,324.21,-0.001699
ASC-02,21,-2378.52,2225.2,359.9,0.001766
ASC-02,22,787.78,2967.02,430.46,0.029906
ASC-02,23,-3192.41,-2790.95,269.95,-0.000267
ASC-02,24,-3250.24,-1753.36,300.66,-0.001561
ASC-02,25,104.22,-2284.23,484.84,0.027519
ASC-02,26,-236.56,2444.09,522.14,0.029309
ASC-02,27,2920.17,2871.95,323.76,0.029339
ASC-02,28,904.58,-3190.08,351.03,0.028531
ASC-02,29,98.82,-1173.06,794.71,0.029987
ASC-02,30,-21.89,-2152.54,508.05,0.026884
ASC-02,31,-1767.4,-213.27,567.86,-0.000386
ASC-02,32,-3417.44,2951.13,268.72,-0.003061
ASC-02,33,-2153.18,-3008.79,301.54,0.000586
ASC-02,34,1344.22,-2301.05,446.25,0.028204
ASC-02,35,-2095.75,-90.8,500.16,-0.001174
ASC-02,36,-913.25,168.24,867.88,0.001104
ASC-02,37,-3473.86,1718.51,299.61,0.001295
ASC-02,38,2310.33,-436.2,567.78,0.024572
ASC-02,39,-2418.77,-2512.04,315.94,-0.000241
ASC-02,40,-1626.8,-1024.72,527.39,-0.002886
ASC-02,41,2662.33,3374.65,307.25,0.030401
ASC-02,42,68.54,1755.06,725.89,0.033303
ASC-02,43,2430.05,-2685.59,337.3,0.026813
ASC-02,44,978.02,2157.46,576.97,0.028606
ASC-02,45,1692.4,-1323.51,578.89,0.027314
ASC-02,46,-2859.53,1969.78,334.15,0.001155
ASC-02,47,288.01,-3410.95,335.09,0.029354
ASC-02,48,54.41,2598.89,500.55,0.03132
ASC-02,49,2599.38,-2363.83,351.0,0.025939
ASC-02,50,-971.15,-309.75,801.96,0.002922
ASC-02,51,687.29,1132.29,965.25,0.02609
ASC-02,52,-3085.24,55.09,356.7,0.000351
ASC-02,53,-786.58,-2342.22,437.48,0.002565
ASC-02,54,-1238.75,-2526.17,386.09,0.00316
ASC-02,55,-2448.6,-1508.26,373.43,-0.002263
ASC-02,56,2214.37,-3133.26,315.66,0.026333
ASC-02,57,-843.88,-1984.19,489.89,0.000267
ASC-02,58,3351.24,-2589.26,295.32,0.027616
ASC-02,59,629.94,-246.42,1236.02,0.030627
ASC-02,60,735.39,-1004.43,838.69,0.026072
ASC-02,61,965.98,607.83,1091.23,0.029347
ASC-02,62,1235.15,-1533.85,603.39,0.0287
ASC-02,63,-2444.48,-3262.62,278.86,0.001223
ASC-02,64,-417.81,-1182.23,731.07,0.001507
ASC-02,65,-1823.05,1786.26,456.32,0.002309
ASC-02,66,-682.51,-1709.13,558.46,0.001135
ASC-02,67,-2823.07,-668.16,372.82,0.001298
ASC-02,68,3274.8,1784.82,358.56,0.028493
ASC-02,69,-1994.97,-653.23,493.22,0.002471
ASC-02,70,1202.36,2709.87,453.44,0.025126
ASC-02,71,-1397.06,2926.48,376.31,0.002642
ASC-02,72,2618.54,-1326.29,435.73,0.027133
ASC-02,73,1135.5,1651.75,691.05,0.027332
ASC-02,74,-2578.69,-1728.18,348.91,-0.002956
ASC-02,75,2415.52,-2523.34,350.54,0.0242
ASC-02,76,3114.64,-434.83,419.13,0.027389
ASC-02,77,2827.42,717.31,468.63,0.027623
ASC-02,78,488.03,3049.14,423.56,0.030235
ASC-02,79,-2481.78,-2478.69,314.28,-0.001916
ASC-02,80,-2152.76,1486.54,436.69,0.0034
ASC-02,81,2995.34,-171.75,444.52,0.028556
ASC-02,82,366.29,-2578.03,435.25,0.027571
ASC-02,83,-2236.13,3308.61,303.4,-0.001236
ASC-02,84,2688.4,1370.38,454.69,0.025892
ASC-02,85,991.0,-2597.99,419.61,0.02599
ASC-02,86,487.86,2840.29,456.87,0.029129
ASC-02,87,-865.99,-2778.34,377.85,0.001493
ASC-02,88,-623.31,-2851.39,379.09,0.000646
ASC-02,89,-1823.58,-1179.14,477.31,-0.003709
ASC-02,90,-3233.6,3065.71,272.25,-0.002213
ASC-02,91,2633.53,-3268.83,292.4,0.025678
ASC-02,92,-225.89,2927.45,435.43,0.029563
ASC-02,93,333.45,781.28,1217.45,0.03141
ASC-02,94,-1244.86,-3030.64,337.81,0.002283
ASC-02,95,1759.27,480.14,757.02,0.030241
ASC-02,96,-3323.62,-288.46,331.06,-0.002719
ASC-02,97,-894.7,447.89,865.0,-0.002549
ASC-02,98,-3287.55,1660.42,313.4,-0.00164
ASC-02,99,-2639.76,1250.33,387.18,0.002067
ASC-02,100,3270.04,3480.59,278.49,0.027136
ASC-02,101,1104.33,-2403.32,443.89,0.027259
ASC-02,102,-502.46,2189.99,558.8,0.000144
ASC-02,103,166.18,-622.35,1060.73,0.029068
ASC-02,104,2609.66,1983.15,414.42,0.029249
ASC-02,105,-1090.53,2742.45,417.31,-1.8e-05
ASC-02,106,632.04,3443.99,370.59,0.028275
ASC-02,107,1285.79,-1637.71,573.51,0.027392
ASC-02,108,-1012.1,-329.43,784.03,0.003309
ASC-02,109,133.69,3099.45,416.39,0.02771
ASC-02,110,1856.73,3120.17,365.19,0.025776
ASC-02,111,2864.26,-889.88,434.09,0.024809
ASC-02,112,-2442.56,3081.47,305.76,-0.003091
ASC-02,113,3033.94,-658.76,422.03,0.027302
ASC-02,114,-3463.75,-876.64,310.32,0.004392
ASC-02,115,1770.84,1796.34,552.88,0.025937
ASC-02,116,2173.69,-201.52,618.11,0.03087
ASC-02,117,-2542.65,-362.61,417.32,0.000819
ASC-02,118,-567.67,-797.17,821.42,-0.000842
ASC-02,119,2206.79,-470.37,589.85,0.025672
ASC-02,120,-3400.1,-2521.28,270.19,-0.000796
ASC-02,121,899.23,-3072.74,363.22,0.027224
ASC-02,122,2051.17,1777.95,511.61,0.030303
ASC-02,123,91.03,451.5,1406.2,0.0258
ASC-02,124,1580.95,1203.23,707.0,0.028949
ASC-02,125,-1915.04,2116.35,412.85,-0.001229
ASC-02,126,-2110.35,-1889.26,378.88,-0.002295
ASC-02,127,-958.11,-1863.59,499.46,0.0006
ASC-02,128,-2244.16,-1554.64,391.11,-0.000859
ASC-02,129,-1077.57,-1372.53,572.23,0.00012
ASC-02,130,3136.87,1824.84,369.65,0.028402
ASC-02,131,513.33,-880.73,919.7,0.028905
ASC-02,132,-1119.52,-1237.68,590.06,-0.003031
ASC-02,133,-1599.33,954.11,584.08,0.002419
ASC-02,134,3164.28,-2194.01,324.53,0.031777
ASC-02,135,-388.65,-2755.06,398.42,0.002098
ASC-02,136,3362.76,1379.93,368.19,0.029803
ASC-02,137,108.66,1795.12,713.98,0.031224
ASC-02,138,148.16,-1425.45,705.16,0.028493
ASC-02,139,2775.78,952.29,467.25,0.026331
ASC-02,140,1699.37,-3261.46,324.48,0.026363
ASC-02,141,564.57,-669.77,1018.23,0.030354
ASC-02,142,-513.45,545.71,1032.12,-0.002219
ASC-02,143,2647.32,-1726.07,398.14,0.027704
ASC-02,144,-618.48,-1062.5,729.74,-0.002716
ASC-02,145,2959.32,766.85,444.82,0.027548
ASC-02,146,-3018.99,629.28,361.12,0.000365
ASC-02,147,-490.02,-2420.66,441.88,0.000195
ASC-02,148,136.6,1446.07,848.97,0.028943
ASC-02,149,3156.57,-2939.8,288.53,0.030825
ASC-02,150,-1743.01,3288.07,327.07,-0.001933
ASC-02,151,2142.27,-2083.47,412.14,0.025588
ASC-02,152,1235.3,-1725.16,560.08,0.02658
ASC-02,153,1519.6,-2097.9,464.78,0.029525
ASC-02,154,907.36,3440.49,366.55,0.031754
ASC-02,155,3300.92,-1493.84,350.79,0.028862
ASC-02,156,-1171.23,737.05,728.0,-0.002362
ASC-02,157,-712.07,3434.44,356.62,-0.000588
ASC-02,158,-2079.62,3150.47,319.85,0.000295
ASC-02,159,-3145.07,-3203.55,259.42,-0.001637
ASC-02,160,-2009.64,148.29,521.52,0.001237
ASC-02,161,2908.25,709.13,455.08,0.029009
ASC-02,162,2381.18,1416.77,500.68,0.027778
ASC-02,163,-2713.16,-1148.63,366.07,0.000979
ASC-02,164,726.45,-1204.64,763.74,0.028176
ASC-02,165,-145.62,-3470.01,327.56,0.031569
ASC-02,166,662.79,-3253.34,348.16,0.026737
ASC-02,167,1114.93,350.4,1063.3,0.031124
ASC-02,168,-1353.38,-2968.79,338.44,0.001567
ASC-02,169,3229.46,-2082.63,326.14,0.029625
ASC-02,170,-239.12,-1167.1,763.13,0.029478
ASC-02,171,896.71,-3006.7,370.5,0.026884
ASC-02,172,946.58,-3283.98,341.3,0.026958
ASC-02,173,-2212.77,2988.44,322.83,-0.003208
ASC-02,174,-3066.94,-453.54,352.43,-0.00152
ASC-02,175,-619.38,-2065.81,493.85,0.002852
ASC-02,176,1848.21,1459.16,596.56,0.0315
ASC-02,177,2206.55,-3433.88,297.27,0.027832
ASC-02,178,1609.92,-1784.88,507.29,0.029823
ASC-02,179,-2707.57,3225.25,287.3,-0.002625
ASC-02,180,2893.48,2783.83,330.66,0.029012
ASC-02,181,2114.26,951.48,605.07,0.030215
ASC-02,182,2643.84,-2847.58,315.6,0.025508
ASC-02,183,163.13,-1273.64,759.23,0.028091
ASC-02,184,2909.45,-3304.47,281.48,0.027685
ASC-02,185,-3173.43,-1965.66,297.94,-0.00181
ASC-02,186,-3287.98,-3321.96,252.53,-0.002647
ASC-02,187,-3358.49,-2616.85,269.06,-0.000195
ASC-02,188,-1730.62,932.5,555.7,0.001432
ASC-02,189,-1760.01,-2796.9,332.79,0.001974
ASC-02,190,-2187.48,-2409.66,335.6,-0.000788
ASC-02,191,469.39,2819.66,460.64,0.02895
ASC-02,192,-3227.1,-1151.83,320.91,0.001657
ASC-02,193,632.72,-1169.02,786.38,0.027644
ASC-02,194,-2337.92,-2894.22,299.73,-0.000968
ASC-02,195,1245.12,2071.51,570.73,0.026891
ASC-02,196,-3352.47,1234.64,319.39,0.001328
ASC-02,197,-1326.01,329.93,705.61,-0.002808
ASC-02,198,3068.39,825.39,426.13,0.02958
ASC-02,199,268.77,-2797.34,403.34,0.025322
ASC-02,200,2181.11,-1677.86,454.99,0.026612
ASC-02,201,1106.18,585.49,1026.73,0.02915
ASC-02,202,775.26,3165.62,402.53,0.030168
ASC-02,203,-2161.23,2219.92,379.57,-0.000403
ASC-02,204,520.76,985.08,1070.9,0.027709
ASC-02,205,-3222.2,131.73,343.26,0.000989
ASC-02,206,2111.65,-3394.07,302.51,0.027691
ASC-02,207,3220.5,2735.01,313.87,0.026481
ASC-02,208,2478.06,-3032.02,311.6,0.027992
ASC-02,209,-3145.03,-2596.43,277.88,0.000902
ASC-02,210,-1129.38,1351.5,641.22,-0.000641
ASC-02,211,-1273.98,2185.01,477.09,0.00169
ASC-02,212,-2710.98,2005.85,344.4,0.000172
ASC-02,213,886.28,-333.17,1084.4,0.031561
ASC-02,214,2082.21,-2260.61,397.89,0.026663
ASC-02,215,-1303.95,-3252.88,318.52,3.4e-05
ASC-02,216,2539.66,2459.66,379.86,0.027827
ASC-02,217,2079.89,3343.88,334.92,0.02622
ASC-02,218,-2596.03,-1791.05,344.06,-0.002452
ASC-02,219,1868.01,2562.53,426.53,0.027399
ASC-02,220,2678.35,-682.28,476.46,0.025992
ASC-02,221,-2119.02,-1320.59,423.27,-0.002291
ASC-02,222,515.49,36.08,1452.28,0.023053
ASC-02,223,971.25,-3442.82,326.95,0.027354
ASC-02,224,765.34,-401.0,1103.7,0.028586
ASC-02,225,-2826.28,-2103.12,312.68,-0.001057
ASC-02,226,1128.34,1487.2,740.64,0.02897
ASC-02,227,923.68,18.0,1172.71,0.029768
ASC-02,228,2267.2,2581.97,391.27,0.027162
ASC-02,229,2124.59,2776.54,382.81,0.02685
ASC-02,230,-1209.82,-1282.69,565.94,-0.002229
ASC-02,231,1554.33,-1537.31,559.49,0.02751
ASC-02,232,2570.91,3073.91,330.49,0.027818
ASC-02,233,2750.63,27.98,491.62,0.027471
ASC-02,234,-2369.41,-2824.39,301.89,0.000393
ASC-02,235,-3313.08,-3178.8,255.44,-0.001831
ASC-02,236,1055.65,3432.98,363.99,0.031727
ASC-02,237,-1997.27,554.15,518.5,-0.00022
ASC-02,238,445.97,-3118.55,363.81,0.027315
ASC-02,239,3113.63,78.79,429.46,0.028465
ASC-02,240,-844.76,28.73,893.36,0.001809
ASC-02,241,-1730.58,-452.29,561.9,0.001629
ASC-02,242,-304.43,3158.96,400.31,0.028863
ASC-02,243,1100.71,3141.4,396.55,0.028237
ASC-02,244,-2792.31,-2625.23,291.91,-0.00162
ASC-02,245,-835.91,-2437.96,421.07,0.004225
ASC-02,246,-2563.95,-647.58,404.81,0.000543
ASC-02,247,1137.12,2338.19,524.54,0.026822
ASC-02,248,2313.87,866.27,564.7,0.031447
ASC-02,249,-862.02,1608.81,643.97,0.002236
ASC-02,250,-897.93,532.41,854.86,-0.001833
ASC-02,251,276.65,-2029.6,539.25,0.026807
ASC-02,252,-1994.6,2224.36,395.05,0.001838
ASC-02,253,-1768.13,-3401.85,294.09,0.001147
ASC-02,254,-1191.03,1389.39,620.6,0.000416
ASC-02,255,-298.02,-2139.62,499.86,0.028148
ASC-02,256,-2929.28,-202.36,371.35,-0.00264
ASC-02,257,1769.12,3325.93,349.99,0.024674
ASC-02,258,553.38,273.25,1458.13,0.026853
ASC-02,259,-1402.14,-3101.36,326.09,0.001599
ASC-02,260,-2957.17,-498.54,362.78,-0.000923
ASC-02,261,1842.27,1121.87,652.76,0.028248
ASC-02,262,-2582.45,-3103.05,280.69,-0.002005
ASC-02,263,-2567.55,-1731.42,349.65,-0.003041
ASC-02,264,-2585.21,-3371.65,270.27,-0.002092
ASC-02,265,-2931.16,280.48,373.89,0.001736
ASC-02,266,2844.75,-829.66,440.59,0.026409
ASC-02,267,-1615.29,25.83,616.17,0.003366
ASC-02,268,-1355.13,-1429.14,518.92,-6.4e-05
ASC-02,269,2329.56,1097.65,541.64,0.028355
ASC-02,270,839.46,-2288.4,474.72,0.025687
ASC-02,271,-2190.0,2846.56,333.05,-0.006779
ASC-02,272,-456.31,3220.57,388.17,-0.000437
ASC-02,273,2687.46,-49.04,502.76,0.027661
ASC-02,274,-872.38,-242.27,850.58,0.003451
ASC-02,275,1476.17,2517.32,465.27,0.027428
ASC-02,276,-2822.35,-1471.14,341.5,0.000149
ASC-02,277,1591.27,2121.74,520.44,0.027345
ASC-02,278,1935.31,-1488.85,512.93,0.028376
ASC-02,279,2280.37,1539.75,504.67,0.030679
ASC-02,280,1219.41,-1161.92,701.57,0.026102
ASC-02,281,-904.87,718.21,825.67,-0.002359
ASC-02,282,-3050.52,2981.08,282.3,-0.004144
ASC-02,283,131.43,-3119.73,363.57,0.030858
ASC-02,284,1802.22,2150.78,490.55,0.029463
ASC-02,285,-2164.13,292.92,489.83,0.001565
ASC-02,286,-1636.34,-846.53,545.8,-0.002796
ASC-02,287,252.84,-1048.07,852.35,0.029321
ASC-02,288,1738.32,-3014.12,343.41,0.026493
ASC-02,289,2776.11,-1691.35,387.92,0.028086
ASC-02,290,-2619.81,861.96,403.83,0.000781
ASC-02,291,-2210.11,-2816.87,309.6,0.000166
ASC-02,292,2096.76,1185.85,582.57,0.028765
ASC-02,293,1011.65,3235.77,387.64,0.030842
ASC-02,294,1546.81,3365.43,355.26,0.027075
ASC-02,295,3477.4,2724.69,300.25,0.026707
ASC-02,296,3074.26,2146.28,356.64,0.027739
ASC-02,297,2401.18,-2254.33,374.04,0.025363
ASC-02,298,1939.81,3291.09,345.54,0.026594
ASC-02,299,-734.87,-2080.94,482.42,0.001535
ASC-02,300,988.6,2583.35,486.96,0.027568
ASC-02,301,-2208.88,2645.12,345.14,-0.003963
ASC-02,302,1816.46,853.36,698.9,0.027771
ASC-02,303,1803.83,149.15,750.09,0.031834
ASC-02,304,1549.07,-2097.02,462.46,0.028639
ASC-02,305,-386.41,136.28,1147.33,0.000688
ASC-02,306,-852.74,-1465.66,588.69,0.000742
ASC-02,307,-561.6,-2618.84,410.22,-0.000848
ASC-02,308,-3266.63,-2602.66,272.91,-0.000782
ASC-02,309,2410.24,2108.2,425.09,0.02814
ASC-02,310,296.59,2956.82,438.73,0.027977
ASC-02,311,-787.37,-2506.92,414.53,0.001563
ASC-02,312,336.2,-3407.17,335.41,0.029681
ASC-02,313,1551.48,-1654.57,537.53,0.028159
ASC-02,314,-829.77,-2558.93,405.55,0.002282
ASC-02,315,2314.48,-2179.61,387.67,0.025232
ASC-02,316,2936.24,583.29,453.98,0.029328
ASC-02,317,-787.97,-543.94,823.0,-0.000229
ASC-02,318,-2535.29,-495.4,414.22,0.000644
ASC-02,319,1822.61,-2060.71,443.74,0.028761
ASC-02,320,3450.64,1152.12,367.16,0.029369
ASC-02,321,-2464.08,-1473.43,374.01,-0.00233
ASC-02,322,1488.73,-705.97,753.81,0.025985
ASC-02,323,2277.26,-256.1,587.78,0.029026
ASC-02,324,2944.0,2830.97,324.78,0.029297
ASC-02,325,-2636.33,-1775.51,341.72,-0.002563
ASC-02,326,-2857.33,1530.66,352.79,-0.000475
ASC-02,327,3415.1,-1334.42,348.15,0.029251
ASC-02,328,-2682.7,2760.98,309.11,0.001589
ASC-02,329,-2262.35,-741.44,443.07,0.000313
ASC-02,330,524.67,36.13,1446.17,0.023457
ASC-02,331,-376.09,2640.51,477.26,0.001643
ASC-02,332,1752.75,1209.33,661.24,0.025987
ASC-02,333,-2166.1,-2839.49,310.37,5.4e-05
ASC-02,334,2900.99,-2542.15,320.73,0.026807
ASC-02,335,-1979.64,3435.13,307.21,0.001329
ASC-02,336,1883.78,-3296.26,316.09,0.026531
ASC-02,337,-3026.78,-1393.9,328.25,-0.00072
ASC-02,338,-186.18,3212.26,396.18,0.028231
ASC-02,339,-3272.09,-3394.26,251.16,-0.002076
ASC-02,340,-1303.33,-2370.21,399.08,0.001696
ASC-02,341,-1314.39,-2006.45,442.39,0.000577
ASC-02,342,1538.24,-2895.26,362.51,0.024803
ASC-02,343,-314.88,-196.27,1121.08,0.028116
ASC-02,344,-3102.58,647.07,352.22,0.001244
ASC-02,345,3467.53,-1271.75,346.16,0.031203
ASC-02,346,2720.9,-2739.45,318.45,0.027017
ASC-02,347,2914.27,2176.69,368.72,0.028263
ASC-02,348,-1773.97,2131.3,426.77,0.00147
ASC-02,349,-741.23,434.7,936.31,-0.000294
ASC-02,350,-1909.74,-2535.81,343.84,0.002448
ASC-02,351,-2625.66,293.38,413.11,0.002631
ASC-02,352,-3268.83,906.67,332.66,0.000554
ASC-02,353,23.36,-501.95,1107.07,0.02891
ASC-02,354,-2638.06,2547.04,322.27,0.00075
ASC-02,355,-2265.87,-769.68,440.94,0.000476
ASC-02,356,2523.33,76.21,539.92,0.029503
ASC-02,357,-110.3,-2701.0,412.72,0.027292
ASC-02,358,-2214.08,444.86,478.45,-0.001731
ASC-02,359,1189.05,1865.14,626.16,0.026383
ASC-02,360,-1638.95,1618.81,502.32,-0.00144
ASC-02,361,188.56,-1701.13,621.42,0.027803
ASC-02,362,-1519.33,3443.06,325.74,-0.000398
ASC-02,363,113.13,1539.54,808.83,0.028125
ASC-02,364,899.74,-533.73,997.48,0.030112
ASC-02,365,253.46,-595.64,1081.73,0.03019
ASC-02,366,-730.77,1955.28,586.13,0.001301
ASC-02,367,2035.7,-2270.22,400.44,0.028472
ASC-02,368,2614.06,977.39,494.65,0.030002
ASC-02,369,-2244.4,1531.88,421.1,0.00122
ASC-02,370,-2545.84,114.38,424.78,0.002795
ASC-02,371,-2707.66,2612.39,314.76,0.001377
ASC-02,372,3357.18,-219.55,391.71,0.028986
ASC-02,373,3091.14,-245.75,427.89,0.02937
ASC-02,374,-1885.33,-1507.24,436.15,-0.002968
ASC-02,375,3289.35,2935.6,300.67,0.026375
ASC-02,376,-2045.28,-1286.11,435.62,-0.003386
ASC-02,377,45.33,1366.9,876.53,0.027914
ASC-02,378,-18.3,-634.53,1026.97,0.028804
ASC-02,379,2904.69,3047.97,314.46,0.026692
ASC-02,380,-3216.3,3135.72,270.77,-0.003388
ASC-02,381,-1292.54,-3289.75,316.27,0.000582
ASC-02,382,699.82,3461.74,367.75,0.02903
ASC-02,383,-3035.21,734.55,357.81,0.001177
ASC-02,384,-1844.15,-2983.03,316.12,-0.001832
ASC-02,385,-244.56,-20.78,1213.82,0.026953
ASC-02,386,2666.0,-3153.7,297.22,0.025885
ASC-02,387,1826.72,342.26,739.69,0.03105
ASC-02,388,2302.86,-2201.82,386.48,0.024873
ASC-02,389,1827.49,-924.42,623.58,0.028375
ASC-02,390,1454.05,-1367.1,609.84,0.027262
ASC-02,391,2447.85,715.48,544.01,0.030374
ASC-02,392,1270.34,2256.53,529.39,0.026992
ASC-02,393,1649.78,3055.76,382.62,0.027277
ASC-02,394,-1388.49,-1197.99,547.86,-0.002781
ASC-02,395,-2326.51,487.83,457.68,0.000995
ASC-02,396,1795.67,-3458.71,307.57,0.027669
ASC-02,397,-2339.14,-894.86,423.27,0.000294
ASC-02,398,2936.19,3224.93,303.36,0.027702
ASC-02,399,676.5,-2668.13,418.05,0.027345
ASC-02,400,-1193.96,2588.79,429.27,0.002092
ASC-02,401,3056.5,1067.54,418.48,0.029594
ASC-02,402,-2414.09,-1442.74,380.95,-0.001571
ASC-02,403,101.26,1947.13,664.5,0.031926
ASC-02,404,-2859.12,-1475.03,338.3,3.7e-05
ASC-02,405,3257.99,2763.71,310.35,0.027547
ASC-02,406,527.63,-2920.69,386.28,0.026825
ASC-02,407,2125.67,-2667.05,355.59,0.023348
ASC-02,408,-1526.54,1750.09,503.73,0.001843
ASC-02,409,2112.58,-355.75,623.82,0.028231
ASC-02,410,1419.89,-2467.76,417.97,0.025683
ASC-02,411,1005.77,94.04,1132.09,0.029747
ASC-02,412,3153.94,-1421.22,368.18,0.02714
ASC-02,413,-465.56,345.21,1092.25,0.002304
ASC-02,414,-594.38,1706.0,666.62,0.002423
ASC-02,415,1344.85,2497.88,478.77,0.024879
ASC-02,416,2345.39,-3087.0,313.55,0.027631
ASC-02,417,-1154.47,646.48,743.98,-0.002922
ASC-02,418,1187.6,3385.66,365.43,0.032507
ASC-02,419,-2036.74,-281.42,505.72,-0.001444
ASC-02,420,361.9,1886.97,686.78,0.026216
ASC-02,421,1884.2,-2819.18,354.5,0.025593
ASC-02,422,-3042.8,2614.56,295.98,-0.001136
ASC-02,423,1594.89,574.37,810.7,0.028989
ASC-02,424,-3391.97,2717.84,276.25,-0.005214
ASC-02,425,3208.45,2009.83,352.86,0.028628
ASC-02,426,-219.31,2584.68,494.76,0.031816
ASC-02,427,-636.5,-3098.93,352.48,-0.001869
ASC-02,428,1543.11,1508.67,650.29,0.03017
ASC-02,429,163.09,-2121.13,518.34,0.026394
ASC-02,430,1615.94,-1639.33,532.12,0.030574
ASC-02,431,-2906.69,-1226.52,344.52,0.001145
ASC-02,432,439.54,639.2,1303.23,0.029002
ASC-02,433,406.76,895.03,1138.64,0.030804
ASC-02,434,3024.8,3020.1,309.83,0.027927
ASC-02,435,-3222.76,-3410.97,251.94,-0.002529
ASC-02,436,-330.26,-2145.93,497.02,0.000894
ASC-02,437,917.51,-965.98,822.42,0.026227
ASC-02,438,355.23,2226.05,588.39,0.025879
ASC-02,439,-2980.87,349.36,367.96,0.003683
ASC-02,440,652.6,83.93,1371.16,0.025869
ASC-02,441,-1944.62,1821.3,436.81,0.000739
ASC-02,442,-2131.16,1085.41,467.28,0.00199
ASC-02,443,2650.84,-1471.01,419.29,0.025354
ASC-02,444,-2115.11,-2890.19,309.79,-0.001487
ASC-02,445,-319.96,-263.85,1095.19,0.02769
ASC-02,446,1752.01,2661.16,423.22,0.02657
ASC-02,447,1451.21,686.99,851.91,0.028857
ASC-02,448,374.21,-3126.98,363.15,0.029136
ASC-02,449,2149.32,-419.46,608.71,0.026559
ASC-02,450,-239.29,-807.72,900.12,0.029246
ASC-02,451,842.7,576.97,1165.55,0.02958
ASC-02,452,2232.42,609.89,601.93,0.029493
ASC-02,453,1246.64,3159.32,389.02,0.028937
ASC-02,454,992.8,-1133.34,750.87,0.025379
ASC-02,455,-657.1,-643.33,840.85,0.000841
ASC-02,456,408.26,794.6,1202.55,0.031138
ASC-02,457,-727.42,2704.73,446.75,0.000542
ASC-02,458,1710.05,1443.01,628.41,0.028312
ASC-02,459,-836.99,-203.8,871.05,0.003098
ASC-02,460,-233.65,2201.96,576.9,0.028329
ASC-02,461,1788.2,-102.86,744.98,0.0315
ASC-02,462,25.59,3244.66,395.43,0.027798
ASC-02,463,-1133.77,-1522.5,536.68,-0.000711
ASC-02,464,2287.73,-2608.26,351.34,0.025863
ASC-02,465,-833.26,2312.8,503.34,0.002015
ASC-02,466,2413.1,-1418.91,454.32,0.025888
ASC-02,467,1996.68,2431.77,431.42,0.029533
ASC-02,468,-368.98,765.83,1036.39,-0.001278
ASC-02,469,1490.24,62.72,874.84,0.030045
ASC-02,470,-3259.27,-2890.78,264.75,-0.000501
ASC-02,471,-771.41,2004.21,570.3,0.000584
ASC-02,472,2522.34,-3038.53,309.37,0.027078
ASC-02,473,556.78,3256.06,394.16,0.02902
ASC-02,474,404.78,2638.82,494.66,0.030858
ASC-02,475,1153.17,-1379.22,653.32,0.029342
ASC-02,476,1243.7,-2604.94,408.57,0.025743
ASC-02,477,585.19,2699.72,480.32,0.031512
ASC-02,478,-555.59,-141.05,1011.74,0.001073
ASC-02,479,-2215.61,-2625.88,320.42,0.000395
ASC-02,480,-1451.51,-10.34,662.74,0.002903
ASC-02,481,-1449.54,-1772.27,458.68,0.000188
ASC-02,482,-484.79,-645.15,895.29,0.003527
ASC-02,483,3493.41,981.69,367.57,0.029754
ASC-02,484,-1032.14,2907.55,400.65,-0.001421
ASC-02,485,-368.35,2106.51,590.09,0.002316
ASC-02,486,-898.61,-2372.94,426.09,0.00292
ASC-02,487,569.99,-158.65,1312.03,0.02786
ASC-02,488,3135.29,-56.5,424.82,0.025257
ASC-02,489,2723.51,3426.38,301.81,0.030854
ASC-02,490,-860.03,-2891.72,365.96,0.001863
ASC-02,491,-1631.69,75.37,612.71,0.002959
ASC-02,492,2690.79,2900.54,335.46,0.02939
ASC-02,493,-43.17,-708.06,985.3,0.030705
ASC-02,494,1298.79,-1667.98,565.43,0.027206
ASC-02,495,-2986.96,391.53,367.03,0.003924
ASC-02,496,2565.9,-1259.38,448.74,0.025964
ASC-02,497,-1309.24,2989.55,375.26,0.000924
ASC-02,498,-38.31,-2906.41,386.8,0.029978
ASC-02,499,-2113.85,-2053.04,365.99,-0.000881
ASC-02,500,-558.3,-2912.9,374.25,-0.001066
ASC-02,501,2296.34,1483.22,508.31,0.030011
ASC-02,502,2293.05,-1448.01,467.5,0.026185
ASC-02,503,-184.3,2801.18,457.06,0.029242
ASC-02,504,1875.37,2755.42,402.73,0.0273
ASC-02,505,-293.53,3054.71,414.73,0.028545
ASC-02,506,-886.51,-1707.1,535.57,-0.001331
ASC-02,507,321.22,-3495.4,327.69,0.028088
ASC-02,508,-2090.61,-786.76,467.48,0.002937
ASC-02,509,-1284.07,3237.94,352.8,-0.002416
ASC-02,510,1445.7,1846.19,593.91,0.027532
ASC-02,511,1893.6,-3082.38,331.72,0.02708
ASC-02,512,-3103.04,1418.01,334.77,0.000895
ASC-02,513,1629.78,2919.44,399.36,0.025439
ASC-02,514,2222.01,3274.04,333.79,0.026644
ASC-02,515,-383.64,1511.92,759.46,0.001725
ASC-02,516,-3062.82,2540.97,297.67,-0.000162
ASC-02,517,1280.39,2391.91,502.61,0.025363
ASC-02,518,-1776.85,-991.64,503.97,-0.003726
ASC-02,519,1003.5,-2806.69,391.45,0.027746
ASC-02,520,-863.64,1592.25,647.44,0.002726
ASC-02,521,960.14,-2541.61,428.89,0.02658
ASC-02,522,-1693.06,-810.61,538.14,-0.002584
ASC-02,523,-164.24,3470.15,365.88,0.028539
ASC-02,524,172.72,418.5,1467.3,0.026373
ASC-02,525,917.09,152.18,1192.86,0.030216
ASC-02,526,-2077.83,3135.16,320.89,-0.000654
ASC-02,527,3234.36,-1511.72,355.78,0.028413
ASC-02,528,-1476.03,3496.02,323.62,-0.000669
ASC-02,529,-1357.86,2883.86,383.12,0.001062
ASC-02,530,-1705.81,-952.67,520.84,-0.003051
ASC-02,531,-3027.67,-1209.32,334.83,0.000976
ASC-02,532,-539.54,-2614.06,411.76,-0.000877
ASC-02,533,1902.85,2909.48,383.92,0.02709
ASC-02,534,1466.97,-2199.33,453.28,0.027012
ASC-02,535,-2130.99,-3437.15,281.18,0.000401
ASC-02,536,-2541.48,2730.54,318.7,0.000176
ASC-02,537,-1250.0,686.81,707.82,-0.002054
ASC-02,538,1877.79,1202.94,631.32,0.029266
ASC-02,539,-83.45,1631.99,758.32,0.028993
ASC-02,540,2962.29,-3201.37,284.24,0.026195
ASC-02,541,1094.69,-2857.02,382.63,0.027396
ASC-02,542,846.35,-1.14,1217.48,0.029676
ASC-02,543,1873.84,-3148.17,327.33,0.028853
ASC-02,544,1751.81,30.25,766.09,0.032129
ASC-02,545,-1093.13,1654.37,591.73,5.6e-05
ASC-02,546,-1700.94,1101.86,547.24,0.002725
ASC-02,547,-436.65,816.53,990.62,-0.002181
ASC-02,548,-75.27,-3175.16,355.91,0.028367
ASC-02,549,-2507.94,-1843.42,348.12,0.000773
ASC-02,550,-410.67,2782.46,451.53,0.001586
ASC-02,551,978.76,-2637.46,414.48,0.026923
ASC-02,552,-2550.0,232.57,424.33,0.003117
ASC-02,553,-2533.73,-3149.66,280.5,0.000615
ASC-02,554,-2283.95,3074.42,314.03,-0.002274
ASC-02,555,-1516.68,-2299.06,391.23,0.003409
ASC-02,556,3231.96,-629.85,396.72,0.026224
ASC-02,557,-3319.46,327.47,334.12,-0.001102
ASC-02,558,-2213.83,1530.56,425.22,0.002745
ASC-02,559,-2344.67,3062.17,311.64,-0.001428
ASC-02,560,-179.56,1654.54,740.33,0.03014
ASC-02,561,-3394.49,-1068.42,310.95,0.002834
ASC-02,562,-292.79,-2972.62,374.43,0.028892
ASC-02,563,-2359.54,1451.84,411.37,0.000521
ASC-02,564,-1612.52,3307.57,331.71,0.000681
ASC-02,565,2047.08,-3380.89,305.32,0.02812
ASC-02,566,-2211.53,1922.76,396.92,0.001315
ASC-02,567,819.9,-2267.01,479.34,0.026122
ASC-02,568,-655.81,-280.32,935.15,0.003075
ASC-02,569,-576.83,158.46,1035.48,0.002024
ASC-02,570,2217.92,800.98,592.8,0.031597
ASC-02,571,-2373.6,3426.76,291.8,-0.0029
ASC-02,572,2966.67,1311.81,418.57,0.028581
ASC-02,573,2754.44,-753.29,459.26,0.028495
ASC-02,574,1178.25,1505.15,725.56,0.028319
ASC-02,575,-3153.87,-232.88,347.32,-0.00226
ASC-02,576,1143.16,-608.16,888.56,0.029737
ASC-02,577,702.43,-940.43,869.81,0.02795
ASC-02,578,1905.44,-46.16,707.97,0.032437
ASC-02,579,-2003.18,-1531.72,419.68,-0.004344
ASC-02,580,3173.49,-1805.3,345.07,0.029647
ASC-02,581,2703.38,-2460.73,337.4,0.024995
ASC-02,582,-2699.5,-418.43,394.71,-0.000969
ASC-02,583,-1293.59,-1447.17,525.48,0.000181
ASC-02,584,-3272.89,2358.59,292.79,-0.001493
ASC-02,585,2316.63,2435.26,401.59,0.028926
ASC-02,586,2905.66,-1092.86,415.73,0.030683
ASC-02,587,3428.66,833.99,378.58,0.030892
ASC-02,588,783.48,2816.04,454.59,0.030567
ASC-02,589,1161.9,-985.87,764.47,0.025125
ASC-02,590,1248.84,383.01,987.61,0.029455
ASC-02,591,491.04,-395.09,1188.86,0.027976
ASC-02,592,3166.96,1051.86,404.25,0.029153
ASC-02,593,755.03,3218.4,396.02,0.029078
ASC-02,594,-1149.92,-2529.63,391.08,0.002158
ASC-02,595,90.14,3257.7,394.41,0.027628
ASC-02,596,-3369.36,1160.13,319.66,2.5e-05
ASC-02,597,1568.88,2071.09,532.3,0.025959
ASC-02,598,1357.45,945.85,833.04,0.026342
ASC-02,599,-552.64,2592.22,475.93,0.001668
ASC-02,600,2460.37,-1216.33,468.02,0.026227
ASC-02,601,1788.68,1456.33,609.35,0.030819
ASC-02,602,-1143.21,-1651.21,513.67,0.000969
ASC-02,603,-2957.51,60.6,370.64,-7e-05
ASC-02,604,-2574.44,1270.43,394.1,0.002388
ASC-02,605,-2210.09,-2092.13,355.57,-0.002524
ASC-02,606,-1372.57,-3071.88,329.47,0.003354
ASC-02,607,-367.39,2036.64,607.67,0.003462
ASC-02,608,2995.98,2162.62,362.4,0.027779
ASC-02,609,-1551.07,1159.65,573.6,6.9e-05
ASC-02,610,2790.1,-1249.98,419.69,0.028705
ASC-02,611,1263.24,1107.21,820.85,0.024734
ASC-02,612,2474.45,-2912.84,319.32,0.026078
ASC-02,613,-677.23,1137.57,808.13,0.000859
ASC-02,614,-3477.06,533.39,319.75,-0.000346
ASC-02,615,2008.77,820.43,646.43,0.02963
ASC-02,616,-1781.67,-371.11,555.73,0.001765
ASC-02,617,-2502.64,-1923.89,343.87,-0.001195
ASC-02,618,2096.44,1581.14,531.14,0.030934
ASC-02,619,1304.3,-251.09,920.0,0.028977
ASC-02,620,-2013.09,1717.66,437.19,0.000451
ASC-02,621,-1626.93,-950.74,535.95,-0.002499
ASC-02,622,3074.54,-2885.48,294.34,0.02828
ASC-02,623,-1620.23,297.2,616.31,0.000424
ASC-02,624,1416.84,859.33,831.81,0.026673
ASC-02,625,-2593.13,2952.44,304.69,0.001187
ASC-02,626,2205.25,2714.28,383.12,0.025902
ASC-02,627,-2676.87,-3099.96,277.51,-0.00113
ASC-02,628,112.29,1902.88,678.71,0.030564
ASC-02,629,-3253.48,-1670.46,303.14,-0.002679
ASC-02,630,350.55,1380.39,882.37,0.028207
ASC-02,631,2426.35,-843.63,509.24,0.027415
ASC-02,632,-2909.21,-1245.45,343.56,0.000258
ASC-02,633,-1580.2,-82.01,622.31,0.003885
ASC-02,634,1852.85,213.72,732.69,0.030778
ASC-02,635,756.69,1361.38,852.79,0.026899
ASC-02,636,-1310.42,965.18,656.95,0.000101
ASC-02,637,902.33,1247.79,870.15,0.027141
ASC-02,638,-317.03,-811.46,880.85,0.02732
ASC-02,639,2536.49,1241.38,489.6,0.029624
ASC-02,640,-1449.42,-1082.29,553.26,-0.002011
ASC-02,641,1804.11,752.73,715.39,0.0286
ASC-02,642,949.72,-283.27,1074.27,0.029924
ASC-02,643,1683.0,439.59,788.45,0.028238
ASC-02,644,-852.17,-3377.23,322.46,-0.002311
ASC-02,645,1574.45,-8.5,834.16,0.031122
ASC-02,646,1388.98,-1960.22,499.0,0.027881
ASC-02,647,-787.58,-799.31,760.36,-0.002707
ASC-02,648,-3314.83,-2983.6,260.46,-0.001494
ASC-02,649,3240.39,1098.31,393.16,0.031053
ASC-02,650,1495.2,2754.65,428.82,0.025617
ASC-02,651,-2066.83,-1017.82,454.35,-0.001675
ASC-02,652,1615.65,-2764.53,372.6,0.027122
ASC-02,653,-1549.22,841.87,606.77,0.001397
ASC-02,654,-215.0,-2610.74,423.23,0.028012
ASC-02,655,2519.22,2741.35,358.21,0.02709
ASC-02,656,-363.5,-2642.8,414.24,-0.000993
ASC-02,657,-1483.95,-966.91,562.16,-0.003468
ASC-02,658,-1361.56,-37.38,689.93,0.001777
ASC-02,659,-2960.88,-2674.89,282.69,-0.000811
ASC-02,660,-1963.46,-1268.77,448.24,-0.003108
ASC-02,661,-1602.26,-1573.05,464.96,-0.000301
ASC-02,662,-2289.22,1493.1,417.84,0.001279
ASC-02,663,-3058.54,3403.91,267.95,-0.001852
ASC-02,664,-239.48,-960.14,839.23,0.027628
ASC-02,665,-1999.23,2035.04,411.04,-0.002635
ASC-02,666,1671.39,-2517.61,397.13,0.02596
ASC-02,667,2957.69,559.4,450.96,0.028622
ASC-02,668,-1589.11,-471.01,594.15,0.000128
ASC-02,669,505.74,-1482.71,684.47,0.027383
ASC-02,670,47.08,2251.97,578.0,0.027471
ASC-02,671,-2974.24,1724.95,335.0,-0.001741
ASC-02,672,-2625.88,-2562.02,302.6,-0.001586
ASC-02,673,2693.46,-1453.15,415.72,0.026208
ASC-02,674,-180.94,2236.53,571.74,0.027811
ASC-02,675,2132.27,3447.02,324.92,0.027431
ASC-02,676,-3033.93,780.95,357.13,0.000914
ASC-02,677,663.69,2601.89,496.99,0.029049
ASC-02,678,2557.18,3389.55,310.86,0.029566
ASC-02,679,2569.46,1683.82,446.06,0.03017
ASC-02,680,-3459.94,1013.13,315.43,-0.000811
ASC-02,681,152.04,-1951.33,556.24,0.028499
ASC-02,682,-916.97,-907.03,700.92,-0.000606
ASC-02,683,1820.29,864.88,696.21,0.028526
ASC-02,684,-2987.47,2984.81,284.85,-0.004085
ASC-02,685,-1645.51,-1387.07,481.29,0.000847
ASC-02,686,2188.5,-733.54,568.26,0.026937
ASC-02,687,-213.11,-3344.34,337.78,0.029445
ASC-02,688,-327.95,1377.09,816.35,0.000707
ASC-02,689,3279.91,-395.01,397.83,0.0287
ASC-02,690,-1260.77,2084.12,493.58,0.001484
ASC-02,691,-3207.95,-1864.42,299.45,-0.001841
ASC-02,692,-754.59,1117.52,790.7,0.00182
ASC-02,693,-2426.39,1211.65,415.84,0.000867
ASC-02,694,-2926.76,-249.73,370.93,-0.003299
ASC-02,695,475.02,-2179.76,505.65,0.028034
ASC-02,696,3175.03,-679.71,402.11,0.027357
ASC-02,697,555.85,1715.3,738.46,0.028779
ASC-02,698,1029.8,-2175.7,486.11,0.02543
ASC-02,699,-1234.6,-2869.71,352.21,0.003441
ASC-03,0,875.67,497.86,1173.71,-0.03549
ASC-03,1,2780.5,1765.71,412.23,-0.00239
ASC-03,2,1929.8,624.99,688.02,-0.0168
ASC-03,3,-1923.55,2119.45,411.65,-0.061168
ASC-03,4,-1398.84,353.29,681.09,-0.070998
ASC-03,5,2614.87,-2112.99,369.29,-0.002851
ASC-03,6,-3463.14,579.08,320.51,-0.062446
ASC-03,7,2248.6,-63.45,604.37,-0.012794
ASC-03,8,2079.49,-2338.45,389.9,-0.009504
ASC-03,9,-224.46,834.16,1066.62,-0.054738
ASC-03,10,-1378.77,2218.72,460.56,-0.055194
ASC-03,11,-1551.02,-2554.39,364.16,-0.040999
ASC-03,12,-1715.91,314.62,590.38,-0.071235
ASC-03,13,-384.47,1635.81,719.47,-0.052604
ASC-03,14,31.84,-678.88,1012.92,-0.05051
ASC-03,15,374.48,-1609.68,648.43,-0.040771
ASC-03,16,3468.5,-894.04,360.54,0.006202
ASC-03,17,2048.63,291.89,666.78,-0.014169
ASC-03,18,855.25,1306.62,857.08,-0.032098
ASC-03,19,3422.72,414.23,386.14,0.00498
ASC-03,20,-1992.84,-2750.82,324.21,-0.04539
ASC-03,21,-2378.52,2225.2,359.9,-0.06444
ASC-03,22,787.78,2967.02,430.46,-0.027893
ASC-03,23,-3192.41,-2790.95,269.95,-0.040423
ASC-03,24,-3250.24,-1753.36,300.66,-0.05017
ASC-03,25,104.22,-2284.23,484.84,-0.035851
ASC-03,26,-236.56,2444.09,522.14,-0.045293
ASC-03,27,2920.17,2871.95,323.76,0.004577
ASC-03,28,904.58,-3190.08,351.03,-0.018203
ASC-03,29,98.82,-1173.06,794.71,-0.047709
ASC-03,30,-21.89,-2152.54,508.05,-0.039795
ASC-03,31,-1767.4,-213.27,567.86,-0.063239
ASC-03,32,-3417.44,2951.13,268.72,-0.060264
ASC-03,33,-2153.18,-3008.79,301.54,-0.041211
ASC-03,34,1344.22,-2301.05,446.25,-0.021014
ASC-03,35,-2095.75,-90.8,500.16,-0.067126
ASC-03,36,-913.25,168.24,867.88,-0.069108
ASC-03,37,-3473.86,1718.51,299.61,-0.065844
ASC-03,38,2310.33,-436.2,567.78,-0.012413
ASC-03,39,-2418.77,-2512.04,315.94,-0.043918
ASC-03,40,-1626.8,-1024.72,527.39,-0.062433
ASC-03,41,2662.33,3374.65,307.25,0.000531
ASC-03,42,68.54,1755.06,725.89,-0.047919
ASC-03,43,2430.05,-2685.59,337.3,-0.004421
ASC-03,44,978.02,2157.46,576.97,-0.028258
ASC-03,45,1692.4,-1323.51,578.89,-0.02022
ASC-03,46,-2859.53,1969.78,334.15,-0.062346
ASC-03,47,288.01,-3410.95,335.09,-0.021732
ASC-03,48,54.41,2598.89,500.55,-0.037883
ASC-03,49,2599.38,-2363.83,351.0,-0.001897
ASC-03,50,-971.15,-309.75,801.96,-0.065654
ASC-03,51,687.29,1132.29,965.25,-0.040889
ASC-03,52,-3085.24,55.09,356.7,-0.066934
ASC-03,53,-786.58,-2342.22,437.48,-0.041104
ASC-03,54,-1238.75,-2526.17,386.09,-0.03881
ASC-03,55,-2448.6,-1508.26,373.43,-0.055667
ASC-03,56,2214.37,-3133.26,315.66,-0.001385
ASC-03,57,-843.88,-1984.19,489.89,-0.047908
ASC-03,58,3351.24,-2589.26,295.32,0.007578
ASC-03,59,629.94,-246.42,1236.02,-0.044748
ASC-03,60,735.39,-1004.43,838.69,-0.03711
ASC-03,61,965.98,607.83,1091.23,-0.033902
ASC-03,62,1235.15,-1533.85,603.39,-0.027088
ASC-03,63,-2444.48,-3262.62,278.86,-0.036489
ASC-03,64,-417.81,-1182.23,731.07,-0.05294
ASC-03,65,-1823.05,1786.26,456.32,-0.062056
ASC-03,66,-682.51,-1709.13,558.46,-0.051778
ASC-03,67,-2823.07,-668.16,372.82,-0.059114
ASC-03,68,3274.8,1784.82,358.56,0.006904
ASC-03,69,-1994.97,-653.23,493.22,-0.063741
ASC-03,70,1202.36,2709.87,453.44,-0.018986
ASC-03,71,-1397.06,2926.48,376.31,-0.049528
ASC-03,72,2618.54,-1326.29,435.73,-0.004532
ASC-03,73,1135.5,1651.75,691.05,-0.026443
ASC-03,74,-2578.69,-1728.18,348.91,-0.054828
ASC-03,75,2415.52,-2523.34,350.54,-0.005342
ASC-03,76,3114.64,-434.83,419.13,-0.002484
ASC-03,77,2827.42,717.31,468.63,0.000546
ASC-03,78,488.03,3049.14,423.56,-0.033733
ASC-03,79,-2481.78,-2478.69,314.28,-0.043666
ASC-03,80,-2152.76,1486.54,436.69,-0.066745
ASC-03,81,2995.34,-171.75,444.52,-0.003522
ASC-03,82,366.29,-2578.03,435.25,-0.029804
ASC-03,83,-2236.13,3308.61,303.4,-0.05445
ASC-03,84,2688.4,1370.38,454.69,-0.001628
ASC-03,85,991.0,-2597.99,419.61,-0.018863
ASC-03,86,487.86,2840.29,456.87,-0.032589
ASC-03,87,-865.99,-2778.34,377.85,-0.034267
ASC-03,88,-623.31,-2851.39,379.09,-0.034188
ASC-03,89,-1823.58,-1179.14,477.31,-0.059387
ASC-03,90,-3233.6,3065.71,272.25,-0.059727
ASC-03,91,2633.53,-3268.83,292.4,0.002098
ASC-03,92,-225.89,2927.45,435.43,-0.040371
ASC-03,93,333.45,781.28,1217.45,-0.047687
ASC-03,94,-1244.86,-3030.64,337.81,-0.034002
ASC-03,95,1759.27,480.14,757.02,-0.01955
ASC-03,96,-3323.62,-288.46,331.06,-0.063445
ASC-03,97,-894.7,447.89,865.0,-0.068251
ASC-03,98,-3287.55,1660.42,313.4,-0.064046
ASC-03,99,-2639.76,1250.33,387.18,-0.069583
ASC-03,100,3270.04,3480.59,278.49,0.008263
ASC-03,101,1104.33,-2403.32,443.89,-0.018919
ASC-03,102,-502.46,2189.99,558.8,-0.054563
ASC-03,103,166.18,-622.35,1060.73,-0.050461
ASC-03,104,2609.66,1983.15,414.42,-0.001884
ASC-03,105,-1090.53,2742.45,417.31,-0.052857
ASC-03,106,632.04,3443.99,370.59,-0.02203
ASC-03,107,1285.79,-1637.71,573.51,-0.028841
ASC-03,108,-1012.1,-329.43,784.03,-0.06441
ASC-03,109,133.69,3099.45,416.39,-0.032374
ASC-03,110,1856.73,3120.17,365.19,-0.007591
ASC-03,111,2864.26,-889.88,434.09,-0.002897
ASC-03,112,-2442.56,3081.47,305.76,-0.056453
ASC-03,113,3033.94,-658.76,422.03,-0.002962
ASC-03,114,-3463.75,-876.64,310.32,-0.056308
ASC-03,115,1770.84,1796.34,552.88,-0.017935
ASC-03,116,2173.69,-201.52,618.11,-0.014582
ASC-03,117,-2542.65,-362.61,417.32,-0.062524
ASC-03,118,-567.67,-797.17,821.42,-0.060452
ASC-03,119,2206.79,-470.37,589.85,-0.014351
ASC-03,120,-3400.1,-2521.28,270.19,-0.042405
ASC-03,121,899.23,-3072.74,363.22,-0.020382
ASC-03,122,2051.17,1777.95,511.61,-0.010299
ASC-03,123,91.03,451.5,1406.2,-0.052357
ASC-03,124,1580.95,1203.23,707.0,-0.024442
ASC-03,125,-1915.04,2116.35,412.85,-0.061127
ASC-03,126,-2110.35,-1889.26,378.88,-0.053758
ASC-03,127,-958.11,-1863.59,499.46,-0.051272
ASC-03,128,-2244.16,-1554.64,391.11,-0.056007
ASC-03,129,-1077.57,-1372.53,572.23,-0.058675
ASC-03,130,3136.87,1824.84,369.65,0.00603
ASC-03,131,513.33,-880.73,919.7,-0.043841
ASC-03,132,-1119.52,-1237.68,590.06,-0.058456
ASC-03,133,-1599.33,954.11,584.08,-0.067913
ASC-03,134,3164.28,-2194.01,324.53,0.006571
ASC-03,135,-388.65,-2755.06,398.42,-0.034923
ASC-03,136,3362.76,1379.93,368.19,0.006706
ASC-03,137,108.66,1795.12,713.98,-0.047837
ASC-03,138,148.16,-1425.45,705.16,-0.044202
ASC-03,139,2775.78,952.29,467.25,0.000776
ASC-03,140,1699.37,-3261.46,324.48,-0.003029
ASC-03,141,564.57,-669.77,1018.23,-0.041926
ASC-03,142,-513.45,545.71,1032.12,-0.061445
ASC-03,143,2647.32,-1726.07,398.14,-0.003314
ASC-03,144,-618.48,-1062.5,729.74,-0.05673
ASC-03,145,2959.32,766.85,444.82,0.002052
ASC-03,146,-3018.99,629.28,361.12,-0.063621
ASC-03,147,-490.02,-2420.66,441.88,-0.037721
ASC-03,148,136.6,1446.07,848.97,-0.049234
ASC-03,149,3156.57,-2939.8,288.53,0.005451
ASC-03,150,-1743.01,3288.07,327.07,-0.048713
ASC-03,151,2142.27,-2083.47,412.14,-0.009149
ASC-03,152,1235.3,-1725.16,560.08,-0.02824
ASC-03,153,1519.6,-2097.9,464.78,-0.017639
ASC-03,154,907.36,3440.49,366.55,-0.020984
ASC-03,155,3300.92,-1493.84,350.79,0.005149
ASC-03,156,-1171.23,737.05,728.0,-0.068475
ASC-03,157,-712.07,3434.44,356.62,-0.045594
ASC-03,158,-2079.62,3150.47,319.85,-0.052412
ASC-03,159,-3145.07,-3203.55,259.42,-0.037803
ASC-03,160,-2009.64,148.29,521.52,-0.069446
ASC-03,161,2908.25,709.13,455.08,0.000626
ASC-03,162,2381.18,1416.77,500.68,-0.005572
ASC-03,163,-2713.16,-1148.63,366.07,-0.057925
ASC-03,164,726.45,-1204.64,763.74,-0.036965
ASC-03,165,-145.62,-3470.01,327.56,-0.026746
ASC-03,166,662.79,-3253.34,348.16,-0.019924
ASC-03,167,1114.93,350.4,1063.3,-0.035044
ASC-03,168,-1353.38,-2968.79,338.44,-0.035062
ASC-03,169,3229.46,-2082.63,326.14,0.007173
ASC-03,170,-239.12,-1167.1,763.13,-0.051591
ASC-03,171,896.71,-3006.7,370.5,-0.018186
ASC-03,172,946.58,-3283.98,341.3,-0.015646
ASC-03,173,-2212.77,2988.44,322.83,-0.054413
ASC-03,174,-3066.94,-453.54,352.43,-0.061609
ASC-03,175,-619.38,-2065.81,493.85,-0.045307
ASC-03,176,1848.21,1459.16,596.56,-0.01524
ASC-03,177,2206.55,-3433.88,297.27,0.002091
ASC-03,178,1609.92,-1784.88,507.29,-0.021747
ASC-03,179,-2707.57,3225.25,287.3,-0.055726
ASC-03,180,2893.48,2783.83,330.66,0.004661
ASC-03,181,2114.26,951.48,605.07,-0.010755
ASC-03,182,2643.84,-2847.58,315.6,0.000681
ASC-03,183,163.13,-1273.64,759.23,-0.047176
ASC-03,184,2909.45,-3304.47,281.48,0.00318
ASC-03,185,-3173.43,-1965.66,297.94,-0.045827
ASC-03,186,-3287.98,-3321.96,252.53,-0.034947
ASC-03,187,-3358.49,-2616.85,269.06,-0.043296
ASC-03,188,-1730.62,932.5,555.7,-0.067841
ASC-03,189,-1760.01,-2796.9,332.79,-0.041937
ASC-03,190,-2187.48,-2409.66,335.6,-0.049447
ASC-03,191,469.39,2819.66,460.64,-0.034459
ASC-03,192,-3227.1,-1151.83,320.91,-0.058587
ASC-03,193,632.72,-1169.02,786.38,-0.038658
ASC-03,194,-2337.92,-2894.22,299.73,-0.041666
ASC-03,195,1245.12,2071.51,570.73,-0.024181
ASC-03,196,-3352.47,1234.64,319.39,-0.064442
ASC-03,197,-1326.01,329.93,705.61,-0.069895
ASC-03,198,3068.39,825.39,426.13,0.000496
ASC-03,199,268.77,-2797.34,403.34,-0.028834
ASC-03,200,2181.11,-1677.86,454.99,-0.011966
ASC-03,201,1106.18,585.49,1026.73,-0.034178
ASC-03,202,775.26,3165.62,402.53,-0.026382
ASC-03,203,-2161.23,2219.92,379.57,-0.062468
ASC-03,204,520.76,985.08,1070.9,-0.044345
ASC-03,205,-3222.2,131.73,343.26,-0.06755
ASC-03,206,2111.65,-3394.07,302.51,8.4e-05
ASC-03,207,3220.5,2735.01,313.87,0.01169
ASC-03,208,2478.06,-3032.02,311.6,-0.001716
ASC-03,209,-3145.03,-2596.43,277.88,-0.044968
ASC-03,210,-1129.38,1351.5,641.22,-0.062087
ASC-03,211,-1273.98,2185.01,477.09,-0.054806
ASC-03,212,-2710.98,2005.85,344.4,-0.062582
ASC-03,213,886.28,-333.17,1084.4,-0.040771
ASC-03,214,2082.21,-2260.61,397.89,-0.008604
ASC-03,215,-1303.95,-3252.88,318.52,-0.03336
ASC-03,216,2539.66,2459.66,379.86,-0.003382
ASC-03,217,2079.89,3343.88,334.92,-0.006272
ASC-03,218,-2596.03,-1791.05,344.06,-0.053902
ASC-03,219,1868.01,2562.53,426.53,-0.009814
ASC-03,220,2678.35,-682.28,476.46,-0.005376
ASC-03,221,-2119.02,-1320.59,423.27,-0.058219
ASC-03,222,515.49,36.08,1452.28,-0.044783
ASC-03,223,971.25,-3442.82,326.95,-0.013465
ASC-03,224,765.34,-401.0,1103.7,-0.040791
ASC-03,225,-2826.28,-2103.12,312.68,-0.050529
ASC-03,226,1128.34,1487.2,740.64,-0.029998
ASC-03,227,923.68,18.0,1172.71,-0.037505
ASC-03,228,2267.2,2581.97,391.27,-0.007818
ASC-03,229,2124.59,2776.54,382.81,-0.007705
ASC-03,230,-1209.82,-1282.69,565.94,-0.058959
ASC-03,231,1554.33,-1537.31,559.49,-0.023639
ASC-03,232,2570.91,3073.91,330.49,-0.00143
ASC-03,233,2750.63,27.98,491.62,-0.002557
ASC-03,234,-2369.41,-2824.39,301.89,-0.044934
ASC-03,235,-3313.08,-3178.8,255.44,-0.035627
ASC-03,236,1055.65,3432.98,363.99,-0.015878
ASC-03,237,-1997.27,554.15,518.5,-0.069617
ASC-03,238,445.97,-3118.55,363.81,-0.023342
ASC-03,239,3113.63,78.79,429.46,0.001793
ASC-03,240,-844.76,28.73,893.36,-0.064672
ASC-03,241,-1730.58,-452.29,561.9,-0.066027
ASC-03,242,-304.43,3158.96,400.31,-0.039717
ASC-03,243,1100.71,3141.4,396.55,-0.019525
ASC-03,244,-2792.31,-2625.23,291.91,-0.042756
ASC-03,245,-835.91,-2437.96,421.07,-0.039516
ASC-03,246,-2563.95,-647.58,404.81,-0.060097
ASC-03,247,1137.12,2338.19,524.54,-0.024611
ASC-03,248,2313.87,866.27,564.7,-0.007646
ASC-03,249,-862.02,1608.81,643.97,-0.059418
ASC-03,250,-897.93,532.41,854.86,-0.068285
ASC-03,251,276.65,-2029.6,539.25,-0.037264
ASC-03,252,-1994.6,2224.36,395.05,-0.061113
ASC-03,253,-1768.13,-3401.85,294.09,-0.035149
ASC-03,254,-1191.03,1389.39,620.6,-0.060584
ASC-03,255,-298.02,-2139.62,499.86,-0.04193
ASC-03,256,-2929.28,-202.36,371.35,-0.06645
ASC-03,257,1769.12,3325.93,349.99,-0.0072
ASC-03,258,553.38,273.25,1458.13,-0.045102
ASC-03,259,-1402.14,-3101.36,326.09,-0.034229
ASC-03,260,-2957.17,-498.54,362.78,-0.061385
ASC-03,261,1842.27,1121.87,652.76,-0.016994
ASC-03,262,-2582.45,-3103.05,280.69,-0.038264
ASC-03,263,-2567.55,-1731.42,349.65,-0.055036
ASC-03,264,-2585.21,-3371.65,270.27,-0.03473
ASC-03,265,-2931.16,280.48,373.89,-0.063224
ASC-03,266,2844.75,-829.66,440.59,-0.005556
ASC-03,267,-1615.29,25.83,616.17,-0.067891
ASC-03,268,-1355.13,-1429.14,518.92,-0.057215
ASC-03,269,2329.56,1097.65,541.64,-0.008442
ASC-03,270,839.46,-2288.4,474.72,-0.027609
ASC-03,271,-2190.0,2846.56,333.05,-0.05282
ASC-03,272,-456.31,3220.57,388.17,-0.042423
ASC-03,273,2687.46,-49.04,502.76,-0.001926
ASC-03,274,-872.38,-242.27,850.58,-0.064294
ASC-03,275,1476.17,2517.32,465.27,-0.016602
ASC-03,276,-2822.35,-1471.14,341.5,-0.05472
ASC-03,277,1591.27,2121.74,520.44,-0.016944
ASC-03,278,1935.31,-1488.85,512.93,-0.014258
ASC-03,279,2280.37,1539.75,504.67,-0.006691
ASC-03,280,1219.41,-1161.92,701.57,-0.028851
ASC-03,281,-904.87,718.21,825.67,-0.066202
ASC-03,282,-3050.52,2981.08,282.3,-0.057165
ASC-03,283,131.43,-3119.73,363.57,-0.025318
ASC-03,284,1802.22,2150.78,490.55,-0.015291
ASC-03,285,-2164.13,292.92,489.83,-0.069911
ASC-03,286,-1636.34,-846.53,545.8,-0.063133
ASC-03,287,252.84,-1048.07,852.35,-0.047489
ASC-03,288,1738.32,-3014.12,343.41,-0.007045
ASC-03,289,2776.11,-1691.35,387.92,-0.002606
ASC-03,290,-2619.81,861.96,403.83,-0.068014
ASC-03,291,-2210.11,-2816.87,309.6,-0.043462
ASC-03,292,2096.76,1185.85,582.57,-0.010067
ASC-03,293,1011.65,3235.77,387.64,-0.020183
ASC-03,294,1546.81,3365.43,355.26,-0.007429
ASC-03,295,3477.4,2724.69,300.25,0.012855
ASC-03,296,3074.26,2146.28,356.64,0.010909
ASC-03,297,2401.18,-2254.33,374.04,-0.003907
ASC-03,298,1939.81,3291.09,345.54,-0.006196
ASC-03,299,-734.87,-2080.94,482.42,-0.046195
ASC-03,300,988.6,2583.35,486.96,-0.029344
ASC-03,301,-2208.88,2645.12,345.14,-0.056819
ASC-03,302,1816.46,853.36,698.9,-0.018121
ASC-03,303,1803.83,149.15,750.09,-0.016914
ASC-03,304,1549.07,-2097.02,462.46,-0.018408
ASC-03,305,-386.41,136.28,1147.33,-0.057148
ASC-03,306,-852.74,-1465.66,588.69,-0.055999
ASC-03,307,-561.6,-2618.84,410.22,-0.035341
ASC-03,308,-3266.63,-2602.66,272.91,-0.046232
ASC-03,309,2410.24,2108.2,425.09,-0.004732
ASC-03,310,296.59,2956.82,438.73,-0.034444
ASC-03,311,-787.37,-2506.92,414.53,-0.037408
ASC-03,312,336.2,-3407.17,335.41,-0.021169
ASC-03,313,1551.48,-1654.57,537.53,-0.024568
ASC-03,314,-829.77,-2558.93,405.55,-0.036102
ASC-03,315,2314.48,-2179.61,387.67,-0.00502
ASC-03,316,2936.24,583.29,453.98,0.001353
ASC-03,317,-787.97,-543.94,823.0,-0.061151
ASC-03,318,-2535.29,-495.4,414.22,-0.060368
ASC-03,319,1822.61,-2060.71,443.74,-0.01464
ASC-03,320,3450.64,1152.12,367.16,0.00533
ASC-03,321,-2464.08,-1473.43,374.01,-0.057082
ASC-03,322,1488.73,-705.97,753.81,-0.023451
ASC-03,323,2277.26,-256.1,587.78,-0.011839
ASC-03,324,2944.0,2830.97,324.78,0.005412
ASC-03,325,-2636.33,-1775.51,341.72,-0.054212
ASC-03,326,-2857.33,1530.66,352.79,-0.065782
ASC-03,327,3415.1,-1334.42,348.15,0.006503
ASC-03,328,-2682.7,2760.98,309.11,-0.05901
ASC-03,329,-2262.35,-741.44,443.07,-0.062894
ASC-03,330,524.67,36.13,1446.17,-0.043771
ASC-03,331,-376.09,2640.51,477.26,-0.04499
ASC-03,332,1752.75,1209.33,661.24,-0.019942
ASC-03,333,-2166.1,-2839.49,310.37,-0.044451
ASC-03,334,2900.99,-2542.15,320.73,0.001432
ASC-03,335,-1979.64,3435.13,307.21,-0.050045
ASC-03,336,1883.78,-3296.26,316.09,-0.001186
ASC-03,337,-3026.78,-1393.9,328.25,-0.055738
ASC-03,338,-186.18,3212.26,396.18,-0.037364
ASC-03,339,-3272.09,-3394.26,251.16,-0.03444
ASC-03,340,-1303.33,-2370.21,399.08,-0.044158
ASC-03,341,-1314.39,-2006.45,442.39,-0.047848
ASC-03,342,1538.24,-2895.26,362.51,-0.010072
ASC-03,343,-314.88,-196.27,1121.08,-0.053443
ASC-03,344,-3102.58,647.07,352.22,-0.064596
ASC-03,345,3467.53,-1271.75,346.16,0.006946
ASC-03,346,2720.9,-2739.45,318.45,0.001683
ASC-03,347,2914.27,2176.69,368.72,0.00565
ASC-03,348,-1773.97,2131.3,426.77,-0.06155
ASC-03,349,-741.23,434.7,936.31,-0.06694
ASC-03,350,-1909.74,-2535.81,343.84,-0.046055
ASC-03,351,-2625.66,293.38,413.11,-0.065736
ASC-03,352,-3268.83,906.67,332.66,-0.064673
ASC-03,353,23.36,-501.95,1107.07,-0.05035
ASC-03,354,-2638.06,2547.04,322.27,-0.058858
ASC-03,355,-2265.87,-769.68,440.94,-0.062393
ASC-03,356,2523.33,76.21,539.92,-0.005858
ASC-03,357,-110.3,-2701.0,412.72,-0.033487
ASC-03,358,-2214.08,444.86,478.45,-0.068539
ASC-03,359,1189.05,1865.14,626.16,-0.024258
ASC-03,360,-1638.95,1618.81,502.32,-0.062466
ASC-03,361,188.56,-1701.13,621.42,-0.041184
ASC-03,362,-1519.33,3443.06,325.74,-0.04839
ASC-03,363,113.13,1539.54,808.83,-0.050339
ASC-03,364,899.74,-533.73,997.48,-0.039366
ASC-03,365,253.46,-595.64,1081.73,-0.048043
ASC-03,366,-730.77,1955.28,586.13,-0.055061
ASC-03,367,2035.7,-2270.22,400.44,-0.008289
ASC-03,368,2614.06,977.39,494.65,-0.002356
ASC-03,369,-2244.4,1531.88,421.1,-0.065495
ASC-03,370,-2545.84,114.38,424.78,-0.064346
ASC-03,371,-2707.66,2612.39,314.76,-0.058035
ASC-03,372,3357.18,-219.55,391.71,0.002389
ASC-03,373,3091.14,-245.75,427.89,-0.002307
ASC-03,374,-1885.33,-1507.24,436.15,-0.0565
ASC-03,375,3289.35,2935.6,300.67,0.009217
ASC-03,376,-2045.28,-1286.11,435.62,-0.058051
ASC-03,377,45.33,1366.9,876.53,-0.04929
ASC-03,378,-18.3,-634.53,1026.97,-0.05168
ASC-03,379,2904.69,3047.97,314.46,0.006772
ASC-03,380,-3216.3,3135.72,270.77,-0.059647
ASC-03,381,-1292.54,-3289.75,316.27,-0.033012
ASC-03,382,699.82,3461.74,367.75,-0.022138
ASC-03,383,-3035.21,734.55,357.81,-0.065508
ASC-03,384,-1844.15,-2983.03,316.12,-0.039661
ASC-03,385,-244.56,-20.78,1213.82,-0.054546
ASC-03,386,2666.0,-3153.7,297.22,0.003505
ASC-03,387,1826.72,342.26,739.69,-0.017076
ASC-03,388,2302.86,-2201.82,386.48,-0.00491
ASC-03,389,1827.49,-924.42,623.58,-0.018702
ASC-03,390,1454.05,-1367.1,609.84,-0.026667
ASC-03,391,2447.85,715.48,544.01,-0.005952
ASC-03,392,1270.34,2256.53,529.39,-0.023492
ASC-03,393,1649.78,3055.76,382.62,-0.008653
ASC-03,394,-1388.49,-1197.99,547.86,-0.06002
ASC-03,395,-2326.51,487.83,457.68,-0.065922
ASC-03,396,1795.67,-3458.71,307.57,-0.00068
ASC-03,397,-2339.14,-894.86,423.27,-0.059926
ASC-03,398,2936.19,3224.93,303.36,0.006015
ASC-03,399,676.5,-2668.13,418.05,-0.024026
ASC-03,400,-1193.96,2588.79,429.27,-0.052314
ASC-03,401,3056.5,1067.54,418.48,0.003443
ASC-03,402,-2414.09,-1442.74,380.95,-0.057658
ASC-03,403,101.26,1947.13,664.5,-0.045124
ASC-03,404,-2859.12,-1475.03,338.3,-0.052664
ASC-03,405,3257.99,2763.71,310.35,0.011364
ASC-03,406,527.63,-2920.69,386.28,-0.024514
ASC-03,407,2125.67,-2667.05,355.59,-0.007931
ASC-03,408,-1526.54,1750.09,503.73,-0.062995
ASC-03,409,2112.58,-355.75,623.82,-0.014002
ASC-03,410,1419.89,-2467.76,417.97,-0.016695
ASC-03,411,1005.77,94.04,1132.09,-0.035811
ASC-03,412,3153.94,-1421.22,368.18,0.005634
ASC-03,413,-465.56,345.21,1092.25,-0.057059
ASC-03,414,-594.38,1706.0,666.62,-0.056646
ASC-03,415,1344.85,2497.88,478.77,-0.018028
ASC-03,416,2345.39,-3087.0,313.55,-0.000812
ASC-03,417,-1154.47,646.48,743.98,-0.068401
ASC-03,418,1187.6,3385.66,365.43,-0.013949
ASC-03,419,-2036.74,-281.42,505.72,-0.065358
ASC-03,420,361.9,1886.97,686.78,-0.038979
ASC-03,421,1884.2,-2819.18,354.5,-0.006976
ASC-03,422,-3042.8,2614.56,295.98,-0.059264
ASC-03,423,1594.89,574.37,810.7,-0.021597
ASC-03,424,-3391.97,2717.84,276.25,-0.059415
ASC-03,425,3208.45,2009.83,352.86,0.009964
ASC-03,426,-219.31,2584.68,494.76,-0.042774
ASC-03,427,-636.5,-3098.93,352.48,-0.028674
ASC-03,428,1543.11,1508.67,650.29,-0.021459
ASC-03,429,163.09,-2121.13,518.34,-0.037652
ASC-03,430,1615.94,-1639.33,532.12,-0.023451
ASC-03,431,-2906.69,-1226.52,344.52,-0.057578
ASC-03,432,439.54,639.2,1303.23,-0.047555
ASC-03,433,406.76,895.03,1138.64,-0.046228
ASC-03,434,3024.8,3020.1,309.83,0.007654
ASC-03,435,-3222.76,-3410.97,251.94,-0.036247
ASC-03,436,-330.26,-2145.93,497.02,-0.042001
ASC-03,437,917.51,-965.98,822.42,-0.033839
ASC-03,438,355.23,2226.05,588.39,-0.037526
ASC-03,439,-2980.87,349.36,367.96,-0.064847
ASC-03,440,652.6,83.93,1371.16,-0.040789
ASC-03,441,-1944.62,1821.3,436.81,-0.063714
ASC-03,442,-2131.16,1085.41,467.28,-0.06995
ASC-03,443,2650.84,-1471.01,419.29,-0.005285
ASC-03,444,-2115.11,-2890.19,309.79,-0.043399
ASC-03,445,-319.96,-263.85,1095.19,-0.053219
ASC-03,446,1752.01,2661.16,423.22,-0.009497
ASC-03,447,1451.21,686.99,851.91,-0.025386
ASC-03,448,374.21,-3126.98,363.15,-0.025007
ASC-03,449,2149.32,-419.46,608.71,-0.01487
ASC-03,450,-239.29,-807.72,900.12,-0.055799
ASC-03,451,842.7,576.97,1165.55,-0.036739
ASC-03,452,2232.42,609.89,601.93,-0.012872
ASC-03,453,1246.64,3159.32,389.02,-0.015408
ASC-03,454,992.8,-1133.34,750.87,-0.031509
ASC-03,455,-657.1,-643.33,840.85,-0.060678
ASC-03,456,408.26,794.6,1202.55,-0.046247
ASC-03,457,-727.42,2704.73,446.75,-0.050683
ASC-03,458,1710.05,1443.01,628.41,-0.020567
ASC-03,459,-836.99,-203.8,871.05,-0.064451
ASC-03,460,-233.65,2201.96,576.9,-0.046633
ASC-03,461,1788.2,-102.86,744.98,-0.017637
ASC-03,462,25.59,3244.66,395.43,-0.034262
ASC-03,463,-1133.77,-1522.5,536.68,-0.05484
ASC-03,464,2287.73,-2608.26,351.34,-0.006752
ASC-03,465,-833.26,2312.8,503.34,-0.051204
ASC-03,466,2413.1,-1418.91,454.32,-0.007339
ASC-03,467,1996.68,2431.77,431.42,-0.01071
ASC-03,468,-368.98,765.83,1036.39,-0.056737
ASC-03,469,1490.24,62.72,874.84,-0.026326
ASC-03,470,-3259.27,-2890.78,264.75,-0.040476
ASC-03,471,-771.41,2004.21,570.3,-0.056342
ASC-03,472,2522.34,-3038.53,309.37,-0.000446
ASC-03,473,556.78,3256.06,394.16,-0.027871
ASC-03,474,404.78,2638.82,494.66,-0.03527
ASC-03,475,1153.17,-1379.22,653.32,-0.029647
ASC-03,476,1243.7,-2604.94,408.57,-0.014427
ASC-03,477,585.19,2699.72,480.32,-0.033388
ASC-03,478,-555.59,-141.05,1011.74,-0.060286
ASC-03,479,-2215.61,-2625.88,320.42,-0.04436
ASC-03,480,-1451.51,-10.34,662.74,-0.065943
ASC-03,481,-1449.54,-1772.27,458.68,-0.052005
ASC-03,482,-484.79,-645.15,895.29,-0.061207
ASC-03,483,3493.41,981.69,367.57,0.005615
ASC-03,484,-1032.14,2907.55,400.65,-0.049631
ASC-03,485,-368.35,2106.51,590.09,-0.051166
ASC-03,486,-898.61,-2372.94,426.09,-0.039363
ASC-03,487,569.99,-158.65,1312.03,-0.046349
ASC-03,488,3135.29,-56.5,424.82,0.001111
ASC-03,489,2723.51,3426.38,301.81,0.001091
ASC-03,490,-860.03,-2891.72,365.96,-0.031626
ASC-03,491,-1631.69,75.37,612.71,-0.068521
ASC-03,492,2690.79,2900.54,335.46,0.002382
ASC-03,493,-43.17,-708.06,985.3,-0.052678
ASC-03,494,1298.79,-1667.98,565.43,-0.029307
ASC-03,495,-2986.96,391.53,367.03,-0.065665
ASC-03,496,2565.9,-1259.38,448.74,-0.006147
ASC-03,497,-1309.24,2989.55,375.26,-0.05062
ASC-03,498,-38.31,-2906.41,386.8,-0.02834
ASC-03,499,-2113.85,-2053.04,365.99,-0.050005
ASC-03,500,-558.3,-2912.9,374.25,-0.032398
ASC-03,501,2296.34,1483.22,508.31,-0.007535
ASC-03,502,2293.05,-1448.01,467.5,-0.009587
ASC-03,503,-184.3,2801.18,457.06,-0.041345
ASC-03,504,1875.37,2755.42,402.73,-0.006832
ASC-03,505,-293.53,3054.71,414.73,-0.040041
ASC-03,506,-886.51,-1707.1,535.57,-0.052272
ASC-03,507,321.22,-3495.4,327.69,-0.020802
ASC-03,508,-2090.61,-786.76,467.48,-0.065265
ASC-03,509,-1284.07,3237.94,352.8,-0.049821
ASC-03,510,1445.7,1846.19,593.91,-0.022955
ASC-03,511,1893.6,-3082.38,331.72,-0.003752
ASC-03,512,-3103.04,1418.01,334.77,-0.065156
ASC-03,513,1629.78,2919.44,399.36,-0.010973
ASC-03,514,2222.01,3274.04,333.79,-0.005353
ASC-03,515,-383.64,1511.92,759.46,-0.051843
ASC-03,516,-3062.82,2540.97,297.67,-0.060834
ASC-03,517,1280.39,2391.91,502.61,-0.022227
ASC-03,518,-1776.85,-991.64,503.97,-0.062434
ASC-03,519,1003.5,-2806.69,391.45,-0.018441
ASC-03,520,-863.64,1592.25,647.44,-0.059708
ASC-03,521,960.14,-2541.61,428.89,-0.019711
ASC-03,522,-1693.06,-810.61,538.14,-0.061821
ASC-03,523,-164.24,3470.15,365.88,-0.038701
ASC-03,524,172.72,418.5,1467.3,-0.051315
ASC-03,525,917.09,152.18,1192.86,-0.037202
ASC-03,526,-2077.83,3135.16,320.89,-0.052517
ASC-03,527,3234.36,-1511.72,355.78,0.004981
ASC-03,528,-1476.03,3496.02,323.62,-0.048465
ASC-03,529,-1357.86,2883.86,383.12,-0.049383
ASC-03,530,-1705.81,-952.67,520.84,-0.062994
ASC-03,531,-3027.67,-1209.32,334.83,-0.057859
ASC-03,532,-539.54,-2614.06,411.76,-0.035485
ASC-03,533,1902.85,2909.48,383.92,-0.007222
ASC-03,534,1466.97,-2199.33,453.28,-0.018942
ASC-03,535,-2130.99,-3437.15,281.18,-0.032495
ASC-03,536,-2541.48,2730.54,318.7,-0.058078
ASC-03,537,-1250.0,686.81,707.82,-0.068659
ASC-03,538,1877.79,1202.94,631.32,-0.016034
ASC-03,539,-83.45,1631.99,758.32,-0.051629
ASC-03,540,2962.29,-3201.37,284.24,0.003058
ASC-03,541,1094.69,-2857.02,382.63,-0.017738
ASC-03,542,846.35,-1.14,1217.48,-0.038771
ASC-03,543,1873.84,-3148.17,327.33,-0.003813
ASC-03,544,1751.81,30.25,766.09,-0.019812
ASC-03,545,-1093.13,1654.37,591.73,-0.059516
ASC-03,546,-1700.94,1101.86,547.24,-0.066341
ASC-03,547,-436.65,816.53,990.62,-0.060016
ASC-03,548,-75.27,-3175.16,355.91,-0.024465
ASC-03,549,-2507.94,-1843.42,348.12,-0.053482
ASC-03,550,-410.67,2782.46,451.53,-0.044688
ASC-03,551,978.76,-2637.46,414.48,-0.018108
ASC-03,552,-2550.0,232.57,424.33,-0.065356
ASC-03,553,-2533.73,-3149.66,280.5,-0.038372
ASC-03,554,-2283.95,3074.42,314.03,-0.052593
ASC-03,555,-1516.68,-2299.06,391.23,-0.047115
ASC-03,556,3231.96,-629.85,396.72,0.00059
ASC-03,557,-3319.46,327.47,334.12,-0.063844
ASC-03,558,-2213.83,1530.56,425.22,-0.06648
ASC-03,559,-2344.67,3062.17,311.64,-0.054309
ASC-03,560,-179.56,1654.54,740.33,-0.051132
ASC-03,561,-3394.49,-1068.42,310.95,-0.053645
ASC-03,562,-292.79,-2972.62,374.43,-0.031254
ASC-03,563,-2359.54,1451.84,411.37,-0.066871
ASC-03,564,-1612.52,3307.57,331.71,-0.048097
ASC-03,565,2047.08,-3380.89,305.32,-0.000137
ASC-03,566,-2211.53,1922.76,396.92,-0.065933
ASC-03,567,819.9,-2267.01,479.34,-0.027744
ASC-03,568,-655.81,-280.32,935.15,-0.061305
ASC-03,569,-576.83,158.46,1035.48,-0.060344
ASC-03,570,2217.92,800.98,592.8,-0.009088
ASC-03,571,-2373.6,3426.76,291.8,-0.052997
ASC-03,572,2966.67,1311.81,418.57,0.002704
ASC-03,573,2754.44,-753.29,459.26,-0.005142
ASC-03,574,1178.25,1505.15,725.56,-0.029598
ASC-03,575,-3153.87,-232.88,347.32,-0.064897
ASC-03,576,1143.16,-608.16,888.56,-0.032403
ASC-03,577,702.43,-940.43,869.81,-0.038934
ASC-03,578,1905.44,-46.16,707.97,-0.016293
ASC-03,579,-2003.18,-1531.72,419.68,-0.057331
ASC-03,580,3173.49,-1805.3,345.07,0.007272
ASC-03,581,2703.38,-2460.73,337.4,0.00212
ASC-03,582,-2699.5,-418.43,394.71,-0.062484
ASC-03,583,-1293.59,-1447.17,525.48,-0.056445
ASC-03,584,-3272.89,2358.59,292.79,-0.062261
ASC-03,585,2316.63,2435.26,401.59,-0.00521
ASC-03,586,2905.66,-1092.86,415.73,-0.000406
ASC-03,587,3428.66,833.99,378.58,0.005347
ASC-03,588,783.48,2816.04,454.59,-0.029598
ASC-03,589,1161.9,-985.87,764.47,-0.029751
ASC-03,590,1248.84,383.01,987.61,-0.03293
ASC-03,591,491.04,-395.09,1188.86,-0.044701
ASC-03,592,3166.96,1051.86,404.25,0.002754
ASC-03,593,755.03,3218.4,396.02,-0.025239
ASC-03,594,-1149.92,-2529.63,391.08,-0.038425
ASC-03,595,90.14,3257.7,394.41,-0.032145
ASC-03,596,-3369.36,1160.13,319.66,-0.064508
ASC-03,597,1568.88,2071.09,532.3,-0.017165
ASC-03,598,1357.45,945.85,833.04,-0.029078
ASC-03,599,-552.64,2592.22,475.93,-0.047751
ASC-03,600,2460.37,-1216.33,468.02,-0.007893
ASC-03,601,1788.68,1456.33,609.35,-0.017385
ASC-03,602,-1143.21,-1651.21,513.67,-0.053301
ASC-03,603,-2957.51,60.6,370.64,-0.064715
ASC-03,604,-2574.44,1270.43,394.1,-0.071175
ASC-03,605,-2210.09,-2092.13,355.57,-0.049877
ASC-03,606,-1372.57,-3071.88,329.47,-0.03548
ASC-03,607,-367.39,2036.64,607.67,-0.050273
ASC-03,608,2995.98,2162.62,362.4,0.006455
ASC-03,609,-1551.07,1159.65,573.6,-0.067009
ASC-03,610,2790.1,-1249.98,419.69,-0.004219
ASC-03,611,1263.24,1107.21,820.85,-0.02737
ASC-03,612,2474.45,-2912.84,319.32,-0.003369
ASC-03,613,-677.23,1137.57,808.13,-0.060189
ASC-03,614,-3477.06,533.39,319.75,-0.063106
ASC-03,615,2008.77,820.43,646.43,-0.016167
ASC-03,616,-1781.67,-371.11,555.73,-0.065414
ASC-03,617,-2502.64,-1923.89,343.87,-0.051743
ASC-03,618,2096.44,1581.14,531.14,-0.010291
ASC-03,619,1304.3,-251.09,920.0,-0.028588
ASC-03,620,-2013.09,1717.66,437.19,-0.065088
ASC-03,621,-1626.93,-950.74,535.95,-0.062878
ASC-03,622,3074.54,-2885.48,294.34,0.00419
ASC-03,623,-1620.23,297.2,616.31,-0.07036
ASC-03,624,1416.84,859.33,831.81,-0.025132
ASC-03,625,-2593.13,2952.44,304.69,-0.056833
ASC-03,626,2205.25,2714.28,383.12,-0.007154
ASC-03,627,-2676.87,-3099.96,277.51,-0.03903
ASC-03,628,112.29,1902.88,678.71,-0.04622
ASC-03,629,-3253.48,-1670.46,303.14,-0.049562
ASC-03,630,350.55,1380.39,882.37,-0.046698
ASC-03,631,2426.35,-843.63,509.24,-0.010707
ASC-03,632,-2909.21,-1245.45,343.56,-0.057417
ASC-03,633,-1580.2,-82.01,622.31,-0.066609
ASC-03,634,1852.85,213.72,732.69,-0.014505
ASC-03,635,756.69,1361.38,852.79,-0.038303
ASC-03,636,-1310.42,965.18,656.95,-0.066442
ASC-03,637,902.33,1247.79,870.15,-0.031734
ASC-03,638,-317.03,-811.46,880.85,-0.058096
ASC-03,639,2536.49,1241.38,489.6,-0.004738
ASC-03,640,-1449.42,-1082.29,553.26,-0.060813
ASC-03,641,1804.11,752.73,715.39,-0.016845
ASC-03,642,949.72,-283.27,1074.27,-0.039808
ASC-03,643,1683.0,439.59,788.45,-0.022402
ASC-03,644,-852.17,-3377.23,322.46,-0.026484
ASC-03,645,1574.45,-8.5,834.16,-0.022078
ASC-03,646,1388.98,-1960.22,499.0,-0.023201
ASC-03,647,-787.58,-799.31,760.36,-0.063803
ASC-03,648,-3314.83,-2983.6,260.46,-0.037101
ASC-03,649,3240.39,1098.31,393.16,0.00341
ASC-03,650,1495.2,2754.65,428.82,-0.012291
ASC-03,651,-2066.83,-1017.82,454.35,-0.061547
ASC-03,652,1615.65,-2764.53,372.6,-0.01108
ASC-03,653,-1549.22,841.87,606.77,-0.069023
ASC-03,654,-215.0,-2610.74,423.23,-0.033287
ASC-03,655,2519.22,2741.35,358.21,-0.000116
ASC-03,656,-363.5,-2642.8,414.24,-0.037235
ASC-03,657,-1483.95,-966.91,562.16,-0.063318
ASC-03,658,-1361.56,-37.38,689.93,-0.064338
ASC-03,659,-2960.88,-2674.89,282.69,-0.043297
ASC-03,660,-1963.46,-1268.77,448.24,-0.059848
ASC-03,661,-1602.26,-1573.05,464.96,-0.055465
ASC-03,662,-2289.22,1493.1,417.84,-0.066275
ASC-03,663,-3058.54,3403.91,267.95,-0.05817
ASC-03,664,-239.48,-960.14,839.23,-0.054999
ASC-03,665,-1999.23,2035.04,411.04,-0.0631
ASC-03,666,1671.39,-2517.61,397.13,-0.013493
ASC-03,667,2957.69,559.4,450.96,0.001645
ASC-03,668,-1589.11,-471.01,594.15,-0.066357
ASC-03,669,505.74,-1482.71,684.47,-0.039932
ASC-03,670,47.08,2251.97,578.0,-0.042258
ASC-03,671,-2974.24,1724.95,335.0,-0.062327
ASC-03,672,-2625.88,-2562.02,302.6,-0.043061
ASC-03,673,2693.46,-1453.15,415.72,-0.004568
ASC-03,674,-180.94,2236.53,571.74,-0.045152
ASC-03,675,2132.27,3447.02,324.92,-0.004753
ASC-03,676,-3033.93,780.95,357.13,-0.064683
ASC-03,677,663.69,2601.89,496.99,-0.032045
ASC-03,678,2557.18,3389.55,310.86,0.001427
ASC-03,679,2569.46,1683.82,446.06,-0.001784
ASC-03,680,-3459.94,1013.13,315.43,-0.0643
ASC-03,681,152.04,-1951.33,556.24,-0.040106
ASC-03,682,-916.97,-907.03,700.92,-0.061048
ASC-03,683,1820.29,864.88,696.21,-0.017828
ASC-03,684,-2987.47,2984.81,284.85,-0.057361
ASC-03,685,-1645.51,-1387.07,481.29,-0.059777
ASC-03,686,2188.5,-733.54,568.26,-0.016634
ASC-03,687,-213.11,-3344.34,337.78,-0.025954
ASC-03,688,-327.95,1377.09,816.35,-0.05213
ASC-03,689,3279.91,-395.01,397.83,0.001897
ASC-03,690,-1260.77,2084.12,493.58,-0.057824
ASC-03,691,-3207.95,-1864.42,299.45,-0.046929
ASC-03,692,-754.59,1117.52,790.7,-0.061885
ASC-03,693,-2426.39,1211.65,415.84,-0.069289
ASC-03,694,-2926.76,-249.73,370.93,-0.065227
ASC-03,695,475.02,-2179.76,505.65,-0.034188
ASC-03,696,3175.03,-679.71,402.11,-0.00077
ASC-03,697,555.85,1715.3,738.46,-0.041738
ASC-03,698,1029.8,-2175.7,486.11,-0.026492
ASC-03,699,-1234.6,-2869.71,352.21,-0.037491
ASC-04,0,875.67,497.86,1173.71,-0.058753
ASC-04,1,2780.5,1765.71,412.23,-0.023653
ASC-04,2,1929.8,624.99,688.02,-0.037117
ASC-04,3,-1923.55,2119.45,411.65,-0.048556
ASC-04,4,-1398.84,353.29,681.09,-0.071973
ASC-04,5,2614.87,-2112.99,369.29,-0.022161
ASC-04,6,-3463.14,579.08,320.51,-0.046824
ASC-04,7,2248.6,-63.45,604.37,-0.033221
ASC-04,8,2079.49,-2338.45,389.9,-0.026466
ASC-04,9,-224.46,834.16,1066.62,-0.071279
ASC-04,10,-1378.77,2218.72,460.56,-0.050217
ASC-04,11,-1551.02,-2554.39,364.16,-0.047434
ASC-04,12,-1715.91,314.62,590.38,-0.069313
ASC-04,13,-384.47,1635.81,719.47,-0.057239
ASC-04,14,31.84,-678.88,1012.92,-0.066157
ASC-04,15,374.48,-1609.68,648.43,-0.055809
ASC-04,16,3468.5,-894.04,360.54,-0.019017
ASC-04,17,2048.63,291.89,666.78,-0.040523
ASC-04,18,855.25,1306.62,857.08,-0.052009
ASC-04,19,3422.72,414.23,386.14,-0.020706
ASC-04,20,-1992.84,-2750.82,324.21,-0.047246
ASC-04,21,-2378.52,2225.2,359.9,-0.044307
ASC-04,22,787.78,2967.02,430.46,-0.032807
ASC-04,23,-3192.41,-2790.95,269.95,-0.036679
ASC-04,24,-3250.24,-1753.36,300.66,-0.044172
ASC-04,25,104.22,-2284.23,484.84,-0.050566
ASC-04,26,-236.56,2444.09,522.14,-0.044577
ASC-04,27,2920.17,2871.95,323.76,-0.022807
ASC-04,28,904.58,-3190.08,351.03,-0.031652
ASC-04,29,98.82,-1173.06,794.71,-0.059253
ASC-04,30,-21.89,-2152.54,508.05,-0.052423
ASC-04,31,-1767.4,-213.27,567.86,-0.067849
ASC-04,32,-3417.44,2951.13,268.72,-0.031141
ASC-04,33,-2153.18,-3008.79,301.54,-0.043276
ASC-04,34,1344.22,-2301.05,446.25,-0.036051
ASC-04,35,-2095.75,-90.8,500.16,-0.064169
ASC-04,36,-913.25,168.24,867.88,-0.076423
ASC-04,37,-3473.86,1718.51,299.61,-0.039149
ASC-04,38,2310.33,-436.2,567.78,-0.030513
ASC-04,39,-2418.77,-2512.04,315.94,-0.043125
ASC-04,40,-1626.8,-1024.72,527.39,-0.068621
ASC-04,41,2662.33,3374.65,307.25,-0.022514
ASC-04,42,68.54,1755.06,725.89,-0.056947
ASC-04,43,2430.05,-2685.59,337.3,-0.019202
ASC-04,44,978.02,2157.46,576.97,-0.039488
ASC-04,45,1692.4,-1323.51,578.89,-0.0379
ASC-04,46,-2859.53,1969.78,334.15,-0.045116
ASC-04,47,288.01,-3410.95,335.09,-0.035091
ASC-04,48,54.41,2598.89,500.55,-0.041914
ASC-04,49,2599.38,-2363.83,351.0,-0.020543
ASC-04,50,-971.15,-309.75,801.96,-0.076074
ASC-04,51,687.29,1132.29,965.25,-0.056315
ASC-04,52,-3085.24,55.09,356.7,-0.051029
ASC-04,53,-786.58,-2342.22,437.48,-0.051287
ASC-04,54,-1238.75,-2526.17,386.09,-0.050452
ASC-04,55,-2448.6,-1508.26,373.43,-0.058218
ASC-04,56,2214.37,-3133.26,315.66,-0.020466
ASC-04,57,-843.88,-1984.19,489.89,-0.056629
ASC-04,58,3351.24,-2589.26,295.32,-0.014843
ASC-04,59,629.94,-246.42,1236.02,-0.065444
ASC-04,60,735.39,-1004.43,838.69,-0.058026
ASC-04,61,965.98,607.83,1091.23,-0.055403
ASC-04,62,1235.15,-1533.85,603.39,-0.044661
ASC-04,63,-2444.48,-3262.62,278.86,-0.036244
ASC-04,64,-417.81,-1182.23,731.07,-0.067548
ASC-04,65,-1823.05,1786.26,456.32,-0.054824
ASC-04,66,-682.51,-1709.13,558.46,-0.060451
ASC-04,67,-2823.07,-668.16,372.82,-0.056953
ASC-04,68,3274.8,1784.82,358.56,-0.022213
ASC-04,69,-1994.97,-653.23,493.22,-0.066181
ASC-04,70,1202.36,2709.87,453.44,-0.030451
ASC-04,71,-1397.06,2926.48,376.31,-0.040524
ASC-04,72,2618.54,-1326.29,435.73,-0.023086
ASC-04,73,1135.5,1651.75,691.05,-0.044157
ASC-04,74,-2578.69,-1728.18,348.91,-0.05332
ASC-04,75,2415.52,-2523.34,350.54,-0.022832
ASC-04,76,3114.64,-434.83,419.13,-0.023436
ASC-04,77,2827.42,717.31,468.63,-0.023208
ASC-04,78,488.03,3049.14,423.56,-0.033846
ASC-04,79,-2481.78,-2478.69,314.28,-0.042501
ASC-04,80,-2152.76,1486.54,436.69,-0.053874
ASC-04,81,2995.34,-171.75,444.52,-0.024284
ASC-04,82,366.29,-2578.03,435.25,-0.04396
ASC-04,83,-2236.13,3308.61,303.4,-0.033913
ASC-04,84,2688.4,1370.38,454.69,-0.024286
ASC-04,85,991.0,-2597.99,419.61,-0.036252
ASC-04,86,487.86,2840.29,456.87,-0.035518
ASC-04,87,-865.99,-2778.34,377.85,-0.045487
ASC-04,88,-623.31,-2851.39,379.09,-0.045408
ASC-04,89,-1823.58,-1179.14,477.31,-0.065279
ASC-04,90,-3233.6,3065.71,272.25,-0.032846
ASC-04,91,2633.53,-3268.83,292.4,-0.014445
ASC-04,92,-225.89,2927.45,435.43,-0.043101
ASC-04,93,333.45,781.28,1217.45,-0.066353
ASC-04,94,-1244.86,-3030.64,337.81,-0.03801
ASC-04,95,1759.27,480.14,757.02,-0.042609
ASC-04,96,-3323.62,-288.46,331.06,-0.051078
ASC-04,97,-894.7,447.89,865.0,-0.074305
ASC-04,98,-3287.55,1660.42,313.4,-0.039972
ASC-04,99,-2639.76,1250.33,387.18,-0.052211
ASC-04,100,3270.04,3480.59,278.49,-0.016996
ASC-04,101,1104.33,-2403.32,443.89,-0.037376
ASC-04,102,-502.46,2189.99,558.8,-0.050874
ASC-04,103,166.18,-622.35,1060.73,-0.062018
ASC-04,104,2609.66,1983.15,414.42,-0.024627
ASC-04,105,-1090.53,2742.45,417.31,-0.04464
ASC-04,106,632.04,3443.99,370.59,-0.031071
ASC-04,107,1285.79,-1637.71,573.51,-0.042404
ASC-04,108,-1012.1,-329.43,784.03,-0.075297
ASC-04,109,133.69,3099.45,416.39,-0.035487
ASC-04,110,1856.73,3120.17,365.19,-0.025165
ASC-04,111,2864.26,-889.88,434.09,-0.026424
ASC-04,112,-2442.56,3081.47,305.76,-0.034617
ASC-04,113,3033.94,-658.76,422.03,-0.024586
ASC-04,114,-3463.75,-876.64,310.32,-0.047174
ASC-04,115,1770.84,1796.34,552.88,-0.037191
ASC-04,116,2173.69,-201.52,618.11,-0.035128
ASC-04,117,-2542.65,-362.61,417.32,-0.06112
ASC-04,118,-567.67,-797.17,821.42,-0.071537
ASC-04,119,2206.79,-470.37,589.85,-0.034701
ASC-04,120,-3400.1,-2521.28,270.19,-0.036386
ASC-04,121,899.23,-3072.74,363.22,-0.032647
ASC-04,122,2051.17,1777.95,511.61,-0.034285
ASC-04,123,91.03,451.5,1406.2,-0.073678
ASC-04,124,1580.95,1203.23,707.0,-0.043315
ASC-04,125,-1915.04,2116.35,412.85,-0.048298
ASC-04,126,-2110.35,-1889.26,378.88,-0.05912
ASC-04,127,-958.11,-1863.59,499.46,-0.059193
ASC-04,128,-2244.16,-1554.64,391.11,-0.061908
ASC-04,129,-1077.57,-1372.53,572.23,-0.066598
ASC-04,130,3136.87,1824.84,369.65,-0.021044
ASC-04,131,513.33,-880.73,919.7,-0.061316
ASC-04,132,-1119.52,-1237.68,590.06,-0.06773
ASC-04,133,-1599.33,954.11,584.08,-0.066768
ASC-04,134,3164.28,-2194.01,324.53,-0.013605
ASC-04,135,-388.65,-2755.06,398.42,-0.044132
ASC-04,136,3362.76,1379.93,368.19,-0.017986
ASC-04,137,108.66,1795.12,713.98,-0.056937
ASC-04,138,148.16,-1425.45,705.16,-0.060237
ASC-04,139,2775.78,952.29,467.25,-0.022513
ASC-04,140,1699.37,-3261.46,324.48,-0.024218
ASC-04,141,564.57,-669.77,1018.23,-0.062363
ASC-04,142,-513.45,545.71,1032.12,-0.073521
ASC-04,143,2647.32,-1726.07,398.14,-0.024977
ASC-04,144,-618.48,-1062.5,729.74,-0.068196
ASC-04,145,2959.32,766.85,444.82,-0.022045
ASC-04,146,-3018.99,629.28,361.12,-0.050632
ASC-04,147,-490.02,-2420.66,441.88,-0.050918
ASC-04,148,136.6,1446.07,848.97,-0.058691
ASC-04,149,3156.57,-2939.8,288.53,-0.015306
ASC-04,150,-1743.01,3288.07,327.07,-0.034075
ASC-04,151,2142.27,-2083.47,412.14,-0.025877
ASC-04,152,1235.3,-1725.16,560.08,-0.041385
ASC-04,153,1519.6,-2097.9,464.78,-0.034307
ASC-04,154,907.36,3440.49,366.55,-0.028019
ASC-04,155,3300.92,-1493.84,350.79,-0.023204
ASC-04,156,-1171.23,737.05,728.0,-0.069187
ASC-04,157,-712.07,3434.44,356.62,-0.036095
ASC-04,158,-2079.62,3150.47,319.85,-0.035497
ASC-04,159,-3145.07,-3203.55,259.42,-0.0328
ASC-04,160,-2009.64,148.29,521.52,-0.067773
ASC-04,161,2908.25,709.13,455.08,-0.023152
ASC-04,162,2381.18,1416.77,500.68,-0.027915
ASC-04,163,-2713.16,-1148.63,366.07,-0.053184
ASC-04,164,726.45,-1204.64,763.74,-0.056697
ASC-04,165,-145.62,-3470.01,327.56,-0.036428
ASC-04,166,662.79,-3253.34,348.16,-0.030762
ASC-04,167,1114.93,350.4,1063.3,-0.056477
ASC-04,168,-1353.38,-2968.79,338.44,-0.037506
ASC-04,169,3229.46,-2082.63,326.14,-0.015092
ASC-04,170,-239.12,-1167.1,763.13,-0.066654
ASC-04,171,896.71,-3006.7,370.5,-0.032247
ASC-04,172,946.58,-3283.98,341.3,-0.027928
ASC-04,173,-2212.77,2988.44,322.83,-0.038917
ASC-04,174,-3066.94,-453.54,352.43,-0.051215
ASC-04,175,-619.38,-2065.81,493.85,-0.055837
ASC-04,176,1848.21,1459.16,596.56,-0.034883
ASC-04,177,2206.55,-3433.88,297.27,-0.019028
ASC-04,178,1609.92,-1784.88,507.29,-0.038498
ASC-04,179,-2707.57,3225.25,287.3,-0.031877
ASC-04,180,2893.48,2783.83,330.66,-0.02146
ASC-04,181,2114.26,951.48,605.07,-0.029979
ASC-04,182,2643.84,-2847.58,315.6,-0.014624
ASC-04,183,163.13,-1273.64,759.23,-0.058839
ASC-04,184,2909.45,-3304.47,281.48,-0.014001
ASC-04,185,-3173.43,-1965.66,297.94,-0.044008
ASC-04,186,-3287.98,-3321.96,252.53,-0.030908
ASC-04,187,-3358.49,-2616.85,269.06,-0.037127
ASC-04,188,-1730.62,932.5,555.7,-0.065771
ASC-04,189,-1760.01,-2796.9,332.79,-0.048601
ASC-04,190,-2187.48,-2409.66,335.6,-0.047677
ASC-04,191,469.39,2819.66,460.64,-0.035982
ASC-04,192,-3227.1,-1151.83,320.91,-0.043647
ASC-04,193,632.72,-1169.02,786.38,-0.056886
ASC-04,194,-2337.92,-2894.22,299.73,-0.04256
ASC-04,195,1245.12,2071.51,570.73,-0.037356
ASC-04,196,-3352.47,1234.64,319.39,-0.045951
ASC-04,197,-1326.01,329.93,705.61,-0.073221
ASC-04,198,3068.39,825.39,426.13,-0.023722
ASC-04,199,268.77,-2797.34,403.34,-0.039045
ASC-04,200,2181.11,-1677.86,454.99,-0.028191
ASC-04,201,1106.18,585.49,1026.73,-0.055407
ASC-04,202,775.26,3165.62,402.53,-0.031433
ASC-04,203,-2161.23,2219.92,379.57,-0.044633
ASC-04,204,520.76,985.08,1070.9,-0.059973
ASC-04,205,-3222.2,131.73,343.26,-0.049288
ASC-04,206,2111.65,-3394.07,302.51,-0.021001
ASC-04,207,3220.5,2735.01,313.87,-0.020683
ASC-04,208,2478.06,-3032.02,311.6,-0.01677
ASC-04,209,-3145.03,-2596.43,277.88,-0.037124
ASC-04,210,-1129.38,1351.5,641.22,-0.064653
ASC-04,211,-1273.98,2185.01,477.09,-0.052552
ASC-04,212,-2710.98,2005.85,344.4,-0.043764
ASC-04,213,886.28,-333.17,1084.4,-0.061778
ASC-04,214,2082.21,-2260.61,397.89,-0.025482
ASC-04,215,-1303.95,-3252.88,318.52,-0.036252
ASC-04,216,2539.66,2459.66,379.86,-0.02252
ASC-04,217,2079.89,3343.88,334.92,-0.020303
ASC-04,218,-2596.03,-1791.05,344.06,-0.051592
ASC-04,219,1868.01,2562.53,426.53,-0.026857
ASC-04,220,2678.35,-682.28,476.46,-0.029028
ASC-04,221,-2119.02,-1320.59,423.27,-0.063602
ASC-04,222,515.49,36.08,1452.28,-0.06758
ASC-04,223,971.25,-3442.82,326.95,-0.024482
ASC-04,224,765.34,-401.0,1103.7,-0.060976
ASC-04,225,-2826.28,-2103.12,312.68,-0.041439
ASC-04,226,1128.34,1487.2,740.64,-0.045789
ASC-04,227,923.68,18.0,1172.71,-0.060492
ASC-04,228,2267.2,2581.97,391.27,-0.022794
ASC-04,229,2124.59,2776.54,382.81,-0.023813
ASC-04,230,-1209.82,-1282.69,565.94,-0.067234
ASC-04,231,1554.33,-1537.31,559.49,-0.04123
ASC-04,232,2570.91,3073.91,330.49,-0.02047
ASC-04,233,2750.63,27.98,491.62,-0.028658
ASC-04,234,-2369.41,-2824.39,301.89,-0.041966
ASC-04,235,-3313.08,-3178.8,255.44,-0.033815
ASC-04,236,1055.65,3432.98,363.99,-0.025846
ASC-04,237,-1997.27,554.15,518.5,-0.067053
ASC-04,238,445.97,-3118.55,363.81,-0.033729
ASC-04,239,3113.63,78.79,429.46,-0.025937
ASC-04,240,-844.76,28.73,893.36,-0.077099
ASC-04,241,-1730.58,-452.29,561.9,-0.066847
ASC-04,242,-304.43,3158.96,400.31,-0.040297
ASC-04,243,1100.71,3141.4,396.55,-0.028562
ASC-04,244,-2792.31,-2625.23,291.91,-0.040079
ASC-04,245,-835.91,-2437.96,421.07,-0.053127
ASC-04,246,-2563.95,-647.58,404.81,-0.059324
ASC-04,247,1137.12,2338.19,524.54,-0.035046
ASC-04,248,2313.87,866.27,564.7,-0.030676
ASC-04,249,-862.02,1608.81,643.97,-0.059314
ASC-04,250,-897.93,532.41,854.86,-0.074251
ASC-04,251,276.65,-2029.6,539.25,-0.053384
ASC-04,252,-1994.6,2224.36,395.05,-0.046415
ASC-04,253,-1768.13,-3401.85,294.09,-0.037523
ASC-04,254,-1191.03,1389.39,620.6,-0.061207
ASC-04,255,-298.02,-2139.62,499.86,-0.056261
ASC-04,256,-2929.28,-202.36,371.35,-0.053174
ASC-04,257,1769.12,3325.93,349.99,-0.022267
ASC-04,258,553.38,273.25,1458.13,-0.070268
ASC-04,259,-1402.14,-3101.36,326.09,-0.039734
ASC-04,260,-2957.17,-498.54,362.78,-0.052877
ASC-04,261,1842.27,1121.87,652.76,-0.037565
ASC-04,262,-2582.45,-3103.05,280.69,-0.036702
ASC-04,263,-2567.55,-1731.42,349.65,-0.052909
ASC-04,264,-2585.21,-3371.65,270.27,-0.034448
ASC-04,265,-2931.16,280.48,373.89,-0.054845
ASC-04,266,2844.75,-829.66,440.59,-0.029341
ASC-04,267,-1615.29,25.83,616.17,-0.07014
ASC-04,268,-1355.13,-1429.14,518.92,-0.066566
ASC-04,269,2329.56,1097.65,541.64,-0.028284
ASC-04,270,839.46,-2288.4,474.72,-0.041619
ASC-04,271,-2190.0,2846.56,333.05,-0.041704
ASC-04,272,-456.31,3220.57,388.17,-0.036718
ASC-04,273,2687.46,-49.04,502.76,-0.027489
ASC-04,274,-872.38,-242.27,850.58,-0.075263
ASC-04,275,1476.17,2517.32,465.27,-0.032693
ASC-04,276,-2822.35,-1471.14,341.5,-0.051254
ASC-04,277,1591.27,2121.74,520.44,-0.035529
ASC-04,278,1935.31,-1488.85,512.93,-0.034319
ASC-04,279,2280.37,1539.75,504.67,-0.031154
ASC-04,280,1219.41,-1161.92,701.57,-0.047782
ASC-04,281,-904.87,718.21,825.67,-0.071376
ASC-04,282,-3050.52,2981.08,282.3,-0.033178
ASC-04,283,131.43,-3119.73,363.57,-0.038199
ASC-04,284,1802.22,2150.78,490.55,-0.030875
ASC-04,285,-2164.13,292.92,489.83,-0.064935
ASC-04,286,-1636.34,-846.53,545.8,-0.072599
ASC-04,287,252.84,-1048.07,852.35,-0.06133
ASC-04,288,1738.32,-3014.12,343.41,-0.025677
ASC-04,289,2776.11,-1691.35,387.92,-0.022079
ASC-04,290,-2619.81,861.96,403.83,-0.056035
ASC-04,291,-2210.11,-2816.87,309.6,-0.044566
ASC-04,292,2096.76,1185.85,582.57,-0.032703
ASC-04,293,1011.65,3235.77,387.64,-0.027698
ASC-04,294,1546.81,3365.43,355.26,-0.024779
ASC-04,295,3477.4,2724.69,300.25,-0.019526
ASC-04,296,3074.26,2146.28,356.64,-0.022401
ASC-04,297,2401.18,-2254.33,374.04,-0.022637
ASC-04,298,1939.81,3291.09,345.54,-0.022636
ASC-04,299,-734.87,-2080.94,482.42,-0.057266
ASC-04,300,988.6,2583.35,486.96,-0.033276
ASC-04,301,-2208.88,2645.12,345.14,-0.043316
ASC-04,302,1816.46,853.36,698.9,-0.038027
ASC-04,303,1803.83,149.15,750.09,-0.04282
ASC-04,304,1549.07,-2097.02,462.46,-0.033208
ASC-04,305,-386.41,136.28,1147.33,-0.073886
ASC-04,306,-852.74,-1465.66,588.69,-0.065543
ASC-04,307,-561.6,-2618.84,410.22,-0.048196
ASC-04,308,-3266.63,-2602.66,272.91,-0.038437
ASC-04,309,2410.24,2108.2,425.09,-0.023328
ASC-04,310,296.59,2956.82,438.73,-0.035461
ASC-04,311,-787.37,-2506.92,414.53,-0.049717
ASC-04,312,336.2,-3407.17,335.41,-0.034501
ASC-04,313,1551.48,-1654.57,537.53,-0.042355
ASC-04,314,-829.77,-2558.93,405.55,-0.047901
ASC-04,315,2314.48,-2179.61,387.67,-0.023816
ASC-04,316,2936.24,583.29,453.98,-0.023797
ASC-04,317,-787.97,-543.94,823.0,-0.073891
ASC-04,318,-2535.29,-495.4,414.22,-0.059734
ASC-04,319,1822.61,-2060.71,443.74,-0.030051
ASC-04,320,3450.64,1152.12,367.16,-0.021125
ASC-04,321,-2464.08,-1473.43,374.01,-0.057104
ASC-04,322,1488.73,-705.97,753.81,-0.04761
ASC-04,323,2277.26,-256.1,587.78,-0.033185
ASC-04,324,2944.0,2830.97,324.78,-0.020786
ASC-04,325,-2636.33,-1775.51,341.72,-0.050474
ASC-04,326,-2857.33,1530.66,352.79,-0.047992
ASC-04,327,3415.1,-1334.42,348.15,-0.02352
ASC-04,328,-2682.7,2760.98,309.11,-0.037254
ASC-04,329,-2262.35,-741.44,443.07,-0.061878
ASC-04,330,524.67,36.13,1446.17,-0.067539
ASC-04,331,-376.09,2640.51,477.26,-0.046294
ASC-04,332,1752.75,1209.33,661.24,-0.040023
ASC-04,333,-2166.1,-2839.49,310.37,-0.045893
ASC-04,334,2900.99,-2542.15,320.73,-0.016146
ASC-04,335,-1979.64,3435.13,307.21,-0.03156
ASC-04,336,1883.78,-3296.26,316.09,-0.021343
ASC-04,337,-3026.78,-1393.9,328.25,-0.048795
ASC-04,338,-186.18,3212.26,396.18,-0.037907
ASC-04,339,-3272.09,-3394.26,251.16,-0.029524
ASC-04,340,-1303.33,-2370.21,399.08,-0.052905
ASC-04,341,-1314.39,-2006.45,442.39,-0.057909
ASC-04,342,1538.24,-2895.26,362.51,-0.024879
ASC-04,343,-314.88,-196.27,1121.08,-0.073444
ASC-04,344,-3102.58,647.07,352.22,-0.04889
ASC-04,345,3467.53,-1271.75,346.16,-0.022505
ASC-04,346,2720.9,-2739.45,318.45,-0.01575
ASC-04,347,2914.27,2176.69,368.72,-0.024891
ASC-04,348,-1773.97,2131.3,426.77,-0.04946
ASC-04,349,-741.23,434.7,936.31,-0.07307
ASC-04,350,-1909.74,-2535.81,343.84,-0.045944
ASC-04,351,-2625.66,293.38,413.11,-0.056532
ASC-04,352,-3268.83,906.67,332.66,-0.046282
ASC-04,353,23.36,-501.95,1107.07,-0.067444
ASC-04,354,-2638.06,2547.04,322.27,-0.040821
ASC-04,355,-2265.87,-769.68,440.94,-0.061962
ASC-04,356,2523.33,76.21,539.92,-0.029284
ASC-04,357,-110.3,-2701.0,412.72,-0.045575
ASC-04,358,-2214.08,444.86,478.45,-0.062492
ASC-04,359,1189.05,1865.14,626.16,-0.042305
ASC-04,360,-1638.95,1618.81,502.32,-0.060354
ASC-04,361,188.56,-1701.13,621.42,-0.058505
ASC-04,362,-1519.33,3443.06,325.74,-0.036635
ASC-04,363,113.13,1539.54,808.83,-0.05967
ASC-04,364,899.74,-533.73,997.48,-0.057346
ASC-04,365,253.46,-595.64,1081.73,-0.063257
ASC-04,366,-730.77,1955.28,586.13,-0.054285
ASC-04,367,2035.7,-2270.22,400.44,-0.025334
ASC-04,368,2614.06,977.39,494.65,-0.023401
ASC-04,369,-2244.4,1531.88,421.1,-0.053404
ASC-04,370,-2545.84,114.38,424.78,-0.056859
ASC-04,371,-2707.66,2612.39,314.76,-0.038828
ASC-04,372,3357.18,-219.55,391.71,-0.021235
ASC-04,373,3091.14,-245.75,427.89,-0.023101
ASC-04,374,-1885.33,-1507.24,436.15,-0.065385
ASC-04,375,3289.35,2935.6,300.67,-0.020739
ASC-04,376,-2045.28,-1286.11,435.62,-0.064271
ASC-04,377,45.33,1366.9,876.53,-0.059959
ASC-04,378,-18.3,-634.53,1026.97,-0.0675
ASC-04,379,2904.69,3047.97,314.46,-0.021702
ASC-04,380,-3216.3,3135.72,270.77,-0.030895
ASC-04,381,-1292.54,-3289.75,316.27,-0.034901
ASC-04,382,699.82,3461.74,367.75,-0.029408
ASC-04,383,-3035.21,734.55,357.81,-0.048446
ASC-04,384,-1844.15,-2983.03,316.12,-0.045119
ASC-04,385,-244.56,-20.78,1213.82,-0.074298
ASC-04,386,2666.0,-3153.7,297.22,-0.014389
ASC-04,387,1826.72,342.26,739.69,-0.042756
ASC-04,388,2302.86,-2201.82,386.48,-0.024193
ASC-04,389,1827.49,-924.42,623.58,-0.036449
ASC-04,390,1454.05,-1367.1,609.84,-0.042975
ASC-04,391,2447.85,715.48,544.01,-0.030328
ASC-04,392,1270.34,2256.53,529.39,-0.034798
ASC-04,393,1649.78,3055.76,382.62,-0.023481
ASC-04,394,-1388.49,-1197.99,547.86,-0.068017
ASC-04,395,-2326.51,487.83,457.68,-0.059272
ASC-04,396,1795.67,-3458.71,307.57,-0.022131
ASC-04,397,-2339.14,-894.86,423.27,-0.061495
ASC-04,398,2936.19,3224.93,303.36,-0.021717
ASC-04,399,676.5,-2668.13,418.05,-0.03891
ASC-04,400,-1193.96,2588.79,429.27,-0.04356
ASC-04,401,3056.5,1067.54,418.48,-0.023832
ASC-04,402,-2414.09,-1442.74,380.95,-0.056978
ASC-04,403,101.26,1947.13,664.5,-0.054643
ASC-04,404,-2859.12,-1475.03,338.3,-0.050853
ASC-04,405,3257.99,2763.71,310.35,-0.019866
ASC-04,406,527.63,-2920.69,386.28,-0.035196
ASC-04,407,2125.67,-2667.05,355.59,-0.023207
ASC-04,408,-1526.54,1750.09,503.73,-0.060165
ASC-04,409,2112.58,-355.75,623.82,-0.035785
ASC-04,410,1419.89,-2467.76,417.97,-0.034088
ASC-04,411,1005.77,94.04,1132.09,-0.055804
ASC-04,412,3153.94,-1421.22,368.18,-0.023277
ASC-04,413,-465.56,345.21,1092.25,-0.073936
ASC-04,414,-594.38,1706.0,666.62,-0.05901
ASC-04,415,1344.85,2497.88,478.77,-0.033353
ASC-04,416,2345.39,-3087.0,313.55,-0.020109
ASC-04,417,-1154.47,646.48,743.98,-0.069615
ASC-04,418,1187.6,3385.66,365.43,-0.026175
ASC-04,419,-2036.74,-281.42,505.72,-0.064235
ASC-04,420,361.9,1886.97,686.78,-0.053052
ASC-04,421,1884.2,-2819.18,354.5,-0.025627
ASC-04,422,-3042.8,2614.56,295.98,-0.034362
ASC-04,423,1594.89,574.37,810.7,-0.046564
ASC-04,424,-3391.97,2717.84,276.25,-0.035445
ASC-04,425,3208.45,2009.83,352.86,-0.020814
ASC-04,426,-219.31,2584.68,494.76,-0.045791
ASC-04,427,-636.5,-3098.93,352.48,-0.041573
ASC-04,428,1543.11,1508.67,650.29,-0.039292
ASC-04,429,163.09,-2121.13,518.34,-0.053449
ASC-04,430,1615.94,-1639.33,532.12,-0.039668
ASC-04,431,-2906.69,-1226.52,344.52,-0.051359
ASC-04,432,439.54,639.2,1303.23,-0.06471
ASC-04,433,406.76,895.03,1138.64,-0.061675
ASC-04,434,3024.8,3020.1,309.83,-0.021955
ASC-04,435,-3222.76,-3410.97,251.94,-0.029912
ASC-04,436,-330.26,-2145.93,497.02,-0.056611
ASC-04,437,917.51,-965.98,822.42,-0.0549
ASC-04,438,355.23,2226.05,588.39,-0.044393
ASC-04,439,-2980.87,349.36,367.96,-0.055049
ASC-04,440,652.6,83.93,1371.16,-0.065032
ASC-04,441,-1944.62,1821.3,436.81,-0.054506
ASC-04,442,-2131.16,1085.41,467.28,-0.060965
ASC-04,443,2650.84,-1471.01,419.29,-0.025938
ASC-04,444,-2115.11,-2890.19,309.79,-0.043486
ASC-04,445,-319.96,-263.85,1095.19,-0.073177
ASC-04,446,1752.01,2661.16,423.22,-0.027195
ASC-04,447,1451.21,686.99,851.91,-0.04921
ASC-04,448,374.21,-3126.98,363.15,-0.033728
ASC-04,449,2149.32,-419.46,608.71,-0.037146
ASC-04,450,-239.29,-807.72,900.12,-0.06891
ASC-04,451,842.7,576.97,1165.55,-0.056197
ASC-04,452,2232.42,609.89,601.93,-0.034047
ASC-04,453,1246.64,3159.32,389.02,-0.027244
ASC-04,454,992.8,-1133.34,750.87,-0.051468
ASC-04,455,-657.1,-643.33,840.85,-0.073956
ASC-04,456,408.26,794.6,1202.55,-0.063905
ASC-04,457,-727.42,2704.73,446.75,-0.043467
ASC-04,458,1710.05,1443.01,628.41,-0.037575
ASC-04,459,-836.99,-203.8,871.05,-0.075206
ASC-04,460,-233.65,2201.96,576.9,-0.049913
ASC-04,461,1788.2,-102.86,744.98,-0.042327
ASC-04,462,25.59,3244.66,395.43,-0.035412
ASC-04,463,-1133.77,-1522.5,536.68,-0.062906
ASC-04,464,2287.73,-2608.26,351.34,-0.021515
ASC-04,465,-833.26,2312.8,503.34,-0.049843
ASC-04,466,2413.1,-1418.91,454.32,-0.030673
ASC-04,467,1996.68,2431.77,431.42,-0.025554
ASC-04,468,-368.98,765.83,1036.39,-0.070846
ASC-04,469,1490.24,62.72,874.84,-0.050126
ASC-04,470,-3259.27,-2890.78,264.75,-0.038042
ASC-04,471,-771.41,2004.21,570.3,-0.054947
ASC-04,472,2522.34,-3038.53,309.37,-0.015391
ASC-04,473,556.78,3256.06,394.16,-0.03369
ASC-04,474,404.78,2638.82,494.66,-0.039282
ASC-04,475,1153.17,-1379.22,653.32,-0.04691
ASC-04,476,1243.7,-2604.94,408.57,-0.031881
ASC-04,477,585.19,2699.72,480.32,-0.036697
ASC-04,478,-555.59,-141.05,1011.74,-0.075102
ASC-04,479,-2215.61,-2625.88,320.42,-0.045955
ASC-04,480,-1451.51,-10.34,662.74,-0.069699
ASC-04,481,-1449.54,-1772.27,458.68,-0.05941
ASC-04,482,-484.79,-645.15,895.29,-0.072658
ASC-04,483,3493.41,981.69,367.57,-0.022543
ASC-04,484,-1032.14,2907.55,400.65,-0.043274
ASC-04,485,-368.35,2106.51,590.09,-0.051072
ASC-04,486,-898.61,-2372.94,426.09,-0.053626
ASC-04,487,569.99,-158.65,1312.03,-0.065356
ASC-04,488,3135.29,-56.5,424.82,-0.023814
ASC-04,489,2723.51,3426.38,301.81,-0.021422
ASC-04,490,-860.03,-2891.72,365.96,-0.042887
ASC-04,491,-1631.69,75.37,612.71,-0.069596
ASC-04,492,2690.79,2900.54,335.46,-0.022759
ASC-04,493,-43.17,-708.06,985.3,-0.067584
ASC-04,494,1298.79,-1667.98,565.43,-0.040303
ASC-04,495,-2986.96,391.53,367.03,-0.055349
ASC-04,496,2565.9,-1259.38,448.74,-0.025966
ASC-04,497,-1309.24,2989.55,375.26,-0.039213
ASC-04,498,-38.31,-2906.41,386.8,-0.041829
ASC-04,499,-2113.85,-2053.04,365.99,-0.055838
ASC-04,500,-558.3,-2912.9,374.25,-0.045455
ASC-04,501,2296.34,1483.22,508.31,-0.029812
ASC-04,502,2293.05,-1448.01,467.5,-0.029453
ASC-04,503,-184.3,2801.18,457.06,-0.041753
ASC-04,504,1875.37,2755.42,402.73,-0.025552
ASC-04,505,-293.53,3054.71,414.73,-0.040164
ASC-04,506,-886.51,-1707.1,535.57,-0.062478
ASC-04,507,321.22,-3495.4,327.69,-0.033184
ASC-04,508,-2090.61,-786.76,467.48,-0.06545
ASC-04,509,-1284.07,3237.94,352.8,-0.037505
ASC-04,510,1445.7,1846.19,593.91,-0.037918
ASC-04,511,1893.6,-3082.38,331.72,-0.022251
ASC-04,512,-3103.04,1418.01,334.77,-0.047302
ASC-04,513,1629.78,2919.44,399.36,-0.02396
ASC-04,514,2222.01,3274.04,333.79,-0.02169
ASC-04,515,-383.64,1511.92,759.46,-0.061171
ASC-04,516,-3062.82,2540.97,297.67,-0.035745
ASC-04,517,1280.39,2391.91,502.61,-0.035598
ASC-04,518,-1776.85,-991.64,503.97,-0.068003
ASC-04,519,1003.5,-2806.69,391.45,-0.032893
ASC-04,520,-863.64,1592.25,647.44,-0.059759
ASC-04,521,960.14,-2541.61,428.89,-0.036792
ASC-04,522,-1693.06,-810.61,538.14,-0.071511
ASC-04,523,-164.24,3470.15,365.88,-0.03416
ASC-04,524,172.72,418.5,1467.3,-0.074751
ASC-04,525,917.09,152.18,1192.86,-0.059101
ASC-04,526,-2077.83,3135.16,320.89,-0.03627
ASC-04,527,3234.36,-1511.72,355.78,-0.023221
ASC-04,528,-1476.03,3496.02,323.62,-0.035908
ASC-04,529,-1357.86,2883.86,383.12,-0.040844
ASC-04,530,-1705.81,-952.67,520.84,-0.070982
ASC-04,531,-3027.67,-1209.32,334.83,-0.050609
ASC-04,532,-539.54,-2614.06,411.76,-0.048311
ASC-04,533,1902.85,2909.48,383.92,-0.024071
ASC-04,534,1466.97,-2199.33,453.28,-0.034204
ASC-04,535,-2130.99,-3437.15,281.18,-0.03449
ASC-04,536,-2541.48,2730.54,318.7,-0.037492
ASC-04,537,-1250.0,686.81,707.82,-0.068867
ASC-04,538,1877.79,1202.94,631.32,-0.036724
ASC-04,539,-83.45,1631.99,758.32,-0.059822
ASC-04,540,2962.29,-3201.37,284.24,-0.015238
ASC-04,541,1094.69,-2857.02,382.63,-0.031941
ASC-04,542,846.35,-1.14,1217.48,-0.061613
ASC-04,543,1873.84,-3148.17,327.33,-0.022154
ASC-04,544,1751.81,30.25,766.09,-0.043701
ASC-04,545,-1093.13,1654.37,591.73,-0.059603
ASC-04,546,-1700.94,1101.86,547.24,-0.063404
ASC-04,547,-436.65,816.53,990.62,-0.070346
ASC-04,548,-75.27,-3175.16,355.91,-0.038625
ASC-04,549,-2507.94,-1843.42,348.12,-0.052006
ASC-04,550,-410.67,2782.46,451.53,-0.044736
ASC-04,551,978.76,-2637.46,414.48,-0.03657
ASC-04,552,-2550.0,232.57,424.33,-0.056745
ASC-04,553,-2533.73,-3149.66,280.5,-0.036387
ASC-04,554,-2283.95,3074.42,314.03,-0.036832
ASC-04,555,-1516.68,-2299.06,391.23,-0.053113
ASC-04,556,3231.96,-629.85,396.72,-0.018842
ASC-04,557,-3319.46,327.47,334.12,-0.049877
ASC-04,558,-2213.83,1530.56,425.22,-0.053632
ASC-04,559,-2344.67,3062.17,311.64,-0.036036
ASC-04,560,-179.56,1654.54,740.33,-0.060105
ASC-04,561,-3394.49,-1068.42,310.95,-0.044512
ASC-04,562,-292.79,-2972.62,374.43,-0.039716
ASC-04,563,-2359.54,1451.84,411.37,-0.052002
ASC-04,564,-1612.52,3307.57,331.71,-0.035013
ASC-04,565,2047.08,-3380.89,305.32,-0.020463
ASC-04,566,-2211.53,1922.76,396.92,-0.049101
ASC-04,567,819.9,-2267.01,479.34,-0.041484
ASC-04,568,-655.81,-280.32,935.15,-0.075187
ASC-04,569,-576.83,158.46,1035.48,-0.075512
ASC-04,570,2217.92,800.98,592.8,-0.031734
ASC-04,571,-2373.6,3426.76,291.8,-0.030566
ASC-04,572,2966.67,1311.81,418.57,-0.022091
ASC-04,573,2754.44,-753.29,459.26,-0.028282
ASC-04,574,1178.25,1505.15,725.56,-0.04678
ASC-04,575,-3153.87,-232.88,347.32,-0.049808
ASC-04,576,1143.16,-608.16,888.56,-0.050033
ASC-04,577,702.43,-940.43,869.81,-0.057413
ASC-04,578,1905.44,-46.16,707.97,-0.04083
ASC-04,579,-2003.18,-1531.72,419.68,-0.06496
ASC-04,580,3173.49,-1805.3,345.07,-0.0187
ASC-04,581,2703.38,-2460.73,337.4,-0.019847
ASC-04,582,-2699.5,-418.43,394.71,-0.056979
ASC-04,583,-1293.59,-1447.17,525.48,-0.066163
ASC-04,584,-3272.89,2358.59,292.79,-0.035339
ASC-04,585,2316.63,2435.26,401.59,-0.021539
ASC-04,586,2905.66,-1092.86,415.73,-0.027548
ASC-04,587,3428.66,833.99,378.58,-0.021604
ASC-04,588,783.48,2816.04,454.59,-0.034701
ASC-04,589,1161.9,-985.87,764.47,-0.051745
ASC-04,590,1248.84,383.01,987.61,-0.054674
ASC-04,591,491.04,-395.09,1188.86,-0.065296
ASC-04,592,3166.96,1051.86,404.25,-0.021793
ASC-04,593,755.03,3218.4,396.02,-0.03268
ASC-04,594,-1149.92,-2529.63,391.08,-0.049035
ASC-04,595,90.14,3257.7,394.41,-0.032778
ASC-04,596,-3369.36,1160.13,319.66,-0.045018
ASC-04,597,1568.88,2071.09,532.3,-0.035379
ASC-04,598,1357.45,945.85,833.04,-0.048275
ASC-04,599,-552.64,2592.22,475.93,-0.047495
ASC-04,600,2460.37,-1216.33,468.02,-0.027757
ASC-04,601,1788.68,1456.33,609.35,-0.035802
ASC-04,602,-1143.21,-1651.21,513.67,-0.060985
ASC-04,603,-2957.51,60.6,370.64,-0.049935
ASC-04,604,-2574.44,1270.43,394.1,-0.051908
ASC-04,605,-2210.09,-2092.13,355.57,-0.052893
ASC-04,606,-1372.57,-3071.88,329.47,-0.037738
ASC-04,607,-367.39,2036.64,607.67,-0.053831
ASC-04,608,2995.98,2162.62,362.4,-0.024571
ASC-04,609,-1551.07,1159.65,573.6,-0.064591
ASC-04,610,2790.1,-1249.98,419.69,-0.026
ASC-04,611,1263.24,1107.21,820.85,-0.047301
ASC-04,612,2474.45,-2912.84,319.32,-0.017452
ASC-04,613,-677.23,1137.57,808.13,-0.063948
ASC-04,614,-3477.06,533.39,319.75,-0.045467
ASC-04,615,2008.77,820.43,646.43,-0.033126
ASC-04,616,-1781.67,-371.11,555.73,-0.067277
ASC-04,617,-2502.64,-1923.89,343.87,-0.050076
ASC-04,618,2096.44,1581.14,531.14,-0.032113
ASC-04,619,1304.3,-251.09,920.0,-0.053523
ASC-04,620,-2013.09,1717.66,437.19,-0.053933
ASC-04,621,-1626.93,-950.74,535.95,-0.070114
ASC-04,622,3074.54,-2885.48,294.34,-0.01501
ASC-04,623,-1620.23,297.2,616.31,-0.068272
ASC-04,624,1416.84,859.33,831.81,-0.046671
ASC-04,625,-2593.13,2952.44,304.69,-0.036461
ASC-04,626,2205.25,2714.28,383.12,-0.023179
ASC-04,627,-2676.87,-3099.96,277.51,-0.03723
ASC-04,628,112.29,1902.88,678.71,-0.054776
ASC-04,629,-3253.48,-1670.46,303.14,-0.04538
ASC-04,630,350.55,1380.39,882.37,-0.05634
ASC-04,631,2426.35,-843.63,509.24,-0.029742
ASC-04,632,-2909.21,-1245.45,343.56,-0.050708
ASC-04,633,-1580.2,-82.01,622.31,-0.0699
ASC-04,634,1852.85,213.72,732.69,-0.043809
ASC-04,635,756.69,1361.38,852.79,-0.050485
ASC-04,636,-1310.42,965.18,656.95,-0.067444
ASC-04,637,902.33,1247.79,870.15,-0.050451
ASC-04,638,-317.03,-811.46,880.85,-0.069248
ASC-04,639,2536.49,1241.38,489.6,-0.024704
ASC-04,640,-1449.42,-1082.29,553.26,-0.066711
ASC-04,641,1804.11,752.73,715.39,-0.038725
ASC-04,642,949.72,-283.27,1074.27,-0.058672
ASC-04,643,1683.0,439.59,788.45,-0.046411
ASC-04,644,-852.17,-3377.23,322.46,-0.034904
ASC-04,645,1574.45,-8.5,834.16,-0.048133
ASC-04,646,1388.98,-1960.22,499.0,-0.038086
ASC-04,647,-787.58,-799.31,760.36,-0.072023
ASC-04,648,-3314.83,-2983.6,260.46,-0.035674
ASC-04,649,3240.39,1098.31,393.16,-0.019728
ASC-04,650,1495.2,2754.65,428.82,-0.030665
ASC-04,651,-2066.83,-1017.82,454.35,-0.064555
ASC-04,652,1615.65,-2764.53,372.6,-0.027906
ASC-04,653,-1549.22,841.87,606.77,-0.066214
ASC-04,654,-215.0,-2610.74,423.23,-0.047506
ASC-04,655,2519.22,2741.35,358.21,-0.021635
ASC-04,656,-363.5,-2642.8,414.24,-0.047197
ASC-04,657,-1483.95,-966.91,562.16,-0.068365
ASC-04,658,-1361.56,-37.38,689.93,-0.070123
ASC-04,659,-2960.88,-2674.89,282.69,-0.038825
ASC-04,660,-1963.46,-1268.77,448.24,-0.064744
ASC-04,661,-1602.26,-1573.05,464.96,-0.06551
ASC-04,662,-2289.22,1493.1,417.84,-0.052639
ASC-04,663,-3058.54,3403.91,267.95,-0.027655
ASC-04,664,-239.48,-960.14,839.23,-0.068353
ASC-04,665,-1999.23,2035.04,411.04,-0.048112
ASC-04,666,1671.39,-2517.61,397.13,-0.032718
ASC-04,667,2957.69,559.4,450.96,-0.025275
ASC-04,668,-1589.11,-471.01,594.15,-0.07116
ASC-04,669,505.74,-1482.71,684.47,-0.056107
ASC-04,670,47.08,2251.97,578.0,-0.047556
ASC-04,671,-2974.24,1724.95,335.0,-0.045073
ASC-04,672,-2625.88,-2562.02,302.6,-0.041284
ASC-04,673,2693.46,-1453.15,415.72,-0.024494
ASC-04,674,-180.94,2236.53,571.74,-0.049395
ASC-04,675,2132.27,3447.02,324.92,-0.022209
ASC-04,676,-3033.93,780.95,357.13,-0.049726
ASC-04,677,663.69,2601.89,496.99,-0.034526
ASC-04,678,2557.18,3389.55,310.86,-0.024775
ASC-04,679,2569.46,1683.82,446.06,-0.026119
ASC-04,680,-3459.94,1013.13,315.43,-0.042271
ASC-04,681,152.04,-1951.33,556.24,-0.05477
ASC-04,682,-916.97,-907.03,700.92,-0.072064
ASC-04,683,1820.29,864.88,696.21,-0.037897
ASC-04,684,-2987.47,2984.81,284.85,-0.032452
ASC-04,685,-1645.51,-1387.07,481.29,-0.064607
ASC-04,686,2188.5,-733.54,568.26,-0.034777
ASC-04,687,-213.11,-3344.34,337.78,-0.036386
ASC-04,688,-327.95,1377.09,816.35,-0.062365
ASC-04,689,3279.91,-395.01,397.83,-0.019503
ASC-04,690,-1260.77,2084.12,493.58,-0.052255
ASC-04,691,-3207.95,-1864.42,299.45,-0.044436
ASC-04,692,-754.59,1117.52,790.7,-0.066582
ASC-04,693,-2426.39,1211.65,415.84,-0.054051
ASC-04,694,-2926.76,-249.73,370.93,-0.051706
ASC-04,695,475.02,-2179.76,505.65,-0.047191
ASC-04,696,3175.03,-679.71,402.11,-0.020646
ASC-04,697,555.85,1715.3,738.46,-0.047391
ASC-04,698,1029.8,-2175.7,486.11,-0.042028
ASC-04,699,-1234.6,-2869.71,352.21,-0.039931
ASC-05,0,875.67,497.86,1173.71,-0.049238
ASC-05,1,2780.5,1765.71,412.23,-0.011939
ASC-05,2,1929.8,624.99,688.02,-0.032749
ASC-05,3,-1923.55,2119.45,411.65,-0.049808
ASC-05,4,-1398.84,353.29,681.09,-0.071745
ASC-05,5,2614.87,-2112.99,369.29,-0.019411
ASC-05,6,-3463.14,579.08,320.51,-0.051079
ASC-05,7,2248.6,-63.45,604.37,-0.027254
ASC-05,8,2079.49,-2338.45,389.9,-0.027465
ASC-05,9,-224.46,834.16,1066.62,-0.0623
ASC-05,10,-1378.77,2218.72,460.56,-0.046604
ASC-05,11,-1551.02,-2554.39,364.16,-0.051263
ASC-05,12,-1715.91,314.62,590.38,-0.067676
ASC-05,13,-384.47,1635.81,719.47,-0.052271
ASC-05,14,31.84,-678.88,1012.92,-0.064161
ASC-05,15,374.48,-1609.68,648.43,-0.056057
ASC-05,16,3468.5,-894.04,360.54,-0.010938
ASC-05,17,2048.63,291.89,666.78,-0.03041
ASC-05,18,855.25,1306.62,857.08,-0.041476
ASC-05,19,3422.72,414.23,386.14,-0.016089
ASC-05,20,-1992.84,-2750.82,324.21,-0.050834
ASC-05,21,-2378.52,2225.2,359.9,-0.050147
ASC-05,22,787.78,2967.02,430.46,-0.028915
ASC-05,23,-3192.41,-2790.95,269.95,-0.039443
ASC-05,24,-3250.24,-1753.36,300.66,-0.047499
ASC-05,25,104.22,-2284.23,484.84,-0.049213
ASC-05,26,-236.56,2444.09,522.14,-0.040979
ASC-05,27,2920.17,2871.95,323.76,-0.008113
ASC-05,28,904.58,-3190.08,351.03,-0.032881
ASC-05,29,98.82,-1173.06,794.71,-0.060048
ASC-05,30,-21.89,-2152.54,508.05,-0.051604
ASC-05,31,-1767.4,-213.27,567.86,-0.072841
ASC-05,32,-3417.44,2951.13,268.72,-0.034767
ASC-05,33,-2153.18,-3008.79,301.54,-0.043265
ASC-05,34,1344.22,-2301.05,446.25,-0.036018
ASC-05,35,-2095.75,-90.8,500.16,-0.0678
ASC-05,36,-913.25,168.24,867.88,-0.072097
ASC-05,37,-3473.86,1718.51,299.61,-0.044648
ASC-05,38,2310.33,-436.2,567.78,-0.024914
ASC-05,39,-2418.77,-2512.04,315.94,-0.049176
ASC-05,40,-1626.8,-1024.72,527.39,-0.068997
ASC-05,41,2662.33,3374.65,307.25,-0.01545
ASC-05,42,68.54,1755.06,725.89,-0.04862
ASC-05,43,2430.05,-2685.59,337.3,-0.024422
ASC-05,44,978.02,2157.46,576.97,-0.036907
ASC-05,45,1692.4,-1323.51,578.89,-0.033932
ASC-05,46,-2859.53,1969.78,334.15,-0.045731
ASC-05,47,288.01,-3410.95,335.09,-0.038817
ASC-05,48,54.41,2598.89,500.55,-0.035988
ASC-05,49,2599.38,-2363.83,351.0,-0.019905
ASC-05,50,-971.15,-309.75,801.96,-0.073478
ASC-05,51,687.29,1132.29,965.25,-0.045342
ASC-05,52,-3085.24,55.09,356.7,-0.059198
ASC-05,53,-786.58,-2342.22,437.48,-0.055712
ASC-05,54,-1238.75,-2526.17,386.09,-0.054747
ASC-05,55,-2448.6,-1508.26,373.43,-0.059786
ASC-05,56,2214.37,-3133.26,315.66,-0.020142
ASC-05,57,-843.88,-1984.19,489.89,-0.061491
ASC-05,58,3351.24,-2589.26,295.32,-0.014886
ASC-05,59,629.94,-246.42,1236.02,-0.057832
ASC-05,60,735.39,-1004.43,838.69,-0.052487
ASC-05,61,965.98,607.83,1091.23,-0.047437
ASC-05,62,1235.15,-1533.85,603.39,-0.039911
ASC-05,63,-2444.48,-3262.62,278.86,-0.041487
ASC-05,64,-417.81,-1182.23,731.07,-0.067517
ASC-05,65,-1823.05,1786.26,456.32,-0.054487
ASC-05,66,-682.51,-1709.13,558.46,-0.062678
ASC-05,67,-2823.07,-668.16,372.82,-0.060963
ASC-05,68,3274.8,1784.82,358.56,-0.009051
ASC-05,69,-1994.97,-653.23,493.22,-0.064809
ASC-05,70,1202.36,2709.87,453.44,-0.028009
ASC-05,71,-1397.06,2926.48,376.31,-0.038872
ASC-05,72,2618.54,-1326.29,435.73,-0.018978
ASC-05,73,1135.5,1651.75,691.05,-0.037683
ASC-05,74,-2578.69,-1728.18,348.91,-0.057189
ASC-05,75,2415.52,-2523.34,350.54,-0.024932
ASC-05,76,3114.64,-434.83,419.13,-0.015262
ASC-05,77,2827.42,717.31,468.63,-0.017579
ASC-05,78,488.03,3049.14,423.56,-0.029731
ASC-05,79,-2481.78,-2478.69,314.28,-0.048998
ASC-05,80,-2152.76,1486.54,436.69,-0.05356
ASC-05,81,2995.34,-171.75,444.52,-0.015832
ASC-05,82,366.29,-2578.03,435.25,-0.046366
ASC-05,83,-2236.13,3308.61,303.4,-0.034558
ASC-05,84,2688.4,1370.38,454.69,-0.0163
ASC-05,85,991.0,-2597.99,419.61,-0.036317
ASC-05,86,487.86,2840.29,456.87,-0.032151
ASC-05,87,-865.99,-2778.34,377.85,-0.050624
ASC-05,88,-623.31,-2851.39,379.09,-0.048851
ASC-05,89,-1823.58,-1179.14,477.31,-0.06877
ASC-05,90,-3233.6,3065.71,272.25,-0.034378
ASC-05,91,2633.53,-3268.83,292.4,-0.01813
ASC-05,92,-225.89,2927.45,435.43,-0.034013
ASC-05,93,333.45,781.28,1217.45,-0.057355
ASC-05,94,-1244.86,-3030.64,337.81,-0.047457
ASC-05,95,1759.27,480.14,757.02,-0.036839
ASC-05,96,-3323.62,-288.46,331.06,-0.056906
ASC-05,97,-894.7,447.89,865.0,-0.068702
ASC-05,98,-3287.55,1660.42,313.4,-0.046805
ASC-05,99,-2639.76,1250.33,387.18,-0.053142
ASC-05,100,3270.04,3480.59,278.49,-0.00911
ASC-05,101,1104.33,-2403.32,443.89,-0.037246
ASC-05,102,-502.46,2189.99,558.8,-0.049045
ASC-05,103,166.18,-622.35,1060.73,-0.063471
ASC-05,104,2609.66,1983.15,414.42,-0.015203
ASC-05,105,-1090.53,2742.45,417.31,-0.039823
ASC-05,106,632.04,3443.99,370.59,-0.024267
ASC-05,107,1285.79,-1637.71,573.51,-0.039296
ASC-05,108,-1012.1,-329.43,784.03,-0.072643
ASC-05,109,133.69,3099.45,416.39,-0.030464
ASC-05,110,1856.73,3120.17,365.19,-0.016779
ASC-05,111,2864.26,-889.88,434.09,-0.016573
ASC-05,112,-2442.56,3081.47,305.76,-0.036917
ASC-05,113,3033.94,-658.76,422.03,-0.016156
ASC-05,114,-3463.75,-876.64,310.32,-0.051279
ASC-05,115,1770.84,1796.34,552.88,-0.027832
ASC-05,116,2173.69,-201.52,618.11,-0.027777
ASC-05,117,-2542.65,-362.61,417.32,-0.061333
ASC-05,118,-567.67,-797.17,821.42,-0.068035
ASC-05,119,2206.79,-470.37,589.85,-0.027469
ASC-05,120,-3400.1,-2521.28,270.19,-0.043632
ASC-05,121,899.23,-3072.74,363.22,-0.034087
ASC-05,122,2051.17,1777.95,511.61,-0.023799
ASC-05,123,91.03,451.5,1406.2,-0.060277
ASC-05,124,1580.95,1203.23,707.0,-0.034658
ASC-05,125,-1915.04,2116.35,412.85,-0.049949
ASC-05,126,-2110.35,-1889.26,378.88,-0.056695
ASC-05,127,-958.11,-1863.59,499.46,-0.062959
ASC-05,128,-2244.16,-1554.64,391.11,-0.060766
ASC-05,129,-1077.57,-1372.53,572.23,-0.063597
ASC-05,130,3136.87,1824.84,369.65,-0.00796
ASC-05,131,513.33,-880.73,919.7,-0.055933
ASC-05,132,-1119.52,-1237.68,590.06,-0.065393
ASC-05,133,-1599.33,954.11,584.08,-0.0655
ASC-05,134,3164.28,-2194.01,324.53,-0.01419
ASC-05,135,-388.65,-2755.06,398.42,-0.048279
ASC-05,136,3362.76,1379.93,368.19,-0.009837
ASC-05,137,108.66,1795.12,713.98,-0.048231
ASC-05,138,148.16,-1425.45,705.16,-0.058712
ASC-05,139,2775.78,952.29,467.25,-0.01787
ASC-05,140,1699.37,-3261.46,324.48,-0.024146
ASC-05,141,564.57,-669.77,1018.23,-0.05467
ASC-05,142,-513.45,545.71,1032.12,-0.065959
ASC-05,143,2647.32,-1726.07,398.14,-0.02256
ASC-05,144,-618.48,-1062.5,729.74,-0.069202
ASC-05,145,2959.32,766.85,444.82,-0.018583
ASC-05,146,-3018.99,629.28,361.12,-0.056883
ASC-05,147,-490.02,-2420.66,441.88,-0.052036
ASC-05,148,136.6,1446.07,848.97,-0.050652
ASC-05,149,3156.57,-2939.8,288.53,-0.015808
ASC-05,150,-1743.01,3288.07,327.07,-0.034586
ASC-05,151,2142.27,-2083.47,412.14,-0.028081
ASC-05,152,1235.3,-1725.16,560.08,-0.041625
ASC-05,153,1519.6,-2097.9,464.78,-0.037259
ASC-05,154,907.36,3440.49,366.55,-0.024091
ASC-05,155,3300.92,-1493.84,350.79,-0.01098
ASC-05,156,-1171.23,737.05,728.0,-0.069847
ASC-05,157,-712.07,3434.44,356.62,-0.028876
ASC-05,158,-2079.62,3150.47,319.85,-0.03449
ASC-05,159,-3145.07,-3203.55,259.42,-0.038151
ASC-05,160,-2009.64,148.29,521.52,-0.067557
ASC-05,161,2908.25,709.13,455.08,-0.018668
ASC-05,162,2381.18,1416.77,500.68,-0.020681
ASC-05,163,-2713.16,-1148.63,366.07,-0.057665
ASC-05,164,726.45,-1204.64,763.74,-0.051751
ASC-05,165,-145.62,-3470.01,327.56,-0.036785
ASC-05,166,662.79,-3253.34,348.16,-0.033412
ASC-05,167,1114.93,350.4,1063.3,-0.045986
ASC-05,168,-1353.38,-2968.79,338.44,-0.047534
ASC-05,169,3229.46,-2082.63,326.14,-0.013835
ASC-05,170,-239.12,-1167.1,763.13,-0.064621
ASC-05,171,896.71,-3006.7,370.5,-0.035798
ASC-05,172,946.58,-3283.98,341.3,-0.031036
ASC-05,173,-2212.77,2988.44,322.83,-0.03729
ASC-05,174,-3066.94,-453.54,352.43,-0.059867
ASC-05,175,-619.38,-2065.81,493.85,-0.055111
ASC-05,176,1848.21,1459.16,596.56,-0.030308
ASC-05,177,2206.55,-3433.88,297.27,-0.020837
ASC-05,178,1609.92,-1784.88,507.29,-0.035081
ASC-05,179,-2707.57,3225.25,287.3,-0.037998
ASC-05,180,2893.48,2783.83,330.66,-0.009946
ASC-05,181,2114.26,951.48,605.07,-0.030298
ASC-05,182,2643.84,-2847.58,315.6,-0.02169
ASC-05,183,163.13,-1273.64,759.23,-0.059324
ASC-05,184,2909.45,-3304.47,281.48,-0.015338
ASC-05,185,-3173.43,-1965.66,297.94,-0.045983
ASC-05,186,-3287.98,-3321.96,252.53,-0.035343
ASC-05,187,-3358.49,-2616.85,269.06,-0.040817
ASC-05,188,-1730.62,932.5,555.7,-0.063698
ASC-05,189,-1760.01,-2796.9,332.79,-0.049997
ASC-05,190,-2187.48,-2409.66,335.6,-0.050028
ASC-05,191,469.39,2819.66,460.64,-0.032797
ASC-05,192,-3227.1,-1151.83,320.91,-0.053791
ASC-05,193,632.72,-1169.02,786.38,-0.051708
ASC-05,194,-2337.92,-2894.22,299.73,-0.043807
ASC-05,195,1245.12,2071.51,570.73,-0.032807
ASC-05,196,-3352.47,1234.64,319.39,-0.047272
ASC-05,197,-1326.01,329.93,705.61,-0.070908
ASC-05,198,3068.39,825.39,426.13,-0.018614
ASC-05,199,268.77,-2797.34,403.34,-0.043922
ASC-05,200,2181.11,-1677.86,454.99,-0.029414
ASC-05,201,1106.18,585.49,1026.73,-0.045135
ASC-05,202,775.26,3165.62,402.53,-0.027823
ASC-05,203,-2161.23,2219.92,379.57,-0.047153
ASC-05,204,520.76,985.08,1070.9,-0.05019
ASC-05,205,-3222.2,131.73,343.26,-0.058038
ASC-05,206,2111.65,-3394.07,302.51,-0.021217
ASC-05,207,3220.5,2735.01,313.87,-0.009989
ASC-05,208,2478.06,-3032.02,311.6,-0.020681
ASC-05,209,-3145.03,-2596.43,277.88,-0.041707
ASC-05,210,-1129.38,1351.5,641.22,-0.060101
ASC-05,211,-1273.98,2185.01,477.09,-0.050125
ASC-05,212,-2710.98,2005.85,344.4,-0.047674
ASC-05,213,886.28,-333.17,1084.4,-0.051405
ASC-05,214,2082.21,-2260.61,397.89,-0.027578
ASC-05,215,-1303.95,-3252.88,318.52,-0.042141
ASC-05,216,2539.66,2459.66,379.86,-0.01676
ASC-05,217,2079.89,3343.88,334.92,-0.014117
ASC-05,218,-2596.03,-1791.05,344.06,-0.056711
ASC-05,219,1868.01,2562.53,426.53,-0.020813
ASC-05,220,2678.35,-682.28,476.46,-0.019371
ASC-05,221,-2119.02,-1320.59,423.27,-0.062635
ASC-05,222,515.49,36.08,1452.28,-0.059078
ASC-05,223,971.25,-3442.82,326.95,-0.029347
ASC-05,224,765.34,-401.0,1103.7,-0.055311
ASC-05,225,-2826.28,-2103.12,312.68,-0.052153
ASC-05,226,1128.34,1487.2,740.64,-0.037629
ASC-05,227,923.68,18.0,1172.71,-0.051196
ASC-05,228,2267.2,2581.97,391.27,-0.020236
ASC-05,229,2124.59,2776.54,382.81,-0.019843
ASC-05,230,-1209.82,-1282.69,565.94,-0.065326
ASC-05,231,1554.33,-1537.31,559.49,-0.033769
ASC-05,232,2570.91,3073.91,330.49,-0.01229
ASC-05,233,2750.63,27.98,491.62,-0.018487
ASC-05,234,-2369.41,-2824.39,301.89,-0.046851
ASC-05,235,-3313.08,-3178.8,255.44,-0.036954
ASC-05,236,1055.65,3432.98,363.99,-0.022018
ASC-05,237,-1997.27,554.15,518.5,-0.064234
ASC-05,238,445.97,-3118.55,363.81,-0.037789
ASC-05,239,3113.63,78.79,429.46,-0.016362
ASC-05,240,-844.76,28.73,893.36,-0.069707
ASC-05,241,-1730.58,-452.29,561.9,-0.068158
ASC-05,242,-304.43,3158.96,400.31,-0.031987
ASC-05,243,1100.71,3141.4,396.55,-0.026129
ASC-05,244,-2792.31,-2625.23,291.91,-0.041947
ASC-05,245,-835.91,-2437.96,421.07,-0.055441
ASC-05,246,-2563.95,-647.58,404.81,-0.059999
ASC-05,247,1137.12,2338.19,524.54,-0.029308
ASC-05,248,2313.87,866.27,564.7,-0.02738
ASC-05,249,-862.02,1608.81,643.97,-0.055841
ASC-05,250,-897.93,532.41,854.86,-0.068961
ASC-05,251,276.65,-2029.6,539.25,-0.050341
ASC-05,252,-1994.6,2224.36,395.05,-0.047532
ASC-05,253,-1768.13,-3401.85,294.09,-0.037427
ASC-05,254,-1191.03,1389.39,620.6,-0.059149
ASC-05,255,-298.02,-2139.62,499.86,-0.05369
ASC-05,256,-2929.28,-202.36,371.35,-0.058618
ASC-05,257,1769.12,3325.93,349.99,-0.017035
ASC-05,258,553.38,273.25,1458.13,-0.057241
ASC-05,259,-1402.14,-3101.36,326.09,-0.042318
ASC-05,260,-2957.17,-498.54,362.78,-0.061096
ASC-05,261,1842.27,1121.87,652.76,-0.032861
ASC-05,262,-2582.45,-3103.05,280.69,-0.04164
ASC-05,263,-2567.55,-1731.42,349.65,-0.057767
ASC-05,264,-2585.21,-3371.65,270.27,-0.042666
ASC-05,265,-2931.16,280.48,373.89,-0.057478
ASC-05,266,2844.75,-829.66,440.59,-0.017903
ASC-05,267,-1615.29,25.83,616.17,-0.072217
ASC-05,268,-1355.13,-1429.14,518.92,-0.065345
ASC-05,269,2329.56,1097.65,541.64,-0.02638
ASC-05,270,839.46,-2288.4,474.72,-0.043678
ASC-05,271,-2190.0,2846.56,333.05,-0.039142
ASC-05,272,-456.31,3220.57,388.17,-0.028372
ASC-05,273,2687.46,-49.04,502.76,-0.018755
ASC-05,274,-872.38,-242.27,850.58,-0.071348
ASC-05,275,1476.17,2517.32,465.27,-0.027908
ASC-05,276,-2822.35,-1471.14,341.5,-0.05559
ASC-05,277,1591.27,2121.74,520.44,-0.029833
ASC-05,278,1935.31,-1488.85,512.93,-0.029986
ASC-05,279,2280.37,1539.75,504.67,-0.022164
ASC-05,280,1219.41,-1161.92,701.57,-0.042935
ASC-05,281,-904.87,718.21,825.67,-0.068039
ASC-05,282,-3050.52,2981.08,282.3,-0.037456
ASC-05,283,131.43,-3119.73,363.57,-0.043356
ASC-05,284,1802.22,2150.78,490.55,-0.025044
ASC-05,285,-2164.13,292.92,489.83,-0.067132
ASC-05,286,-1636.34,-846.53,545.8,-0.070552
ASC-05,287,252.84,-1048.07,852.35,-0.059527
ASC-05,288,1738.32,-3014.12,343.41,-0.027047
ASC-05,289,2776.11,-1691.35,387.92,-0.019451
ASC-05,290,-2619.81,861.96,403.83,-0.055741
ASC-05,291,-2210.11,-2816.87,309.6,-0.04661
ASC-05,292,2096.76,1185.85,582.57,-0.028456
ASC-05,293,1011.65,3235.77,387.64,-0.02542
ASC-05,294,1546.81,3365.43,355.26,-0.017423
ASC-05,295,3477.4,2724.69,300.25,-0.010858
ASC-05,296,3074.26,2146.28,356.64,-0.009579
ASC-05,297,2401.18,-2254.33,374.04,-0.024783
ASC-05,298,1939.81,3291.09,345.54,-0.017033
ASC-05,299,-734.87,-2080.94,482.42,-0.057644
ASC-05,300,988.6,2583.35,486.96,-0.031018
ASC-05,301,-2208.88,2645.12,345.14,-0.041346
ASC-05,302,1816.46,853.36,698.9,-0.032491
ASC-05,303,1803.83,149.15,750.09,-0.039072
ASC-05,304,1549.07,-2097.02,462.46,-0.036735
ASC-05,305,-386.41,136.28,1147.33,-0.064106
ASC-05,306,-852.74,-1465.66,588.69,-0.063367
ASC-05,307,-561.6,-2618.84,410.22,-0.049043
ASC-05,308,-3266.63,-2602.66,272.91,-0.041399
ASC-05,309,2410.24,2108.2,425.09,-0.020236
ASC-05,310,296.59,2956.82,438.73,-0.033124
ASC-05,311,-787.37,-2506.92,414.53,-0.053032
ASC-05,312,336.2,-3407.17,335.41,-0.037104
ASC-05,313,1551.48,-1654.57,537.53,-0.035744
ASC-05,314,-829.77,-2558.93,405.55,-0.053186
ASC-05,315,2314.48,-2179.61,387.67,-0.025434
ASC-05,316,2936.24,583.29,453.98,-0.020766
ASC-05,317,-787.97,-543.94,823.0,-0.071278
ASC-05,318,-2535.29,-495.4,414.22,-0.059316
ASC-05,319,1822.61,-2060.71,443.74,-0.028838
ASC-05,320,3450.64,1152.12,367.16,-0.011208
ASC-05,321,-2464.08,-1473.43,374.01,-0.058247
ASC-05,322,1488.73,-705.97,753.81,-0.041409
ASC-05,323,2277.26,-256.1,587.78,-0.026915
ASC-05,324,2944.0,2830.97,324.78,-0.010596
ASC-05,325,-2636.33,-1775.51,341.72,-0.055501
ASC-05,326,-2857.33,1530.66,352.79,-0.050525
ASC-05,327,3415.1,-1334.42,348.15,-0.007456
ASC-05,328,-2682.7,2760.98,309.11,-0.039822
ASC-05,329,-2262.35,-741.44,443.07,-0.062579
ASC-05,330,524.67,36.13,1446.17,-0.059703
ASC-05,331,-376.09,2640.51,477.26,-0.036823
ASC-05,332,1752.75,1209.33,661.24,-0.033496
ASC-05,333,-2166.1,-2839.49,310.37,-0.046803
ASC-05,334,2900.99,-2542.15,320.73,-0.021478
ASC-05,335,-1979.64,3435.13,307.21,-0.031556
ASC-05,336,1883.78,-3296.26,316.09,-0.021609
ASC-05,337,-3026.78,-1393.9,328.25,-0.054711
ASC-05,338,-186.18,3212.26,396.18,-0.030675
ASC-05,339,-3272.09,-3394.26,251.16,-0.034865
ASC-05,340,-1303.33,-2370.21,399.08,-0.054462
ASC-05,341,-1314.39,-2006.45,442.39,-0.059327
ASC-05,342,1538.24,-2895.26,362.51,-0.026635
ASC-05,343,-314.88,-196.27,1121.08,-0.067256
ASC-05,344,-3102.58,647.07,352.22,-0.056268
ASC-05,345,3467.53,-1271.75,346.16,-0.008658
ASC-05,346,2720.9,-2739.45,318.45,-0.024673
ASC-05,347,2914.27,2176.69,368.72,-0.012583
ASC-05,348,-1773.97,2131.3,426.77,-0.048188
ASC-05,349,-741.23,434.7,936.31,-0.067856
ASC-05,350,-1909.74,-2535.81,343.84,-0.052965
ASC-05,351,-2625.66,293.38,413.11,-0.060282
ASC-05,352,-3268.83,906.67,332.66,-0.054592
ASC-05,353,23.36,-501.95,1107.07,-0.065304
ASC-05,354,-2638.06,2547.04,322.27,-0.041802
ASC-05,355,-2265.87,-769.68,440.94,-0.0621
ASC-05,356,2523.33,76.21,539.92,-0.023482
ASC-05,357,-110.3,-2701.0,412.72,-0.045874
ASC-05,358,-2214.08,444.86,478.45,-0.06197
ASC-05,359,1189.05,1865.14,626.16,-0.036081
ASC-05,360,-1638.95,1618.81,502.32,-0.055192
ASC-05,361,188.56,-1701.13,621.42,-0.058272
ASC-05,362,-1519.33,3443.06,325.74,-0.036012
ASC-05,363,113.13,1539.54,808.83,-0.049455
ASC-05,364,899.74,-533.73,997.48,-0.051443
ASC-05,365,253.46,-595.64,1081.73,-0.061762
ASC-05,366,-730.77,1955.28,586.13,-0.052641
ASC-05,367,2035.7,-2270.22,400.44,-0.028156
ASC-05,368,2614.06,977.39,494.65,-0.019517
ASC-05,369,-2244.4,1531.88,421.1,-0.051077
ASC-05,370,-2545.84,114.38,424.78,-0.062349
ASC-05,371,-2707.66,2612.39,314.76,-0.042841
ASC-05,372,3357.18,-219.55,391.71,-0.011382
ASC-05,373,3091.14,-245.75,427.89,-0.014335
ASC-05,374,-1885.33,-1507.24,436.15,-0.0622
ASC-05,375,3289.35,2935.6,300.67,-0.009181
ASC-05,376,-2045.28,-1286.11,435.62,-0.061437
ASC-05,377,45.33,1366.9,876.53,-0.052611
ASC-05,378,-18.3,-634.53,1026.97,-0.064544
ASC-05,379,2904.69,3047.97,314.46,-0.012456
ASC-05,380,-3216.3,3135.72,270.77,-0.03476
ASC-05,381,-1292.54,-3289.75,316.27,-0.042324
ASC-05,382,699.82,3461.74,367.75,-0.024165
ASC-05,383,-3035.21,734.55,357.81,-0.055788
ASC-05,384,-1844.15,-2983.03,316.12,-0.046975
ASC-05,385,-244.56,-20.78,1213.82,-0.063082
ASC-05,386,2666.0,-3153.7,297.22,-0.019992
ASC-05,387,1826.72,342.26,739.69,-0.036898
ASC-05,388,2302.86,-2201.82,386.48,-0.025506
ASC-05,389,1827.49,-924.42,623.58,-0.036153
ASC-05,390,1454.05,-1367.1,609.84,-0.036422
ASC-05,391,2447.85,715.48,544.01,-0.023388
ASC-05,392,1270.34,2256.53,529.39,-0.030704
ASC-05,393,1649.78,3055.76,382.62,-0.016813
ASC-05,394,-1388.49,-1197.99,547.86,-0.067195
ASC-05,395,-2326.51,487.83,457.68,-0.060915
ASC-05,396,1795.67,-3458.71,307.57,-0.0236
ASC-05,397,-2339.14,-894.86,423.27,-0.063866
ASC-05,398,2936.19,3224.93,303.36,-0.013008
ASC-05,399,676.5,-2668.13,418.05,-0.041454
ASC-05,400,-1193.96,2588.79,429.27,-0.043316
ASC-05,401,3056.5,1067.54,418.48,-0.014339
ASC-05,402,-2414.09,-1442.74,380.95,-0.061681
ASC-05,403,101.26,1947.13,664.5,-0.047784
ASC-05,404,-2859.12,-1475.03,338.3,-0.056714
ASC-05,405,3257.99,2763.71,310.35,-0.008849
ASC-05,406,527.63,-2920.69,386.28,-0.040641
ASC-05,407,2125.67,-2667.05,355.59,-0.026364
ASC-05,408,-1526.54,1750.09,503.73,-0.055865
ASC-05,409,2112.58,-355.75,623.82,-0.028363
ASC-05,410,1419.89,-2467.76,417.97,-0.033865
ASC-05,411,1005.77,94.04,1132.09,-0.049207
ASC-05,412,3153.94,-1421.22,368.18,-0.01574
ASC-05,413,-465.56,345.21,1092.25,-0.064142
ASC-05,414,-594.38,1706.0,666.62,-0.053241
ASC-05,415,1344.85,2497.88,478.77,-0.027782
ASC-05,416,2345.39,-3087.0,313.55,-0.019153
ASC-05,417,-1154.47,646.48,743.98,-0.070281
ASC-05,418,1187.6,3385.66,365.43,-0.02171
ASC-05,419,-2036.74,-281.42,505.72,-0.066689
ASC-05,420,361.9,1886.97,686.78,-0.043978
ASC-05,421,1884.2,-2819.18,354.5,-0.026877
ASC-05,422,-3042.8,2614.56,295.98,-0.04007
ASC-05,423,1594.89,574.37,810.7,-0.03908
ASC-05,424,-3391.97,2717.84,276.25,-0.035713
ASC-05,425,3208.45,2009.83,352.86,-0.007415
ASC-05,426,-219.31,2584.68,494.76,-0.03799
ASC-05,427,-636.5,-3098.93,352.48,-0.042011
ASC-05,428,1543.11,1508.67,650.29,-0.035658
ASC-05,429,163.09,-2121.13,518.34,-0.050902
ASC-05,430,1615.94,-1639.33,532.12,-0.03278
ASC-05,431,-2906.69,-1226.52,344.52,-0.056973
ASC-05,432,439.54,639.2,1303.23,-0.058487
ASC-05,433,406.76,895.03,1138.64,-0.052573
ASC-05,434,3024.8,3020.1,309.83,-0.010195
ASC-05,435,-3222.76,-3410.97,251.94,-0.036449
ASC-05,436,-330.26,-2145.93,497.02,-0.053214
ASC-05,437,917.51,-965.98,822.42,-0.051128
ASC-05,438,355.23,2226.05,588.39,-0.042687
ASC-05,439,-2980.87,349.36,367.96,-0.057518
ASC-05,440,652.6,83.93,1371.16,-0.057415
ASC-05,441,-1944.62,1821.3,436.81,-0.054524
ASC-05,442,-2131.16,1085.41,467.28,-0.059035
ASC-05,443,2650.84,-1471.01,419.29,-0.021562
ASC-05,444,-2115.11,-2890.19,309.79,-0.046287
ASC-05,445,-319.96,-263.85,1095.19,-0.067609
ASC-05,446,1752.01,2661.16,423.22,-0.020681
ASC-05,447,1451.21,686.99,851.91,-0.040571
ASC-05,448,374.21,-3126.98,363.15,-0.040512
ASC-05,449,2149.32,-419.46,608.71,-0.029335
ASC-05,450,-239.29,-807.72,900.12,-0.066695
ASC-05,451,842.7,576.97,1165.55,-0.048037
ASC-05,452,2232.42,609.89,601.93,-0.026485
ASC-05,453,1246.64,3159.32,389.02,-0.024226
ASC-05,454,992.8,-1133.34,750.87,-0.04681
ASC-05,455,-657.1,-643.33,840.85,-0.071265
ASC-05,456,408.26,794.6,1202.55,-0.05458
ASC-05,457,-727.42,2704.73,446.75,-0.039894
ASC-05,458,1710.05,1443.01,628.41,-0.031854
ASC-05,459,-836.99,-203.8,871.05,-0.070424
ASC-05,460,-233.65,2201.96,576.9,-0.046246
ASC-05,461,1788.2,-102.86,744.98,-0.036555
ASC-05,462,25.59,3244.66,395.43,-0.030951
ASC-05,463,-1133.77,-1522.5,536.68,-0.063722
ASC-05,464,2287.73,-2608.26,351.34,-0.02423
ASC-05,465,-833.26,2312.8,503.34,-0.040622
ASC-05,466,2413.1,-1418.91,454.32,-0.023229
ASC-05,467,1996.68,2431.77,431.42,-0.02148
ASC-05,468,-368.98,765.83,1036.39,-0.065127
ASC-05,469,1490.24,62.72,874.84,-0.040435
ASC-05,470,-3259.27,-2890.78,264.75,-0.040966
ASC-05,471,-771.41,2004.21,570.3,-0.052093
ASC-05,472,2522.34,-3038.53,309.37,-0.02035
ASC-05,473,556.78,3256.06,394.16,-0.02885
ASC-05,474,404.78,2638.82,494.66,-0.033073
ASC-05,475,1153.17,-1379.22,653.32,-0.0411
ASC-05,476,1243.7,-2604.94,408.57,-0.034615
ASC-05,477,585.19,2699.72,480.32,-0.033314
ASC-05,478,-555.59,-141.05,1011.74,-0.070331
ASC-05,479,-2215.61,-2625.88,320.42,-0.051089
ASC-05,480,-1451.51,-10.34,662.74,-0.071869
ASC-05,481,-1449.54,-1772.27,458.68,-0.060571
ASC-05,482,-484.79,-645.15,895.29,-0.068753
ASC-05,483,3493.41,981.69,367.57,-0.011502
ASC-05,484,-1032.14,2907.55,400.65,-0.038668
ASC-05,485,-368.35,2106.51,590.09,-0.048377
ASC-05,486,-898.61,-2372.94,426.09,-0.05783
ASC-05,487,569.99,-158.65,1312.03,-0.058711
ASC-05,488,3135.29,-56.5,424.82,-0.013293
ASC-05,489,2723.51,3426.38,301.81,-0.012772
ASC-05,490,-860.03,-2891.72,365.96,-0.049107
ASC-05,491,-1631.69,75.37,612.71,-0.071896
ASC-05,492,2690.79,2900.54,335.46,-0.010131
ASC-05,493,-43.17,-708.06,985.3,-0.063024
ASC-05,494,1298.79,-1667.98,565.43,-0.040601
ASC-05,495,-2986.96,391.53,367.03,-0.05779
ASC-05,496,2565.9,-1259.38,448.74,-0.019946
ASC-05,497,-1309.24,2989.55,375.26,-0.036749
ASC-05,498,-38.31,-2906.41,386.8,-0.045702
ASC-05,499,-2113.85,-2053.04,365.99,-0.054176
ASC-05,500,-558.3,-2912.9,374.25,-0.047204
ASC-05,501,2296.34,1483.22,508.31,-0.020076
ASC-05,502,2293.05,-1448.01,467.5,-0.025292
ASC-05,503,-184.3,2801.18,457.06,-0.035244
ASC-05,504,1875.37,2755.42,402.73,-0.020018
ASC-05,505,-293.53,3054.71,414.73,-0.031705
ASC-05,506,-886.51,-1707.1,535.57,-0.062278
ASC-05,507,321.22,-3495.4,327.69,-0.037581
ASC-05,508,-2090.61,-786.76,467.48,-0.064158
ASC-05,509,-1284.07,3237.94,352.8,-0.03742
ASC-05,510,1445.7,1846.19,593.91,-0.03406
ASC-05,511,1893.6,-3082.38,331.72,-0.025944
ASC-05,512,-3103.04,1418.01,334.77,-0.051351
ASC-05,513,1629.78,2919.44,399.36,-0.020339
ASC-05,514,2222.01,3274.04,333.79,-0.015737
ASC-05,515,-383.64,1511.92,759.46,-0.053585
ASC-05,516,-3062.82,2540.97,297.67,-0.039585
ASC-05,517,1280.39,2391.91,502.61,-0.029214
ASC-05,518,-1776.85,-991.64,503.97,-0.070061
ASC-05,519,1003.5,-2806.69,391.45,-0.034292
ASC-05,520,-863.64,1592.25,647.44,-0.057232
ASC-05,521,960.14,-2541.61,428.89,-0.039629
ASC-05,522,-1693.06,-810.61,538.14,-0.069208
ASC-05,523,-164.24,3470.15,365.88,-0.027056
ASC-05,524,172.72,418.5,1467.3,-0.059164
ASC-05,525,917.09,152.18,1192.86,-0.051209
ASC-05,526,-2077.83,3135.16,320.89,-0.035453
ASC-05,527,3234.36,-1511.72,355.78,-0.013466
ASC-05,528,-1476.03,3496.02,323.62,-0.034387
ASC-05,529,-1357.86,2883.86,383.12,-0.039813
ASC-05,530,-1705.81,-952.67,520.84,-0.070529
ASC-05,531,-3027.67,-1209.32,334.83,-0.057434
ASC-05,532,-539.54,-2614.06,411.76,-0.049927
ASC-05,533,1902.85,2909.48,383.92,-0.017571
ASC-05,534,1466.97,-2199.33,453.28,-0.035838
ASC-05,535,-2130.99,-3437.15,281.18,-0.041229
ASC-05,536,-2541.48,2730.54,318.7,-0.041865
ASC-05,537,-1250.0,686.81,707.82,-0.070481
ASC-05,538,1877.79,1202.94,631.32,-0.031226
ASC-05,539,-83.45,1631.99,758.32,-0.052408
ASC-05,540,2962.29,-3201.37,284.24,-0.016174
ASC-05,541,1094.69,-2857.02,382.63,-0.035704
ASC-05,542,846.35,-1.14,1217.48,-0.054425
ASC-05,543,1873.84,-3148.17,327.33,-0.024289
ASC-05,544,1751.81,30.25,766.09,-0.037271
ASC-05,545,-1093.13,1654.37,591.73,-0.058062
ASC-05,546,-1700.94,1101.86,547.24,-0.063383
ASC-05,547,-436.65,816.53,990.62,-0.063916
ASC-05,548,-75.27,-3175.16,355.91,-0.042735
ASC-05,549,-2507.94,-1843.42,348.12,-0.057336
ASC-05,550,-410.67,2782.46,451.53,-0.035203
ASC-05,551,978.76,-2637.46,414.48,-0.036217
ASC-05,552,-2550.0,232.57,424.33,-0.060437
ASC-05,553,-2533.73,-3149.66,280.5,-0.041049
ASC-05,554,-2283.95,3074.42,314.03,-0.037259
ASC-05,555,-1516.68,-2299.06,391.23,-0.054951
ASC-05,556,3231.96,-629.85,396.72,-0.01399
ASC-05,557,-3319.46,327.47,334.12,-0.056988
ASC-05,558,-2213.83,1530.56,425.22,-0.052459
ASC-05,559,-2344.67,3062.17,311.64,-0.036464
ASC-05,560,-179.56,1654.54,740.33,-0.05405
ASC-05,561,-3394.49,-1068.42,310.95,-0.050425
ASC-05,562,-292.79,-2972.62,374.43,-0.044684
ASC-05,563,-2359.54,1451.84,411.37,-0.052464
ASC-05,564,-1612.52,3307.57,331.71,-0.035138
ASC-05,565,2047.08,-3380.89,305.32,-0.020975
ASC-05,566,-2211.53,1922.76,396.92,-0.049376
ASC-05,567,819.9,-2267.01,479.34,-0.044314
ASC-05,568,-655.81,-280.32,935.15,-0.071048
ASC-05,569,-576.83,158.46,1035.48,-0.067392
ASC-05,570,2217.92,800.98,592.8,-0.026144
ASC-05,571,-2373.6,3426.76,291.8,-0.032302
ASC-05,572,2966.67,1311.81,418.57,-0.014989
ASC-05,573,2754.44,-753.29,459.26,-0.019116
ASC-05,574,1178.25,1505.15,725.56,-0.038091
ASC-05,575,-3153.87,-232.88,347.32,-0.058304
ASC-05,576,1143.16,-608.16,888.56,-0.046925
ASC-05,577,702.43,-940.43,869.81,-0.050879
ASC-05,578,1905.44,-46.16,707.97,-0.036698
ASC-05,579,-2003.18,-1531.72,419.68,-0.06016
ASC-05,580,3173.49,-1805.3,345.07,-0.013748
ASC-05,581,2703.38,-2460.73,337.4,-0.022061
ASC-05,582,-2699.5,-418.43,394.71,-0.060671
ASC-05,583,-1293.59,-1447.17,525.48,-0.065293
ASC-05,584,-3272.89,2358.59,292.79,-0.039811
ASC-05,585,2316.63,2435.26,401.59,-0.018419
ASC-05,586,2905.66,-1092.86,415.73,-0.018901
ASC-05,587,3428.66,833.99,378.58,-0.011519
ASC-05,588,783.48,2816.04,454.59,-0.031026
ASC-05,589,1161.9,-985.87,764.47,-0.043523
ASC-05,590,1248.84,383.01,987.61,-0.043529
ASC-05,591,491.04,-395.09,1188.86,-0.05719
ASC-05,592,3166.96,1051.86,404.25,-0.013288
ASC-05,593,755.03,3218.4,396.02,-0.026412
ASC-05,594,-1149.92,-2529.63,391.08,-0.054727
ASC-05,595,90.14,3257.7,394.41,-0.031016
ASC-05,596,-3369.36,1160.13,319.66,-0.047762
ASC-05,597,1568.88,2071.09,532.3,-0.029646
ASC-05,598,1357.45,945.85,833.04,-0.036179
ASC-05,599,-552.64,2592.22,475.93,-0.042077
ASC-05,600,2460.37,-1216.33,468.02,-0.022375
ASC-05,601,1788.68,1456.33,609.35,-0.030106
ASC-05,602,-1143.21,-1651.21,513.67,-0.06461
ASC-05,603,-2957.51,60.6,370.64,-0.059403
ASC-05,604,-2574.44,1270.43,394.1,-0.051218
ASC-05,605,-2210.09,-2092.13,355.57,-0.052111
ASC-05,606,-1372.57,-3071.88,329.47,-0.044621
ASC-05,607,-367.39,2036.64,607.67,-0.047887
ASC-05,608,2995.98,2162.62,362.4,-0.009956
ASC-05,609,-1551.07,1159.65,573.6,-0.061928
ASC-05,610,2790.1,-1249.98,419.69,-0.018433
ASC-05,611,1263.24,1107.21,820.85,-0.037457
ASC-05,612,2474.45,-2912.84,319.32,-0.022734
ASC-05,613,-677.23,1137.57,808.13,-0.062564
ASC-05,614,-3477.06,533.39,319.75,-0.050857
ASC-05,615,2008.77,820.43,646.43,-0.030463
ASC-05,616,-1781.67,-371.11,555.73,-0.067392
ASC-05,617,-2502.64,-1923.89,343.87,-0.056206
ASC-05,618,2096.44,1581.14,531.14,-0.027816
ASC-05,619,1304.3,-251.09,920.0,-0.044839
ASC-05,620,-2013.09,1717.66,437.19,-0.053604
ASC-05,621,-1626.93,-950.74,535.95,-0.069692
ASC-05,622,3074.54,-2885.48,294.34,-0.017206
ASC-05,623,-1620.23,297.2,616.31,-0.070318
ASC-05,624,1416.84,859.33,831.81,-0.035886
ASC-05,625,-2593.13,2952.44,304.69,-0.039662
ASC-05,626,2205.25,2714.28,383.12,-0.018729
ASC-05,627,-2676.87,-3099.96,277.51,-0.041818
ASC-05,628,112.29,1902.88,678.71,-0.048758
ASC-05,629,-3253.48,-1670.46,303.14,-0.047025
ASC-05,630,350.55,1380.39,882.37,-0.0525
ASC-05,631,2426.35,-843.63,509.24,-0.025066
ASC-05,632,-2909.21,-1245.45,343.56,-0.056672
ASC-05,633,-1580.2,-82.01,622.31,-0.072741
ASC-05,634,1852.85,213.72,732.69,-0.036478
ASC-05,635,756.69,1361.38,852.79,-0.043374
ASC-05,636,-1310.42,965.18,656.95,-0.066747
ASC-05,637,902.33,1247.79,870.15,-0.039097
ASC-05,638,-317.03,-811.46,880.85,-0.067471
ASC-05,639,2536.49,1241.38,489.6,-0.020222
ASC-05,640,-1449.42,-1082.29,553.26,-0.069706
ASC-05,641,1804.11,752.73,715.39,-0.034487
ASC-05,642,949.72,-283.27,1074.27,-0.049948
ASC-05,643,1683.0,439.59,788.45,-0.037759
ASC-05,644,-852.17,-3377.23,322.46,-0.040488
ASC-05,645,1574.45,-8.5,834.16,-0.040389
ASC-05,646,1388.98,-1960.22,499.0,-0.037833
ASC-05,647,-787.58,-799.31,760.36,-0.072589
ASC-05,648,-3314.83,-2983.6,260.46,-0.039853
ASC-05,649,3240.39,1098.31,393.16,-0.012873
ASC-05,650,1495.2,2754.65,428.82,-0.025122
ASC-05,651,-2066.83,-1017.82,454.35,-0.064913
ASC-05,652,1615.65,-2764.53,372.6,-0.02924
ASC-05,653,-1549.22,841.87,606.77,-0.06776
ASC-05,654,-215.0,-2610.74,423.23,-0.045629
ASC-05,655,2519.22,2741.35,358.21,-0.013311
ASC-05,656,-363.5,-2642.8,414.24,-0.046877
ASC-05,657,-1483.95,-966.91,562.16,-0.069985
ASC-05,658,-1361.56,-37.38,689.93,-0.070966
ASC-05,659,-2960.88,-2674.89,282.69,-0.040539
ASC-05,660,-1963.46,-1268.77,448.24,-0.062446
ASC-05,661,-1602.26,-1573.05,464.96,-0.059498
ASC-05,662,-2289.22,1493.1,417.84,-0.05203
ASC-05,663,-3058.54,3403.91,267.95,-0.032621
ASC-05,664,-239.48,-960.14,839.23,-0.06599
ASC-05,665,-1999.23,2035.04,411.04,-0.05455
ASC-05,666,1671.39,-2517.61,397.13,-0.03272
ASC-05,667,2957.69,559.4,450.96,-0.020404
ASC-05,668,-1589.11,-471.01,594.15,-0.069158
ASC-05,669,505.74,-1482.71,684.47,-0.054712
ASC-05,670,47.08,2251.97,578.0,-0.041498
ASC-05,671,-2974.24,1724.95,335.0,-0.046198
ASC-05,672,-2625.88,-2562.02,302.6,-0.04649
ASC-05,673,2693.46,-1453.15,415.72,-0.01939
ASC-05,674,-180.94,2236.53,571.74,-0.04316
ASC-05,675,2132.27,3447.02,324.92,-0.013436
ASC-05,676,-3033.93,780.95,357.13,-0.056423
ASC-05,677,663.69,2601.89,496.99,-0.031839
ASC-05,678,2557.18,3389.55,310.86,-0.014687
ASC-05,679,2569.46,1683.82,446.06,-0.016838
ASC-05,680,-3459.94,1013.13,315.43,-0.049016
ASC-05,681,152.04,-1951.33,556.24,-0.054046
ASC-05,682,-916.97,-907.03,700.92,-0.06935
ASC-05,683,1820.29,864.88,696.21,-0.032096
ASC-05,684,-2987.47,2984.81,284.85,-0.036533
ASC-05,685,-1645.51,-1387.07,481.29,-0.063337
ASC-05,686,2188.5,-733.54,568.26,-0.029862
ASC-05,687,-213.11,-3344.34,337.78,-0.039479
ASC-05,688,-327.95,1377.09,816.35,-0.054626
ASC-05,689,3279.91,-395.01,397.83,-0.013459
ASC-05,690,-1260.77,2084.12,493.58,-0.047537
ASC-05,691,-3207.95,-1864.42,299.45,-0.047155
ASC-05,692,-754.59,1117.52,790.7,-0.063751
ASC-05,693,-2426.39,1211.65,415.84,-0.052373
ASC-05,694,-2926.76,-249.73,370.93,-0.058437
ASC-05,695,475.02,-2179.76,505.65,-0.047852
ASC-05,696,3175.03,-679.71,402.11,-0.014797
ASC-05,697,555.85,1715.3,738.46,-0.043451
ASC-05,698,1029.8,-2175.7,486.11,-0.04007
ASC-05,699,-1234.6,-2869.71,352.21,-0.048639
ASC-06,0,875.67,497.86,1173.71,-0.124148
ASC-06,1,2780.5,1765.71,412.23,-0.036559
ASC-06,2,1929.8,624.99,688.02,-0.075787
ASC-06,3,-1923.55,2119.45,411.65,-0.120315
ASC-06,4,-1398.84,353.29,681.09,-0.177531
ASC-06,5,2614.87,-2112.99,369.29,-0.05274
ASC-06,6,-3463.14,579.08,320.51,-0.12693
ASC-06,7,2248.6,-63.45,604.37,-0.069835
ASC-06,8,2079.49,-2338.45,389.9,-0.064086
ASC-06,9,-224.46,834.16,1066.62,-0.152081
ASC-06,10,-1378.77,2218.72,460.56,-0.119244
ASC-06,11,-1551.02,-2554.39,364.16,-0.127538
ASC-06,12,-1715.91,314.62,590.38,-0.171094
ASC-06,13,-384.47,1635.81,719.47,-0.12946
ASC-06,14,31.84,-678.88,1012.92,-0.159793
ASC-06,15,374.48,-1609.68,648.43,-0.131676
ASC-06,16,3468.5,-894.04,360.54,-0.029276
ASC-06,17,2048.63,291.89,666.78,-0.074493
ASC-06,18,855.25,1306.62,857.08,-0.112381
ASC-06,19,3422.72,414.23,386.14,-0.029625
ASC-06,20,-1992.84,-2750.82,324.21,-0.119743
ASC-06,21,-2378.52,2225.2,359.9,-0.11411
ASC-06,22,787.78,2967.02,430.46,-0.065941
ASC-06,23,-3192.41,-2790.95,269.95,-0.10251
ASC-06,24,-3250.24,-1753.36,300.66,-0.122283
ASC-06,25,104.22,-2284.23,484.84,-0.119693
ASC-06,26,-236.56,2444.09,522.14,-0.101984
ASC-06,27,2920.17,2871.95,323.76,-0.024256
ASC-06,28,904.58,-3190.08,351.03,-0.079751
ASC-06,29,98.82,-1173.06,794.71,-0.149147
ASC-06,30,-21.89,-2152.54,508.05,-0.127306
ASC-06,31,-1767.4,-213.27,567.86,-0.172751
ASC-06,32,-3417.44,2951.13,268.72,-0.084472
ASC-06,33,-2153.18,-3008.79,301.54,-0.112638
ASC-06,34,1344.22,-2301.05,446.25,-0.089219
ASC-06,35,-2095.75,-90.8,500.16,-0.163299
ASC-06,36,-913.25,168.24,867.88,-0.176575
ASC-06,37,-3473.86,1718.51,299.61,-0.10857
ASC-06,38,2310.33,-436.2,567.78,-0.068299
ASC-06,39,-2418.77,-2512.04,315.94,-0.121127
ASC-06,40,-1626.8,-1024.72,527.39,-0.166001
ASC-06,41,2662.33,3374.65,307.25,-0.024355
ASC-06,42,68.54,1755.06,725.89,-0.12046
ASC-06,43,2430.05,-2685.59,337.3,-0.049524
ASC-06,44,978.02,2157.46,576.97,-0.084741
ASC-06,45,1692.4,-1323.51,578.89,-0.086795
ASC-06,46,-2859.53,1969.78,334.15,-0.117904
ASC-06,47,288.01,-3410.95,335.09,-0.089104
ASC-06,48,54.41,2598.89,500.55,-0.090835
ASC-06,49,2599.38,-2363.83,351.0,-0.050121
ASC-06,50,-971.15,-309.75,801.96,-0.178897
ASC-06,51,687.29,1132.29,965.25,-0.120133
ASC-06,52,-3085.24,55.09,356.7,-0.141513
ASC-06,53,-786.58,-2342.22,437.48,-0.132593
ASC-06,54,-1238.75,-2526.17,386.09,-0.132587
ASC-06,55,-2448.6,-1508.26,373.43,-0.144259
ASC-06,56,2214.37,-3133.26,315.66,-0.052251
ASC-06,57,-843.88,-1984.19,489.89,-0.143423
ASC-06,58,3351.24,-2589.26,295.32,-0.029624
ASC-06,59,629.94,-246.42,1236.02,-0.141489
ASC-06,60,735.39,-1004.43,838.69,-0.127681
ASC-06,61,965.98,607.83,1091.23,-0.119568
ASC-06,62,1235.15,-1533.85,603.39,-0.106921
ASC-06,63,-2444.48,-3262.62,278.86,-0.106738
ASC-06,64,-417.81,-1182.23,731.07,-0.157903
ASC-06,65,-1823.05,1786.26,456.32,-0.132455
ASC-06,66,-682.51,-1709.13,558.46,-0.151247
ASC-06,67,-2823.07,-668.16,372.82,-0.147308
ASC-06,68,3274.8,1784.82,358.56,-0.027842
ASC-06,69,-1994.97,-653.23,493.22,-0.162826
ASC-06,70,1202.36,2709.87,453.44,-0.064164
ASC-06,71,-1397.06,2926.48,376.31,-0.093817
ASC-06,72,2618.54,-1326.29,435.73,-0.055632
ASC-06,73,1135.5,1651.75,691.05,-0.096244
ASC-06,74,-2578.69,-1728.18,348.91,-0.135523
ASC-06,75,2415.52,-2523.34,350.54,-0.052861
ASC-06,76,3114.64,-434.83,419.13,-0.040957
ASC-06,77,2827.42,717.31,468.63,-0.04165
ASC-06,78,488.03,3049.14,423.56,-0.071323
ASC-06,79,-2481.78,-2478.69,314.28,-0.119787
ASC-06,80,-2152.76,1486.54,436.69,-0.137959
ASC-06,81,2995.34,-171.75,444.52,-0.045094
ASC-06,82,366.29,-2578.03,435.25,-0.106175
ASC-06,83,-2236.13,3308.61,303.4,-0.086402
ASC-06,84,2688.4,1370.38,454.69,-0.040699
ASC-06,85,991.0,-2597.99,419.61,-0.089842
ASC-06,86,487.86,2840.29,456.87,-0.076391
ASC-06,87,-865.99,-2778.34,377.85,-0.119433
ASC-06,88,-623.31,-2851.39,379.09,-0.114355
ASC-06,89,-1823.58,-1179.14,477.31,-0.160959
ASC-06,90,-3233.6,3065.71,272.25,-0.0827
ASC-06,91,2633.53,-3268.83,292.4,-0.041658
ASC-06,92,-225.89,2927.45,435.43,-0.085713
ASC-06,93,333.45,781.28,1217.45,-0.14105
ASC-06,94,-1244.86,-3030.64,337.81,-0.113738
ASC-06,95,1759.27,480.14,757.02,-0.084438
ASC-06,96,-3323.62,-288.46,331.06,-0.135778
ASC-06,97,-894.7,447.89,865.0,-0.173094
ASC-06,98,-3287.55,1660.42,313.4,-0.114734
ASC-06,99,-2639.76,1250.33,387.18,-0.13412
ASC-06,100,3270.04,3480.59,278.49,-0.016502
ASC-06,101,1104.33,-2403.32,443.89,-0.091777
ASC-06,102,-502.46,2189.99,558.8,-0.111921
ASC-06,103,166.18,-622.35,1060.73,-0.155393
ASC-06,104,2609.66,1983.15,414.42,-0.041859
ASC-06,105,-1090.53,2742.45,417.31,-0.100138
ASC-06,106,632.04,3443.99,370.59,-0.057558
ASC-06,107,1285.79,-1637.71,573.51,-0.10292
ASC-06,108,-1012.1,-329.43,784.03,-0.177749
ASC-06,109,133.69,3099.45,416.39,-0.074889
ASC-06,110,1856.73,3120.17,365.19,-0.041228
ASC-06,111,2864.26,-889.88,434.09,-0.048859
ASC-06,112,-2442.56,3081.47,305.76,-0.091479
ASC-06,113,3033.94,-658.76,422.03,-0.043736
ASC-06,114,-3463.75,-876.64,310.32,-0.127704
ASC-06,115,1770.84,1796.34,552.88,-0.066244
ASC-06,116,2173.69,-201.52,618.11,-0.07255
ASC-06,117,-2542.65,-362.61,417.32,-0.15499
ASC-06,118,-567.67,-797.17,821.42,-0.169101
ASC-06,119,2206.79,-470.37,589.85,-0.071594
ASC-06,120,-3400.1,-2521.28,270.19,-0.107829
ASC-06,121,899.23,-3072.74,363.22,-0.08343
ASC-06,122,2051.17,1777.95,511.61,-0.059071
ASC-06,123,91.03,451.5,1406.2,-0.153991
ASC-06,124,1580.95,1203.23,707.0,-0.084576
ASC-06,125,-1915.04,2116.35,412.85,-0.120601
ASC-06,126,-2110.35,-1889.26,378.88,-0.142347
ASC-06,127,-958.11,-1863.59,499.46,-0.147162
ASC-06,128,-2244.16,-1554.64,391.11,-0.146588
ASC-06,129,-1077.57,-1372.53,572.23,-0.164484
ASC-06,130,3136.87,1824.84,369.65,-0.029592
ASC-06,131,513.33,-880.73,919.7,-0.141168
ASC-06,132,-1119.52,-1237.68,590.06,-0.164244
ASC-06,133,-1599.33,954.11,584.08,-0.160151
ASC-06,134,3164.28,-2194.01,324.53,-0.037298
ASC-06,135,-388.65,-2755.06,398.42,-0.114967
ASC-06,136,3362.76,1379.93,368.19,-0.027071
ASC-06,137,108.66,1795.12,713.98,-0.118184
ASC-06,138,148.16,-1425.45,705.16,-0.139914
ASC-06,139,2775.78,952.29,467.25,-0.042017
ASC-06,140,1699.37,-3261.46,324.48,-0.059858
ASC-06,141,564.57,-669.77,1018.23,-0.139361
ASC-06,142,-513.45,545.71,1032.12,-0.167266
ASC-06,143,2647.32,-1726.07,398.14,-0.0502
ASC-06,144,-618.48,-1062.5,729.74,-0.163621
ASC-06,145,2959.32,766.85,444.82,-0.036961
ASC-06,146,-3018.99,629.28,361.12,-0.138667
ASC-06,147,-490.02,-2420.66,441.88,-0.125491
ASC-06,148,136.6,1446.07,848.97,-0.127278
ASC-06,149,3156.57,-2939.8,288.53,-0.033767
ASC-06,150,-1743.01,3288.07,327.07,-0.08222
ASC-06,151,2142.27,-2083.47,412.14,-0.064209
ASC-06,152,1235.3,-1725.16,560.08,-0.103187
ASC-06,153,1519.6,-2097.9,464.78,-0.085756
ASC-06,154,907.36,3440.49,366.55,-0.05218
ASC-06,155,3300.92,-1493.84,350.79,-0.033021
ASC-06,156,-1171.23,737.05,728.0,-0.166824
ASC-06,157,-712.07,3434.44,356.62,-0.07523
ASC-06,158,-2079.62,3150.47,319.85,-0.087245
ASC-06,159,-3145.07,-3203.55,259.42,-0.098217
ASC-06,160,-2009.64,148.29,521.52,-0.166333
ASC-06,161,2908.25,709.13,455.08,-0.040053
ASC-06,162,2381.18,1416.77,500.68,-0.05112
ASC-06,163,-2713.16,-1148.63,366.07,-0.141316
ASC-06,164,726.45,-1204.64,763.74,-0.125823
ASC-06,165,-145.62,-3470.01,327.56,-0.094476
ASC-06,166,662.79,-3253.34,348.16,-0.084728
ASC-06,167,1114.93,350.4,1063.3,-0.113866
ASC-06,168,-1353.38,-2968.79,338.44,-0.116584
ASC-06,169,3229.46,-2082.63,326.14,-0.035855
ASC-06,170,-239.12,-1167.1,763.13,-0.155587
ASC-06,171,896.71,-3006.7,370.5,-0.086598
ASC-06,172,946.58,-3283.98,341.3,-0.076067
ASC-06,173,-2212.77,2988.44,322.83,-0.092659
ASC-06,174,-3066.94,-453.54,352.43,-0.140832
ASC-06,175,-619.38,-2065.81,493.85,-0.140584
ASC-06,176,1848.21,1459.16,596.56,-0.071056
ASC-06,177,2206.55,-3433.88,297.27,-0.049396
ASC-06,178,1609.92,-1784.88,507.29,-0.086502
ASC-06,179,-2707.57,3225.25,287.3,-0.0853
ASC-06,180,2893.48,2783.83,330.66,-0.025446
ASC-06,181,2114.26,951.48,605.07,-0.062758
ASC-06,182,2643.84,-2847.58,315.6,-0.042078
ASC-06,183,163.13,-1273.64,759.23,-0.145103
ASC-06,184,2909.45,-3304.47,281.48,-0.036932
ASC-06,185,-3173.43,-1965.66,297.94,-0.117433
ASC-06,186,-3287.98,-3321.96,252.53,-0.093627
ASC-06,187,-3358.49,-2616.85,269.06,-0.103987
ASC-06,188,-1730.62,932.5,555.7,-0.156689
ASC-06,189,-1760.01,-2796.9,332.79,-0.120742
ASC-06,190,-2187.48,-2409.66,335.6,-0.127151
ASC-06,191,469.39,2819.66,460.64,-0.077253
ASC-06,192,-3227.1,-1151.83,320.91,-0.132172
ASC-06,193,632.72,-1169.02,786.38,-0.131388
ASC-06,194,-2337.92,-2894.22,299.73,-0.114322
ASC-06,195,1245.12,2071.51,570.73,-0.077624
ASC-06,196,-3352.47,1234.64,319.39,-0.120997
ASC-06,197,-1326.01,329.93,705.61,-0.177522
ASC-06,198,3068.39,825.39,426.13,-0.035203
ASC-06,199,268.77,-2797.34,403.34,-0.10543
ASC-06,200,2181.11,-1677.86,454.99,-0.064237
ASC-06,201,1106.18,585.49,1026.73,-0.116085
ASC-06,202,775.26,3165.62,402.53,-0.062469
ASC-06,203,-2161.23,2219.92,379.57,-0.115119
ASC-06,204,520.76,985.08,1070.9,-0.131437
ASC-06,205,-3222.2,131.73,343.26,-0.13624
ASC-06,206,2111.65,-3394.07,302.51,-0.049826
ASC-06,207,3220.5,2735.01,313.87,-0.022123
ASC-06,208,2478.06,-3032.02,311.6,-0.045708
ASC-06,209,-3145.03,-2596.43,277.88,-0.109388
ASC-06,210,-1129.38,1351.5,641.22,-0.14798
ASC-06,211,-1273.98,2185.01,477.09,-0.120159
ASC-06,212,-2710.98,2005.85,344.4,-0.117597
ASC-06,213,886.28,-333.17,1084.4,-0.126864
ASC-06,214,2082.21,-2260.61,397.89,-0.064238
ASC-06,215,-1303.95,-3252.88,318.52,-0.105056
ASC-06,216,2539.66,2459.66,379.86,-0.035344
ASC-06,217,2079.89,3343.88,334.92,-0.036373
ASC-06,218,-2596.03,-1791.05,344.06,-0.133701
ASC-06,219,1868.01,2562.53,426.53,-0.049373
ASC-06,220,2678.35,-682.28,476.46,-0.0574
ASC-06,221,-2119.02,-1320.59,423.27,-0.151198
ASC-06,222,515.49,36.08,1452.28,-0.14387
ASC-06,223,971.25,-3442.82,326.95,-0.072292
ASC-06,224,765.34,-401.0,1103.7,-0.13423
ASC-06,225,-2826.28,-2103.12,312.68,-0.12284
ASC-06,226,1128.34,1487.2,740.64,-0.098386
ASC-06,227,923.68,18.0,1172.71,-0.126269
ASC-06,228,2267.2,2581.97,391.27,-0.039997
ASC-06,229,2124.59,2776.54,382.81,-0.043903
ASC-06,230,-1209.82,-1282.69,565.94,-0.162466
ASC-06,231,1554.33,-1537.31,559.49,-0.093305
ASC-06,232,2570.91,3073.91,330.49,-0.032647
ASC-06,233,2750.63,27.98,491.62,-0.052907
ASC-06,234,-2369.41,-2824.39,301.89,-0.116186
ASC-06,235,-3313.08,-3178.8,255.44,-0.094895
ASC-06,236,1055.65,3432.98,363.99,-0.05182
ASC-06,237,-1997.27,554.15,518.5,-0.160984
ASC-06,238,445.97,-3118.55,363.81,-0.094403
ASC-06,239,3113.63,78.79,429.46,-0.036512
ASC-06,240,-844.76,28.73,893.36,-0.176405
ASC-06,241,-1730.58,-452.29,561.9,-0.168032
ASC-06,242,-304.43,3158.96,400.31,-0.081669
ASC-06,243,1100.71,3141.4,396.55,-0.055484
ASC-06,244,-2792.31,-2625.23,291.91,-0.114915
ASC-06,245,-835.91,-2437.96,421.07,-0.129468
ASC-06,246,-2563.95,-647.58,404.81,-0.151591
ASC-06,247,1137.12,2338.19,524.54,-0.077071
ASC-06,248,2313.87,866.27,564.7,-0.059334
ASC-06,249,-862.02,1608.81,643.97,-0.139992
ASC-06,250,-897.93,532.41,854.86,-0.173022
ASC-06,251,276.65,-2029.6,539.25,-0.124709
ASC-06,252,-1994.6,2224.36,395.05,-0.117607
ASC-06,253,-1768.13,-3401.85,294.09,-0.105276
ASC-06,254,-1191.03,1389.39,620.6,-0.147024
ASC-06,255,-298.02,-2139.62,499.86,-0.131926
ASC-06,256,-2929.28,-202.36,371.35,-0.147538
ASC-06,257,1769.12,3325.93,349.99,-0.041453
ASC-06,258,553.38,273.25,1458.13,-0.140154
ASC-06,259,-1402.14,-3101.36,326.09,-0.111879
ASC-06,260,-2957.17,-498.54,362.78,-0.144995
ASC-06,261,1842.27,1121.87,652.76,-0.072875
ASC-06,262,-2582.45,-3103.05,280.69,-0.10635
ASC-06,263,-2567.55,-1731.42,349.65,-0.135412
ASC-06,264,-2585.21,-3371.65,270.27,-0.101412
ASC-06,265,-2931.16,280.48,373.89,-0.140579
ASC-06,266,2844.75,-829.66,440.59,-0.048257
ASC-06,267,-1615.29,25.83,616.17,-0.175435
ASC-06,268,-1355.13,-1429.14,518.92,-0.159995
ASC-06,269,2329.56,1097.65,541.64,-0.053766
ASC-06,270,839.46,-2288.4,474.72,-0.103444
ASC-06,271,-2190.0,2846.56,333.05,-0.096354
ASC-06,272,-456.31,3220.57,388.17,-0.080791
ASC-06,273,2687.46,-49.04,502.76,-0.055904
ASC-06,274,-872.38,-242.27,850.58,-0.178335
ASC-06,275,1476.17,2517.32,465.27,-0.063988
ASC-06,276,-2822.35,-1471.14,341.5,-0.13633
ASC-06,277,1591.27,2121.74,520.44,-0.069773
ASC-06,278,1935.31,-1488.85,512.93,-0.072697
ASC-06,279,2280.37,1539.75,504.67,-0.051573
ASC-06,280,1219.41,-1161.92,701.57,-0.107069
ASC-06,281,-904.87,718.21,825.67,-0.167167
ASC-06,282,-3050.52,2981.08,282.3,-0.085721
ASC-06,283,131.43,-3119.73,363.57,-0.097229
ASC-06,284,1802.22,2150.78,490.55,-0.05935
ASC-06,285,-2164.13,292.92,489.83,-0.159754
ASC-06,286,-1636.34,-846.53,545.8,-0.169012
ASC-06,287,252.84,-1048.07,852.35,-0.146572
ASC-06,288,1738.32,-3014.12,343.41,-0.064352
ASC-06,289,2776.11,-1691.35,387.92,-0.04903
ASC-06,290,-2619.81,861.96,403.83,-0.144741
ASC-06,291,-2210.11,-2816.87,309.6,-0.116505
ASC-06,292,2096.76,1185.85,582.57,-0.060587
ASC-06,293,1011.65,3235.77,387.64,-0.057197
ASC-06,294,1546.81,3365.43,355.26,-0.041665
ASC-06,295,3477.4,2724.69,300.25,-0.015092
ASC-06,296,3074.26,2146.28,356.64,-0.028845
ASC-06,297,2401.18,-2254.33,374.04,-0.056761
ASC-06,298,1939.81,3291.09,345.54,-0.038906
ASC-06,299,-734.87,-2080.94,482.42,-0.139445
ASC-06,300,988.6,2583.35,486.96,-0.073478
ASC-06,301,-2208.88,2645.12,345.14,-0.104284
ASC-06,302,1816.46,853.36,698.9,-0.077213
ASC-06,303,1803.83,149.15,750.09,-0.089179
ASC-06,304,1549.07,-2097.02,462.46,-0.084575
ASC-06,305,-386.41,136.28,1147.33,-0.167882
ASC-06,306,-852.74,-1465.66,588.69,-0.158914
ASC-06,307,-561.6,-2618.84,410.22,-0.119784
ASC-06,308,-3266.63,-2602.66,272.91,-0.105986
ASC-06,309,2410.24,2108.2,425.09,-0.042818
ASC-06,310,296.59,2956.82,438.73,-0.076439
ASC-06,311,-787.37,-2506.92,414.53,-0.127677
ASC-06,312,336.2,-3407.17,335.41,-0.088441
ASC-06,313,1551.48,-1654.57,537.53,-0.091418
ASC-06,314,-829.77,-2558.93,405.55,-0.125061
ASC-06,315,2314.48,-2179.61,387.67,-0.057304
ASC-06,316,2936.24,583.29,453.98,-0.039812
ASC-06,317,-787.97,-543.94,823.0,-0.17627
ASC-06,318,-2535.29,-495.4,414.22,-0.154892
ASC-06,319,1822.61,-2060.71,443.74,-0.075302
ASC-06,320,3450.64,1152.12,367.16,-0.023687
ASC-06,321,-2464.08,-1473.43,374.01,-0.144007
ASC-06,322,1488.73,-705.97,753.81,-0.100565
ASC-06,323,2277.26,-256.1,587.78,-0.070003
ASC-06,324,2944.0,2830.97,324.78,-0.023572
ASC-06,325,-2636.33,-1775.51,341.72,-0.133103
ASC-06,326,-2857.33,1530.66,352.79,-0.125507
ASC-06,327,3415.1,-1334.42,348.15,-0.031033
ASC-06,328,-2682.7,2760.98,309.11,-0.093822
ASC-06,329,-2262.35,-741.44,443.07,-0.15764
ASC-06,330,524.67,36.13,1446.17,-0.142805
ASC-06,331,-376.09,2640.51,477.26,-0.095294
ASC-06,332,1752.75,1209.33,661.24,-0.076463
ASC-06,333,-2166.1,-2839.49,310.37,-0.11558
ASC-06,334,2900.99,-2542.15,320.73,-0.04077
ASC-06,335,-1979.64,3435.13,307.21,-0.082279
ASC-06,336,1883.78,-3296.26,316.09,-0.05628
ASC-06,337,-3026.78,-1393.9,328.25,-0.134213
ASC-06,338,-186.18,3212.26,396.18,-0.077379
ASC-06,339,-3272.09,-3394.26,251.16,-0.092222
ASC-06,340,-1303.33,-2370.21,399.08,-0.13465
ASC-06,341,-1314.39,-2006.45,442.39,-0.143173
ASC-06,342,1538.24,-2895.26,362.51,-0.07601
ASC-06,343,-314.88,-196.27,1121.08,-0.168868
ASC-06,344,-3102.58,647.07,352.22,-0.138025
ASC-06,345,3467.53,-1271.75,346.16,-0.029829
ASC-06,346,2720.9,-2739.45,318.45,-0.043297
ASC-06,347,2914.27,2176.69,368.72,-0.031479
ASC-06,348,-1773.97,2131.3,426.77,-0.119474
ASC-06,349,-741.23,434.7,936.31,-0.174195
ASC-06,350,-1909.74,-2535.81,343.84,-0.126056
ASC-06,351,-2625.66,293.38,413.11,-0.149792
ASC-06,352,-3268.83,906.67,332.66,-0.13155
ASC-06,353,23.36,-501.95,1107.07,-0.159872
ASC-06,354,-2638.06,2547.04,322.27,-0.101533
ASC-06,355,-2265.87,-769.68,440.94,-0.157616
ASC-06,356,2523.33,76.21,539.92,-0.060741
ASC-06,357,-110.3,-2701.0,412.72,-0.107753
ASC-06,358,-2214.08,444.86,478.45,-0.158108
ASC-06,359,1189.05,1865.14,626.16,-0.088986
ASC-06,360,-1638.95,1618.81,502.32,-0.140471
ASC-06,361,188.56,-1701.13,621.42,-0.134808
ASC-06,362,-1519.33,3443.06,325.74,-0.080515
ASC-06,363,113.13,1539.54,808.83,-0.125394
ASC-06,364,899.74,-533.73,997.48,-0.128094
ASC-06,365,253.46,-595.64,1081.73,-0.151991
ASC-06,366,-730.77,1955.28,586.13,-0.125549
ASC-06,367,2035.7,-2270.22,400.44,-0.06697
ASC-06,368,2614.06,977.39,494.65,-0.048046
ASC-06,369,-2244.4,1531.88,421.1,-0.135809
ASC-06,370,-2545.84,114.38,424.78,-0.151958
ASC-06,371,-2707.66,2612.39,314.76,-0.098065
ASC-06,372,3357.18,-219.55,391.71,-0.03378
ASC-06,373,3091.14,-245.75,427.89,-0.041677
ASC-06,374,-1885.33,-1507.24,436.15,-0.152515
ASC-06,375,3289.35,2935.6,300.67,-0.015379
ASC-06,376,-2045.28,-1286.11,435.62,-0.154391
ASC-06,377,45.33,1366.9,876.53,-0.13132
ASC-06,378,-18.3,-634.53,1026.97,-0.160341
ASC-06,379,2904.69,3047.97,314.46,-0.02497
ASC-06,380,-3216.3,3135.72,270.77,-0.081361
ASC-06,381,-1292.54,-3289.75,316.27,-0.104095
ASC-06,382,699.82,3461.74,367.75,-0.056495
ASC-06,383,-3035.21,734.55,357.81,-0.137217
ASC-06,384,-1844.15,-2983.03,316.12,-0.113605
ASC-06,385,-244.56,-20.78,1213.82,-0.165082
ASC-06,386,2666.0,-3153.7,297.22,-0.041666
ASC-06,387,1826.72,342.26,739.69,-0.083936
ASC-06,388,2302.86,-2201.82,386.48,-0.056236
ASC-06,389,1827.49,-924.42,623.58,-0.086873
ASC-06,390,1454.05,-1367.1,609.84,-0.097655
ASC-06,391,2447.85,715.48,544.01,-0.054653
ASC-06,392,1270.34,2256.53,529.39,-0.074222
ASC-06,393,1649.78,3055.76,382.62,-0.045568
ASC-06,394,-1388.49,-1197.99,547.86,-0.164025
ASC-06,395,-2326.51,487.83,457.68,-0.154126
ASC-06,396,1795.67,-3458.71,307.57,-0.053718
ASC-06,397,-2339.14,-894.86,423.27,-0.154719
ASC-06,398,2936.19,3224.93,303.36,-0.022101
ASC-06,399,676.5,-2668.13,418.05,-0.098082
ASC-06,400,-1193.96,2588.79,429.27,-0.106401
ASC-06,401,3056.5,1067.54,418.48,-0.034093
ASC-06,402,-2414.09,-1442.74,380.95,-0.146503
ASC-06,403,101.26,1947.13,664.5,-0.111884
ASC-06,404,-2859.12,-1475.03,338.3,-0.13424
ASC-06,405,3257.99,2763.71,310.35,-0.018858
ASC-06,406,527.63,-2920.69,386.28,-0.094814
ASC-06,407,2125.67,-2667.05,355.59,-0.060517
ASC-06,408,-1526.54,1750.09,503.73,-0.133683
ASC-06,409,2112.58,-355.75,623.82,-0.07635
ASC-06,410,1419.89,-2467.76,417.97,-0.083651
ASC-06,411,1005.77,94.04,1132.09,-0.119608
ASC-06,412,3153.94,-1421.22,368.18,-0.039411
ASC-06,413,-465.56,345.21,1092.25,-0.167686
ASC-06,414,-594.38,1706.0,666.62,-0.131569
ASC-06,415,1344.85,2497.88,478.77,-0.067452
ASC-06,416,2345.39,-3087.0,313.55,-0.050092
ASC-06,417,-1154.47,646.48,743.98,-0.169131
ASC-06,418,1187.6,3385.66,365.43,-0.050447
ASC-06,419,-2036.74,-281.42,505.72,-0.163597
ASC-06,420,361.9,1886.97,686.78,-0.106768
ASC-06,421,1884.2,-2819.18,354.5,-0.066789
ASC-06,422,-3042.8,2614.56,295.98,-0.096163
ASC-06,423,1594.89,574.37,810.7,-0.091788
ASC-06,424,-3391.97,2717.84,276.25,-0.091444
ASC-06,425,3208.45,2009.83,352.86,-0.028555
ASC-06,426,-219.31,2584.68,494.76,-0.096015
ASC-06,427,-636.5,-3098.93,352.48,-0.108049
ASC-06,428,1543.11,1508.67,650.29,-0.083989
ASC-06,429,163.09,-2121.13,518.34,-0.124899
ASC-06,430,1615.94,-1639.33,532.12,-0.088024
ASC-06,431,-2906.69,-1226.52,344.52,-0.139367
ASC-06,432,439.54,639.2,1303.23,-0.141177
ASC-06,433,406.76,895.03,1138.64,-0.134705
ASC-06,434,3024.8,3020.1,309.83,-0.020223
ASC-06,435,-3222.76,-3410.97,251.94,-0.094033
ASC-06,436,-330.26,-2145.93,497.02,-0.133396
ASC-06,437,917.51,-965.98,822.42,-0.121145
ASC-06,438,355.23,2226.05,588.39,-0.099185
ASC-06,439,-2980.87,349.36,367.96,-0.140091
ASC-06,440,652.6,83.93,1371.16,-0.138035
ASC-06,441,-1944.62,1821.3,436.81,-0.129546
ASC-06,442,-2131.16,1085.41,467.28,-0.152374
ASC-06,443,2650.84,-1471.01,419.29,-0.056078
ASC-06,444,-2115.11,-2890.19,309.79,-0.116181
ASC-06,445,-319.96,-263.85,1095.19,-0.168062
ASC-06,446,1752.01,2661.16,423.22,-0.051738
ASC-06,447,1451.21,686.99,851.91,-0.099708
ASC-06,448,374.21,-3126.98,363.15,-0.094469
ASC-06,449,2149.32,-419.46,608.71,-0.073803
ASC-06,450,-239.29,-807.72,900.12,-0.163554
ASC-06,451,842.7,576.97,1165.55,-0.125222
ASC-06,452,2232.42,609.89,601.93,-0.063503
ASC-06,453,1246.64,3159.32,389.02,-0.050902
ASC-06,454,992.8,-1133.34,750.87,-0.116449
ASC-06,455,-657.1,-643.33,840.85,-0.172322
ASC-06,456,408.26,794.6,1202.55,-0.138143
ASC-06,457,-727.42,2704.73,446.75,-0.099301
ASC-06,458,1710.05,1443.01,628.41,-0.077941
ASC-06,459,-836.99,-203.8,871.05,-0.177588
ASC-06,460,-233.65,2201.96,576.9,-0.109769
ASC-06,461,1788.2,-102.86,744.98,-0.089908
ASC-06,462,25.59,3244.66,395.43,-0.071917
ASC-06,463,-1133.77,-1522.5,536.68,-0.15844
ASC-06,464,2287.73,-2608.26,351.34,-0.054403
ASC-06,465,-833.26,2312.8,503.34,-0.115838
ASC-06,466,2413.1,-1418.91,454.32,-0.059999
ASC-06,467,1996.68,2431.77,431.42,-0.049583
ASC-06,468,-368.98,765.83,1036.39,-0.159004
ASC-06,469,1490.24,62.72,874.84,-0.10261
ASC-06,470,-3259.27,-2890.78,264.75,-0.098645
ASC-06,471,-771.41,2004.21,570.3,-0.12355
ASC-06,472,2522.34,-3038.53,309.37,-0.045276
ASC-06,473,556.78,3256.06,394.16,-0.065589
ASC-06,474,404.78,2638.82,494.66,-0.08399
ASC-06,475,1153.17,-1379.22,653.32,-0.110193
ASC-06,476,1243.7,-2604.94,408.57,-0.082814
ASC-06,477,585.19,2699.72,480.32,-0.080434
ASC-06,478,-555.59,-141.05,1011.74,-0.175924
ASC-06,479,-2215.61,-2625.88,320.42,-0.121535
ASC-06,480,-1451.51,-10.34,662.74,-0.177215
ASC-06,481,-1449.54,-1772.27,458.68,-0.14991
ASC-06,482,-484.79,-645.15,895.29,-0.169007
ASC-06,483,3493.41,981.69,367.57,-0.021291
ASC-06,484,-1032.14,2907.55,400.65,-0.094953
ASC-06,485,-368.35,2106.51,590.09,-0.114833
ASC-06,486,-898.61,-2372.94,426.09,-0.134239
ASC-06,487,569.99,-158.65,1312.03,-0.142801
ASC-06,488,3135.29,-56.5,424.82,-0.037342
ASC-06,489,2723.51,3426.38,301.81,-0.023435
ASC-06,490,-860.03,-2891.72,365.96,-0.114449
ASC-06,491,-1631.69,75.37,612.71,-0.174912
ASC-06,492,2690.79,2900.54,335.46,-0.027988
ASC-06,493,-43.17,-708.06,985.3,-0.160381
ASC-06,494,1298.79,-1667.98,565.43,-0.102606
ASC-06,495,-2986.96,391.53,367.03,-0.140485
ASC-06,496,2565.9,-1259.38,448.74,-0.058977
ASC-06,497,-1309.24,2989.55,375.26,-0.094365
ASC-06,498,-38.31,-2906.41,386.8,-0.103971
ASC-06,499,-2113.85,-2053.04,365.99,-0.136269
ASC-06,500,-558.3,-2912.9,374.25,-0.110011
ASC-06,501,2296.34,1483.22,508.31,-0.052184
ASC-06,502,2293.05,-1448.01,467.5,-0.063465
ASC-06,503,-184.3,2801.18,457.06,-0.089948
ASC-06,504,1875.37,2755.42,402.73,-0.046099
ASC-06,505,-293.53,3054.71,414.73,-0.083309
ASC-06,506,-886.51,-1707.1,535.57,-0.152999
ASC-06,507,321.22,-3495.4,327.69,-0.085466
ASC-06,508,-2090.61,-786.76,467.48,-0.159855
ASC-06,509,-1284.07,3237.94,352.8,-0.088937
ASC-06,510,1445.7,1846.19,593.91,-0.078127
ASC-06,511,1893.6,-3082.38,331.72,-0.05971
ASC-06,512,-3103.04,1418.01,334.77,-0.12367
ASC-06,513,1629.78,2919.44,399.36,-0.049471
ASC-06,514,2222.01,3274.04,333.79,-0.032221
ASC-06,515,-383.64,1511.92,759.46,-0.132574
ASC-06,516,-3062.82,2540.97,297.67,-0.095927
ASC-06,517,1280.39,2391.91,502.61,-0.072714
ASC-06,518,-1776.85,-991.64,503.97,-0.165246
ASC-06,519,1003.5,-2806.69,391.45,-0.085323
ASC-06,520,-863.64,1592.25,647.44,-0.141118
ASC-06,521,960.14,-2541.61,428.89,-0.093069
ASC-06,522,-1693.06,-810.61,538.14,-0.170073
ASC-06,523,-164.24,3470.15,365.88,-0.067078
ASC-06,524,172.72,418.5,1467.3,-0.150865
ASC-06,525,917.09,152.18,1192.86,-0.12396
ASC-06,526,-2077.83,3135.16,320.89,-0.087614
ASC-06,527,3234.36,-1511.72,355.78,-0.036064
ASC-06,528,-1476.03,3496.02,323.62,-0.079923
ASC-06,529,-1357.86,2883.86,383.12,-0.095225
ASC-06,530,-1705.81,-952.67,520.84,-0.167429
ASC-06,531,-3027.67,-1209.32,334.83,-0.135211
ASC-06,532,-539.54,-2614.06,411.76,-0.120076
ASC-06,533,1902.85,2909.48,383.92,-0.045004
ASC-06,534,1466.97,-2199.33,453.28,-0.084976
ASC-06,535,-2130.99,-3437.15,281.18,-0.102583
ASC-06,536,-2541.48,2730.54,318.7,-0.096534
ASC-06,537,-1250.0,686.81,707.82,-0.168733
ASC-06,538,1877.79,1202.94,631.32,-0.073062
ASC-06,539,-83.45,1631.99,758.32,-0.125367
ASC-06,540,2962.29,-3201.37,284.24,-0.037875
ASC-06,541,1094.69,-2857.02,382.63,-0.081354
ASC-06,542,846.35,-1.14,1217.48,-0.131421
ASC-06,543,1873.84,-3148.17,327.33,-0.060629
ASC-06,544,1751.81,30.25,766.09,-0.091167
ASC-06,545,-1093.13,1654.37,591.73,-0.138174
ASC-06,546,-1700.94,1101.86,547.24,-0.154245
ASC-06,547,-436.65,816.53,990.62,-0.160183
ASC-06,548,-75.27,-3175.16,355.91,-0.097862
ASC-06,549,-2507.94,-1843.42,348.12,-0.136326
ASC-06,550,-410.67,2782.46,451.53,-0.092948
ASC-06,551,978.76,-2637.46,414.48,-0.090099
ASC-06,552,-2550.0,232.57,424.33,-0.151989
ASC-06,553,-2533.73,-3149.66,280.5,-0.105804
ASC-06,554,-2283.95,3074.42,314.03,-0.091681
ASC-06,555,-1516.68,-2299.06,391.23,-0.134418
ASC-06,556,3231.96,-629.85,396.72,-0.036353
ASC-06,557,-3319.46,327.47,334.12,-0.135082
ASC-06,558,-2213.83,1530.56,425.22,-0.136921
ASC-06,559,-2344.67,3062.17,311.64,-0.092253
ASC-06,560,-179.56,1654.54,740.33,-0.126823
ASC-06,561,-3394.49,-1068.42,310.95,-0.127832
ASC-06,562,-292.79,-2972.62,374.43,-0.108893
ASC-06,563,-2359.54,1451.84,411.37,-0.135107
ASC-06,564,-1612.52,3307.57,331.71,-0.082393
ASC-06,565,2047.08,-3380.89,305.32,-0.0515
ASC-06,566,-2211.53,1922.76,396.92,-0.126475
ASC-06,567,819.9,-2267.01,479.34,-0.10444
ASC-06,568,-655.81,-280.32,935.15,-0.176926
ASC-06,569,-576.83,158.46,1035.48,-0.171755
ASC-06,570,2217.92,800.98,592.8,-0.062474
ASC-06,571,-2373.6,3426.76,291.8,-0.08175
ASC-06,572,2966.67,1311.81,418.57,-0.035667
ASC-06,573,2754.44,-753.29,459.26,-0.051694
ASC-06,574,1178.25,1505.15,725.56,-0.098613
ASC-06,575,-3153.87,-232.88,347.32,-0.141643
ASC-06,576,1143.16,-608.16,888.56,-0.115395
ASC-06,577,702.43,-940.43,869.81,-0.132173
ASC-06,578,1905.44,-46.16,707.97,-0.083549
ASC-06,579,-2003.18,-1531.72,419.68,-0.151856
ASC-06,580,3173.49,-1805.3,345.07,-0.037533
ASC-06,581,2703.38,-2460.73,337.4,-0.047496
ASC-06,582,-2699.5,-418.43,394.71,-0.152096
ASC-06,583,-1293.59,-1447.17,525.48,-0.159635
ASC-06,584,-3272.89,2358.59,292.79,-0.099343
ASC-06,585,2316.63,2435.26,401.59,-0.041312
ASC-06,586,2905.66,-1092.86,415.73,-0.044223
ASC-06,587,3428.66,833.99,378.58,-0.025062
ASC-06,588,783.48,2816.04,454.59,-0.072392
ASC-06,589,1161.9,-985.87,764.47,-0.110103
ASC-06,590,1248.84,383.01,987.61,-0.108214
ASC-06,591,491.04,-395.09,1188.86,-0.143589
ASC-06,592,3166.96,1051.86,404.25,-0.029116
ASC-06,593,755.03,3218.4,396.02,-0.062523
ASC-06,594,-1149.92,-2529.63,391.08,-0.130084
ASC-06,595,90.14,3257.7,394.41,-0.069686
ASC-06,596,-3369.36,1160.13,319.66,-0.122323
ASC-06,597,1568.88,2071.09,532.3,-0.070487
ASC-06,598,1357.45,945.85,833.04,-0.103577
ASC-06,599,-552.64,2592.22,475.93,-0.101275
ASC-06,600,2460.37,-1216.33,468.02,-0.0593
ASC-06,601,1788.68,1456.33,609.35,-0.075318
ASC-06,602,-1143.21,-1651.21,513.67,-0.155258
ASC-06,603,-2957.51,60.6,370.64,-0.143612
ASC-06,604,-2574.44,1270.43,394.1,-0.134779
ASC-06,605,-2210.09,-2092.13,355.57,-0.132373
ASC-06,606,-1372.57,-3071.88,329.47,-0.114143
ASC-06,607,-367.39,2036.64,607.67,-0.117125
ASC-06,608,2995.98,2162.62,362.4,-0.029311
ASC-06,609,-1551.07,1159.65,573.6,-0.156016
ASC-06,610,2790.1,-1249.98,419.69,-0.049936
ASC-06,611,1263.24,1107.21,820.85,-0.0998
ASC-06,612,2474.45,-2912.84,319.32,-0.045141
ASC-06,613,-677.23,1137.57,808.13,-0.15181
ASC-06,614,-3477.06,533.39,319.75,-0.129526
ASC-06,615,2008.77,820.43,646.43,-0.069605
ASC-06,616,-1781.67,-371.11,555.73,-0.168582
ASC-06,617,-2502.64,-1923.89,343.87,-0.134316
ASC-06,618,2096.44,1581.14,531.14,-0.058906
ASC-06,619,1304.3,-251.09,920.0,-0.104981
ASC-06,620,-2013.09,1717.66,437.19,-0.133299
ASC-06,621,-1626.93,-950.74,535.95,-0.168498
ASC-06,622,3074.54,-2885.48,294.34,-0.035178
ASC-06,623,-1620.23,297.2,616.31,-0.173762
ASC-06,624,1416.84,859.33,831.81,-0.100815
ASC-06,625,-2593.13,2952.44,304.69,-0.091861
ASC-06,626,2205.25,2714.28,383.12,-0.040736
ASC-06,627,-2676.87,-3099.96,277.51,-0.105148
ASC-06,628,112.29,1902.88,678.71,-0.114417
ASC-06,629,-3253.48,-1670.46,303.14,-0.12378
ASC-06,630,350.55,1380.39,882.37,-0.123334
ASC-06,631,2426.35,-843.63,509.24,-0.064312
ASC-06,632,-2909.21,-1245.45,343.56,-0.138205
ASC-06,633,-1580.2,-82.01,622.31,-0.174799
ASC-06,634,1852.85,213.72,732.69,-0.086296
ASC-06,635,756.69,1361.38,852.79,-0.113015
ASC-06,636,-1310.42,965.18,656.95,-0.158299
ASC-06,637,902.33,1247.79,870.15,-0.10999
ASC-06,638,-317.03,-811.46,880.85,-0.164734
ASC-06,639,2536.49,1241.38,489.6,-0.04582
ASC-06,640,-1449.42,-1082.29,553.26,-0.167087
ASC-06,641,1804.11,752.73,715.39,-0.081137
ASC-06,642,949.72,-283.27,1074.27,-0.123618
ASC-06,643,1683.0,439.59,788.45,-0.088669
ASC-06,644,-852.17,-3377.23,322.46,-0.100366
ASC-06,645,1574.45,-8.5,834.16,-0.098687
ASC-06,646,1388.98,-1960.22,499.0,-0.092316
ASC-06,647,-787.58,-799.31,760.36,-0.172322
ASC-06,648,-3314.83,-2983.6,260.46,-0.096527
ASC-06,649,3240.39,1098.31,393.16,-0.02693
ASC-06,650,1495.2,2754.65,428.82,-0.056515
ASC-06,651,-2066.83,-1017.82,454.35,-0.157384
ASC-06,652,1615.65,-2764.53,372.6,-0.076994
ASC-06,653,-1549.22,841.87,606.77,-0.163562
ASC-06,654,-215.0,-2610.74,423.23,-0.11236
ASC-06,655,2519.22,2741.35,358.21,-0.030911
ASC-06,656,-363.5,-2642.8,414.24,-0.116022
ASC-06,657,-1483.95,-966.91,562.16,-0.168968
ASC-06,658,-1361.56,-37.38,689.93,-0.179264
ASC-06,659,-2960.88,-2674.89,282.69,-0.110092
ASC-06,660,-1963.46,-1268.77,448.24,-0.15557
ASC-06,661,-1602.26,-1573.05,464.96,-0.156538
ASC-06,662,-2289.22,1493.1,417.84,-0.135329
ASC-06,663,-3058.54,3403.91,267.95,-0.076947
ASC-06,664,-239.48,-960.14,839.23,-0.159958
ASC-06,665,-1999.23,2035.04,411.04,-0.124199
ASC-06,666,1671.39,-2517.61,397.13,-0.07569
ASC-06,667,2957.69,559.4,450.96,-0.040608
ASC-06,668,-1589.11,-471.01,594.15,-0.169758
ASC-06,669,505.74,-1482.71,684.47,-0.130028
ASC-06,670,47.08,2251.97,578.0,-0.105119
ASC-06,671,-2974.24,1724.95,335.0,-0.117994
ASC-06,672,-2625.88,-2562.02,302.6,-0.115963
ASC-06,673,2693.46,-1453.15,415.72,-0.054825
ASC-06,674,-180.94,2236.53,571.74,-0.10599
ASC-06,675,2132.27,3447.02,324.92,-0.034693
ASC-06,676,-3033.93,780.95,357.13,-0.136497
ASC-06,677,663.69,2601.89,496.99,-0.079661
ASC-06,678,2557.18,3389.55,310.86,-0.029175
ASC-06,679,2569.46,1683.82,446.06,-0.041577
ASC-06,680,-3459.94,1013.13,315.43,-0.123035
ASC-06,681,152.04,-1951.33,556.24,-0.129714
ASC-06,682,-916.97,-907.03,700.92,-0.172426
ASC-06,683,1820.29,864.88,696.21,-0.076753
ASC-06,684,-2987.47,2984.81,284.85,-0.087596
ASC-06,685,-1645.51,-1387.07,481.29,-0.16044
ASC-06,686,2188.5,-733.54,568.26,-0.07335
ASC-06,687,-213.11,-3344.34,337.78,-0.098937
ASC-06,688,-327.95,1377.09,816.35,-0.135317
ASC-06,689,3279.91,-395.01,397.83,-0.037558
ASC-06,690,-1260.77,2084.12,493.58,-0.124558
ASC-06,691,-3207.95,-1864.42,299.45,-0.120205
ASC-06,692,-754.59,1117.52,790.7,-0.153522
ASC-06,693,-2426.39,1211.65,415.84,-0.139309
ASC-06,694,-2926.76,-249.73,370.93,-0.146626
ASC-06,695,475.02,-2179.76,505.65,-0.11585
ASC-06,696,3175.03,-679.71,402.11,-0.038726
ASC-06,697,555.85,1715.3,738.46,-0.108176
ASC-06,698,1029.8,-2175.7,486.11,-0.098851
ASC-06,699,-1234.6,-2869.71,352.21,-0.11825
ASC-07,0,875.67,497.86,1173.71,-0.071443
ASC-07,1,2780.5,1765.71,412.23,-0.037361
ASC-07,2,1929.8,624.99,688.02,-0.047103
ASC-07,3,-1923.55,2119.45,411.65,-0.045403
ASC-07,4,-1398.84,353.29,681.09,-0.08342
ASC-07,5,2614.87,-2112.99,369.29,-0.04303
ASC-07,6,-3463.14,579.08,320.51,-0.047377
ASC-07,7,2248.6,-63.45,604.37,-0.051067
ASC-07,8,2079.49,-2338.45,389.9,-0.049426
ASC-07,9,-224.46,834.16,1066.62,-0.080014
ASC-07,10,-1378.77,2218.72,460.56,-0.05076
ASC-07,11,-1551.02,-2554.39,364.16,-0.072677
ASC-07,12,-1715.91,314.62,590.38,-0.081016
ASC-07,13,-384.47,1635.81,719.47,-0.064094
ASC-07,14,31.84,-678.88,1012.92,-0.088764
ASC-07,15,374.48,-1609.68,648.43,-0.077487
ASC-07,16,3468.5,-894.04,360.54,-0.040576
ASC-07,17,2048.63,291.89,666.78,-0.050679
ASC-07,18,855.25,1306.62,857.08,-0.060632
ASC-07,19,3422.72,414.23,386.14,-0.037126
ASC-07,20,-1992.84,-2750.82,324.21,-0.068486
ASC-07,21,-2378.52,2225.2,359.9,-0.0384
ASC-07,22,787.78,2967.02,430.46,-0.035956
ASC-07,23,-3192.41,-2790.95,269.95,-0.050888
ASC-07,24,-3250.24,-1753.36,300.66,-0.057418
ASC-07,25,104.22,-2284.23,484.84,-0.071059
ASC-07,26,-236.56,2444.09,522.14,-0.04833
ASC-07,27,2920.17,2871.95,323.76,-0.029421
ASC-07,28,904.58,-3190.08,351.03,-0.055173
ASC-07,29,98.82,-1173.06,794.71,-0.085317
ASC-07,30,-21.89,-2152.54,508.05,-0.073185
ASC-07,31,-1767.4,-213.27,567.86,-0.084609
ASC-07,32,-3417.44,2951.13,268.72,-0.013821
ASC-07,33,-2153.18,-3008.79,301.54,-0.060659
ASC-07,34,1344.22,-2301.05,446.25,-0.056134
ASC-07,35,-2095.75,-90.8,500.16,-0.077158
ASC-07,36,-913.25,168.24,867.88,-0.086977
ASC-07,37,-3473.86,1718.51,299.61,-0.030728
ASC-07,38,2310.33,-436.2,567.78,-0.048917
ASC-07,39,-2418.77,-2512.04,315.94,-0.062119
ASC-07,40,-1626.8,-1024.72,527.39,-0.084056
ASC-07,41,2662.33,3374.65,307.25,-0.024497
ASC-07,42,68.54,1755.06,725.89,-0.060136
ASC-07,43,2430.05,-2685.59,337.3,-0.039101
ASC-07,44,978.02,2157.46,576.97,-0.045852
ASC-07,45,1692.4,-1323.51,578.89,-0.059457
ASC-07,46,-2859.53,1969.78,334.15,-0.037839
ASC-07,47,288.01,-3410.95,335.09,-0.057212
ASC-07,48,54.41,2598.89,500.55,-0.043753
ASC-07,49,2599.38,-2363.83,351.0,-0.043395
ASC-07,50,-971.15,-309.75,801.96,-0.094603
ASC-07,51,687.29,1132.29,965.25,-0.065039
ASC-07,52,-3085.24,55.09,356.7,-0.061716
ASC-07,53,-786.58,-2342.22,437.48,-0.074665
ASC-07,54,-1238.75,-2526.17,386.09,-0.072548
ASC-07,55,-2448.6,-1508.26,373.43,-0.068463
ASC-07,56,2214.37,-3133.26,315.66,-0.039195
ASC-07,57,-843.88,-1984.19,489.89,-0.07907
ASC-07,58,3351.24,-2589.26,295.32,-0.037172
ASC-07,59,629.94,-246.42,1236.02,-0.082045
ASC-07,60,735.39,-1004.43,838.69,-0.078847
ASC-07,61,965.98,607.83,1091.23,-0.068256
ASC-07,62,1235.15,-1533.85,603.39,-0.069579
ASC-07,63,-2444.48,-3262.62,278.86,-0.055303
ASC-07,64,-417.81,-1182.23,731.07,-0.088506
ASC-07,65,-1823.05,1786.26,456.32,-0.053398
ASC-07,66,-682.51,-1709.13,558.46,-0.083531
ASC-07,67,-2823.07,-668.16,372.82,-0.06648
ASC-07,68,3274.8,1784.82,358.56,-0.03302
ASC-07,69,-1994.97,-653.23,493.22,-0.081713
ASC-07,70,1202.36,2709.87,453.44,-0.039652
ASC-07,71,-1397.06,2926.48,376.31,-0.034663
ASC-07,72,2618.54,-1326.29,435.73,-0.042538
ASC-07,73,1135.5,1651.75,691.05,-0.051444
ASC-07,74,-2578.69,-1728.18,348.91,-0.065611
ASC-07,75,2415.52,-2523.34,350.54,-0.043604
ASC-07,76,3114.64,-434.83,419.13,-0.03745
ASC-07,77,2827.42,717.31,468.63,-0.040625
ASC-07,78,488.03,3049.14,423.56,-0.03352
ASC-07,79,-2481.78,-2478.69,314.28,-0.061639
ASC-07,80,-2152.76,1486.54,436.69,-0.05803
ASC-07,81,2995.34,-171.75,444.52,-0.037779
ASC-07,82,366.29,-2578.03,435.25,-0.065888
ASC-07,83,-2236.13,3308.61,303.4,-0.020274
ASC-07,84,2688.4,1370.38,454.69,-0.03731
ASC-07,85,991.0,-2597.99,419.61,-0.059293
ASC-07,86,487.86,2840.29,456.87,-0.03834
ASC-07,87,-865.99,-2778.34,377.85,-0.068274
ASC-07,88,-623.31,-2851.39,379.09,-0.068026
ASC-07,89,-1823.58,-1179.14,477.31,-0.080918
ASC-07,90,-3233.6,3065.71,272.25,-0.015102
ASC-07,91,2633.53,-3268.83,292.4,-0.040713
ASC-07,92,-225.89,2927.45,435.43,-0.039262
ASC-07,93,333.45,781.28,1217.45,-0.076269
ASC-07,94,-1244.86,-3030.64,337.81,-0.0655
ASC-07,95,1759.27,480.14,757.02,-0.051159
ASC-07,96,-3323.62,-288.46,331.06,-0.05974
ASC-07,97,-894.7,447.89,865.0,-0.084942
ASC-07,98,-3287.55,1660.42,313.4,-0.038683
ASC-07,99,-2639.76,1250.33,387.18,-0.055975
ASC-07,100,3270.04,3480.59,278.49,-0.024696
ASC-07,101,1104.33,-2403.32,443.89,-0.062749
ASC-07,102,-502.46,2189.99,558.8,-0.056839
ASC-07,103,166.18,-622.35,1060.73,-0.087265
ASC-07,104,2609.66,1983.15,414.42,-0.035171
ASC-07,105,-1090.53,2742.45,417.31,-0.040915
ASC-07,106,632.04,3443.99,370.59,-0.029431
ASC-07,107,1285.79,-1637.71,573.51,-0.064077
ASC-07,108,-1012.1,-329.43,784.03,-0.094221
ASC-07,109,133.69,3099.45,416.39,-0.036019
ASC-07,110,1856.73,3120.17,365.19,-0.025252
ASC-07,111,2864.26,-889.88,434.09,-0.04077
ASC-07,112,-2442.56,3081.47,305.76,-0.023224
ASC-07,113,3033.94,-658.76,422.03,-0.037672
ASC-07,114,-3463.75,-876.64,310.32,-0.054787
ASC-07,115,1770.84,1796.34,552.88,-0.041249
ASC-07,116,2173.69,-201.52,618.11,-0.051513
ASC-07,117,-2542.65,-362.61,417.32,-0.073424
ASC-07,118,-567.67,-797.17,821.42,-0.090139
ASC-07,119,2206.79,-470.37,589.85,-0.050614
ASC-07,120,-3400.1,-2521.28,270.19,-0.052179
ASC-07,121,899.23,-3072.74,363.22,-0.057159
ASC-07,122,2051.17,1777.95,511.61,-0.037786
ASC-07,123,91.03,451.5,1406.2,-0.083447
ASC-07,124,1580.95,1203.23,707.0,-0.050258
ASC-07,125,-1915.04,2116.35,412.85,-0.04532
ASC-07,126,-2110.35,-1889.26,378.88,-0.071621
ASC-07,127,-958.11,-1863.59,499.46,-0.083115
ASC-07,128,-2244.16,-1554.64,391.11,-0.07101
ASC-07,129,-1077.57,-1372.53,572.23,-0.08501
ASC-07,130,3136.87,1824.84,369.65,-0.032288
ASC-07,131,513.33,-880.73,919.7,-0.079685
ASC-07,132,-1119.52,-1237.68,590.06,-0.085936
ASC-07,133,-1599.33,954.11,584.08,-0.071988
ASC-07,134,3164.28,-2194.01,324.53,-0.035551
ASC-07,135,-388.65,-2755.06,398.42,-0.068916
ASC-07,136,3362.76,1379.93,368.19,-0.029692
ASC-07,137,108.66,1795.12,713.98,-0.057459
ASC-07,138,148.16,-1425.45,705.16,-0.080865
ASC-07,139,2775.78,952.29,467.25,-0.036032
ASC-07,140,1699.37,-3261.46,324.48,-0.044698
ASC-07,141,564.57,-669.77,1018.23,-0.0824
ASC-07,142,-513.45,545.71,1032.12,-0.082821
ASC-07,143,2647.32,-1726.07,398.14,-0.042532
ASC-07,144,-618.48,-1062.5,729.74,-0.088715
ASC-07,145,2959.32,766.85,444.82,-0.037859
ASC-07,146,-3018.99,629.28,361.12,-0.053371
ASC-07,147,-490.02,-2420.66,441.88,-0.072227
ASC-07,148,136.6,1446.07,848.97,-0.066919
ASC-07,149,3156.57,-2939.8,288.53,-0.036245
ASC-07,150,-1743.01,3288.07,327.07,-0.023819
ASC-07,151,2142.27,-2083.47,412.14,-0.050499
ASC-07,152,1235.3,-1725.16,560.08,-0.065091
ASC-07,153,1519.6,-2097.9,464.78,-0.057342
ASC-07,154,907.36,3440.49,366.55,-0.02927
ASC-07,155,3300.92,-1493.84,350.79,-0.037068
ASC-07,156,-1171.23,737.05,728.0,-0.078158
ASC-07,157,-712.07,3434.44,356.62,-0.024495
ASC-07,158,-2079.62,3150.47,319.85,-0.02273
ASC-07,159,-3145.07,-3203.55,259.42,-0.047318
ASC-07,160,-2009.64,148.29,521.52,-0.075944
ASC-07,161,2908.25,709.13,455.08,-0.038035
ASC-07,162,2381.18,1416.77,500.68,-0.039799
ASC-07,163,-2713.16,-1148.63,366.07,-0.066166
ASC-07,164,726.45,-1204.64,763.74,-0.076768
ASC-07,165,-145.62,-3470.01,327.56,-0.058875
ASC-07,166,662.79,-3253.34,348.16,-0.057249
ASC-07,167,1114.93,350.4,1063.3,-0.068547
ASC-07,168,-1353.38,-2968.79,338.44,-0.066671
ASC-07,169,3229.46,-2082.63,326.14,-0.037612
ASC-07,170,-239.12,-1167.1,763.13,-0.086913
ASC-07,171,896.71,-3006.7,370.5,-0.05758
ASC-07,172,946.58,-3283.98,341.3,-0.053728
ASC-07,173,-2212.77,2988.44,322.83,-0.02542
ASC-07,174,-3066.94,-453.54,352.43,-0.062094
ASC-07,175,-619.38,-2065.81,493.85,-0.078812
ASC-07,176,1848.21,1459.16,596.56,-0.044157
ASC-07,177,2206.55,-3433.88,297.27,-0.043219
ASC-07,178,1609.92,-1784.88,507.29,-0.062006
ASC-07,179,-2707.57,3225.25,287.3,-0.021095
ASC-07,180,2893.48,2783.83,330.66,-0.027508
ASC-07,181,2114.26,951.48,605.07,-0.047673
ASC-07,182,2643.84,-2847.58,315.6,-0.038306
ASC-07,183,163.13,-1273.64,759.23,-0.081361
ASC-07,184,2909.45,-3304.47,281.48,-0.038701
ASC-07,185,-3173.43,-1965.66,297.94,-0.054637
ASC-07,186,-3287.98,-3321.96,252.53,-0.043138
ASC-07,187,-3358.49,-2616.85,269.06,-0.050274
ASC-07,188,-1730.62,932.5,555.7,-0.06806
ASC-07,189,-1760.01,-2796.9,332.79,-0.067276
ASC-07,190,-2187.48,-2409.66,335.6,-0.068037
ASC-07,191,469.39,2819.66,460.64,-0.038365
ASC-07,192,-3227.1,-1151.83,320.91,-0.059353
ASC-07,193,632.72,-1169.02,786.38,-0.079651
ASC-07,194,-2337.92,-2894.22,299.73,-0.062194
ASC-07,195,1245.12,2071.51,570.73,-0.04075
ASC-07,196,-3352.47,1234.64,319.39,-0.042503
ASC-07,197,-1326.01,329.93,705.61,-0.084248
ASC-07,198,3068.39,825.39,426.13,-0.037074
ASC-07,199,268.77,-2797.34,403.34,-0.064092
ASC-07,200,2181.11,-1677.86,454.99,-0.050876
ASC-07,201,1106.18,585.49,1026.73,-0.066368
ASC-07,202,775.26,3165.62,402.53,-0.034456
ASC-07,203,-2161.23,2219.92,379.57,-0.043232
ASC-07,204,520.76,985.08,1070.9,-0.071213
ASC-07,205,-3222.2,131.73,343.26,-0.057137
ASC-07,206,2111.65,-3394.07,302.51,-0.040322
ASC-07,207,3220.5,2735.01,313.87,-0.025631
ASC-07,208,2478.06,-3032.02,311.6,-0.03682
ASC-07,209,-3145.03,-2596.43,277.88,-0.052409
ASC-07,210,-1129.38,1351.5,641.22,-0.06946
ASC-07,211,-1273.98,2185.01,477.09,-0.0538
ASC-07,212,-2710.98,2005.85,344.4,-0.039219
ASC-07,213,886.28,-333.17,1084.4,-0.080349
ASC-07,214,2082.21,-2260.61,397.89,-0.050262
ASC-07,215,-1303.95,-3252.88,318.52,-0.059755
ASC-07,216,2539.66,2459.66,379.86,-0.030007
ASC-07,217,2079.89,3343.88,334.92,-0.02219
ASC-07,218,-2596.03,-1791.05,344.06,-0.065472
ASC-07,219,1868.01,2562.53,426.53,-0.035272
ASC-07,220,2678.35,-682.28,476.46,-0.043765
ASC-07,221,-2119.02,-1320.59,423.27,-0.075991
ASC-07,222,515.49,36.08,1452.28,-0.079619
ASC-07,223,971.25,-3442.82,326.95,-0.049121
ASC-07,224,765.34,-401.0,1103.7,-0.082076
ASC-07,225,-2826.28,-2103.12,312.68,-0.060563
ASC-07,226,1128.34,1487.2,740.64,-0.05408
ASC-07,227,923.68,18.0,1172.71,-0.075596
ASC-07,228,2267.2,2581.97,391.27,-0.032941
ASC-07,229,2124.59,2776.54,382.81,-0.030439
ASC-07,230,-1209.82,-1282.69,565.94,-0.084862
ASC-07,231,1554.33,-1537.31,559.49,-0.061653
ASC-07,232,2570.91,3073.91,330.49,-0.028464
ASC-07,233,2750.63,27.98,491.62,-0.041997
ASC-07,234,-2369.41,-2824.39,301.89,-0.063914
ASC-07,235,-3313.08,-3178.8,255.44,-0.044005
ASC-07,236,1055.65,3432.98,363.99,-0.029928
ASC-07,237,-1997.27,554.15,518.5,-0.073198
ASC-07,238,445.97,-3118.55,363.81,-0.060416
ASC-07,239,3113.63,78.79,429.46,-0.038812
ASC-07,240,-844.76,28.73,893.36,-0.091143
ASC-07,241,-1730.58,-452.29,561.9,-0.088178
ASC-07,242,-304.43,3158.96,400.31,-0.031002
ASC-07,243,1100.71,3141.4,396.55,-0.032489
ASC-07,244,-2792.31,-2625.23,291.91,-0.056741
ASC-07,245,-835.91,-2437.96,421.07,-0.070792
ASC-07,246,-2563.95,-647.58,404.81,-0.071947
ASC-07,247,1137.12,2338.19,524.54,-0.040806
ASC-07,248,2313.87,866.27,564.7,-0.044277
ASC-07,249,-862.02,1608.81,643.97,-0.063703
ASC-07,250,-897.93,532.41,854.86,-0.083028
ASC-07,251,276.65,-2029.6,539.25,-0.072691
ASC-07,252,-1994.6,2224.36,395.05,-0.043877
ASC-07,253,-1768.13,-3401.85,294.09,-0.057592
ASC-07,254,-1191.03,1389.39,620.6,-0.066967
ASC-07,255,-298.02,-2139.62,499.86,-0.078957
ASC-07,256,-2929.28,-202.36,371.35,-0.065213
ASC-07,257,1769.12,3325.93,349.99,-0.025143
ASC-07,258,553.38,273.25,1458.13,-0.078632
ASC-07,259,-1402.14,-3101.36,326.09,-0.065833
ASC-07,260,-2957.17,-498.54,362.78,-0.063387
ASC-07,261,1842.27,1121.87,652.76,-0.049198
ASC-07,262,-2582.45,-3103.05,280.69,-0.056215
ASC-07,263,-2567.55,-1731.42,349.65,-0.066002
ASC-07,264,-2585.21,-3371.65,270.27,-0.055401
ASC-07,265,-2931.16,280.48,373.89,-0.061445
ASC-07,266,2844.75,-829.66,440.59,-0.042739
ASC-07,267,-1615.29,25.83,616.17,-0.086214
ASC-07,268,-1355.13,-1429.14,518.92,-0.083782
ASC-07,269,2329.56,1097.65,541.64,-0.0427
ASC-07,270,839.46,-2288.4,474.72,-0.065154
ASC-07,271,-2190.0,2846.56,333.05,-0.028948
ASC-07,272,-456.31,3220.57,388.17,-0.027046
ASC-07,273,2687.46,-49.04,502.76,-0.042356
ASC-07,274,-872.38,-242.27,850.58,-0.095246
ASC-07,275,1476.17,2517.32,465.27,-0.038363
ASC-07,276,-2822.35,-1471.14,341.5,-0.064812
ASC-07,277,1591.27,2121.74,520.44,-0.03981
ASC-07,278,1935.31,-1488.85,512.93,-0.056157
ASC-07,279,2280.37,1539.75,504.67,-0.04063
ASC-07,280,1219.41,-1161.92,701.57,-0.066794
ASC-07,281,-904.87,718.21,825.67,-0.080312
ASC-07,282,-3050.52,2981.08,282.3,-0.019341
ASC-07,283,131.43,-3119.73,363.57,-0.062035
ASC-07,284,1802.22,2150.78,490.55,-0.038388
ASC-07,285,-2164.13,292.92,489.83,-0.070955
ASC-07,286,-1636.34,-846.53,545.8,-0.085026
ASC-07,287,252.84,-1048.07,852.35,-0.082039
ASC-07,288,1738.32,-3014.12,343.41,-0.051462
ASC-07,289,2776.11,-1691.35,387.92,-0.040762
ASC-07,290,-2619.81,861.96,403.83,-0.057749
ASC-07,291,-2210.11,-2816.87,309.6,-0.062009
ASC-07,292,2096.76,1185.85,582.57,-0.045158
ASC-07,293,1011.65,3235.77,387.64,-0.034008
ASC-07,294,1546.81,3365.43,355.26,-0.025551
ASC-07,295,3477.4,2724.69,300.25,-0.026783
ASC-07,296,3074.26,2146.28,356.64,-0.033663
ASC-07,297,2401.18,-2254.33,374.04,-0.046623
ASC-07,298,1939.81,3291.09,345.54,-0.022423
ASC-07,299,-734.87,-2080.94,482.42,-0.076897
ASC-07,300,988.6,2583.35,486.96,-0.039409
ASC-07,301,-2208.88,2645.12,345.14,-0.034612
ASC-07,302,1816.46,853.36,698.9,-0.04621
ASC-07,303,1803.83,149.15,750.09,-0.057301
ASC-07,304,1549.07,-2097.02,462.46,-0.057175
ASC-07,305,-386.41,136.28,1147.33,-0.091398
ASC-07,306,-852.74,-1465.66,588.69,-0.083695
ASC-07,307,-561.6,-2618.84,410.22,-0.069556
ASC-07,308,-3266.63,-2602.66,272.91,-0.050513
ASC-07,309,2410.24,2108.2,425.09,-0.03433
ASC-07,310,296.59,2956.82,438.73,-0.036919
ASC-07,311,-787.37,-2506.92,414.53,-0.070335
ASC-07,312,336.2,-3407.17,335.41,-0.05871
ASC-07,313,1551.48,-1654.57,537.53,-0.060808
ASC-07,314,-829.77,-2558.93,405.55,-0.069004
ASC-07,315,2314.48,-2179.61,387.67,-0.048171
ASC-07,316,2936.24,583.29,453.98,-0.039001
ASC-07,317,-787.97,-543.94,823.0,-0.092697
ASC-07,318,-2535.29,-495.4,414.22,-0.071154
ASC-07,319,1822.61,-2060.71,443.74,-0.054108
ASC-07,320,3450.64,1152.12,367.16,-0.03116
ASC-07,321,-2464.08,-1473.43,374.01,-0.068979
ASC-07,322,1488.73,-705.97,753.81,-0.06739
ASC-07,323,2277.26,-256.1,587.78,-0.050398
ASC-07,324,2944.0,2830.97,324.78,-0.028343
ASC-07,325,-2636.33,-1775.51,341.72,-0.065116
ASC-07,326,-2857.33,1530.66,352.79,-0.046582
ASC-07,327,3415.1,-1334.42,348.15,-0.036059
ASC-07,328,-2682.7,2760.98,309.11,-0.025955
ASC-07,329,-2262.35,-741.44,443.07,-0.076242
ASC-07,330,524.67,36.13,1446.17,-0.079282
ASC-07,331,-376.09,2640.51,477.26,-0.044179
ASC-07,332,1752.75,1209.33,661.24,-0.048648
ASC-07,333,-2166.1,-2839.49,310.37,-0.06226
ASC-07,334,2900.99,-2542.15,320.73,-0.041448
ASC-07,335,-1979.64,3435.13,307.21,-0.017648
ASC-07,336,1883.78,-3296.26,316.09,-0.045033
ASC-07,337,-3026.78,-1393.9,328.25,-0.060535
ASC-07,338,-186.18,3212.26,396.18,-0.031207
ASC-07,339,-3272.09,-3394.26,251.16,-0.042438
ASC-07,340,-1303.33,-2370.21,399.08,-0.074312
ASC-07,341,-1314.39,-2006.45,442.39,-0.080227
ASC-07,342,1538.24,-2895.26,362.51,-0.050622
ASC-07,343,-314.88,-196.27,1121.08,-0.091539
ASC-07,344,-3102.58,647.07,352.22,-0.051973
ASC-07,345,3467.53,-1271.75,346.16,-0.036251
ASC-07,346,2720.9,-2739.45,318.45,-0.038053
ASC-07,347,2914.27,2176.69,368.72,-0.031698
ASC-07,348,-1773.97,2131.3,426.77,-0.046857
ASC-07,349,-741.23,434.7,936.31,-0.087144
ASC-07,350,-1909.74,-2535.81,343.84,-0.070656
ASC-07,351,-2625.66,293.38,413.11,-0.065303
ASC-07,352,-3268.83,906.67,332.66,-0.04408
ASC-07,353,23.36,-501.95,1107.07,-0.088451
ASC-07,354,-2638.06,2547.04,322.27,-0.030323
ASC-07,355,-2265.87,-769.68,440.94,-0.075246
ASC-07,356,2523.33,76.21,539.92,-0.045288
ASC-07,357,-110.3,-2701.0,412.72,-0.068001
ASC-07,358,-2214.08,444.86,478.45,-0.069432
ASC-07,359,1189.05,1865.14,626.16,-0.048377
ASC-07,360,-1638.95,1618.81,502.32,-0.057684
ASC-07,361,188.56,-1701.13,621.42,-0.077357
ASC-07,362,-1519.33,3443.06,325.74,-0.023209
ASC-07,363,113.13,1539.54,808.83,-0.066016
ASC-07,364,899.74,-533.73,997.48,-0.078438
ASC-07,365,253.46,-595.64,1081.73,-0.084495
ASC-07,366,-730.77,1955.28,586.13,-0.060166
ASC-07,367,2035.7,-2270.22,400.44,-0.051405
ASC-07,368,2614.06,977.39,494.65,-0.038295
ASC-07,369,-2244.4,1531.88,421.1,-0.057674
ASC-07,370,-2545.84,114.38,424.78,-0.071821
ASC-07,371,-2707.66,2612.39,314.76,-0.028747
ASC-07,372,3357.18,-219.55,391.71,-0.037458
ASC-07,373,3091.14,-245.75,427.89,-0.037901
ASC-07,374,-1885.33,-1507.24,436.15,-0.078567
ASC-07,375,3289.35,2935.6,300.67,-0.025336
ASC-07,376,-2045.28,-1286.11,435.62,-0.077528
ASC-07,377,45.33,1366.9,876.53,-0.069718
ASC-07,378,-18.3,-634.53,1026.97,-0.089533
ASC-07,379,2904.69,3047.97,314.46,-0.0266
ASC-07,380,-3216.3,3135.72,270.77,-0.013112
ASC-07,381,-1292.54,-3289.75,316.27,-0.05872
ASC-07,382,699.82,3461.74,367.75,-0.028372
ASC-07,383,-3035.21,734.55,357.81,-0.055552
ASC-07,384,-1844.15,-2983.03,316.12,-0.065429
ASC-07,385,-244.56,-20.78,1213.82,-0.091038
ASC-07,386,2666.0,-3153.7,297.22,-0.038843
ASC-07,387,1826.72,342.26,739.69,-0.05504
ASC-07,388,2302.86,-2201.82,386.48,-0.047185
ASC-07,389,1827.49,-924.42,623.58,-0.0579
ASC-07,390,1454.05,-1367.1,609.84,-0.064597
ASC-07,391,2447.85,715.48,544.01,-0.042783
ASC-07,392,1270.34,2256.53,529.39,-0.04061
ASC-07,393,1649.78,3055.76,382.62,-0.029916
ASC-07,394,-1388.49,-1197.99,547.86,-0.084246
ASC-07,395,-2326.51,487.83,457.68,-0.068031
ASC-07,396,1795.67,-3458.71,307.57,-0.045871
ASC-07,397,-2339.14,-894.86,423.27,-0.074811
ASC-07,398,2936.19,3224.93,303.36,-0.025529
ASC-07,399,676.5,-2668.13,418.05,-0.064017
ASC-07,400,-1193.96,2588.79,429.27,-0.041984
ASC-07,401,3056.5,1067.54,418.48,-0.03625
ASC-07,402,-2414.09,-1442.74,380.95,-0.068105
ASC-07,403,101.26,1947.13,664.5,-0.054046
ASC-07,404,-2859.12,-1475.03,338.3,-0.064698
ASC-07,405,3257.99,2763.71,310.35,-0.02554
ASC-07,406,527.63,-2920.69,386.28,-0.060049
ASC-07,407,2125.67,-2667.05,355.59,-0.045445
ASC-07,408,-1526.54,1750.09,503.73,-0.058702
ASC-07,409,2112.58,-355.75,623.82,-0.052452
ASC-07,410,1419.89,-2467.76,417.97,-0.052139
ASC-07,411,1005.77,94.04,1132.09,-0.074977
ASC-07,412,3153.94,-1421.22,368.18,-0.037308
ASC-07,413,-465.56,345.21,1092.25,-0.087492
ASC-07,414,-594.38,1706.0,666.62,-0.063576
ASC-07,415,1344.85,2497.88,478.77,-0.039555
ASC-07,416,2345.39,-3087.0,313.55,-0.038805
ASC-07,417,-1154.47,646.48,743.98,-0.078706
ASC-07,418,1187.6,3385.66,365.43,-0.028444
ASC-07,419,-2036.74,-281.42,505.72,-0.081614
ASC-07,420,361.9,1886.97,686.78,-0.052091
ASC-07,421,1884.2,-2819.18,354.5,-0.050136
ASC-07,422,-3042.8,2614.56,295.98,-0.023219
ASC-07,423,1594.89,574.37,810.7,-0.054067
ASC-07,424,-3391.97,2717.84,276.25,-0.015505
ASC-07,425,3208.45,2009.83,352.86,-0.031767
ASC-07,426,-219.31,2584.68,494.76,-0.043943
ASC-07,427,-636.5,-3098.93,352.48,-0.064447
ASC-07,428,1543.11,1508.67,650.29,-0.046041
ASC-07,429,163.09,-2121.13,518.34,-0.071994
ASC-07,430,1615.94,-1639.33,532.12,-0.05839
ASC-07,431,-2906.69,-1226.52,344.52,-0.064294
ASC-07,432,439.54,639.2,1303.23,-0.074861
ASC-07,433,406.76,895.03,1138.64,-0.073112
ASC-07,434,3024.8,3020.1,309.83,-0.026305
ASC-07,435,-3222.76,-3410.97,251.94,-0.043984
ASC-07,436,-330.26,-2145.93,497.02,-0.07828
ASC-07,437,917.51,-965.98,822.42,-0.077372
ASC-07,438,355.23,2226.05,588.39,-0.050162
ASC-07,439,-2980.87,349.36,367.96,-0.058274
ASC-07,440,652.6,83.93,1371.16,-0.080096
ASC-07,441,-1944.62,1821.3,436.81,-0.050032
ASC-07,442,-2131.16,1085.41,467.28,-0.063841
ASC-07,443,2650.84,-1471.01,419.29,-0.042047
ASC-07,444,-2115.11,-2890.19,309.79,-0.062641
ASC-07,445,-319.96,-263.85,1095.19,-0.091155
ASC-07,446,1752.01,2661.16,423.22,-0.034811
ASC-07,447,1451.21,686.99,851.91,-0.057141
ASC-07,448,374.21,-3126.98,363.15,-0.060712
ASC-07,449,2149.32,-419.46,608.71,-0.050798
ASC-07,450,-239.29,-807.72,900.12,-0.08793
ASC-07,451,842.7,576.97,1165.55,-0.069382
ASC-07,452,2232.42,609.89,601.93,-0.045174
ASC-07,453,1246.64,3159.32,389.02,-0.031425
ASC-07,454,992.8,-1133.34,750.87,-0.075491
ASC-07,455,-657.1,-643.33,840.85,-0.090789
ASC-07,456,408.26,794.6,1202.55,-0.073682
ASC-07,457,-727.42,2704.73,446.75,-0.042952
ASC-07,458,1710.05,1443.01,628.41,-0.044612
ASC-07,459,-836.99,-203.8,871.05,-0.093348
ASC-07,460,-233.65,2201.96,576.9,-0.053398
ASC-07,461,1788.2,-102.86,744.98,-0.056876
ASC-07,462,25.59,3244.66,395.43,-0.0317
ASC-07,463,-1133.77,-1522.5,536.68,-0.086257
ASC-07,464,2287.73,-2608.26,351.34,-0.043812
ASC-07,465,-833.26,2312.8,503.34,-0.052633
ASC-07,466,2413.1,-1418.91,454.32,-0.045629
ASC-07,467,1996.68,2431.77,431.42,-0.03625
ASC-07,468,-368.98,765.83,1036.39,-0.081353
ASC-07,469,1490.24,62.72,874.84,-0.064661
ASC-07,470,-3259.27,-2890.78,264.75,-0.048883
ASC-07,471,-771.41,2004.21,570.3,-0.058979
ASC-07,472,2522.34,-3038.53,309.37,-0.036386
ASC-07,473,556.78,3256.06,394.16,-0.030644
ASC-07,474,404.78,2638.82,494.66,-0.041577
ASC-07,475,1153.17,-1379.22,653.32,-0.069616
ASC-07,476,1243.7,-2604.94,408.57,-0.055546
ASC-07,477,585.19,2699.72,480.32,-0.039754
ASC-07,478,-555.59,-141.05,1011.74,-0.090175
ASC-07,479,-2215.61,-2625.88,320.42,-0.068402
ASC-07,480,-1451.51,-10.34,662.74,-0.088069
ASC-07,481,-1449.54,-1772.27,458.68,-0.080603
ASC-07,482,-484.79,-645.15,895.29,-0.088961
ASC-07,483,3493.41,981.69,367.57,-0.033844
ASC-07,484,-1032.14,2907.55,400.65,-0.036389
ASC-07,485,-368.35,2106.51,590.09,-0.055517
ASC-07,486,-898.61,-2372.94,426.09,-0.073403
ASC-07,487,569.99,-158.65,1312.03,-0.083804
ASC-07,488,3135.29,-56.5,424.82,-0.038425
ASC-07,489,2723.51,3426.38,301.81,-0.025391
ASC-07,490,-860.03,-2891.72,365.96,-0.066162
ASC-07,491,-1631.69,75.37,612.71,-0.085946
ASC-07,492,2690.79,2900.54,335.46,-0.025982
ASC-07,493,-43.17,-708.06,985.3,-0.088703
ASC-07,494,1298.79,-1667.98,565.43,-0.064427
ASC-07,495,-2986.96,391.53,367.03,-0.057882
ASC-07,496,2565.9,-1259.38,448.74,-0.044857
ASC-07,497,-1309.24,2989.55,375.26,-0.033116
ASC-07,498,-38.31,-2906.41,386.8,-0.062956
ASC-07,499,-2113.85,-2053.04,365.99,-0.070929
ASC-07,500,-558.3,-2912.9,374.25,-0.065951
ASC-07,501,2296.34,1483.22,508.31,-0.041388
ASC-07,502,2293.05,-1448.01,467.5,-0.047932
ASC-07,503,-184.3,2801.18,457.06,-0.038083
ASC-07,504,1875.37,2755.42,402.73,-0.034042
ASC-07,505,-293.53,3054.71,414.73,-0.033077
ASC-07,506,-886.51,-1707.1,535.57,-0.082211
ASC-07,507,321.22,-3495.4,327.69,-0.058811
ASC-07,508,-2090.61,-786.76,467.48,-0.080869
ASC-07,509,-1284.07,3237.94,352.8,-0.029624
ASC-07,510,1445.7,1846.19,593.91,-0.042596
ASC-07,511,1893.6,-3082.38,331.72,-0.047385
ASC-07,512,-3103.04,1418.01,334.77,-0.044574
ASC-07,513,1629.78,2919.44,399.36,-0.03116
ASC-07,514,2222.01,3274.04,333.79,-0.023675
ASC-07,515,-383.64,1511.92,759.46,-0.066647
ASC-07,516,-3062.82,2540.97,297.67,-0.024439
ASC-07,517,1280.39,2391.91,502.61,-0.038764
ASC-07,518,-1776.85,-991.64,503.97,-0.08371
ASC-07,519,1003.5,-2806.69,391.45,-0.055188
ASC-07,520,-863.64,1592.25,647.44,-0.06427
ASC-07,521,960.14,-2541.61,428.89,-0.061638
ASC-07,522,-1693.06,-810.61,538.14,-0.084351
ASC-07,523,-164.24,3470.15,365.88,-0.025757
ASC-07,524,172.72,418.5,1467.3,-0.084742
ASC-07,525,917.09,152.18,1192.86,-0.074875
ASC-07,526,-2077.83,3135.16,320.89,-0.0238
ASC-07,527,3234.36,-1511.72,355.78,-0.037979
ASC-07,528,-1476.03,3496.02,323.62,-0.02166
ASC-07,529,-1357.86,2883.86,383.12,-0.036329
ASC-07,530,-1705.81,-952.67,520.84,-0.083718
ASC-07,531,-3027.67,-1209.32,334.83,-0.062473
ASC-07,532,-539.54,-2614.06,411.76,-0.068447
ASC-07,533,1902.85,2909.48,383.92,-0.030056
ASC-07,534,1466.97,-2199.33,453.28,-0.057589
ASC-07,535,-2130.99,-3437.15,281.18,-0.057754
ASC-07,536,-2541.48,2730.54,318.7,-0.029374
ASC-07,537,-1250.0,686.81,707.82,-0.078132
ASC-07,538,1877.79,1202.94,631.32,-0.047608
ASC-07,539,-83.45,1631.99,758.32,-0.06275
ASC-07,540,2962.29,-3201.37,284.24,-0.037637
ASC-07,541,1094.69,-2857.02,382.63,-0.054237
ASC-07,542,846.35,-1.14,1217.48,-0.076938
ASC-07,543,1873.84,-3148.17,327.33,-0.046629
ASC-07,544,1751.81,30.25,766.09,-0.057844
ASC-07,545,-1093.13,1654.37,591.73,-0.061783
ASC-07,546,-1700.94,1101.86,547.24,-0.066243
ASC-07,547,-436.65,816.53,990.62,-0.080987
ASC-07,548,-75.27,-3175.16,355.91,-0.064035
ASC-07,549,-2507.94,-1843.42,348.12,-0.067249
ASC-07,550,-410.67,2782.46,451.53,-0.040056
ASC-07,551,978.76,-2637.46,414.48,-0.060787
ASC-07,552,-2550.0,232.57,424.33,-0.068888
ASC-07,553,-2533.73,-3149.66,280.5,-0.055731
ASC-07,554,-2283.95,3074.42,314.03,-0.024317
ASC-07,555,-1516.68,-2299.06,391.23,-0.076539
ASC-07,556,3231.96,-629.85,396.72,-0.035245
ASC-07,557,-3319.46,327.47,334.12,-0.050521
ASC-07,558,-2213.83,1530.56,425.22,-0.057666
ASC-07,559,-2344.67,3062.17,311.64,-0.022946
ASC-07,560,-179.56,1654.54,740.33,-0.061387
ASC-07,561,-3394.49,-1068.42,310.95,-0.057616
ASC-07,562,-292.79,-2972.62,374.43,-0.061475
ASC-07,563,-2359.54,1451.84,411.37,-0.057936
ASC-07,564,-1612.52,3307.57,331.71,-0.025175
ASC-07,565,2047.08,-3380.89,305.32,-0.042646
ASC-07,566,-2211.53,1922.76,396.92,-0.047072
ASC-07,567,819.9,-2267.01,479.34,-0.0665
ASC-07,568,-655.81,-280.32,935.15,-0.092033
ASC-07,569,-576.83,158.46,1035.48,-0.08855
ASC-07,570,2217.92,800.98,592.8,-0.04516
ASC-07,571,-2373.6,3426.76,291.8,-0.017858
ASC-07,572,2966.67,1311.81,418.57,-0.032639
ASC-07,573,2754.44,-753.29,459.26,-0.044017
ASC-07,574,1178.25,1505.15,725.56,-0.051983
ASC-07,575,-3153.87,-232.88,347.32,-0.061912
ASC-07,576,1143.16,-608.16,888.56,-0.073192
ASC-07,577,702.43,-940.43,869.81,-0.079147
ASC-07,578,1905.44,-46.16,707.97,-0.054986
ASC-07,579,-2003.18,-1531.72,419.68,-0.076236
ASC-07,580,3173.49,-1805.3,345.07,-0.039111
ASC-07,581,2703.38,-2460.73,337.4,-0.042356
ASC-07,582,-2699.5,-418.43,394.71,-0.068722
ASC-07,583,-1293.59,-1447.17,525.48,-0.084406
ASC-07,584,-3272.89,2358.59,292.79,-0.026064
ASC-07,585,2316.63,2435.26,401.59,-0.033814
ASC-07,586,2905.66,-1092.86,415.73,-0.041334
ASC-07,587,3428.66,833.99,378.58,-0.034758
ASC-07,588,783.48,2816.04,454.59,-0.037446
ASC-07,589,1161.9,-985.87,764.47,-0.070906
ASC-07,590,1248.84,383.01,987.61,-0.066313
ASC-07,591,491.04,-395.09,1188.86,-0.083775
ASC-07,592,3166.96,1051.86,404.25,-0.036588
ASC-07,593,755.03,3218.4,396.02,-0.035853
ASC-07,594,-1149.92,-2529.63,391.08,-0.072015
ASC-07,595,90.14,3257.7,394.41,-0.033346
ASC-07,596,-3369.36,1160.13,319.66,-0.043277
ASC-07,597,1568.88,2071.09,532.3,-0.041249
ASC-07,598,1357.45,945.85,833.04,-0.055432
ASC-07,599,-552.64,2592.22,475.93,-0.047308
ASC-07,600,2460.37,-1216.33,468.02,-0.045977
ASC-07,601,1788.68,1456.33,609.35,-0.04471
ASC-07,602,-1143.21,-1651.21,513.67,-0.085906
ASC-07,603,-2957.51,60.6,370.64,-0.065564
ASC-07,604,-2574.44,1270.43,394.1,-0.056075
ASC-07,605,-2210.09,-2092.13,355.57,-0.06886
ASC-07,606,-1372.57,-3071.88,329.47,-0.065201
ASC-07,607,-367.39,2036.64,607.67,-0.054904
ASC-07,608,2995.98,2162.62,362.4,-0.032362
ASC-07,609,-1551.07,1159.65,573.6,-0.067588
ASC-07,610,2790.1,-1249.98,419.69,-0.041764
ASC-07,611,1263.24,1107.21,820.85,-0.055691
ASC-07,612,2474.45,-2912.84,319.32,-0.038166
ASC-07,613,-677.23,1137.57,808.13,-0.076299
ASC-07,614,-3477.06,533.39,319.75,-0.045464
ASC-07,615,2008.77,820.43,646.43,-0.04891
ASC-07,616,-1781.67,-371.11,555.73,-0.086093
ASC-07,617,-2502.64,-1923.89,343.87,-0.066093
ASC-07,618,2096.44,1581.14,531.14,-0.040548
ASC-07,619,1304.3,-251.09,920.0,-0.07128
ASC-07,620,-2013.09,1717.66,437.19,-0.053028
ASC-07,621,-1626.93,-950.74,535.95,-0.084874
ASC-07,622,3074.54,-2885.48,294.34,-0.038308
ASC-07,623,-1620.23,297.2,616.31,-0.08256
ASC-07,624,1416.84,859.33,831.81,-0.055948
ASC-07,625,-2593.13,2952.44,304.69,-0.025246
ASC-07,626,2205.25,2714.28,383.12,-0.030409
ASC-07,627,-2676.87,-3099.96,277.51,-0.056472
ASC-07,628,112.29,1902.88,678.71,-0.054541
ASC-07,629,-3253.48,-1670.46,303.14,-0.058145
ASC-07,630,350.55,1380.39,882.37,-0.0651
ASC-07,631,2426.35,-843.63,509.24,-0.04742
ASC-07,632,-2909.21,-1245.45,343.56,-0.063984
ASC-07,633,-1580.2,-82.01,622.31,-0.088257
ASC-07,634,1852.85,213.72,732.69,-0.056473
ASC-07,635,756.69,1361.38,852.79,-0.061936
ASC-07,636,-1310.42,965.18,656.95,-0.073999
ASC-07,637,902.33,1247.79,870.15,-0.059788
ASC-07,638,-317.03,-811.46,880.85,-0.087347
ASC-07,639,2536.49,1241.38,489.6,-0.039583
ASC-07,640,-1449.42,-1082.29,553.26,-0.084979
ASC-07,641,1804.11,752.73,715.39,-0.049603
ASC-07,642,949.72,-283.27,1074.27,-0.080861
ASC-07,643,1683.0,439.59,788.45,-0.055157
ASC-07,644,-852.17,-3377.23,322.46,-0.061453
ASC-07,645,1574.45,-8.5,834.16,-0.064442
ASC-07,646,1388.98,-1960.22,499.0,-0.063618
ASC-07,647,-787.58,-799.31,760.36,-0.090049
ASC-07,648,-3314.83,-2983.6,260.46,-0.047998
ASC-07,649,3240.39,1098.31,393.16,-0.036545
ASC-07,650,1495.2,2754.65,428.82,-0.032239
ASC-07,651,-2066.83,-1017.82,454.35,-0.078947
ASC-07,652,1615.65,-2764.53,372.6,-0.051668
ASC-07,653,-1549.22,841.87,606.77,-0.073146
ASC-07,654,-215.0,-2610.74,423.23,-0.070565
ASC-07,655,2519.22,2741.35,358.21,-0.026285
ASC-07,656,-363.5,-2642.8,414.24,-0.071524
ASC-07,657,-1483.95,-966.91,562.16,-0.087341
ASC-07,658,-1361.56,-37.38,689.93,-0.089247
ASC-07,659,-2960.88,-2674.89,282.69,-0.055429
ASC-07,660,-1963.46,-1268.77,448.24,-0.07738
ASC-07,661,-1602.26,-1573.05,464.96,-0.083223
ASC-07,662,-2289.22,1493.1,417.84,-0.05846
ASC-07,663,-3058.54,3403.91,267.95,-0.011144
ASC-07,664,-239.48,-960.14,839.23,-0.087033
ASC-07,665,-1999.23,2035.04,411.04,-0.045353
ASC-07,666,1671.39,-2517.61,397.13,-0.051327
ASC-07,667,2957.69,559.4,450.96,-0.037275
ASC-07,668,-1589.11,-471.01,594.15,-0.089645
ASC-07,669,505.74,-1482.71,684.47,-0.077107
ASC-07,670,47.08,2251.97,578.0,-0.049139
ASC-07,671,-2974.24,1724.95,335.0,-0.041851
ASC-07,672,-2625.88,-2562.02,302.6,-0.060006
ASC-07,673,2693.46,-1453.15,415.72,-0.042077
ASC-07,674,-180.94,2236.53,571.74,-0.052735
ASC-07,675,2132.27,3447.02,324.92,-0.023643
ASC-07,676,-3033.93,780.95,357.13,-0.05489
ASC-07,677,663.69,2601.89,496.99,-0.042994
ASC-07,678,2557.18,3389.55,310.86,-0.024092
ASC-07,679,2569.46,1683.82,446.06,-0.03989
ASC-07,680,-3459.94,1013.13,315.43,-0.038884
ASC-07,681,152.04,-1951.33,556.24,-0.072629
ASC-07,682,-916.97,-907.03,700.92,-0.088123
ASC-07,683,1820.29,864.88,696.21,-0.046558
ASC-07,684,-2987.47,2984.81,284.85,-0.02061
ASC-07,685,-1645.51,-1387.07,481.29,-0.080821
ASC-07,686,2188.5,-733.54,568.26,-0.051038
ASC-07,687,-213.11,-3344.34,337.78,-0.060108
ASC-07,688,-327.95,1377.09,816.35,-0.070905
ASC-07,689,3279.91,-395.01,397.83,-0.035457
ASC-07,690,-1260.77,2084.12,493.58,-0.056229
ASC-07,691,-3207.95,-1864.42,299.45,-0.055996
ASC-07,692,-754.59,1117.52,790.7,-0.078069
ASC-07,693,-2426.39,1211.65,415.84,-0.059892
ASC-07,694,-2926.76,-249.73,370.93,-0.064774
ASC-07,695,475.02,-2179.76,505.65,-0.070712
ASC-07,696,3175.03,-679.71,402.11,-0.036892
ASC-07,697,555.85,1715.3,738.46,-0.054984
ASC-07,698,1029.8,-2175.7,486.11,-0.064894
ASC-07,699,-1234.6,-2869.71,352.21,-0.066217
ASC-08,0,875.67,497.86,1173.71,-0.073625
ASC-08,1,2780.5,1765.71,412.23,-0.014621
ASC-08,2,1929.8,624.99,688.02,-0.046234
ASC-08,3,-1923.55,2119.45,411.65,-0.073527
ASC-08,4,-1398.84,353.29,681.09,-0.099613
ASC-08,5,2614.87,-2112.99,369.29,-0.030939
ASC-08,6,-3463.14,579.08,320.51,-0.077297
ASC-08,7,2248.6,-63.45,604.37,-0.037941
ASC-08,8,2079.49,-2338.45,389.9,-0.03842
ASC-08,9,-224.46,834.16,1066.62,-0.091061
ASC-08,10,-1378.77,2218.72,460.56,-0.071966
ASC-08,11,-1551.02,-2554.39,364.16,-0.076497
ASC-08,12,-1715.91,314.62,590.38,-0.096853
ASC-08,13,-384.47,1635.81,719.47,-0.076702
ASC-08,14,31.84,-678.88,1012.92,-0.099961
ASC-08,15,374.48,-1609.68,648.43,-0.077706
ASC-08,16,3468.5,-894.04,360.54,-0.015275
ASC-08,17,2048.63,291.89,666.78,-0.044793
ASC-08,18,855.25,1306.62,857.08,-0.060051
ASC-08,19,3422.72,414.23,386.14,-0.016044
ASC-08,20,-1992.84,-2750.82,324.21,-0.069114
ASC-08,21,-2378.52,2225.2,359.9,-0.069161
ASC-08,22,787.78,2967.02,430.46,-0.031839
ASC-08,23,-3192.41,-2790.95,269.95,-0.065134
ASC-08,24,-3250.24,-1753.36,300.66,-0.07769
ASC-08,25,104.22,-2284.23,484.84,-0.072203
ASC-08,26,-236.56,2444.09,522.14,-0.057262
ASC-08,27,2920.17,2871.95,323.76,-0.00468
ASC-08,28,904.58,-3190.08,351.03,-0.046543
ASC-08,29,98.82,-1173.06,794.71,-0.091903
ASC-08,30,-21.89,-2152.54,508.05,-0.075393
ASC-08,31,-1767.4,-213.27,567.86,-0.099087
ASC-08,32,-3417.44,2951.13,268.72,-0.051907
ASC-08,33,-2153.18,-3008.79,301.54,-0.068392
ASC-08,34,1344.22,-2301.05,446.25,-0.05321
ASC-08,35,-2095.75,-90.8,500.16,-0.095136
ASC-08,36,-913.25,168.24,867.88,-0.102034
ASC-08,37,-3473.86,1718.51,299.61,-0.067592
ASC-08,38,2310.33,-436.2,567.78,-0.040245
ASC-08,39,-2418.77,-2512.04,315.94,-0.07113
ASC-08,40,-1626.8,-1024.72,527.39,-0.101379
ASC-08,41,2662.33,3374.65,307.25,-0.004899
ASC-08,42,68.54,1755.06,725.89,-0.070014
ASC-08,43,2430.05,-2685.59,337.3,-0.033594
ASC-08,44,978.02,2157.46,576.97,-0.044436
ASC-08,45,1692.4,-1323.51,578.89,-0.052439
ASC-08,46,-2859.53,1969.78,334.15,-0.066186
ASC-08,47,288.01,-3410.95,335.09,-0.048433
ASC-08,48,54.41,2598.89,500.55,-0.051274
ASC-08,49,2599.38,-2363.83,351.0,-0.028843
ASC-08,50,-971.15,-309.75,801.96,-0.102848
ASC-08,51,687.29,1132.29,965.25,-0.069277
ASC-08,52,-3085.24,55.09,356.7,-0.085587
ASC-08,53,-786.58,-2342.22,437.48,-0.076302
ASC-08,54,-1238.75,-2526.17,386.09,-0.077304
ASC-08,55,-2448.6,-1508.26,373.43,-0.086712
ASC-08,56,2214.37,-3133.26,315.66,-0.032286
ASC-08,57,-843.88,-1984.19,489.89,-0.085245
ASC-08,58,3351.24,-2589.26,295.32,-0.018638
ASC-08,59,629.94,-246.42,1236.02,-0.084653
ASC-08,60,735.39,-1004.43,838.69,-0.076291
ASC-08,61,965.98,607.83,1091.23,-0.070572
ASC-08,62,1235.15,-1533.85,603.39,-0.063895
ASC-08,63,-2444.48,-3262.62,278.86,-0.063598
ASC-08,64,-417.81,-1182.23,731.07,-0.099607
ASC-08,65,-1823.05,1786.26,456.32,-0.079975
ASC-08,66,-682.51,-1709.13,558.46,-0.08813
ASC-08,67,-2823.07,-668.16,372.82,-0.083294
ASC-08,68,3274.8,1784.82,358.56,-0.00702
ASC-08,69,-1994.97,-653.23,493.22,-0.099571
ASC-08,70,1202.36,2709.87,453.44,-0.030184
ASC-08,71,-1397.06,2926.48,376.31,-0.060413
ASC-08,72,2618.54,-1326.29,435.73,-0.032634
ASC-08,73,1135.5,1651.75,691.05,-0.046866
ASC-08,74,-2578.69,-1728.18,348.91,-0.081659
ASC-08,75,2415.52,-2523.34,350.54,-0.034839
ASC-08,76,3114.64,-434.83,419.13,-0.024403
ASC-08,77,2827.42,717.31,468.63,-0.021125
ASC-08,78,488.03,3049.14,423.56,-0.036471
ASC-08,79,-2481.78,-2478.69,314.28,-0.072391
ASC-08,80,-2152.76,1486.54,436.69,-0.080923
ASC-08,81,2995.34,-171.75,444.52,-0.025448
ASC-08,82,366.29,-2578.03,435.25,-0.067222
ASC-08,83,-2236.13,3308.61,303.4,-0.048591
ASC-08,84,2688.4,1370.38,454.69,-0.021063
ASC-08,85,991.0,-2597.99,419.61,-0.056885
ASC-08,86,487.86,2840.29,456.87,-0.04207
ASC-08,87,-865.99,-2778.34,377.85,-0.070863
ASC-08,88,-623.31,-2851.39,379.09,-0.070018
ASC-08,89,-1823.58,-1179.14,477.31,-0.096192
ASC-08,90,-3233.6,3065.71,272.25,-0.051444
ASC-08,91,2633.53,-3268.83,292.4,-0.023531
ASC-08,92,-225.89,2927.45,435.43,-0.048924
ASC-08,93,333.45,781.28,1217.45,-0.085142
ASC-08,94,-1244.86,-3030.64,337.81,-0.072215
ASC-08,95,1759.27,480.14,757.02,-0.052657
ASC-08,96,-3323.62,-288.46,331.06,-0.079567
ASC-08,97,-894.7,447.89,865.0,-0.095279
ASC-08,98,-3287.55,1660.42,313.4,-0.071038
ASC-08,99,-2639.76,1250.33,387.18,-0.082129
ASC-08,100,3270.04,3480.59,278.49,0.002252
ASC-08,101,1104.33,-2403.32,443.89,-0.056002
ASC-08,102,-502.46,2189.99,558.8,-0.067369
ASC-08,103,166.18,-622.35,1060.73,-0.096469
ASC-08,104,2609.66,1983.15,414.42,-0.019002
ASC-08,105,-1090.53,2742.45,417.31,-0.06098
ASC-08,106,632.04,3443.99,370.59,-0.027311
ASC-08,107,1285.79,-1637.71,573.51,-0.059147
ASC-08,108,-1012.1,-329.43,784.03,-0.103258
ASC-08,109,133.69,3099.45,416.39,-0.041525
ASC-08,110,1856.73,3120.17,365.19,-0.016358
ASC-08,111,2864.26,-889.88,434.09,-0.025571
ASC-08,112,-2442.56,3081.47,305.76,-0.051971
ASC-08,113,3033.94,-658.76,422.03,-0.025227
ASC-08,114,-3463.75,-876.64,310.32,-0.07658
ASC-08,115,1770.84,1796.34,552.88,-0.032319
ASC-08,116,2173.69,-201.52,618.11,-0.042391
ASC-08,117,-2542.65,-362.61,417.32,-0.093067
ASC-08,118,-567.67,-797.17,821.42,-0.101955
ASC-08,119,2206.79,-470.37,589.85,-0.042017
ASC-08,120,-3400.1,-2521.28,270.19,-0.064872
ASC-08,121,899.23,-3072.74,363.22,-0.048906
ASC-08,122,2051.17,1777.95,511.61,-0.029495
ASC-08,123,91.03,451.5,1406.2,-0.095083
ASC-08,124,1580.95,1203.23,707.0,-0.04798
ASC-08,125,-1915.04,2116.35,412.85,-0.074013
ASC-08,126,-2110.35,-1889.26,378.88,-0.085298
ASC-08,127,-958.11,-1863.59,499.46,-0.088517
ASC-08,128,-2244.16,-1554.64,391.11,-0.08656
ASC-08,129,-1077.57,-1372.53,572.23,-0.099046
ASC-08,130,3136.87,1824.84,369.65,-0.009093
ASC-08,131,513.33,-880.73,919.7,-0.085445
ASC-08,132,-1119.52,-1237.68,590.06,-0.09826
ASC-08,133,-1599.33,954.11,584.08,-0.091887
ASC-08,134,3164.28,-2194.01,324.53,-0.02164
ASC-08,135,-388.65,-2755.06,398.42,-0.068144
ASC-08,136,3362.76,1379.93,368.19,-0.008719
ASC-08,137,108.66,1795.12,713.98,-0.068852
ASC-08,138,148.16,-1425.45,705.16,-0.083619
ASC-08,139,2775.78,952.29,467.25,-0.020343
ASC-08,140,1699.37,-3261.46,324.48,-0.034101
ASC-08,141,564.57,-669.77,1018.23,-0.083752
ASC-08,142,-513.45,545.71,1032.12,-0.095666
ASC-08,143,2647.32,-1726.07,398.14,-0.03055
ASC-08,144,-618.48,-1062.5,729.74,-0.102346
ASC-08,145,2959.32,766.85,444.82,-0.017806
ASC-08,146,-3018.99,629.28,361.12,-0.08258
ASC-08,147,-490.02,-2420.66,441.88,-0.07354
ASC-08,148,136.6,1446.07,848.97,-0.074819
ASC-08,149,3156.57,-2939.8,288.53,-0.020877
ASC-08,150,-1743.01,3288.07,327.07,-0.052593
ASC-08,151,2142.27,-2083.47,412.14,-0.037591
ASC-08,152,1235.3,-1725.16,560.08,-0.058257
ASC-08,153,1519.6,-2097.9,464.78,-0.051038
ASC-08,154,907.36,3440.49,366.55,-0.023986
ASC-08,155,3300.92,-1493.84,350.79,-0.016298
ASC-08,156,-1171.23,737.05,728.0,-0.09685
ASC-08,157,-712.07,3434.44,356.62,-0.044338
ASC-08,158,-2079.62,3150.47,319.85,-0.054389
ASC-08,159,-3145.07,-3203.55,259.42,-0.058733
ASC-08,160,-2009.64,148.29,521.52,-0.095401
ASC-08,161,2908.25,709.13,455.08,-0.019947
ASC-08,162,2381.18,1416.77,500.68,-0.029311
ASC-08,163,-2713.16,-1148.63,366.07,-0.086063
ASC-08,164,726.45,-1204.64,763.74,-0.074215
ASC-08,165,-145.62,-3470.01,327.56,-0.055566
ASC-08,166,662.79,-3253.34,348.16,-0.049707
ASC-08,167,1114.93,350.4,1063.3,-0.067986
ASC-08,168,-1353.38,-2968.79,338.44,-0.073791
ASC-08,169,3229.46,-2082.63,326.14,-0.020184
ASC-08,170,-239.12,-1167.1,763.13,-0.096126
ASC-08,171,896.71,-3006.7,370.5,-0.051095
ASC-08,172,946.58,-3283.98,341.3,-0.046239
ASC-08,173,-2212.77,2988.44,322.83,-0.055333
ASC-08,174,-3066.94,-453.54,352.43,-0.083082
ASC-08,175,-619.38,-2065.81,493.85,-0.08206
ASC-08,176,1848.21,1459.16,596.56,-0.037091
ASC-08,177,2206.55,-3433.88,297.27,-0.028701
ASC-08,178,1609.92,-1784.88,507.29,-0.052501
ASC-08,179,-2707.57,3225.25,287.3,-0.050885
ASC-08,180,2893.48,2783.83,330.66,-0.005361
ASC-08,181,2114.26,951.48,605.07,-0.035668
ASC-08,182,2643.84,-2847.58,315.6,-0.025657
ASC-08,183,163.13,-1273.64,759.23,-0.088622
ASC-08,184,2909.45,-3304.47,281.48,-0.01919
ASC-08,185,-3173.43,-1965.66,297.94,-0.073865
ASC-08,186,-3287.98,-3321.96,252.53,-0.057558
ASC-08,187,-3358.49,-2616.85,269.06,-0.064186
ASC-08,188,-1730.62,932.5,555.7,-0.090538
ASC-08,189,-1760.01,-2796.9,332.79,-0.06908
ASC-08,190,-2187.48,-2409.66,335.6,-0.076629
ASC-08,191,469.39,2819.66,460.64,-0.042203
ASC-08,192,-3227.1,-1151.83,320.91,-0.079552
ASC-08,193,632.72,-1169.02,786.38,-0.077749
ASC-08,194,-2337.92,-2894.22,299.73,-0.066576
ASC-08,195,1245.12,2071.51,570.73,-0.03865
ASC-08,196,-3352.47,1234.64,319.39,-0.075337
ASC-08,197,-1326.01,329.93,705.61,-0.100306
ASC-08,198,3068.39,825.39,426.13,-0.015825
ASC-08,199,268.77,-2797.34,403.34,-0.065263
ASC-08,200,2181.11,-1677.86,454.99,-0.038173
ASC-08,201,1106.18,585.49,1026.73,-0.06689
ASC-08,202,775.26,3165.62,402.53,-0.029349
ASC-08,203,-2161.23,2219.92,379.57,-0.06979
ASC-08,204,520.76,985.08,1070.9,-0.073866
ASC-08,205,-3222.2,131.73,343.26,-0.082699
ASC-08,206,2111.65,-3394.07,302.51,-0.030625
ASC-08,207,3220.5,2735.01,313.87,0.000554
ASC-08,208,2478.06,-3032.02,311.6,-0.028821
ASC-08,209,-3145.03,-2596.43,277.88,-0.067689
ASC-08,210,-1129.38,1351.5,641.22,-0.089773
ASC-08,211,-1273.98,2185.01,477.09,-0.070897
ASC-08,212,-2710.98,2005.85,344.4,-0.067603
ASC-08,213,886.28,-333.17,1084.4,-0.076578
ASC-08,214,2082.21,-2260.61,397.89,-0.038419
ASC-08,215,-1303.95,-3252.88,318.52,-0.067629
ASC-08,216,2539.66,2459.66,379.86,-0.015362
ASC-08,217,2079.89,3343.88,334.92,-0.013313
ASC-08,218,-2596.03,-1791.05,344.06,-0.080532
ASC-08,219,1868.01,2562.53,426.53,-0.022716
ASC-08,220,2678.35,-682.28,476.46,-0.028364
ASC-08,221,-2119.02,-1320.59,423.27,-0.09263
ASC-08,222,515.49,36.08,1452.28,-0.089536
ASC-08,223,971.25,-3442.82,326.95,-0.045538
ASC-08,224,765.34,-401.0,1103.7,-0.078336
ASC-08,225,-2826.28,-2103.12,312.68,-0.07751
ASC-08,226,1128.34,1487.2,740.64,-0.04976
ASC-08,227,923.68,18.0,1172.71,-0.073885
ASC-08,228,2267.2,2581.97,391.27,-0.01759
ASC-08,229,2124.59,2776.54,382.81,-0.016077
ASC-08,230,-1209.82,-1282.69,565.94,-0.100908
ASC-08,231,1554.33,-1537.31,559.49,-0.055409
ASC-08,232,2570.91,3073.91,330.49,-0.011
ASC-08,233,2750.63,27.98,491.62,-0.027756
ASC-08,234,-2369.41,-2824.39,301.89,-0.067509
ASC-08,235,-3313.08,-3178.8,255.44,-0.059842
ASC-08,236,1055.65,3432.98,363.99,-0.021436
ASC-08,237,-1997.27,554.15,518.5,-0.092802
ASC-08,238,445.97,-3118.55,363.81,-0.055471
ASC-08,239,3113.63,78.79,429.46,-0.022241
ASC-08,240,-844.76,28.73,893.36,-0.104961
ASC-08,241,-1730.58,-452.29,561.9,-0.101234
ASC-08,242,-304.43,3158.96,400.31,-0.041979
ASC-08,243,1100.71,3141.4,396.55,-0.026548
ASC-08,244,-2792.31,-2625.23,291.91,-0.068665
ASC-08,245,-835.91,-2437.96,421.07,-0.076271
ASC-08,246,-2563.95,-647.58,404.81,-0.088878
ASC-08,247,1137.12,2338.19,524.54,-0.037122
ASC-08,248,2313.87,866.27,564.7,-0.032533
ASC-08,249,-862.02,1608.81,643.97,-0.085274
ASC-08,250,-897.93,532.41,854.86,-0.096238
ASC-08,251,276.65,-2029.6,539.25,-0.071887
ASC-08,252,-1994.6,2224.36,395.05,-0.0712
ASC-08,253,-1768.13,-3401.85,294.09,-0.062686
ASC-08,254,-1191.03,1389.39,620.6,-0.089354
ASC-08,255,-298.02,-2139.62,499.86,-0.081026
ASC-08,256,-2929.28,-202.36,371.35,-0.085918
ASC-08,257,1769.12,3325.93,349.99,-0.015554
ASC-08,258,553.38,273.25,1458.13,-0.087481
ASC-08,259,-1402.14,-3101.36,326.09,-0.070935
ASC-08,260,-2957.17,-498.54,362.78,-0.08367
ASC-08,261,1842.27,1121.87,652.76,-0.042782
ASC-08,262,-2582.45,-3103.05,280.69,-0.063731
ASC-08,263,-2567.55,-1731.42,349.65,-0.081838
ASC-08,264,-2585.21,-3371.65,270.27,-0.064729
ASC-08,265,-2931.16,280.48,373.89,-0.086271
ASC-08,266,2844.75,-829.66,440.59,-0.026705
ASC-08,267,-1615.29,25.83,616.17,-0.101257
ASC-08,268,-1355.13,-1429.14,518.92,-0.09697
ASC-08,269,2329.56,1097.65,541.64,-0.031353
ASC-08,270,839.46,-2288.4,474.72,-0.06095
ASC-08,271,-2190.0,2846.56,333.05,-0.056634
ASC-08,272,-456.31,3220.57,388.17,-0.043639
ASC-08,273,2687.46,-49.04,502.76,-0.031221
ASC-08,274,-872.38,-242.27,850.58,-0.104809
ASC-08,275,1476.17,2517.32,465.27,-0.027546
ASC-08,276,-2822.35,-1471.14,341.5,-0.083105
ASC-08,277,1591.27,2121.74,520.44,-0.033171
ASC-08,278,1935.31,-1488.85,512.93,-0.045672
ASC-08,279,2280.37,1539.75,504.67,-0.028341
ASC-08,280,1219.41,-1161.92,701.57,-0.064521
ASC-08,281,-904.87,718.21,825.67,-0.09485
ASC-08,282,-3050.52,2981.08,282.3,-0.054287
ASC-08,283,131.43,-3119.73,363.57,-0.058839
ASC-08,284,1802.22,2150.78,490.55,-0.029252
ASC-08,285,-2164.13,292.92,489.83,-0.093575
ASC-08,286,-1636.34,-846.53,545.8,-0.104782
ASC-08,287,252.84,-1048.07,852.35,-0.090401
ASC-08,288,1738.32,-3014.12,343.41,-0.039836
ASC-08,289,2776.11,-1691.35,387.92,-0.026176
ASC-08,290,-2619.81,861.96,403.83,-0.08276
ASC-08,291,-2210.11,-2816.87,309.6,-0.06663
ASC-08,292,2096.76,1185.85,582.57,-0.034311
ASC-08,293,1011.65,3235.77,387.64,-0.026251
ASC-08,294,1546.81,3365.43,355.26,-0.016384
ASC-08,295,3477.4,2724.69,300.25,0.001288
ASC-08,296,3074.26,2146.28,356.64,-0.007022
ASC-08,297,2401.18,-2254.33,374.04,-0.034832
ASC-08,298,1939.81,3291.09,345.54,-0.015252
ASC-08,299,-734.87,-2080.94,482.42,-0.081858
ASC-08,300,988.6,2583.35,486.96,-0.033577
ASC-08,301,-2208.88,2645.12,345.14,-0.061064
ASC-08,302,1816.46,853.36,698.9,-0.042856
ASC-08,303,1803.83,149.15,750.09,-0.047026
ASC-08,304,1549.07,-2097.02,462.46,-0.051389
ASC-08,305,-386.41,136.28,1147.33,-0.101635
ASC-08,306,-852.74,-1465.66,588.69,-0.096972
ASC-08,307,-561.6,-2618.84,410.22,-0.071805
ASC-08,308,-3266.63,-2602.66,272.91,-0.066361
ASC-08,309,2410.24,2108.2,425.09,-0.020615
ASC-08,310,296.59,2956.82,438.73,-0.040569
ASC-08,311,-787.37,-2506.92,414.53,-0.073796
ASC-08,312,336.2,-3407.17,335.41,-0.048476
ASC-08,313,1551.48,-1654.57,537.53,-0.054436
ASC-08,314,-829.77,-2558.93,405.55,-0.073639
ASC-08,315,2314.48,-2179.61,387.67,-0.035514
ASC-08,316,2936.24,583.29,453.98,-0.0199
ASC-08,317,-787.97,-543.94,823.0,-0.103989
ASC-08,318,-2535.29,-495.4,414.22,-0.090797
ASC-08,319,1822.61,-2060.71,443.74,-0.047091
ASC-08,320,3450.64,1152.12,367.16,-0.007513
ASC-08,321,-2464.08,-1473.43,374.01,-0.085459
ASC-08,322,1488.73,-705.97,753.81,-0.059016
ASC-08,323,2277.26,-256.1,587.78,-0.04155
ASC-08,324,2944.0,2830.97,324.78,-0.003292
ASC-08,325,-2636.33,-1775.51,341.72,-0.080891
ASC-08,326,-2857.33,1530.66,352.79,-0.08019
ASC-08,327,3415.1,-1334.42,348.15,-0.015749
ASC-08,328,-2682.7,2760.98,309.11,-0.056423
ASC-08,329,-2262.35,-741.44,443.07,-0.093967
ASC-08,330,524.67,36.13,1446.17,-0.088704
ASC-08,331,-376.09,2640.51,477.26,-0.05455
ASC-08,332,1752.75,1209.33,661.24,-0.043412
ASC-08,333,-2166.1,-2839.49,310.37,-0.068916
ASC-08,334,2900.99,-2542.15,320.73,-0.025994
ASC-08,335,-1979.64,3435.13,307.21,-0.048324
ASC-08,336,1883.78,-3296.26,316.09,-0.032389
ASC-08,337,-3026.78,-1393.9,328.25,-0.082769
ASC-08,338,-186.18,3212.26,396.18,-0.041883
ASC-08,339,-3272.09,-3394.26,251.16,-0.056573
ASC-08,340,-1303.33,-2370.21,399.08,-0.082622
ASC-08,341,-1314.39,-2006.45,442.39,-0.090581
ASC-08,342,1538.24,-2895.26,362.51,-0.043707
ASC-08,343,-314.88,-196.27,1121.08,-0.102637
ASC-08,344,-3102.58,647.07,352.22,-0.082038
ASC-08,345,3467.53,-1271.75,346.16,-0.017675
ASC-08,346,2720.9,-2739.45,318.45,-0.026194
ASC-08,347,2914.27,2176.69,368.72,-0.011898
ASC-08,348,-1773.97,2131.3,426.77,-0.072922
ASC-08,349,-741.23,434.7,936.31,-0.097312
ASC-08,350,-1909.74,-2535.81,343.84,-0.074125
ASC-08,351,-2625.66,293.38,413.11,-0.088074
ASC-08,352,-3268.83,906.67,332.66,-0.078867
ASC-08,353,23.36,-501.95,1107.07,-0.09844
ASC-08,354,-2638.06,2547.04,322.27,-0.058595
ASC-08,355,-2265.87,-769.68,440.94,-0.093562
ASC-08,356,2523.33,76.21,539.92,-0.030851
ASC-08,357,-110.3,-2701.0,412.72,-0.069145
ASC-08,358,-2214.08,444.86,478.45,-0.090635
ASC-08,359,1189.05,1865.14,626.16,-0.042885
ASC-08,360,-1638.95,1618.81,502.32,-0.084548
ASC-08,361,188.56,-1701.13,621.42,-0.079329
ASC-08,362,-1519.33,3443.06,325.74,-0.049448
ASC-08,363,113.13,1539.54,808.83,-0.073986
ASC-08,364,899.74,-533.73,997.48,-0.075011
ASC-08,365,253.46,-595.64,1081.73,-0.09287
ASC-08,366,-730.77,1955.28,586.13,-0.075149
ASC-08,367,2035.7,-2270.22,400.44,-0.039357
ASC-08,368,2614.06,977.39,494.65,-0.026495
ASC-08,369,-2244.4,1531.88,421.1,-0.079891
ASC-08,370,-2545.84,114.38,424.78,-0.088741
ASC-08,371,-2707.66,2612.39,314.76,-0.057017
ASC-08,372,3357.18,-219.55,391.71,-0.017509
ASC-08,373,3091.14,-245.75,427.89,-0.024372
ASC-08,374,-1885.33,-1507.24,436.15,-0.093646
ASC-08,375,3289.35,2935.6,300.67,0.00077
ASC-08,376,-2045.28,-1286.11,435.62,-0.095091
ASC-08,377,45.33,1366.9,876.53,-0.079421
ASC-08,378,-18.3,-634.53,1026.97,-0.099197
ASC-08,379,2904.69,3047.97,314.46,-0.005634
ASC-08,380,-3216.3,3135.72,270.77,-0.048721
ASC-08,381,-1292.54,-3289.75,316.27,-0.067982
ASC-08,382,699.82,3461.74,367.75,-0.025905
ASC-08,383,-3035.21,734.55,357.81,-0.083223
ASC-08,384,-1844.15,-2983.03,316.12,-0.067774
ASC-08,385,-244.56,-20.78,1213.82,-0.103167
ASC-08,386,2666.0,-3153.7,297.22,-0.023961
ASC-08,387,1826.72,342.26,739.69,-0.049704
ASC-08,388,2302.86,-2201.82,386.48,-0.035998
ASC-08,389,1827.49,-924.42,623.58,-0.049225
ASC-08,390,1454.05,-1367.1,609.84,-0.05649
ASC-08,391,2447.85,715.48,544.01,-0.031457
ASC-08,392,1270.34,2256.53,529.39,-0.034761
ASC-08,393,1649.78,3055.76,382.62,-0.01936
ASC-08,394,-1388.49,-1197.99,547.86,-0.100381
ASC-08,395,-2326.51,487.83,457.68,-0.086703
ASC-08,396,1795.67,-3458.71,307.57,-0.035607
ASC-08,397,-2339.14,-894.86,423.27,-0.092974
ASC-08,398,2936.19,3224.93,303.36,-0.006044
ASC-08,399,676.5,-2668.13,418.05,-0.060677
ASC-08,400,-1193.96,2588.79,429.27,-0.064409
ASC-08,401,3056.5,1067.54,418.48,-0.009068
ASC-08,402,-2414.09,-1442.74,380.95,-0.086421
ASC-08,403,101.26,1947.13,664.5,-0.062567
ASC-08,404,-2859.12,-1475.03,338.3,-0.081886
ASC-08,405,3257.99,2763.71,310.35,0.000314
ASC-08,406,527.63,-2920.69,386.28,-0.057797
ASC-08,407,2125.67,-2667.05,355.59,-0.034437
ASC-08,408,-1526.54,1750.09,503.73,-0.081547
ASC-08,409,2112.58,-355.75,623.82,-0.043928
ASC-08,410,1419.89,-2467.76,417.97,-0.049292
ASC-08,411,1005.77,94.04,1132.09,-0.073613
ASC-08,412,3153.94,-1421.22,368.18,-0.020769
ASC-08,413,-465.56,345.21,1092.25,-0.098656
ASC-08,414,-594.38,1706.0,666.62,-0.078134
ASC-08,415,1344.85,2497.88,478.77,-0.031381
ASC-08,416,2345.39,-3087.0,313.55,-0.030813
ASC-08,417,-1154.47,646.48,743.98,-0.097391
ASC-08,418,1187.6,3385.66,365.43,-0.021312
ASC-08,419,-2036.74,-281.42,505.72,-0.096198
ASC-08,420,361.9,1886.97,686.78,-0.060772
ASC-08,421,1884.2,-2819.18,354.5,-0.03813
ASC-08,422,-3042.8,2614.56,295.98,-0.059698
ASC-08,423,1594.89,574.37,810.7,-0.055896
ASC-08,424,-3391.97,2717.84,276.25,-0.05485
ASC-08,425,3208.45,2009.83,352.86,-0.008584
ASC-08,426,-219.31,2584.68,494.76,-0.054056
ASC-08,427,-636.5,-3098.93,352.48,-0.06705
ASC-08,428,1543.11,1508.67,650.29,-0.043611
ASC-08,429,163.09,-2121.13,518.34,-0.072312
ASC-08,430,1615.94,-1639.33,532.12,-0.053842
ASC-08,431,-2906.69,-1226.52,344.52,-0.084847
ASC-08,432,439.54,639.2,1303.23,-0.085804
ASC-08,433,406.76,895.03,1138.64,-0.079925
ASC-08,434,3024.8,3020.1,309.83,-0.000159
ASC-08,435,-3222.76,-3410.97,251.94,-0.05877
ASC-08,436,-330.26,-2145.93,497.02,-0.080797
ASC-08,437,917.51,-965.98,822.42,-0.072796
ASC-08,438,355.23,2226.05,588.39,-0.052211
ASC-08,439,-2980.87,349.36,367.96,-0.085525
ASC-08,440,652.6,83.93,1371.16,-0.087363
ASC-08,441,-1944.62,1821.3,436.81,-0.076726
ASC-08,442,-2131.16,1085.41,467.28,-0.088127
ASC-08,443,2650.84,-1471.01,419.29,-0.03093
ASC-08,444,-2115.11,-2890.19,309.79,-0.07002
ASC-08,445,-319.96,-263.85,1095.19,-0.103856
ASC-08,446,1752.01,2661.16,423.22,-0.023488
ASC-08,447,1451.21,686.99,851.91,-0.056017
ASC-08,448,374.21,-3126.98,363.15,-0.055055
ASC-08,449,2149.32,-419.46,608.71,-0.04381
ASC-08,450,-239.29,-807.72,900.12,-0.099742
ASC-08,451,842.7,576.97,1165.55,-0.074492
ASC-08,452,2232.42,609.89,601.93,-0.037048
ASC-08,453,1246.64,3159.32,389.02,-0.023713
ASC-08,454,992.8,-1133.34,750.87,-0.068986
ASC-08,455,-657.1,-643.33,840.85,-0.104181
ASC-08,456,408.26,794.6,1202.55,-0.082885
ASC-08,457,-727.42,2704.73,446.75,-0.057368
ASC-08,458,1710.05,1443.01,628.41,-0.040621
ASC-08,459,-836.99,-203.8,871.05,-0.105705
ASC-08,460,-233.65,2201.96,576.9,-0.060368
ASC-08,461,1788.2,-102.86,744.98,-0.050721
ASC-08,462,25.59,3244.66,395.43,-0.038685
ASC-08,463,-1133.77,-1522.5,536.68,-0.096246
ASC-08,464,2287.73,-2608.26,351.34,-0.033421
ASC-08,465,-833.26,2312.8,503.34,-0.070695
ASC-08,466,2413.1,-1418.91,454.32,-0.032604
ASC-08,467,1996.68,2431.77,431.42,-0.02296
ASC-08,468,-368.98,765.83,1036.39,-0.094738
ASC-08,469,1490.24,62.72,874.84,-0.058351
ASC-08,470,-3259.27,-2890.78,264.75,-0.060377
ASC-08,471,-771.41,2004.21,570.3,-0.074162
ASC-08,472,2522.34,-3038.53,309.37,-0.028786
ASC-08,473,556.78,3256.06,394.16,-0.03219
ASC-08,474,404.78,2638.82,494.66,-0.043542
ASC-08,475,1153.17,-1379.22,653.32,-0.067065
ASC-08,476,1243.7,-2604.94,408.57,-0.051738
ASC-08,477,585.19,2699.72,480.32,-0.041224
ASC-08,478,-555.59,-141.05,1011.74,-0.101478
ASC-08,479,-2215.61,-2625.88,320.42,-0.071187
ASC-08,480,-1451.51,-10.34,662.74,-0.10051
ASC-08,481,-1449.54,-1772.27,458.68,-0.093477
ASC-08,482,-484.79,-645.15,895.29,-0.103939
ASC-08,483,3493.41,981.69,367.57,-0.006754
ASC-08,484,-1032.14,2907.55,400.65,-0.056042
ASC-08,485,-368.35,2106.51,590.09,-0.068231
ASC-08,486,-898.61,-2372.94,426.09,-0.077163
ASC-08,487,569.99,-158.65,1312.03,-0.086358
ASC-08,488,3135.29,-56.5,424.82,-0.023
ASC-08,489,2723.51,3426.38,301.81,-0.004115
ASC-08,490,-860.03,-2891.72,365.96,-0.069886
ASC-08,491,-1631.69,75.37,612.71,-0.100964
ASC-08,492,2690.79,2900.54,335.46,-0.010266
ASC-08,493,-43.17,-708.06,985.3,-0.100272
ASC-08,494,1298.79,-1667.98,565.43,-0.058562
ASC-08,495,-2986.96,391.53,367.03,-0.086148
ASC-08,496,2565.9,-1259.38,448.74,-0.032815
ASC-08,497,-1309.24,2989.55,375.26,-0.059744
ASC-08,498,-38.31,-2906.41,386.8,-0.06478
ASC-08,499,-2113.85,-2053.04,365.99,-0.082954
ASC-08,500,-558.3,-2912.9,374.25,-0.06971
ASC-08,501,2296.34,1483.22,508.31,-0.028383
ASC-08,502,2293.05,-1448.01,467.5,-0.033472
ASC-08,503,-184.3,2801.18,457.06,-0.04877
ASC-08,504,1875.37,2755.42,402.73,-0.022058
ASC-08,505,-293.53,3054.71,414.73,-0.044026
ASC-08,506,-886.51,-1707.1,535.57,-0.090869
ASC-08,507,321.22,-3495.4,327.69,-0.048021
ASC-08,508,-2090.61,-786.76,467.48,-0.097931
ASC-08,509,-1284.07,3237.94,352.8,-0.052807
ASC-08,510,1445.7,1846.19,593.91,-0.036791
ASC-08,511,1893.6,-3082.38,331.72,-0.03495
ASC-08,512,-3103.04,1418.01,334.77,-0.077422
ASC-08,513,1629.78,2919.44,399.36,-0.022547
ASC-08,514,2222.01,3274.04,333.79,-0.012645
ASC-08,515,-383.64,1511.92,759.46,-0.079268
ASC-08,516,-3062.82,2540.97,297.67,-0.057917
ASC-08,517,1280.39,2391.91,502.61,-0.034568
ASC-08,518,-1776.85,-991.64,503.97,-0.100282
ASC-08,519,1003.5,-2806.69,391.45,-0.053655
ASC-08,520,-863.64,1592.25,647.44,-0.085896
ASC-08,521,960.14,-2541.61,428.89,-0.057309
ASC-08,522,-1693.06,-810.61,538.14,-0.103217
ASC-08,523,-164.24,3470.15,365.88,-0.039562
ASC-08,524,172.72,418.5,1467.3,-0.095692
ASC-08,525,917.09,152.18,1192.86,-0.074445
ASC-08,526,-2077.83,3135.16,320.89,-0.054409
ASC-08,527,3234.36,-1511.72,355.78,-0.017655
ASC-08,528,-1476.03,3496.02,323.62,-0.048638
ASC-08,529,-1357.86,2883.86,383.12,-0.061271
ASC-08,530,-1705.81,-952.67,520.84,-0.101459
ASC-08,531,-3027.67,-1209.32,334.83,-0.083587
ASC-08,532,-539.54,-2614.06,411.76,-0.072392
ASC-08,533,1902.85,2909.48,383.92,-0.019011
ASC-08,534,1466.97,-2199.33,453.28,-0.050453
ASC-08,535,-2130.99,-3437.15,281.18,-0.064203
ASC-08,536,-2541.48,2730.54,318.7,-0.055845
ASC-08,537,-1250.0,686.81,707.82,-0.096401
ASC-08,538,1877.79,1202.94,631.32,-0.04136
ASC-08,539,-83.45,1631.99,758.32,-0.074442
ASC-08,540,2962.29,-3201.37,284.24,-0.019916
ASC-08,541,1094.69,-2857.02,382.63,-0.050395
ASC-08,542,846.35,-1.14,1217.48,-0.076812
ASC-08,543,1873.84,-3148.17,327.33,-0.035603
ASC-08,544,1751.81,30.25,766.09,-0.051736
ASC-08,545,-1093.13,1654.37,591.73,-0.082635
ASC-08,546,-1700.94,1101.86,547.24,-0.089624
ASC-08,547,-436.65,816.53,990.62,-0.093455
ASC-08,548,-75.27,-3175.16,355.91,-0.059483
ASC-08,549,-2507.94,-1843.42,348.12,-0.079472
ASC-08,550,-410.67,2782.46,451.53,-0.053661
ASC-08,551,978.76,-2637.46,414.48,-0.05564
ASC-08,552,-2550.0,232.57,424.33,-0.089459
ASC-08,553,-2533.73,-3149.66,280.5,-0.063295
ASC-08,554,-2283.95,3074.42,314.03,-0.051819
ASC-08,555,-1516.68,-2299.06,391.23,-0.084867
ASC-08,556,3231.96,-629.85,396.72,-0.020445
ASC-08,557,-3319.46,327.47,334.12,-0.081043
ASC-08,558,-2213.83,1530.56,425.22,-0.080246
ASC-08,559,-2344.67,3062.17,311.64,-0.052104
ASC-08,560,-179.56,1654.54,740.33,-0.075948
ASC-08,561,-3394.49,-1068.42,310.95,-0.078738
ASC-08,562,-292.79,-2972.62,374.43,-0.064583
ASC-08,563,-2359.54,1451.84,411.37,-0.07969
ASC-08,564,-1612.52,3307.57,331.71,-0.052896
ASC-08,565,2047.08,-3380.89,305.32,-0.032796
ASC-08,566,-2211.53,1922.76,396.92,-0.070759
ASC-08,567,819.9,-2267.01,479.34,-0.060777
ASC-08,568,-655.81,-280.32,935.15,-0.103503
ASC-08,569,-576.83,158.46,1035.48,-0.102831
ASC-08,570,2217.92,800.98,592.8,-0.036025
ASC-08,571,-2373.6,3426.76,291.8,-0.046788
ASC-08,572,2966.67,1311.81,418.57,-0.014847
ASC-08,573,2754.44,-753.29,459.26,-0.02615
ASC-08,574,1178.25,1505.15,725.56,-0.048571
ASC-08,575,-3153.87,-232.88,347.32,-0.082238
ASC-08,576,1143.16,-608.16,888.56,-0.070242
ASC-08,577,702.43,-940.43,869.81,-0.079192
ASC-08,578,1905.44,-46.16,707.97,-0.048289
ASC-08,579,-2003.18,-1531.72,419.68,-0.0912
ASC-08,580,3173.49,-1805.3,345.07,-0.020381
ASC-08,581,2703.38,-2460.73,337.4,-0.028375
ASC-08,582,-2699.5,-418.43,394.71,-0.088396
ASC-08,583,-1293.59,-1447.17,525.48,-0.097073
ASC-08,584,-3272.89,2358.59,292.79,-0.05711
ASC-08,585,2316.63,2435.26,401.59,-0.018833
ASC-08,586,2905.66,-1092.86,415.73,-0.027017
ASC-08,587,3428.66,833.99,378.58,-0.009597
ASC-08,588,783.48,2816.04,454.59,-0.03314
ASC-08,589,1161.9,-985.87,764.47,-0.0675
ASC-08,590,1248.84,383.01,987.61,-0.064315
ASC-08,591,491.04,-395.09,1188.86,-0.088055
ASC-08,592,3166.96,1051.86,404.25,-0.009084
ASC-08,593,755.03,3218.4,396.02,-0.028842
ASC-08,594,-1149.92,-2529.63,391.08,-0.077914
ASC-08,595,90.14,3257.7,394.41,-0.038453
ASC-08,596,-3369.36,1160.13,319.66,-0.074593
ASC-08,597,1568.88,2071.09,532.3,-0.032722
ASC-08,598,1357.45,945.85,833.04,-0.054054
ASC-08,599,-552.64,2592.22,475.93,-0.05736
ASC-08,600,2460.37,-1216.33,468.02,-0.034275
ASC-08,601,1788.68,1456.33,609.35,-0.038857
ASC-08,602,-1143.21,-1651.21,513.67,-0.093
ASC-08,603,-2957.51,60.6,370.64,-0.087962
ASC-08,604,-2574.44,1270.43,394.1,-0.082125
ASC-08,605,-2210.09,-2092.13,355.57,-0.08344
ASC-08,606,-1372.57,-3071.88,329.47,-0.071916
ASC-08,607,-367.39,2036.64,607.67,-0.070109
ASC-08,608,2995.98,2162.62,362.4,-0.01044
ASC-08,609,-1551.07,1159.65,573.6,-0.089493
ASC-08,610,2790.1,-1249.98,419.69,-0.029856
ASC-08,611,1263.24,1107.21,820.85,-0.055139
ASC-08,612,2474.45,-2912.84,319.32,-0.029928
ASC-08,613,-677.23,1137.57,808.13,-0.091372
ASC-08,614,-3477.06,533.39,319.75,-0.076105
ASC-08,615,2008.77,820.43,646.43,-0.040752
ASC-08,616,-1781.67,-371.11,555.73,-0.099933
ASC-08,617,-2502.64,-1923.89,343.87,-0.081049
ASC-08,618,2096.44,1581.14,531.14,-0.031546
ASC-08,619,1304.3,-251.09,920.0,-0.065538
ASC-08,620,-2013.09,1717.66,437.19,-0.078498
ASC-08,621,-1626.93,-950.74,535.95,-0.103155
ASC-08,622,3074.54,-2885.48,294.34,-0.021518
ASC-08,623,-1620.23,297.2,616.31,-0.096622
ASC-08,624,1416.84,859.33,831.81,-0.054375
ASC-08,625,-2593.13,2952.44,304.69,-0.054097
ASC-08,626,2205.25,2714.28,383.12,-0.016815
ASC-08,627,-2676.87,-3099.96,277.51,-0.060807
ASC-08,628,112.29,1902.88,678.71,-0.063038
ASC-08,629,-3253.48,-1670.46,303.14,-0.077377
ASC-08,630,350.55,1380.39,882.37,-0.07081
ASC-08,631,2426.35,-843.63,509.24,-0.036174
ASC-08,632,-2909.21,-1245.45,343.56,-0.084791
ASC-08,633,-1580.2,-82.01,622.31,-0.100849
ASC-08,634,1852.85,213.72,732.69,-0.047247
ASC-08,635,756.69,1361.38,852.79,-0.062967
ASC-08,636,-1310.42,965.18,656.95,-0.094792
ASC-08,637,902.33,1247.79,870.15,-0.059894
ASC-08,638,-317.03,-811.46,880.85,-0.10038
ASC-08,639,2536.49,1241.38,489.6,-0.028735
ASC-08,640,-1449.42,-1082.29,553.26,-0.101466
ASC-08,641,1804.11,752.73,715.39,-0.044739
ASC-08,642,949.72,-283.27,1074.27,-0.075619
ASC-08,643,1683.0,439.59,788.45,-0.053887
ASC-08,644,-852.17,-3377.23,322.46,-0.065966
ASC-08,645,1574.45,-8.5,834.16,-0.055503
ASC-08,646,1388.98,-1960.22,499.0,-0.055912
ASC-08,647,-787.58,-799.31,760.36,-0.105115
ASC-08,648,-3314.83,-2983.6,260.46,-0.060385
ASC-08,649,3240.39,1098.31,393.16,-0.006336
ASC-08,650,1495.2,2754.65,428.82,-0.026474
ASC-08,651,-2066.83,-1017.82,454.35,-0.098124
ASC-08,652,1615.65,-2764.53,372.6,-0.042905
ASC-08,653,-1549.22,841.87,606.77,-0.093398
ASC-08,654,-215.0,-2610.74,423.23,-0.068552
ASC-08,655,2519.22,2741.35,358.21,-0.014921
ASC-08,656,-363.5,-2642.8,414.24,-0.071418
ASC-08,657,-1483.95,-966.91,562.16,-0.103403
ASC-08,658,-1361.56,-37.38,689.93,-0.101144
ASC-08,659,-2960.88,-2674.89,282.69,-0.066997
ASC-08,660,-1963.46,-1268.77,448.24,-0.094481
ASC-08,661,-1602.26,-1573.05,464.96,-0.096718
ASC-08,662,-2289.22,1493.1,417.84,-0.080601
ASC-08,663,-3058.54,3403.91,267.95,-0.0469
ASC-08,664,-239.48,-960.14,839.23,-0.097757
ASC-08,665,-1999.23,2035.04,411.04,-0.072981
ASC-08,666,1671.39,-2517.61,397.13,-0.044839
ASC-08,667,2957.69,559.4,450.96,-0.020629
ASC-08,668,-1589.11,-471.01,594.15,-0.101452
ASC-08,669,505.74,-1482.71,684.47,-0.075781
ASC-08,670,47.08,2251.97,578.0,-0.052858
ASC-08,671,-2974.24,1724.95,335.0,-0.073137
ASC-08,672,-2625.88,-2562.02,302.6,-0.068424
ASC-08,673,2693.46,-1453.15,415.72,-0.031322
ASC-08,674,-180.94,2236.53,571.74,-0.059339
ASC-08,675,2132.27,3447.02,324.92,-0.012491
ASC-08,676,-3033.93,780.95,357.13,-0.083127
ASC-08,677,663.69,2601.89,496.99,-0.041693
ASC-08,678,2557.18,3389.55,310.86,-0.007275
ASC-08,679,2569.46,1683.82,446.06,-0.021021
ASC-08,680,-3459.94,1013.13,315.43,-0.075277
ASC-08,681,152.04,-1951.33,556.24,-0.074723
ASC-08,682,-916.97,-907.03,700.92,-0.103911
ASC-08,683,1820.29,864.88,696.21,-0.042823
ASC-08,684,-2987.47,2984.81,284.85,-0.052728
ASC-08,685,-1645.51,-1387.07,481.29,-0.096686
ASC-08,686,2188.5,-733.54,568.26,-0.041448
ASC-08,687,-213.11,-3344.34,337.78,-0.058408
ASC-08,688,-327.95,1377.09,816.35,-0.082369
ASC-08,689,3279.91,-395.01,397.83,-0.019306
ASC-08,690,-1260.77,2084.12,493.58,-0.074506
ASC-08,691,-3207.95,-1864.42,299.45,-0.074543
ASC-08,692,-754.59,1117.52,790.7,-0.090219
ASC-08,693,-2426.39,1211.65,415.84,-0.081815
ASC-08,694,-2926.76,-249.73,370.93,-0.086179
ASC-08,695,475.02,-2179.76,505.65,-0.070386
ASC-08,696,3175.03,-679.71,402.11,-0.022221
ASC-08,697,555.85,1715.3,738.46,-0.060337
ASC-08,698,1029.8,-2175.7,486.11,-0.057985
ASC-08,699,-1234.6,-2869.71,352.21,-0.073909
ASC-09,0,875.67,497.86,1173.71,-0.080614
ASC-09,1,2780.5,1765.71,412.23,-0.027528
ASC-09,2,1929.8,624.99,688.02,-0.049385
ASC-09,3,-1923.55,2119.45,411.65,-0.069767
ASC-09,4,-1398.84,353.29,681.09,-0.095711
ASC-09,5,2614.87,-2112.99,369.29,-0.031626
ASC-09,6,-3463.14,579.08,320.51,-0.066115
ASC-09,7,2248.6,-63.45,604.37,-0.048893
ASC-09,8,2079.49,-2338.45,389.9,-0.040091
ASC-09,9,-224.46,834.16,1066.62,-0.092322
ASC-09,10,-1378.77,2218.72,460.56,-0.069607
ASC-09,11,-1551.02,-2554.39,364.16,-0.065581
ASC-09,12,-1715.91,314.62,590.38,-0.094776
ASC-09,13,-384.47,1635.81,719.47,-0.079519
ASC-09,14,31.84,-678.88,1012.92,-0.094461
ASC-09,15,374.48,-1609.68,648.43,-0.078325
ASC-09,16,3468.5,-894.04,360.54,-0.026745
ASC-09,17,2048.63,291.89,666.78,-0.049337
ASC-09,18,855.25,1306.62,857.08,-0.0686
ASC-09,19,3422.72,414.23,386.14,-0.026642
ASC-09,20,-1992.84,-2750.82,324.21,-0.060497
ASC-09,21,-2378.52,2225.2,359.9,-0.061396
ASC-09,22,787.78,2967.02,430.46,-0.040662
ASC-09,23,-3192.41,-2790.95,269.95,-0.051724
ASC-09,24,-3250.24,-1753.36,300.66,-0.059846
ASC-09,25,104.22,-2284.23,484.84,-0.063034
ASC-09,26,-236.56,2444.09,522.14,-0.06166
ASC-09,27,2920.17,2871.95,323.76,-0.020593
ASC-09,28,904.58,-3190.08,351.03,-0.047809
ASC-09,29,98.82,-1173.06,794.71,-0.084498
ASC-09,30,-21.89,-2152.54,508.05,-0.068352
ASC-09,31,-1767.4,-213.27,567.86,-0.097491
ASC-09,32,-3417.44,2951.13,268.72,-0.041619
ASC-09,33,-2153.18,-3008.79,301.54,-0.053599
ASC-09,34,1344.22,-2301.05,446.25,-0.047551
ASC-09,35,-2095.75,-90.8,500.16,-0.08878
ASC-09,36,-913.25,168.24,867.88,-0.100595
ASC-09,37,-3473.86,1718.51,299.61,-0.057061
ASC-09,38,2310.33,-436.2,567.78,-0.046198
ASC-09,39,-2418.77,-2512.04,315.94,-0.061054
ASC-09,40,-1626.8,-1024.72,527.39,-0.08961
ASC-09,41,2662.33,3374.65,307.25,-0.023846
ASC-09,42,68.54,1755.06,725.89,-0.072725
ASC-09,43,2430.05,-2685.59,337.3,-0.028569
ASC-09,44,978.02,2157.46,576.97,-0.052296
ASC-09,45,1692.4,-1323.51,578.89,-0.048958
ASC-09,46,-2859.53,1969.78,334.15,-0.056571
ASC-09,47,288.01,-3410.95,335.09,-0.04836
ASC-09,48,54.41,2598.89,500.55,-0.05739
ASC-09,49,2599.38,-2363.83,351.0,-0.031845
ASC-09,50,-971.15,-309.75,801.96,-0.102873
ASC-09,51,687.29,1132.29,965.25,-0.074131
ASC-09,52,-3085.24,55.09,356.7,-0.074677
ASC-09,53,-786.58,-2342.22,437.48,-0.072698
ASC-09,54,-1238.75,-2526.17,386.09,-0.068179
ASC-09,55,-2448.6,-1508.26,373.43,-0.07296
ASC-09,56,2214.37,-3133.26,315.66,-0.029037
ASC-09,57,-843.88,-1984.19,489.89,-0.079266
ASC-09,58,3351.24,-2589.26,295.32,-0.017816
ASC-09,59,629.94,-246.42,1236.02,-0.086697
ASC-09,60,735.39,-1004.43,838.69,-0.076622
ASC-09,61,965.98,607.83,1091.23,-0.075265
ASC-09,62,1235.15,-1533.85,603.39,-0.061378
ASC-09,63,-2444.48,-3262.62,278.86,-0.048823
ASC-09,64,-417.81,-1182.23,731.07,-0.092067
ASC-09,65,-1823.05,1786.26,456.32,-0.072812
ASC-09,66,-682.51,-1709.13,558.46,-0.082218
ASC-09,67,-2823.07,-668.16,372.82,-0.078058
ASC-09,68,3274.8,1784.82,358.56,-0.020638
ASC-09,69,-1994.97,-653.23,493.22,-0.091798
ASC-09,70,1202.36,2709.87,453.44,-0.039622
ASC-09,71,-1397.06,2926.48,376.31,-0.05538
ASC-09,72,2618.54,-1326.29,435.73,-0.036815
ASC-09,73,1135.5,1651.75,691.05,-0.059808
ASC-09,74,-2578.69,-1728.18,348.91,-0.069859
ASC-09,75,2415.52,-2523.34,350.54,-0.031619
ASC-09,76,3114.64,-434.83,419.13,-0.031748
ASC-09,77,2827.42,717.31,468.63,-0.032024
ASC-09,78,488.03,3049.14,423.56,-0.046851
ASC-09,79,-2481.78,-2478.69,314.28,-0.061031
ASC-09,80,-2152.76,1486.54,436.69,-0.074757
ASC-09,81,2995.34,-171.75,444.52,-0.036073
ASC-09,82,366.29,-2578.03,435.25,-0.057427
ASC-09,83,-2236.13,3308.61,303.4,-0.049163
ASC-09,84,2688.4,1370.38,454.69,-0.036153
ASC-09,85,991.0,-2597.99,419.61,-0.051766
ASC-09,86,487.86,2840.29,456.87,-0.049054
ASC-09,87,-865.99,-2778.34,377.85,-0.061644
ASC-09,88,-623.31,-2851.39,379.09,-0.061086
ASC-09,89,-1823.58,-1179.14,477.31,-0.083757
ASC-09,90,-3233.6,3065.71,272.25,-0.040303
ASC-09,91,2633.53,-3268.83,292.4,-0.020891
ASC-09,92,-225.89,2927.45,435.43,-0.050943
ASC-09,93,333.45,781.28,1217.45,-0.086867
ASC-09,94,-1244.86,-3030.64,337.81,-0.058883
ASC-09,95,1759.27,480.14,757.02,-0.054099
ASC-09,96,-3323.62,-288.46,331.06,-0.067696
ASC-09,97,-894.7,447.89,865.0,-0.098219
ASC-09,98,-3287.55,1660.42,313.4,-0.059341
ASC-09,99,-2639.76,1250.33,387.18,-0.074719
ASC-09,100,3270.04,3480.59,278.49,-0.01805
ASC-09,101,1104.33,-2403.32,443.89,-0.051036
ASC-09,102,-502.46,2189.99,558.8,-0.070678
ASC-09,103,166.18,-622.35,1060.73,-0.092821
ASC-09,104,2609.66,1983.15,414.42,-0.028388
ASC-09,105,-1090.53,2742.45,417.31,-0.059362
ASC-09,106,632.04,3443.99,370.59,-0.037747
ASC-09,107,1285.79,-1637.71,573.51,-0.05764
ASC-09,108,-1012.1,-329.43,784.03,-0.103759
ASC-09,109,133.69,3099.45,416.39,-0.04825
ASC-09,110,1856.73,3120.17,365.19,-0.030217
ASC-09,111,2864.26,-889.88,434.09,-0.032429
ASC-09,112,-2442.56,3081.47,305.76,-0.04714
ASC-09,113,3033.94,-658.76,422.03,-0.034589
ASC-09,114,-3463.75,-876.64,310.32,-0.064332
ASC-09,115,1770.84,1796.34,552.88,-0.043475
ASC-09,116,2173.69,-201.52,618.11,-0.048007
ASC-09,117,-2542.65,-362.61,417.32,-0.079891
ASC-09,118,-567.67,-797.17,821.42,-0.099457
ASC-09,119,2206.79,-470.37,589.85,-0.048064
ASC-09,120,-3400.1,-2521.28,270.19,-0.053455
ASC-09,121,899.23,-3072.74,363.22,-0.047276
ASC-09,122,2051.17,1777.95,511.61,-0.041715
ASC-09,123,91.03,451.5,1406.2,-0.094071
ASC-09,124,1580.95,1203.23,707.0,-0.052735
ASC-09,125,-1915.04,2116.35,412.85,-0.069609
ASC-09,126,-2110.35,-1889.26,378.88,-0.076856
ASC-09,127,-958.11,-1863.59,499.46,-0.082025
ASC-09,128,-2244.16,-1554.64,391.11,-0.075312
ASC-09,129,-1077.57,-1372.53,572.23,-0.091848
ASC-09,130,3136.87,1824.84,369.65,-0.02301
ASC-09,131,513.33,-880.73,919.7,-0.083222
ASC-09,132,-1119.52,-1237.68,590.06,-0.091766
ASC-09,133,-1599.33,954.11,584.08,-0.087844
ASC-09,134,3164.28,-2194.01,324.53,-0.022601
ASC-09,135,-388.65,-2755.06,398.42,-0.062296
ASC-09,136,3362.76,1379.93,368.19,-0.023226
ASC-09,137,108.66,1795.12,713.98,-0.071677
ASC-09,138,148.16,-1425.45,705.16,-0.080741
ASC-09,139,2775.78,952.29,467.25,-0.033647
ASC-09,140,1699.37,-3261.46,324.48,-0.03186
ASC-09,141,564.57,-669.77,1018.23,-0.087225
ASC-09,142,-513.45,545.71,1032.12,-0.095632
ASC-09,143,2647.32,-1726.07,398.14,-0.03358
ASC-09,144,-618.48,-1062.5,729.74,-0.093566
ASC-09,145,2959.32,766.85,444.82,-0.030429
ASC-09,146,-3018.99,629.28,361.12,-0.071159
ASC-09,147,-490.02,-2420.66,441.88,-0.066444
ASC-09,148,136.6,1446.07,848.97,-0.078903
ASC-09,149,3156.57,-2939.8,288.53,-0.018691
ASC-09,150,-1743.01,3288.07,327.07,-0.049804
ASC-09,151,2142.27,-2083.47,412.14,-0.039332
ASC-09,152,1235.3,-1725.16,560.08,-0.059825
ASC-09,153,1519.6,-2097.9,464.78,-0.048524
ASC-09,154,907.36,3440.49,366.55,-0.03633
ASC-09,155,3300.92,-1493.84,350.79,-0.026362
ASC-09,156,-1171.23,737.05,728.0,-0.094271
ASC-09,157,-712.07,3434.44,356.62,-0.049542
ASC-09,158,-2079.62,3150.47,319.85,-0.0487
ASC-09,159,-3145.07,-3203.55,259.42,-0.0451
ASC-09,160,-2009.64,148.29,521.52,-0.087739
ASC-09,161,2908.25,709.13,455.08,-0.031974
ASC-09,162,2381.18,1416.77,500.68,-0.040541
ASC-09,163,-2713.16,-1148.63,366.07,-0.073939
ASC-09,164,726.45,-1204.64,763.74,-0.077578
ASC-09,165,-145.62,-3470.01,327.56,-0.048029
ASC-09,166,662.79,-3253.34,348.16,-0.048548
ASC-09,167,1114.93,350.4,1063.3,-0.074402
ASC-09,168,-1353.38,-2968.79,338.44,-0.059236
ASC-09,169,3229.46,-2082.63,326.14,-0.022669
ASC-09,170,-239.12,-1167.1,763.13,-0.087567
ASC-09,171,896.71,-3006.7,370.5,-0.047287
ASC-09,172,946.58,-3283.98,341.3,-0.046678
ASC-09,173,-2212.77,2988.44,322.83,-0.049225
ASC-09,174,-3066.94,-453.54,352.43,-0.07516
ASC-09,175,-619.38,-2065.81,493.85,-0.075879
ASC-09,176,1848.21,1459.16,596.56,-0.048571
ASC-09,177,2206.55,-3433.88,297.27,-0.027135
ASC-09,178,1609.92,-1784.88,507.29,-0.04769
ASC-09,179,-2707.57,3225.25,287.3,-0.045298
ASC-09,180,2893.48,2783.83,330.66,-0.022403
ASC-09,181,2114.26,951.48,605.07,-0.046368
ASC-09,182,2643.84,-2847.58,315.6,-0.025443
ASC-09,183,163.13,-1273.64,759.23,-0.081154
ASC-09,184,2909.45,-3304.47,281.48,-0.020919
ASC-09,185,-3173.43,-1965.66,297.94,-0.061557
ASC-09,186,-3287.98,-3321.96,252.53,-0.041914
ASC-09,187,-3358.49,-2616.85,269.06,-0.054328
ASC-09,188,-1730.62,932.5,555.7,-0.087532
ASC-09,189,-1760.01,-2796.9,332.79,-0.059026
ASC-09,190,-2187.48,-2409.66,335.6,-0.065173
ASC-09,191,469.39,2819.66,460.64,-0.049919
ASC-09,192,-3227.1,-1151.83,320.91,-0.067654
ASC-09,193,632.72,-1169.02,786.38,-0.079804
ASC-09,194,-2337.92,-2894.22,299.73,-0.056061
ASC-09,195,1245.12,2071.51,570.73,-0.049698
ASC-09,196,-3352.47,1234.64,319.39,-0.060315
ASC-09,197,-1326.01,329.93,705.61,-0.095744
ASC-09,198,3068.39,825.39,426.13,-0.029798
ASC-09,199,268.77,-2797.34,403.34,-0.056947
ASC-09,200,2181.11,-1677.86,454.99,-0.03934
ASC-09,201,1106.18,585.49,1026.73,-0.074425
ASC-09,202,775.26,3165.62,402.53,-0.04047
ASC-09,203,-2161.23,2219.92,379.57,-0.064905
ASC-09,204,520.76,985.08,1070.9,-0.081819
ASC-09,205,-3222.2,131.73,343.26,-0.072827
ASC-09,206,2111.65,-3394.07,302.51,-0.027691
ASC-09,207,3220.5,2735.01,313.87,-0.023142
ASC-09,208,2478.06,-3032.02,311.6,-0.027058
ASC-09,209,-3145.03,-2596.43,277.88,-0.055953
ASC-09,210,-1129.38,1351.5,641.22,-0.085134
ASC-09,211,-1273.98,2185.01,477.09,-0.07208
ASC-09,212,-2710.98,2005.85,344.4,-0.05775
ASC-09,213,886.28,-333.17,1084.4,-0.080835
ASC-09,214,2082.21,-2260.61,397.89,-0.040345
ASC-09,215,-1303.95,-3252.88,318.52,-0.054984
ASC-09,216,2539.66,2459.66,379.86,-0.029136
ASC-09,217,2079.89,3343.88,334.92,-0.029356
ASC-09,218,-2596.03,-1791.05,344.06,-0.068032
ASC-09,219,1868.01,2562.53,426.53,-0.035074
ASC-09,220,2678.35,-682.28,476.46,-0.038034
ASC-09,221,-2119.02,-1320.59,423.27,-0.078393
ASC-09,222,515.49,36.08,1452.28,-0.092555
ASC-09,223,971.25,-3442.82,326.95,-0.041724
ASC-09,224,765.34,-401.0,1103.7,-0.083398
ASC-09,225,-2826.28,-2103.12,312.68,-0.064697
ASC-09,226,1128.34,1487.2,740.64,-0.060364
ASC-09,227,923.68,18.0,1172.71,-0.083224
ASC-09,228,2267.2,2581.97,391.27,-0.029953
ASC-09,229,2124.59,2776.54,382.81,-0.031954
ASC-09,230,-1209.82,-1282.69,565.94,-0.090578
ASC-09,231,1554.33,-1537.31,559.49,-0.049748
ASC-09,232,2570.91,3073.91,330.49,-0.024282
ASC-09,233,2750.63,27.98,491.62,-0.039187
ASC-09,234,-2369.41,-2824.39,301.89,-0.057008
ASC-09,235,-3313.08,-3178.8,255.44,-0.044665
ASC-09,236,1055.65,3432.98,363.99,-0.036966
ASC-09,237,-1997.27,554.15,518.5,-0.089826
ASC-09,238,445.97,-3118.55,363.81,-0.051212
ASC-09,239,3113.63,78.79,429.46,-0.031421
ASC-09,240,-844.76,28.73,893.36,-0.104246
ASC-09,241,-1730.58,-452.29,561.9,-0.09633
ASC-09,242,-304.43,3158.96,400.31,-0.048546
ASC-09,243,1100.71,3141.4,396.55,-0.037584
ASC-09,244,-2792.31,-2625.23,291.91,-0.058841
ASC-09,245,-835.91,-2437.96,421.07,-0.069051
ASC-09,246,-2563.95,-647.58,404.81,-0.082565
ASC-09,247,1137.12,2338.19,524.54,-0.046119
ASC-09,248,2313.87,866.27,564.7,-0.040169
ASC-09,249,-862.02,1608.81,643.97,-0.085034
ASC-09,250,-897.93,532.41,854.86,-0.097088
ASC-09,251,276.65,-2029.6,539.25,-0.068239
ASC-09,252,-1994.6,2224.36,395.05,-0.066534
ASC-09,253,-1768.13,-3401.85,294.09,-0.05183
ASC-09,254,-1191.03,1389.39,620.6,-0.084887
ASC-09,255,-298.02,-2139.62,499.86,-0.073744
ASC-09,256,-2929.28,-202.36,371.35,-0.076359
ASC-09,257,1769.12,3325.93,349.99,-0.029882
ASC-09,258,553.38,273.25,1458.13,-0.091839
ASC-09,259,-1402.14,-3101.36,326.09,-0.058288
ASC-09,260,-2957.17,-498.54,362.78,-0.077061
ASC-09,261,1842.27,1121.87,652.76,-0.05
ASC-09,262,-2582.45,-3103.05,280.69,-0.050986
ASC-09,263,-2567.55,-1731.42,349.65,-0.069982
ASC-09,264,-2585.21,-3371.65,270.27,-0.046772
ASC-09,265,-2931.16,280.48,373.89,-0.077797
ASC-09,266,2844.75,-829.66,440.59,-0.036373
ASC-09,267,-1615.29,25.83,616.17,-0.096188
ASC-09,268,-1355.13,-1429.14,518.92,-0.085481
ASC-09,269,2329.56,1097.65,541.64,-0.043367
ASC-09,270,839.46,-2288.4,474.72,-0.058447
ASC-09,271,-2190.0,2846.56,333.05,-0.051856
ASC-09,272,-456.31,3220.57,388.17,-0.048148
ASC-09,273,2687.46,-49.04,502.76,-0.039518
ASC-09,274,-872.38,-242.27,850.58,-0.101895
ASC-09,275,1476.17,2517.32,465.27,-0.040072
ASC-09,276,-2822.35,-1471.14,341.5,-0.068813
ASC-09,277,1591.27,2121.74,520.44,-0.042886
ASC-09,278,1935.31,-1488.85,512.93,-0.045135
ASC-09,279,2280.37,1539.75,504.67,-0.038977
ASC-09,280,1219.41,-1161.92,701.57,-0.063806
ASC-09,281,-904.87,718.21,825.67,-0.093874
ASC-09,282,-3050.52,2981.08,282.3,-0.044628
ASC-09,283,131.43,-3119.73,363.57,-0.051549
ASC-09,284,1802.22,2150.78,490.55,-0.041503
ASC-09,285,-2164.13,292.92,489.83,-0.086271
ASC-09,286,-1636.34,-846.53,545.8,-0.096322
ASC-09,287,252.84,-1048.07,852.35,-0.086645
ASC-09,288,1738.32,-3014.12,343.41,-0.033927
ASC-09,289,2776.11,-1691.35,387.92,-0.032522
ASC-09,290,-2619.81,861.96,403.83,-0.077025
ASC-09,291,-2210.11,-2816.87,309.6,-0.059785
ASC-09,292,2096.76,1185.85,582.57,-0.043965
ASC-09,293,1011.65,3235.77,387.64,-0.037211
ASC-09,294,1546.81,3365.43,355.26,-0.032098
ASC-09,295,3477.4,2724.69,300.25,-0.01987
ASC-09,296,3074.26,2146.28,356.64,-0.023017
ASC-09,297,2401.18,-2254.33,374.04,-0.032849
ASC-09,298,1939.81,3291.09,345.54,-0.029418
ASC-09,299,-734.87,-2080.94,482.42,-0.078339
ASC-09,300,988.6,2583.35,486.96,-0.045262
ASC-09,301,-2208.88,2645.12,345.14,-0.054034
ASC-09,302,1816.46,853.36,698.9,-0.050979
ASC-09,303,1803.83,149.15,750.09,-0.056598
ASC-09,304,1549.07,-2097.02,462.46,-0.047596
ASC-09,305,-386.41,136.28,1147.33,-0.10081
ASC-09,306,-852.74,-1465.66,588.69,-0.087966
ASC-09,307,-561.6,-2618.84,410.22,-0.066618
ASC-09,308,-3266.63,-2602.66,272.91,-0.055809
ASC-09,309,2410.24,2108.2,425.09,-0.03091
ASC-09,310,296.59,2956.82,438.73,-0.049916
ASC-09,311,-787.37,-2506.92,414.53,-0.067518
ASC-09,312,336.2,-3407.17,335.41,-0.046349
ASC-09,313,1551.48,-1654.57,537.53,-0.050179
ASC-09,314,-829.77,-2558.93,405.55,-0.066394
ASC-09,315,2314.48,-2179.61,387.67,-0.036114
ASC-09,316,2936.24,583.29,453.98,-0.032907
ASC-09,317,-787.97,-543.94,823.0,-0.101757
ASC-09,318,-2535.29,-495.4,414.22,-0.083453
ASC-09,319,1822.61,-2060.71,443.74,-0.046936
ASC-09,320,3450.64,1152.12,367.16,-0.021337
ASC-09,321,-2464.08,-1473.43,374.01,-0.073367
ASC-09,322,1488.73,-705.97,753.81,-0.060132
ASC-09,323,2277.26,-256.1,587.78,-0.046718
ASC-09,324,2944.0,2830.97,324.78,-0.021273
ASC-09,325,-2636.33,-1775.51,341.72,-0.067587
ASC-09,326,-2857.33,1530.66,352.79,-0.064686
ASC-09,327,3415.1,-1334.42,348.15,-0.027008
ASC-09,328,-2682.7,2760.98,309.11,-0.048219
ASC-09,329,-2262.35,-741.44,443.07,-0.087504
ASC-09,330,524.67,36.13,1446.17,-0.092295
ASC-09,331,-376.09,2640.51,477.26,-0.054891
ASC-09,332,1752.75,1209.33,661.24,-0.050666
ASC-09,333,-2166.1,-2839.49,310.37,-0.057612
ASC-09,334,2900.99,-2542.15,320.73,-0.025287
ASC-09,335,-1979.64,3435.13,307.21,-0.04624
ASC-09,336,1883.78,-3296.26,316.09,-0.030204
ASC-09,337,-3026.78,-1393.9,328.25,-0.066819
ASC-09,338,-186.18,3212.26,396.18,-0.048701
ASC-09,339,-3272.09,-3394.26,251.16,-0.042411
ASC-09,340,-1303.33,-2370.21,399.08,-0.07055
ASC-09,341,-1314.39,-2006.45,442.39,-0.080438
ASC-09,342,1538.24,-2895.26,362.51,-0.040197
ASC-09,343,-314.88,-196.27,1121.08,-0.100384
ASC-09,344,-3102.58,647.07,352.22,-0.070887
ASC-09,345,3467.53,-1271.75,346.16,-0.027149
ASC-09,346,2720.9,-2739.45,318.45,-0.027024
ASC-09,347,2914.27,2176.69,368.72,-0.024655
ASC-09,348,-1773.97,2131.3,426.77,-0.070098
ASC-09,349,-741.23,434.7,936.31,-0.098208
ASC-09,350,-1909.74,-2535.81,343.84,-0.065043
ASC-09,351,-2625.66,293.38,413.11,-0.077746
ASC-09,352,-3268.83,906.67,332.66,-0.066578
ASC-09,353,23.36,-501.95,1107.07,-0.098982
ASC-09,354,-2638.06,2547.04,322.27,-0.052314
ASC-09,355,-2265.87,-769.68,440.94,-0.087056
ASC-09,356,2523.33,76.21,539.92,-0.042055
ASC-09,357,-110.3,-2701.0,412.72,-0.063135
ASC-09,358,-2214.08,444.86,478.45,-0.084148
ASC-09,359,1189.05,1865.14,626.16,-0.054608
ASC-09,360,-1638.95,1618.81,502.32,-0.078
ASC-09,361,188.56,-1701.13,621.42,-0.079311
ASC-09,362,-1519.33,3443.06,325.74,-0.047041
ASC-09,363,113.13,1539.54,808.83,-0.077245
ASC-09,364,899.74,-533.73,997.48,-0.077094
ASC-09,365,253.46,-595.64,1081.73,-0.092803
ASC-09,366,-730.77,1955.28,586.13,-0.078292
ASC-09,367,2035.7,-2270.22,400.44,-0.041036
ASC-09,368,2614.06,977.39,494.65,-0.037915
ASC-09,369,-2244.4,1531.88,421.1,-0.072846
ASC-09,370,-2545.84,114.38,424.78,-0.082067
ASC-09,371,-2707.66,2612.39,314.76,-0.050885
ASC-09,372,3357.18,-219.55,391.71,-0.028417
ASC-09,373,3091.14,-245.75,427.89,-0.033501
ASC-09,374,-1885.33,-1507.24,436.15,-0.08123
ASC-09,375,3289.35,2935.6,300.67,-0.021962
ASC-09,376,-2045.28,-1286.11,435.62,-0.080343
ASC-09,377,45.33,1366.9,876.53,-0.082112
ASC-09,378,-18.3,-634.53,1026.97,-0.096166
ASC-09,379,2904.69,3047.97,314.46,-0.021929
ASC-09,380,-3216.3,3135.72,270.77,-0.042778
ASC-09,381,-1292.54,-3289.75,316.27,-0.054433
ASC-09,382,699.82,3461.74,367.75,-0.036
ASC-09,383,-3035.21,734.55,357.81,-0.07062
ASC-09,384,-1844.15,-2983.03,316.12,-0.055734
ASC-09,385,-244.56,-20.78,1213.82,-0.100154
ASC-09,386,2666.0,-3153.7,297.22,-0.023179
ASC-09,387,1826.72,342.26,739.69,-0.05578
ASC-09,388,2302.86,-2201.82,386.48,-0.035608
ASC-09,389,1827.49,-924.42,623.58,-0.049962
ASC-09,390,1454.05,-1367.1,609.84,-0.054463
ASC-09,391,2447.85,715.48,544.01,-0.038803
ASC-09,392,1270.34,2256.53,529.39,-0.045595
ASC-09,393,1649.78,3055.76,382.62,-0.033144
ASC-09,394,-1388.49,-1197.99,547.86,-0.089474
ASC-09,395,-2326.51,487.83,457.68,-0.082636
ASC-09,396,1795.67,-3458.71,307.57,-0.029407
ASC-09,397,-2339.14,-894.86,423.27,-0.085115
ASC-09,398,2936.19,3224.93,303.36,-0.022585
ASC-09,399,676.5,-2668.13,418.05,-0.053461
ASC-09,400,-1193.96,2588.79,429.27,-0.063109
ASC-09,401,3056.5,1067.54,418.48,-0.032485
ASC-09,402,-2414.09,-1442.74,380.95,-0.074289
ASC-09,403,101.26,1947.13,664.5,-0.072162
ASC-09,404,-2859.12,-1475.03,338.3,-0.066927
ASC-09,405,3257.99,2763.71,310.35,-0.022102
ASC-09,406,527.63,-2920.69,386.28,-0.051777
ASC-09,407,2125.67,-2667.05,355.59,-0.035289
ASC-09,408,-1526.54,1750.09,503.73,-0.078675
ASC-09,409,2112.58,-355.75,623.82,-0.049866
ASC-09,410,1419.89,-2467.76,417.97,-0.045658
ASC-09,411,1005.77,94.04,1132.09,-0.081013
ASC-09,412,3153.94,-1421.22,368.18,-0.028368
ASC-09,413,-465.56,345.21,1092.25,-0.098058
ASC-09,414,-594.38,1706.0,666.62,-0.080286
ASC-09,415,1344.85,2497.88,478.77,-0.04283
ASC-09,416,2345.39,-3087.0,313.55,-0.030384
ASC-09,417,-1154.47,646.48,743.98,-0.095187
ASC-09,418,1187.6,3385.66,365.43,-0.036571
ASC-09,419,-2036.74,-281.42,505.72,-0.090793
ASC-09,420,361.9,1886.97,686.78,-0.065385
ASC-09,421,1884.2,-2819.18,354.5,-0.033572
ASC-09,422,-3042.8,2614.56,295.98,-0.048172
ASC-09,423,1594.89,574.37,810.7,-0.057157
ASC-09,424,-3391.97,2717.84,276.25,-0.042137
ASC-09,425,3208.45,2009.83,352.86,-0.021882
ASC-09,426,-219.31,2584.68,494.76,-0.057289
ASC-09,427,-636.5,-3098.93,352.48,-0.055211
ASC-09,428,1543.11,1508.67,650.29,-0.052077
ASC-09,429,163.09,-2121.13,518.34,-0.067693
ASC-09,430,1615.94,-1639.33,532.12,-0.049443
ASC-09,431,-2906.69,-1226.52,344.52,-0.07058
ASC-09,432,439.54,639.2,1303.23,-0.088842
ASC-09,433,406.76,895.03,1138.64,-0.083823
ASC-09,434,3024.8,3020.1,309.83,-0.021958
ASC-09,435,-3222.76,-3410.97,251.94,-0.041168
ASC-09,436,-330.26,-2145.93,497.02,-0.072781
ASC-09,437,917.51,-965.98,822.42,-0.07514
ASC-09,438,355.23,2226.05,588.39,-0.059343
ASC-09,439,-2980.87,349.36,367.96,-0.076433
ASC-09,440,652.6,83.93,1371.16,-0.087915
ASC-09,441,-1944.62,1821.3,436.81,-0.071315
ASC-09,442,-2131.16,1085.41,467.28,-0.08144
ASC-09,443,2650.84,-1471.01,419.29,-0.034506
ASC-09,444,-2115.11,-2890.19,309.79,-0.05716
ASC-09,445,-319.96,-263.85,1095.19,-0.100377
ASC-09,446,1752.01,2661.16,423.22,-0.035191
ASC-09,447,1451.21,686.99,851.91,-0.061602
ASC-09,448,374.21,-3126.98,363.15,-0.050897
ASC-09,449,2149.32,-419.46,608.71,-0.049979
ASC-09,450,-239.29,-807.72,900.12,-0.09491
ASC-09,451,842.7,576.97,1165.55,-0.081266
ASC-09,452,2232.42,609.89,601.93,-0.042801
ASC-09,453,1246.64,3159.32,389.02,-0.035978
ASC-09,454,992.8,-1133.34,750.87,-0.070254
ASC-09,455,-657.1,-643.33,840.85,-0.101545
ASC-09,456,408.26,794.6,1202.55,-0.083162
ASC-09,457,-727.42,2704.73,446.75,-0.058873
ASC-09,458,1710.05,1443.01,628.41,-0.04996
ASC-09,459,-836.99,-203.8,871.05,-0.103071
ASC-09,460,-233.65,2201.96,576.9,-0.065961
ASC-09,461,1788.2,-102.86,744.98,-0.057902
ASC-09,462,25.59,3244.66,395.43,-0.045575
ASC-09,463,-1133.77,-1522.5,536.68,-0.088937
ASC-09,464,2287.73,-2608.26,351.34,-0.032384
ASC-09,465,-833.26,2312.8,503.34,-0.069475
ASC-09,466,2413.1,-1418.91,454.32,-0.037121
ASC-09,467,1996.68,2431.77,431.42,-0.035493
ASC-09,468,-368.98,765.83,1036.39,-0.094768
ASC-09,469,1490.24,62.72,874.84,-0.064453
ASC-09,470,-3259.27,-2890.78,264.75,-0.051084
ASC-09,471,-771.41,2004.21,570.3,-0.078002
ASC-09,472,2522.34,-3038.53,309.37,-0.025653
ASC-09,473,556.78,3256.06,394.16,-0.044252
ASC-09,474,404.78,2638.82,494.66,-0.05197
ASC-09,475,1153.17,-1379.22,653.32,-0.064766
ASC-09,476,1243.7,-2604.94,408.57,-0.048372
ASC-09,477,585.19,2699.72,480.32,-0.048821
ASC-09,478,-555.59,-141.05,1011.74,-0.101538
ASC-09,479,-2215.61,-2625.88,320.42,-0.062465
ASC-09,480,-1451.51,-10.34,662.74,-0.098645
ASC-09,481,-1449.54,-1772.27,458.68,-0.080976
ASC-09,482,-484.79,-645.15,895.29,-0.099291
ASC-09,483,3493.41,981.69,367.57,-0.022636
ASC-09,484,-1032.14,2907.55,400.65,-0.057311
ASC-09,485,-368.35,2106.51,590.09,-0.071639
ASC-09,486,-898.61,-2372.94,426.09,-0.071991
ASC-09,487,569.99,-158.65,1312.03,-0.088636
ASC-09,488,3135.29,-56.5,424.82,-0.03148
ASC-09,489,2723.51,3426.38,301.81,-0.022909
ASC-09,490,-860.03,-2891.72,365.96,-0.058326
ASC-09,491,-1631.69,75.37,612.71,-0.09614
ASC-09,492,2690.79,2900.54,335.46,-0.024352
ASC-09,493,-43.17,-708.06,985.3,-0.095337
ASC-09,494,1298.79,-1667.98,565.43,-0.05604
ASC-09,495,-2986.96,391.53,367.03,-0.077289
ASC-09,496,2565.9,-1259.38,448.74,-0.03701
ASC-09,497,-1309.24,2989.55,375.26,-0.054316
ASC-09,498,-38.31,-2906.41,386.8,-0.057611
ASC-09,499,-2113.85,-2053.04,365.99,-0.069978
ASC-09,500,-558.3,-2912.9,374.25,-0.058352
ASC-09,501,2296.34,1483.22,508.31,-0.039289
ASC-09,502,2293.05,-1448.01,467.5,-0.040048
ASC-09,503,-184.3,2801.18,457.06,-0.052511
ASC-09,504,1875.37,2755.42,402.73,-0.034001
ASC-09,505,-293.53,3054.71,414.73,-0.049803
ASC-09,506,-886.51,-1707.1,535.57,-0.083968
ASC-09,507,321.22,-3495.4,327.69,-0.046298
ASC-09,508,-2090.61,-786.76,467.48,-0.088305
ASC-09,509,-1284.07,3237.94,352.8,-0.04844
ASC-09,510,1445.7,1846.19,593.91,-0.048192
ASC-09,511,1893.6,-3082.38,331.72,-0.031445
ASC-09,512,-3103.04,1418.01,334.77,-0.066026
ASC-09,513,1629.78,2919.44,399.36,-0.033125
ASC-09,514,2222.01,3274.04,333.79,-0.026541
ASC-09,515,-383.64,1511.92,759.46,-0.082353
ASC-09,516,-3062.82,2540.97,297.67,-0.049342
ASC-09,517,1280.39,2391.91,502.61,-0.043501
ASC-09,518,-1776.85,-991.64,503.97,-0.090133
ASC-09,519,1003.5,-2806.69,391.45,-0.047653
ASC-09,520,-863.64,1592.25,647.44,-0.085683
ASC-09,521,960.14,-2541.61,428.89,-0.053504
ASC-09,522,-1693.06,-810.61,538.14,-0.095441
ASC-09,523,-164.24,3470.15,365.88,-0.046568
ASC-09,524,172.72,418.5,1467.3,-0.094652
ASC-09,525,917.09,152.18,1192.86,-0.082126
ASC-09,526,-2077.83,3135.16,320.89,-0.049559
ASC-09,527,3234.36,-1511.72,355.78,-0.02611
ASC-09,528,-1476.03,3496.02,323.62,-0.046802
ASC-09,529,-1357.86,2883.86,383.12,-0.055882
ASC-09,530,-1705.81,-952.67,520.84,-0.091612
ASC-09,531,-3027.67,-1209.32,334.83,-0.069804
ASC-09,532,-539.54,-2614.06,411.76,-0.066647
ASC-09,533,1902.85,2909.48,383.92,-0.034128
ASC-09,534,1466.97,-2199.33,453.28,-0.048551
ASC-09,535,-2130.99,-3437.15,281.18,-0.049663
ASC-09,536,-2541.48,2730.54,318.7,-0.048301
ASC-09,537,-1250.0,686.81,707.82,-0.093243
ASC-09,538,1877.79,1202.94,631.32,-0.050062
ASC-09,539,-83.45,1631.99,758.32,-0.076429
ASC-09,540,2962.29,-3201.37,284.24,-0.020238
ASC-09,541,1094.69,-2857.02,382.63,-0.046801
ASC-09,542,846.35,-1.14,1217.48,-0.083882
ASC-09,543,1873.84,-3148.17,327.33,-0.030507
ASC-09,544,1751.81,30.25,766.09,-0.058906
ASC-09,545,-1093.13,1654.37,591.73,-0.082951
ASC-09,546,-1700.94,1101.86,547.24,-0.085091
ASC-09,547,-436.65,816.53,990.62,-0.095057
ASC-09,548,-75.27,-3175.16,355.91,-0.052214
ASC-09,549,-2507.94,-1843.42,348.12,-0.069367
ASC-09,550,-410.67,2782.46,451.53,-0.054498
ASC-09,551,978.76,-2637.46,414.48,-0.051838
ASC-09,552,-2550.0,232.57,424.33,-0.079923
ASC-09,553,-2533.73,-3149.66,280.5,-0.049605
ASC-09,554,-2283.95,3074.42,314.03,-0.04814
ASC-09,555,-1516.68,-2299.06,391.23,-0.072639
ASC-09,556,3231.96,-629.85,396.72,-0.029276
ASC-09,557,-3319.46,327.47,334.12,-0.069825
ASC-09,558,-2213.83,1530.56,425.22,-0.072888
ASC-09,559,-2344.67,3062.17,311.64,-0.046946
ASC-09,560,-179.56,1654.54,740.33,-0.078257
ASC-09,561,-3394.49,-1068.42,310.95,-0.065054
ASC-09,562,-292.79,-2972.62,374.43,-0.058095
ASC-09,563,-2359.54,1451.84,411.37,-0.074324
ASC-09,564,-1612.52,3307.57,331.71,-0.046918
ASC-09,565,2047.08,-3380.89,305.32,-0.027376
ASC-09,566,-2211.53,1922.76,396.92,-0.070302
ASC-09,567,819.9,-2267.01,479.34,-0.058653
ASC-09,568,-655.81,-280.32,935.15,-0.102827
ASC-09,569,-576.83,158.46,1035.48,-0.099608
ASC-09,570,2217.92,800.98,592.8,-0.042733
ASC-09,571,-2373.6,3426.76,291.8,-0.04602
ASC-09,572,2966.67,1311.81,418.57,-0.030709
ASC-09,573,2754.44,-753.29,459.26,-0.036839
ASC-09,574,1178.25,1505.15,725.56,-0.059361
ASC-09,575,-3153.87,-232.88,347.32,-0.072563
ASC-09,576,1143.16,-608.16,888.56,-0.07108
ASC-09,577,702.43,-940.43,869.81,-0.078063
ASC-09,578,1905.44,-46.16,707.97,-0.056201
ASC-09,579,-2003.18,-1531.72,419.68,-0.079294
ASC-09,580,3173.49,-1805.3,345.07,-0.025562
ASC-09,581,2703.38,-2460.73,337.4,-0.029611
ASC-09,582,-2699.5,-418.43,394.71,-0.078787
ASC-09,583,-1293.59,-1447.17,525.48,-0.087878
ASC-09,584,-3272.89,2358.59,292.79,-0.049944
ASC-09,585,2316.63,2435.26,401.59,-0.031928
ASC-09,586,2905.66,-1092.86,415.73,-0.031368
ASC-09,587,3428.66,833.99,378.58,-0.025092
ASC-09,588,783.48,2816.04,454.59,-0.043738
ASC-09,589,1161.9,-985.87,764.47,-0.066852
ASC-09,590,1248.84,383.01,987.61,-0.072349
ASC-09,591,491.04,-395.09,1188.86,-0.089324
ASC-09,592,3166.96,1051.86,404.25,-0.03006
ASC-09,593,755.03,3218.4,396.02,-0.040489
ASC-09,594,-1149.92,-2529.63,391.08,-0.068142
ASC-09,595,90.14,3257.7,394.41,-0.044762
ASC-09,596,-3369.36,1160.13,319.66,-0.060529
ASC-09,597,1568.88,2071.09,532.3,-0.042286
ASC-09,598,1357.45,945.85,833.04,-0.061299
ASC-09,599,-552.64,2592.22,475.93,-0.059945
ASC-09,600,2460.37,-1216.33,468.02,-0.039028
ASC-09,601,1788.68,1456.33,609.35,-0.048573
ASC-09,602,-1143.21,-1651.21,513.67,-0.084121
ASC-09,603,-2957.51,60.6,370.64,-0.07617
ASC-09,604,-2574.44,1270.43,394.1,-0.075441
ASC-09,605,-2210.09,-2092.13,355.57,-0.068817
ASC-09,606,-1372.57,-3071.88,329.47,-0.058277
ASC-09,607,-367.39,2036.64,607.67,-0.072882
ASC-09,608,2995.98,2162.62,362.4,-0.024442
ASC-09,609,-1551.07,1159.65,573.6,-0.088801
ASC-09,610,2790.1,-1249.98,419.69,-0.03412
ASC-09,611,1263.24,1107.21,820.85,-0.060464
ASC-09,612,2474.45,-2912.84,319.32,-0.027283
ASC-09,613,-677.23,1137.57,808.13,-0.093586
ASC-09,614,-3477.06,533.39,319.75,-0.066003
ASC-09,615,2008.77,820.43,646.43,-0.049649
ASC-09,616,-1781.67,-371.11,555.73,-0.094133
ASC-09,617,-2502.64,-1923.89,343.87,-0.068386
ASC-09,618,2096.44,1581.14,531.14,-0.043675
ASC-09,619,1304.3,-251.09,920.0,-0.068374
ASC-09,620,-2013.09,1717.66,437.19,-0.073498
ASC-09,621,-1626.93,-950.74,535.95,-0.091998
ASC-09,622,3074.54,-2885.48,294.34,-0.020149
ASC-09,623,-1620.23,297.2,616.31,-0.09659
ASC-09,624,1416.84,859.33,831.81,-0.060081
ASC-09,625,-2593.13,2952.44,304.69,-0.048719
ASC-09,626,2205.25,2714.28,383.12,-0.029398
ASC-09,627,-2676.87,-3099.96,277.51,-0.05042
ASC-09,628,112.29,1902.88,678.71,-0.072517
ASC-09,629,-3253.48,-1670.46,303.14,-0.062666
ASC-09,630,350.55,1380.39,882.37,-0.074436
ASC-09,631,2426.35,-843.63,509.24,-0.039126
ASC-09,632,-2909.21,-1245.45,343.56,-0.070984
ASC-09,633,-1580.2,-82.01,622.31,-0.095931
ASC-09,634,1852.85,213.72,732.69,-0.055177
ASC-09,635,756.69,1361.38,852.79,-0.069607
ASC-09,636,-1310.42,965.18,656.95,-0.090915
ASC-09,637,902.33,1247.79,870.15,-0.068572
ASC-09,638,-317.03,-811.46,880.85,-0.094417
ASC-09,639,2536.49,1241.38,489.6,-0.038831
ASC-09,640,-1449.42,-1082.29,553.26,-0.093022
ASC-09,641,1804.11,752.73,715.39,-0.0496
ASC-09,642,949.72,-283.27,1074.27,-0.078503
ASC-09,643,1683.0,439.59,788.45,-0.057934
ASC-09,644,-852.17,-3377.23,322.46,-0.052072
ASC-09,645,1574.45,-8.5,834.16,-0.063504
ASC-09,646,1388.98,-1960.22,499.0,-0.051961
ASC-09,647,-787.58,-799.31,760.36,-0.098784
ASC-09,648,-3314.83,-2983.6,260.46,-0.04825
ASC-09,649,3240.39,1098.31,393.16,-0.028199
ASC-09,650,1495.2,2754.65,428.82,-0.037704
ASC-09,651,-2066.83,-1017.82,454.35,-0.084162
ASC-09,652,1615.65,-2764.53,372.6,-0.039963
ASC-09,653,-1549.22,841.87,606.77,-0.087406
ASC-09,654,-215.0,-2610.74,423.23,-0.065156
ASC-09,655,2519.22,2741.35,358.21,-0.025771
ASC-09,656,-363.5,-2642.8,414.24,-0.064566
ASC-09,657,-1483.95,-966.91,562.16,-0.094871
ASC-09,658,-1361.56,-37.38,689.93,-0.098014
ASC-09,659,-2960.88,-2674.89,282.69,-0.055995
ASC-09,660,-1963.46,-1268.77,448.24,-0.082449
ASC-09,661,-1602.26,-1573.05,464.96,-0.082892
ASC-09,662,-2289.22,1493.1,417.84,-0.072793
ASC-09,663,-3058.54,3403.91,267.95,-0.043006
ASC-09,664,-239.48,-960.14,839.23,-0.090483
ASC-09,665,-1999.23,2035.04,411.04,-0.069069
ASC-09,666,1671.39,-2517.61,397.13,-0.042435
ASC-09,667,2957.69,559.4,450.96,-0.03167
ASC-09,668,-1589.11,-471.01,594.15,-0.095613
ASC-09,669,505.74,-1482.71,684.47,-0.076559
ASC-09,670,47.08,2251.97,578.0,-0.063488
ASC-09,671,-2974.24,1724.95,335.0,-0.058313
ASC-09,672,-2625.88,-2562.02,302.6,-0.057985
ASC-09,673,2693.46,-1453.15,415.72,-0.034998
ASC-09,674,-180.94,2236.53,571.74,-0.065351
ASC-09,675,2132.27,3447.02,324.92,-0.027942
ASC-09,676,-3033.93,780.95,357.13,-0.070827
ASC-09,677,663.69,2601.89,496.99,-0.050936
ASC-09,678,2557.18,3389.55,310.86,-0.023222
ASC-09,679,2569.46,1683.82,446.06,-0.032681
ASC-09,680,-3459.94,1013.13,315.43,-0.06138
ASC-09,681,152.04,-1951.33,556.24,-0.07055
ASC-09,682,-916.97,-907.03,700.92,-0.097919
ASC-09,683,1820.29,864.88,696.21,-0.050979
ASC-09,684,-2987.47,2984.81,284.85,-0.044966
ASC-09,685,-1645.51,-1387.07,481.29,-0.08487
ASC-09,686,2188.5,-733.54,568.26,-0.04561
ASC-09,687,-213.11,-3344.34,337.78,-0.049358
ASC-09,688,-327.95,1377.09,816.35,-0.085015
ASC-09,689,3279.91,-395.01,397.83,-0.027586
ASC-09,690,-1260.77,2084.12,493.58,-0.074833
ASC-09,691,-3207.95,-1864.42,299.45,-0.060562
ASC-09,692,-754.59,1117.52,790.7,-0.094456
ASC-09,693,-2426.39,1211.65,415.84,-0.077286
ASC-09,694,-2926.76,-249.73,370.93,-0.077032
ASC-09,695,475.02,-2179.76,505.65,-0.061681
ASC-09,696,3175.03,-679.71,402.11,-0.030018
ASC-09,697,555.85,1715.3,738.46,-0.06544
ASC-09,698,1029.8,-2175.7,486.11,-0.053641
ASC-09,699,-1234.6,-2869.71,352.21,-0.059279
ASC-10,0,875.67,497.86,1173.71,-0.059688
ASC-10,1,2780.5,1765.71,412.23,-0.011744
ASC-10,2,1929.8,624.99,688.02,-0.035159
ASC-10,3,-1923.55,2119.45,411.65,-0.068213
ASC-10,4,-1398.84,353.29,681.09,-0.093065
ASC-10,5,2614.87,-2112.99,369.29,-0.028748
ASC-10,6,-3463.14,579.08,320.51,-0.070937
ASC-10,7,2248.6,-63.45,604.37,-0.033527
ASC-10,8,2079.49,-2338.45,389.9,-0.035671
ASC-10,9,-224.46,834.16,1066.62,-0.075385
ASC-10,10,-1378.77,2218.72,460.56,-0.068074
ASC-10,11,-1551.02,-2554.39,364.16,-0.072268
ASC-10,12,-1715.91,314.62,590.38,-0.090954
ASC-10,13,-384.47,1635.81,719.47,-0.068482
ASC-10,14,31.84,-678.88,1012.92,-0.082876
ASC-10,15,374.48,-1609.68,648.43,-0.071459
ASC-10,16,3468.5,-894.04,360.54,-0.01595
ASC-10,17,2048.63,291.89,666.78,-0.032581
ASC-10,18,855.25,1306.62,857.08,-0.051104
ASC-10,19,3422.72,414.23,386.14,-0.010653
ASC-10,20,-1992.84,-2750.82,324.21,-0.071581
ASC-10,21,-2378.52,2225.2,359.9,-0.063457
ASC-10,22,787.78,2967.02,430.46,-0.027903
ASC-10,23,-3192.41,-2790.95,269.95,-0.066302
ASC-10,24,-3250.24,-1753.36,300.66,-0.074422
ASC-10,25,104.22,-2284.23,484.84,-0.070672
ASC-10,26,-236.56,2444.09,522.14,-0.05094
ASC-10,27,2920.17,2871.95,323.76,-0.003169
ASC-10,28,904.58,-3190.08,351.03,-0.041743
ASC-10,29,98.82,-1173.06,794.71,-0.07949
ASC-10,30,-21.89,-2152.54,508.05,-0.073456
ASC-10,31,-1767.4,-213.27,567.86,-0.095407
ASC-10,32,-3417.44,2951.13,268.72,-0.04827
ASC-10,33,-2153.18,-3008.79,301.54,-0.0698
ASC-10,34,1344.22,-2301.05,446.25,-0.045524
ASC-10,35,-2095.75,-90.8,500.16,-0.091717
ASC-10,36,-913.25,168.24,867.88,-0.092886
ASC-10,37,-3473.86,1718.51,299.61,-0.06526
ASC-10,38,2310.33,-436.2,567.78,-0.030399
ASC-10,39,-2418.77,-2512.04,315.94,-0.069548
ASC-10,40,-1626.8,-1024.72,527.39,-0.09351
ASC-10,41,2662.33,3374.65,307.25,-0.002364
ASC-10,42,68.54,1755.06,725.89,-0.056335
ASC-10,43,2430.05,-2685.59,337.3,-0.029081
ASC-10,44,978.02,2157.46,576.97,-0.038248
ASC-10,45,1692.4,-1323.51,578.89,-0.047106
ASC-10,46,-2859.53,1969.78,334.15,-0.065706
ASC-10,47,288.01,-3410.95,335.09,-0.050227
ASC-10,48,54.41,2598.89,500.55,-0.045737
ASC-10,49,2599.38,-2363.83,351.0,-0.02865
ASC-10,50,-971.15,-309.75,801.96,-0.097532
ASC-10,51,687.29,1132.29,965.25,-0.05834
ASC-10,52,-3085.24,55.09,356.7,-0.082069
ASC-10,53,-786.58,-2342.22,437.48,-0.074226
ASC-10,54,-1238.75,-2526.17,386.09,-0.074066
ASC-10,55,-2448.6,-1508.26,373.43,-0.084761
ASC-10,56,2214.37,-3133.26,315.66,-0.027651
ASC-10,57,-843.88,-1984.19,489.89,-0.079652
ASC-10,58,3351.24,-2589.26,295.32,-0.017207
ASC-10,59,629.94,-246.42,1236.02,-0.068507
ASC-10,60,735.39,-1004.43,838.69,-0.065959
ASC-10,61,965.98,607.83,1091.23,-0.05608
ASC-10,62,1235.15,-1533.85,603.39,-0.055785
ASC-10,63,-2444.48,-3262.62,278.86,-0.063104
ASC-10,64,-417.81,-1182.23,731.07,-0.086845
ASC-10,65,-1823.05,1786.26,456.32,-0.071702
ASC-10,66,-682.51,-1709.13,558.46,-0.08468
ASC-10,67,-2823.07,-668.16,372.82,-0.083012
ASC-10,68,3274.8,1784.82,358.56,-0.004214
ASC-10,69,-1994.97,-653.23,493.22,-0.094753
ASC-10,70,1202.36,2709.87,453.44,-0.025243
ASC-10,71,-1397.06,2926.48,376.31,-0.051014
ASC-10,72,2618.54,-1326.29,435.73,-0.029635
ASC-10,73,1135.5,1651.75,691.05,-0.038081
ASC-10,74,-2578.69,-1728.18,348.91,-0.082461
ASC-10,75,2415.52,-2523.34,350.54,-0.031223
ASC-10,76,3114.64,-434.83,419.13,-0.018199
ASC-10,77,2827.42,717.31,468.63,-0.015754
ASC-10,78,488.03,3049.14,423.56,-0.031337
ASC-10,79,-2481.78,-2478.69,314.28,-0.070326
ASC-10,80,-2152.76,1486.54,436.69,-0.073703
ASC-10,81,2995.34,-171.75,444.52,-0.017983
ASC-10,82,366.29,-2578.03,435.25,-0.05827
ASC-10,83,-2236.13,3308.61,303.4,-0.042036
ASC-10,84,2688.4,1370.38,454.69,-0.014958
ASC-10,85,991.0,-2597.99,419.61,-0.05352
ASC-10,86,487.86,2840.29,456.87,-0.035478
ASC-10,87,-865.99,-2778.34,377.85,-0.07066
ASC-10,88,-623.31,-2851.39,379.09,-0.067156
ASC-10,89,-1823.58,-1179.14,477.31,-0.091196
ASC-10,90,-3233.6,3065.71,272.25,-0.049888
ASC-10,91,2633.53,-3268.83,292.4,-0.024894
ASC-10,92,-225.89,2927.45,435.43,-0.043867
ASC-10,93,333.45,781.28,1217.45,-0.066945
ASC-10,94,-1244.86,-3030.64,337.81,-0.071535
ASC-10,95,1759.27,480.14,757.02,-0.037643
ASC-10,96,-3323.62,-288.46,331.06,-0.0784
ASC-10,97,-894.7,447.89,865.0,-0.089888
ASC-10,98,-3287.55,1660.42,313.4,-0.066359
ASC-10,99,-2639.76,1250.33,387.18,-0.07754
ASC-10,100,3270.04,3480.59,278.49,0.003052
ASC-10,101,1104.33,-2403.32,443.89,-0.049722
ASC-10,102,-502.46,2189.99,558.8,-0.057418
ASC-10,103,166.18,-622.35,1060.73,-0.079069
ASC-10,104,2609.66,1983.15,414.42,-0.013172
ASC-10,105,-1090.53,2742.45,417.31,-0.055339
ASC-10,106,632.04,3443.99,370.59,-0.023176
ASC-10,107,1285.79,-1637.71,573.51,-0.053075
ASC-10,108,-1012.1,-329.43,784.03,-0.097842
ASC-10,109,133.69,3099.45,416.39,-0.039845
ASC-10,110,1856.73,3120.17,365.19,-0.015645
ASC-10,111,2864.26,-889.88,434.09,-0.026644
ASC-10,112,-2442.56,3081.47,305.76,-0.046258
ASC-10,113,3033.94,-658.76,422.03,-0.020887
ASC-10,114,-3463.75,-876.64,310.32,-0.077086
ASC-10,115,1770.84,1796.34,552.88,-0.027994
ASC-10,116,2173.69,-201.52,618.11,-0.030814
ASC-10,117,-2542.65,-362.61,417.32,-0.085827
ASC-10,118,-567.67,-797.17,821.42,-0.093469
ASC-10,119,2206.79,-470.37,589.85,-0.032688
ASC-10,120,-3400.1,-2521.28,270.19,-0.068272
ASC-10,121,899.23,-3072.74,363.22,-0.046672
ASC-10,122,2051.17,1777.95,511.61,-0.022974
ASC-10,123,91.03,451.5,1406.2,-0.068762
ASC-10,124,1580.95,1203.23,707.0,-0.033969
ASC-10,125,-1915.04,2116.35,412.85,-0.06823
ASC-10,126,-2110.35,-1889.26,378.88,-0.082506
ASC-10,127,-958.11,-1863.59,499.46,-0.082333
ASC-10,128,-2244.16,-1554.64,391.11,-0.084046
ASC-10,129,-1077.57,-1372.53,572.23,-0.092698
ASC-10,130,3136.87,1824.84,369.65,-0.008532
ASC-10,131,513.33,-880.73,919.7,-0.068624
ASC-10,132,-1119.52,-1237.68,590.06,-0.093095
ASC-10,133,-1599.33,954.11,584.08,-0.082506
ASC-10,134,3164.28,-2194.01,324.53,-0.018842
ASC-10,135,-388.65,-2755.06,398.42,-0.064161
ASC-10,136,3362.76,1379.93,368.19,-0.006716
ASC-10,137,108.66,1795.12,713.98,-0.054989
ASC-10,138,148.16,-1425.45,705.16,-0.074443
ASC-10,139,2775.78,952.29,467.25,-0.014283
ASC-10,140,1699.37,-3261.46,324.48,-0.035045
ASC-10,141,564.57,-669.77,1018.23,-0.067986
ASC-10,142,-513.45,545.71,1032.12,-0.084628
ASC-10,143,2647.32,-1726.07,398.14,-0.030296
ASC-10,144,-618.48,-1062.5,729.74,-0.090341
ASC-10,145,2959.32,766.85,444.82,-0.011735
ASC-10,146,-3018.99,629.28,361.12,-0.0766
ASC-10,147,-490.02,-2420.66,441.88,-0.073588
ASC-10,148,136.6,1446.07,848.97,-0.06039
ASC-10,149,3156.57,-2939.8,288.53,-0.01729
ASC-10,150,-1743.01,3288.07,327.07,-0.046295
ASC-10,151,2142.27,-2083.47,412.14,-0.039677
ASC-10,152,1235.3,-1725.16,560.08,-0.052241
ASC-10,153,1519.6,-2097.9,464.78,-0.043638
ASC-10,154,907.36,3440.49,366.55,-0.020461
ASC-10,155,3300.92,-1493.84,350.79,-0.020729
ASC-10,156,-1171.23,737.05,728.0,-0.090149
ASC-10,157,-712.07,3434.44,356.62,-0.038072
ASC-10,158,-2079.62,3150.47,319.85,-0.045373
ASC-10,159,-3145.07,-3203.55,259.42,-0.059829
ASC-10,160,-2009.64,148.29,521.52,-0.091518
ASC-10,161,2908.25,709.13,455.08,-0.013416
ASC-10,162,2381.18,1416.77,500.68,-0.020695
ASC-10,163,-2713.16,-1148.63,366.07,-0.084388
ASC-10,164,726.45,-1204.64,763.74,-0.06726
ASC-10,165,-145.62,-3470.01,327.56,-0.05342
ASC-10,166,662.79,-3253.34,348.16,-0.047132
ASC-10,167,1114.93,350.4,1063.3,-0.052693
ASC-10,168,-1353.38,-2968.79,338.44,-0.070081
ASC-10,169,3229.46,-2082.63,326.14,-0.019496
ASC-10,170,-239.12,-1167.1,763.13,-0.08209
ASC-10,171,896.71,-3006.7,370.5,-0.04889
ASC-10,172,946.58,-3283.98,341.3,-0.040801
ASC-10,173,-2212.77,2988.44,322.83,-0.047152
ASC-10,174,-3066.94,-453.54,352.43,-0.079281
ASC-10,175,-619.38,-2065.81,493.85,-0.081544
ASC-10,176,1848.21,1459.16,596.56,-0.027006
ASC-10,177,2206.55,-3433.88,297.27,-0.02528
ASC-10,178,1609.92,-1784.88,507.29,-0.043302
ASC-10,179,-2707.57,3225.25,287.3,-0.050031
ASC-10,180,2893.48,2783.83,330.66,-0.004874
ASC-10,181,2114.26,951.48,605.07,-0.028128
ASC-10,182,2643.84,-2847.58,315.6,-0.025838
ASC-10,183,163.13,-1273.64,759.23,-0.075114
ASC-10,184,2909.45,-3304.47,281.48,-0.021632
ASC-10,185,-3173.43,-1965.66,297.94,-0.07145
ASC-10,186,-3287.98,-3321.96,252.53,-0.057138
ASC-10,187,-3358.49,-2616.85,269.06,-0.068884
ASC-10,188,-1730.62,932.5,555.7,-0.084698
ASC-10,189,-1760.01,-2796.9,332.79,-0.071637
ASC-10,190,-2187.48,-2409.66,335.6,-0.073554
ASC-10,191,469.39,2819.66,460.64,-0.035433
ASC-10,192,-3227.1,-1151.83,320.91,-0.078554
ASC-10,193,632.72,-1169.02,786.38,-0.067389
ASC-10,194,-2337.92,-2894.22,299.73,-0.070892
ASC-10,195,1245.12,2071.51,570.73,-0.038786
ASC-10,196,-3352.47,1234.64,319.39,-0.070275
ASC-10,197,-1326.01,329.93,705.61,-0.092833
ASC-10,198,3068.39,825.39,426.13,-0.011152
ASC-10,199,268.77,-2797.34,403.34,-0.059317
ASC-10,200,2181.11,-1677.86,454.99,-0.036247
ASC-10,201,1106.18,585.49,1026.73,-0.049867
ASC-10,202,775.26,3165.62,402.53,-0.02567
ASC-10,203,-2161.23,2219.92,379.57,-0.06579
ASC-10,204,520.76,985.08,1070.9,-0.063343
ASC-10,205,-3222.2,131.73,343.26,-0.076331
ASC-10,206,2111.65,-3394.07,302.51,-0.027186
ASC-10,207,3220.5,2735.01,313.87,4e-06
ASC-10,208,2478.06,-3032.02,311.6,-0.024727
ASC-10,209,-3145.03,-2596.43,277.88,-0.067063
ASC-10,210,-1129.38,1351.5,641.22,-0.08084
ASC-10,211,-1273.98,2185.01,477.09,-0.066253
ASC-10,212,-2710.98,2005.85,344.4,-0.064614
ASC-10,213,886.28,-333.17,1084.4,-0.06163
ASC-10,214,2082.21,-2260.61,397.89,-0.035877
ASC-10,215,-1303.95,-3252.88,318.52,-0.067062
ASC-10,216,2539.66,2459.66,379.86,-0.011079
ASC-10,217,2079.89,3343.88,334.92,-0.011236
ASC-10,218,-2596.03,-1791.05,344.06,-0.080362
ASC-10,219,1868.01,2562.53,426.53,-0.020907
ASC-10,220,2678.35,-682.28,476.46,-0.026126
ASC-10,221,-2119.02,-1320.59,423.27,-0.08955
ASC-10,222,515.49,36.08,1452.28,-0.067138
ASC-10,223,971.25,-3442.82,326.95,-0.040785
ASC-10,224,765.34,-401.0,1103.7,-0.064979
ASC-10,225,-2826.28,-2103.12,312.68,-0.073644
ASC-10,226,1128.34,1487.2,740.64,-0.041466
ASC-10,227,923.68,18.0,1172.71,-0.059926
ASC-10,228,2267.2,2581.97,391.27,-0.01759
ASC-10,229,2124.59,2776.54,382.81,-0.014479
ASC-10,230,-1209.82,-1282.69,565.94,-0.093539
ASC-10,231,1554.33,-1537.31,559.49,-0.048179
ASC-10,232,2570.91,3073.91,330.49,-0.007671
ASC-10,233,2750.63,27.98,491.62,-0.019869
ASC-10,234,-2369.41,-2824.39,301.89,-0.071426
ASC-10,235,-3313.08,-3178.8,255.44,-0.058636
ASC-10,236,1055.65,3432.98,363.99,-0.017876
ASC-10,237,-1997.27,554.15,518.5,-0.085282
ASC-10,238,445.97,-3118.55,363.81,-0.050383
ASC-10,239,3113.63,78.79,429.46,-0.014002
ASC-10,240,-844.76,28.73,893.36,-0.095128
ASC-10,241,-1730.58,-452.29,561.9,-0.09397
ASC-10,242,-304.43,3158.96,400.31,-0.03902
ASC-10,243,1100.71,3141.4,396.55,-0.020474
ASC-10,244,-2792.31,-2625.23,291.91,-0.067223
ASC-10,245,-835.91,-2437.96,421.07,-0.073503
ASC-10,246,-2563.95,-647.58,404.81,-0.087353
ASC-10,247,1137.12,2338.19,524.54,-0.032206
ASC-10,248,2313.87,866.27,564.7,-0.022778
ASC-10,249,-862.02,1608.81,643.97,-0.075676
ASC-10,250,-897.93,532.41,854.86,-0.088296
ASC-10,251,276.65,-2029.6,539.25,-0.06902
ASC-10,252,-1994.6,2224.36,395.05,-0.065016
ASC-10,253,-1768.13,-3401.85,294.09,-0.062792
ASC-10,254,-1191.03,1389.39,620.6,-0.078923
ASC-10,255,-298.02,-2139.62,499.86,-0.074872
ASC-10,256,-2929.28,-202.36,371.35,-0.081151
ASC-10,257,1769.12,3325.93,349.99,-0.016317
ASC-10,258,553.38,273.25,1458.13,-0.063276
ASC-10,259,-1402.14,-3101.36,326.09,-0.068785
ASC-10,260,-2957.17,-498.54,362.78,-0.082272
ASC-10,261,1842.27,1121.87,652.76,-0.029825
ASC-10,262,-2582.45,-3103.05,280.69,-0.066915
ASC-10,263,-2567.55,-1731.42,349.65,-0.081944
ASC-10,264,-2585.21,-3371.65,270.27,-0.058822
ASC-10,265,-2931.16,280.48,373.89,-0.08171
ASC-10,266,2844.75,-829.66,440.59,-0.025081
ASC-10,267,-1615.29,25.83,616.17,-0.093908
ASC-10,268,-1355.13,-1429.14,518.92,-0.090071
ASC-10,269,2329.56,1097.65,541.64,-0.024168
ASC-10,270,839.46,-2288.4,474.72,-0.055125
ASC-10,271,-2190.0,2846.56,333.05,-0.050879
ASC-10,272,-456.31,3220.57,388.17,-0.038686
ASC-10,273,2687.46,-49.04,502.76,-0.021908
ASC-10,274,-872.38,-242.27,850.58,-0.094959
ASC-10,275,1476.17,2517.32,465.27,-0.025256
ASC-10,276,-2822.35,-1471.14,341.5,-0.080118
ASC-10,277,1591.27,2121.74,520.44,-0.026985
ASC-10,278,1935.31,-1488.85,512.93,-0.04053
ASC-10,279,2280.37,1539.75,504.67,-0.01973
ASC-10,280,1219.41,-1161.92,701.57,-0.05617
ASC-10,281,-904.87,718.21,825.67,-0.086486
ASC-10,282,-3050.52,2981.08,282.3,-0.051965
ASC-10,283,131.43,-3119.73,363.57,-0.054137
ASC-10,284,1802.22,2150.78,490.55,-0.022295
ASC-10,285,-2164.13,292.92,489.83,-0.088546
ASC-10,286,-1636.34,-846.53,545.8,-0.093417
ASC-10,287,252.84,-1048.07,852.35,-0.075178
ASC-10,288,1738.32,-3014.12,343.41,-0.037535
ASC-10,289,2776.11,-1691.35,387.92,-0.027114
ASC-10,290,-2619.81,861.96,403.83,-0.07797
ASC-10,291,-2210.11,-2816.87,309.6,-0.071827
ASC-10,292,2096.76,1185.85,582.57,-0.028672
ASC-10,293,1011.65,3235.77,387.64,-0.020599
ASC-10,294,1546.81,3365.43,355.26,-0.017456
ASC-10,295,3477.4,2724.69,300.25,0.005304
ASC-10,296,3074.26,2146.28,356.64,-0.005955
ASC-10,297,2401.18,-2254.33,374.04,-0.032338
ASC-10,298,1939.81,3291.09,345.54,-0.014365
ASC-10,299,-734.87,-2080.94,482.42,-0.079488
ASC-10,300,988.6,2583.35,486.96,-0.031538
ASC-10,301,-2208.88,2645.12,345.14,-0.057163
ASC-10,302,1816.46,853.36,698.9,-0.03416
ASC-10,303,1803.83,149.15,750.09,-0.040085
ASC-10,304,1549.07,-2097.02,462.46,-0.042281
ASC-10,305,-386.41,136.28,1147.33,-0.087447
ASC-10,306,-852.74,-1465.66,588.69,-0.08913
ASC-10,307,-561.6,-2618.84,410.22,-0.070546
ASC-10,308,-3266.63,-2602.66,272.91,-0.06945
ASC-10,309,2410.24,2108.2,425.09,-0.012753
ASC-10,310,296.59,2956.82,438.73,-0.040035
ASC-10,311,-787.37,-2506.92,414.53,-0.071239
ASC-10,312,336.2,-3407.17,335.41,-0.050827
ASC-10,313,1551.48,-1654.57,537.53,-0.046472
ASC-10,314,-829.77,-2558.93,405.55,-0.069289
ASC-10,315,2314.48,-2179.61,387.67,-0.036831
ASC-10,316,2936.24,583.29,453.98,-0.016022
ASC-10,317,-787.97,-543.94,823.0,-0.093203
ASC-10,318,-2535.29,-495.4,414.22,-0.086677
ASC-10,319,1822.61,-2060.71,443.74,-0.040767
ASC-10,320,3450.64,1152.12,367.16,-0.006029
ASC-10,321,-2464.08,-1473.43,374.01,-0.085603
ASC-10,322,1488.73,-705.97,753.81,-0.049511
ASC-10,323,2277.26,-256.1,587.78,-0.028556
ASC-10,324,2944.0,2830.97,324.78,-0.003643
ASC-10,325,-2636.33,-1775.51,341.72,-0.080244
ASC-10,326,-2857.33,1530.66,352.79,-0.069421
ASC-10,327,3415.1,-1334.42,348.15,-0.014647
ASC-10,328,-2682.7,2760.98,309.11,-0.055146
ASC-10,329,-2262.35,-741.44,443.07,-0.090523
ASC-10,330,524.67,36.13,1446.17,-0.0672
ASC-10,331,-376.09,2640.51,477.26,-0.050463
ASC-10,332,1752.75,1209.33,661.24,-0.031243
ASC-10,333,-2166.1,-2839.49,310.37,-0.072022
ASC-10,334,2900.99,-2542.15,320.73,-0.025368
ASC-10,335,-1979.64,3435.13,307.21,-0.045865
ASC-10,336,1883.78,-3296.26,316.09,-0.032788
ASC-10,337,-3026.78,-1393.9,328.25,-0.078657
ASC-10,338,-186.18,3212.26,396.18,-0.036502
ASC-10,339,-3272.09,-3394.26,251.16,-0.057114
ASC-10,340,-1303.33,-2370.21,399.08,-0.076111
ASC-10,341,-1314.39,-2006.45,442.39,-0.080393
ASC-10,342,1538.24,-2895.26,362.51,-0.039117
ASC-10,343,-314.88,-196.27,1121.08,-0.087423
ASC-10,344,-3102.58,647.07,352.22,-0.07563
ASC-10,345,3467.53,-1271.75,346.16,-0.012059
ASC-10,346,2720.9,-2739.45,318.45,-0.026008
ASC-10,347,2914.27,2176.69,368.72,-0.008412
ASC-10,348,-1773.97,2131.3,426.77,-0.070028
ASC-10,349,-741.23,434.7,936.31,-0.088026
ASC-10,350,-1909.74,-2535.81,343.84,-0.073946
ASC-10,351,-2625.66,293.38,413.11,-0.081144
ASC-10,352,-3268.83,906.67,332.66,-0.073038
ASC-10,353,23.36,-501.95,1107.07,-0.080938
ASC-10,354,-2638.06,2547.04,322.27,-0.056603
ASC-10,355,-2265.87,-769.68,440.94,-0.08928
ASC-10,356,2523.33,76.21,539.92,-0.026877
ASC-10,357,-110.3,-2701.0,412.72,-0.061503
ASC-10,358,-2214.08,444.86,478.45,-0.085869
ASC-10,359,1189.05,1865.14,626.16,-0.0383
ASC-10,360,-1638.95,1618.81,502.32,-0.075556
ASC-10,361,188.56,-1701.13,621.42,-0.073804
ASC-10,362,-1519.33,3443.06,325.74,-0.044213
ASC-10,363,113.13,1539.54,808.83,-0.062039
ASC-10,364,899.74,-533.73,997.48,-0.061217
ASC-10,365,253.46,-595.64,1081.73,-0.076464
ASC-10,366,-730.77,1955.28,586.13,-0.067608
ASC-10,367,2035.7,-2270.22,400.44,-0.036542
ASC-10,368,2614.06,977.39,494.65,-0.014585
ASC-10,369,-2244.4,1531.88,421.1,-0.072786
ASC-10,370,-2545.84,114.38,424.78,-0.085034
ASC-10,371,-2707.66,2612.39,314.76,-0.054359
ASC-10,372,3357.18,-219.55,391.71,-0.014234
ASC-10,373,3091.14,-245.75,427.89,-0.017384
ASC-10,374,-1885.33,-1507.24,436.15,-0.088554
ASC-10,375,3289.35,2935.6,300.67,0.001756
ASC-10,376,-2045.28,-1286.11,435.62,-0.089169
ASC-10,377,45.33,1366.9,876.53,-0.063303
ASC-10,378,-18.3,-634.53,1026.97,-0.083975
ASC-10,379,2904.69,3047.97,314.46,-0.002649
ASC-10,380,-3216.3,3135.72,270.77,-0.048962
ASC-10,381,-1292.54,-3289.75,316.27,-0.066504
ASC-10,382,699.82,3461.74,367.75,-0.022432
ASC-10,383,-3035.21,734.55,357.81,-0.076673
ASC-10,384,-1844.15,-2983.03,316.12,-0.070328
ASC-10,385,-244.56,-20.78,1213.82,-0.084614
ASC-10,386,2666.0,-3153.7,297.22,-0.025377
ASC-10,387,1826.72,342.26,739.69,-0.037056
ASC-10,388,2302.86,-2201.82,386.48,-0.036494
ASC-10,389,1827.49,-924.42,623.58,-0.044402
ASC-10,390,1454.05,-1367.1,609.84,-0.052138
ASC-10,391,2447.85,715.48,544.01,-0.022297
ASC-10,392,1270.34,2256.53,529.39,-0.032971
ASC-10,393,1649.78,3055.76,382.62,-0.018091
ASC-10,394,-1388.49,-1197.99,547.86,-0.093297
ASC-10,395,-2326.51,487.83,457.68,-0.085378
ASC-10,396,1795.67,-3458.71,307.57,-0.03013
ASC-10,397,-2339.14,-894.86,423.27,-0.087444
ASC-10,398,2936.19,3224.93,303.36,-0.00092
ASC-10,399,676.5,-2668.13,418.05,-0.05346
ASC-10,400,-1193.96,2588.79,429.27,-0.057907
ASC-10,401,3056.5,1067.54,418.48,-0.01091
ASC-10,402,-2414.09,-1442.74,380.95,-0.085638
ASC-10,403,101.26,1947.13,664.5,-0.04983
ASC-10,404,-2859.12,-1475.03,338.3,-0.078966
ASC-10,405,3257.99,2763.71,310.35,0.001734
ASC-10,406,527.63,-2920.69,386.28,-0.053313
ASC-10,407,2125.67,-2667.05,355.59,-0.032007
ASC-10,408,-1526.54,1750.09,503.73,-0.07083
ASC-10,409,2112.58,-355.75,623.82,-0.032959
ASC-10,410,1419.89,-2467.76,417.97,-0.042241
ASC-10,411,1005.77,94.04,1132.09,-0.055959
ASC-10,412,3153.94,-1421.22,368.18,-0.020619
ASC-10,413,-465.56,345.21,1092.25,-0.083809
ASC-10,414,-594.38,1706.0,666.62,-0.069935
ASC-10,415,1344.85,2497.88,478.77,-0.026568
ASC-10,416,2345.39,-3087.0,313.55,-0.026973
ASC-10,417,-1154.47,646.48,743.98,-0.087441
ASC-10,418,1187.6,3385.66,365.43,-0.017444
ASC-10,419,-2036.74,-281.42,505.72,-0.092823
ASC-10,420,361.9,1886.97,686.78,-0.047723
ASC-10,421,1884.2,-2819.18,354.5,-0.035817
ASC-10,422,-3042.8,2614.56,295.98,-0.055117
ASC-10,423,1594.89,574.37,810.7,-0.04162
ASC-10,424,-3391.97,2717.84,276.25,-0.051977
ASC-10,425,3208.45,2009.83,352.86,-0.005555
ASC-10,426,-219.31,2584.68,494.76,-0.048506
ASC-10,427,-636.5,-3098.93,352.48,-0.063748
ASC-10,428,1543.11,1508.67,650.29,-0.033972
ASC-10,429,163.09,-2121.13,518.34,-0.070974
ASC-10,430,1615.94,-1639.33,532.12,-0.045485
ASC-10,431,-2906.69,-1226.52,344.52,-0.081924
ASC-10,432,439.54,639.2,1303.23,-0.063781
ASC-10,433,406.76,895.03,1138.64,-0.064432
ASC-10,434,3024.8,3020.1,309.83,-0.000991
ASC-10,435,-3222.76,-3410.97,251.94,-0.058169
ASC-10,436,-330.26,-2145.93,497.02,-0.07495
ASC-10,437,917.51,-965.98,822.42,-0.064098
ASC-10,438,355.23,2226.05,588.39,-0.044389
ASC-10,439,-2980.87,349.36,367.96,-0.079985
ASC-10,440,652.6,83.93,1371.16,-0.065071
ASC-10,441,-1944.62,1821.3,436.81,-0.072202
ASC-10,442,-2131.16,1085.41,467.28,-0.081559
ASC-10,443,2650.84,-1471.01,419.29,-0.026597
ASC-10,444,-2115.11,-2890.19,309.79,-0.071508
ASC-10,445,-319.96,-263.85,1095.19,-0.087925
ASC-10,446,1752.01,2661.16,423.22,-0.019515
ASC-10,447,1451.21,686.99,851.91,-0.042475
ASC-10,448,374.21,-3126.98,363.15,-0.050472
ASC-10,449,2149.32,-419.46,608.71,-0.034028
ASC-10,450,-239.29,-807.72,900.12,-0.088579
ASC-10,451,842.7,576.97,1165.55,-0.055862
ASC-10,452,2232.42,609.89,601.93,-0.027665
ASC-10,453,1246.64,3159.32,389.02,-0.019934
ASC-10,454,992.8,-1133.34,750.87,-0.061564
ASC-10,455,-657.1,-643.33,840.85,-0.091969
ASC-10,456,408.26,794.6,1202.55,-0.06613
ASC-10,457,-727.42,2704.73,446.75,-0.051886
ASC-10,458,1710.05,1443.01,628.41,-0.030365
ASC-10,459,-836.99,-203.8,871.05,-0.094107
ASC-10,460,-233.65,2201.96,576.9,-0.05379
ASC-10,461,1788.2,-102.86,744.98,-0.041656
ASC-10,462,25.59,3244.66,395.43,-0.037405
ASC-10,463,-1133.77,-1522.5,536.68,-0.092701
ASC-10,464,2287.73,-2608.26,351.34,-0.030113
ASC-10,465,-833.26,2312.8,503.34,-0.062649
ASC-10,466,2413.1,-1418.91,454.32,-0.032777
ASC-10,467,1996.68,2431.77,431.42,-0.017344
ASC-10,468,-368.98,765.83,1036.39,-0.079611
ASC-10,469,1490.24,62.72,874.84,-0.045755
ASC-10,470,-3259.27,-2890.78,264.75,-0.064464
ASC-10,471,-771.41,2004.21,570.3,-0.066254
ASC-10,472,2522.34,-3038.53,309.37,-0.024839
ASC-10,473,556.78,3256.06,394.16,-0.02824
ASC-10,474,404.78,2638.82,494.66,-0.037573
ASC-10,475,1153.17,-1379.22,653.32,-0.058013
ASC-10,476,1243.7,-2604.94,408.57,-0.048003
ASC-10,477,585.19,2699.72,480.32,-0.035292
ASC-10,478,-555.59,-141.05,1011.74,-0.090382
ASC-10,479,-2215.61,-2625.88,320.42,-0.073246
ASC-10,480,-1451.51,-10.34,662.74,-0.093997
ASC-10,481,-1449.54,-1772.27,458.68,-0.08415
ASC-10,482,-484.79,-645.15,895.29,-0.088712
ASC-10,483,3493.41,981.69,367.57,-0.007006
ASC-10,484,-1032.14,2907.55,400.65,-0.049991
ASC-10,485,-368.35,2106.51,590.09,-0.059529
ASC-10,486,-898.61,-2372.94,426.09,-0.074885
ASC-10,487,569.99,-158.65,1312.03,-0.068498
ASC-10,488,3135.29,-56.5,424.82,-0.014618
ASC-10,489,2723.51,3426.38,301.81,-0.001661
ASC-10,490,-860.03,-2891.72,365.96,-0.069219
ASC-10,491,-1631.69,75.37,612.71,-0.094087
ASC-10,492,2690.79,2900.54,335.46,-0.0074
ASC-10,493,-43.17,-708.06,985.3,-0.08418
ASC-10,494,1298.79,-1667.98,565.43,-0.051785
ASC-10,495,-2986.96,391.53,367.03,-0.07884
ASC-10,496,2565.9,-1259.38,448.74,-0.029246
ASC-10,497,-1309.24,2989.55,375.26,-0.04842
ASC-10,498,-38.31,-2906.41,386.8,-0.061348
ASC-10,499,-2113.85,-2053.04,365.99,-0.080319
ASC-10,500,-558.3,-2912.9,374.25,-0.065493
ASC-10,501,2296.34,1483.22,508.31,-0.021108
ASC-10,502,2293.05,-1448.01,467.5,-0.033324
ASC-10,503,-184.3,2801.18,457.06,-0.044665
ASC-10,504,1875.37,2755.42,402.73,-0.017952
ASC-10,505,-293.53,3054.71,414.73,-0.041176
ASC-10,506,-886.51,-1707.1,535.57,-0.084175
ASC-10,507,321.22,-3495.4,327.69,-0.049762
ASC-10,508,-2090.61,-786.76,467.48,-0.092528
ASC-10,509,-1284.07,3237.94,352.8,-0.043865
ASC-10,510,1445.7,1846.19,593.91,-0.03293
ASC-10,511,1893.6,-3082.38,331.72,-0.032363
ASC-10,512,-3103.04,1418.01,334.77,-0.069492
ASC-10,513,1629.78,2919.44,399.36,-0.018142
ASC-10,514,2222.01,3274.04,333.79,-0.010506
ASC-10,515,-383.64,1511.92,759.46,-0.071384
ASC-10,516,-3062.82,2540.97,297.67,-0.055927
ASC-10,517,1280.39,2391.91,502.61,-0.032276
ASC-10,518,-1776.85,-991.64,503.97,-0.092286
ASC-10,519,1003.5,-2806.69,391.45,-0.048582
ASC-10,520,-863.64,1592.25,647.44,-0.075837
ASC-10,521,960.14,-2541.61,428.89,-0.053572
ASC-10,522,-1693.06,-810.61,538.14,-0.09252
ASC-10,523,-164.24,3470.15,365.88,-0.033726
ASC-10,524,172.72,418.5,1467.3,-0.066792
ASC-10,525,917.09,152.18,1192.86,-0.056115
ASC-10,526,-2077.83,3135.16,320.89,-0.045257
ASC-10,527,3234.36,-1511.72,355.78,-0.019991
ASC-10,528,-1476.03,3496.02,323.62,-0.042514
ASC-10,529,-1357.86,2883.86,383.12,-0.051501
ASC-10,530,-1705.81,-952.67,520.84,-0.092615
ASC-10,531,-3027.67,-1209.32,334.83,-0.080289
ASC-10,532,-539.54,-2614.06,411.76,-0.069611
ASC-10,533,1902.85,2909.48,383.92,-0.018127
ASC-10,534,1466.97,-2199.33,453.28,-0.04411
ASC-10,535,-2130.99,-3437.15,281.18,-0.060568
ASC-10,536,-2541.48,2730.54,318.7,-0.055556
ASC-10,537,-1250.0,686.81,707.82,-0.089164
ASC-10,538,1877.79,1202.94,631.32,-0.029976
ASC-10,539,-83.45,1631.99,758.32,-0.062035
ASC-10,540,2962.29,-3201.37,284.24,-0.01978
ASC-10,541,1094.69,-2857.02,382.63,-0.045143
ASC-10,542,846.35,-1.14,1217.48,-0.06097
ASC-10,543,1873.84,-3148.17,327.33,-0.033534
ASC-10,544,1751.81,30.25,766.09,-0.041315
ASC-10,545,-1093.13,1654.37,591.73,-0.073977
ASC-10,546,-1700.94,1101.86,547.24,-0.080126
ASC-10,547,-436.65,816.53,990.62,-0.082548
ASC-10,548,-75.27,-3175.16,355.91,-0.056097
ASC-10,549,-2507.94,-1843.42,348.12,-0.082296
ASC-10,550,-410.67,2782.46,451.53,-0.046911
ASC-10,551,978.76,-2637.46,414.48,-0.05235
ASC-10,552,-2550.0,232.57,424.33,-0.082917
ASC-10,553,-2533.73,-3149.66,280.5,-0.064885
ASC-10,554,-2283.95,3074.42,314.03,-0.04542
ASC-10,555,-1516.68,-2299.06,391.23,-0.077603
ASC-10,556,3231.96,-629.85,396.72,-0.017179
ASC-10,557,-3319.46,327.47,334.12,-0.072944
ASC-10,558,-2213.83,1530.56,425.22,-0.07301
ASC-10,559,-2344.67,3062.17,311.64,-0.046001
ASC-10,560,-179.56,1654.54,740.33,-0.065001
ASC-10,561,-3394.49,-1068.42,310.95,-0.075394
ASC-10,562,-292.79,-2972.62,374.43,-0.062006
ASC-10,563,-2359.54,1451.84,411.37,-0.075166
ASC-10,564,-1612.52,3307.57,331.71,-0.046332
ASC-10,565,2047.08,-3380.89,305.32,-0.029189
ASC-10,566,-2211.53,1922.76,396.92,-0.069513
ASC-10,567,819.9,-2267.01,479.34,-0.054803
ASC-10,568,-655.81,-280.32,935.15,-0.091059
ASC-10,569,-576.83,158.46,1035.48,-0.08743
ASC-10,570,2217.92,800.98,592.8,-0.024539
ASC-10,571,-2373.6,3426.76,291.8,-0.044334
ASC-10,572,2966.67,1311.81,418.57,-0.010509
ASC-10,573,2754.44,-753.29,459.26,-0.024131
ASC-10,574,1178.25,1505.15,725.56,-0.038086
ASC-10,575,-3153.87,-232.88,347.32,-0.08131
ASC-10,576,1143.16,-608.16,888.56,-0.058961
ASC-10,577,702.43,-940.43,869.81,-0.0658
ASC-10,578,1905.44,-46.16,707.97,-0.038858
ASC-10,579,-2003.18,-1531.72,419.68,-0.088354
ASC-10,580,3173.49,-1805.3,345.07,-0.019864
ASC-10,581,2703.38,-2460.73,337.4,-0.028132
ASC-10,582,-2699.5,-418.43,394.71,-0.087253
ASC-10,583,-1293.59,-1447.17,525.48,-0.090886
ASC-10,584,-3272.89,2358.59,292.79,-0.057287
ASC-10,585,2316.63,2435.26,401.59,-0.014481
ASC-10,586,2905.66,-1092.86,415.73,-0.023371
ASC-10,587,3428.66,833.99,378.58,-0.00778
ASC-10,588,783.48,2816.04,454.59,-0.030773
ASC-10,589,1161.9,-985.87,764.47,-0.058888
ASC-10,590,1248.84,383.01,987.61,-0.051245
ASC-10,591,491.04,-395.09,1188.86,-0.071347
ASC-10,592,3166.96,1051.86,404.25,-0.008522
ASC-10,593,755.03,3218.4,396.02,-0.024617
ASC-10,594,-1149.92,-2529.63,391.08,-0.071516
ASC-10,595,90.14,3257.7,394.41,-0.036702
ASC-10,596,-3369.36,1160.13,319.66,-0.072356
ASC-10,597,1568.88,2071.09,532.3,-0.027551
ASC-10,598,1357.45,945.85,833.04,-0.040633
ASC-10,599,-552.64,2592.22,475.93,-0.054042
ASC-10,600,2460.37,-1216.33,468.02,-0.032939
ASC-10,601,1788.68,1456.33,609.35,-0.02834
ASC-10,602,-1143.21,-1651.21,513.67,-0.087587
ASC-10,603,-2957.51,60.6,370.64,-0.083742
ASC-10,604,-2574.44,1270.43,394.1,-0.077613
ASC-10,605,-2210.09,-2092.13,355.57,-0.079899
ASC-10,606,-1372.57,-3071.88,329.47,-0.07021
ASC-10,607,-367.39,2036.64,607.67,-0.061777
ASC-10,608,2995.98,2162.62,362.4,-0.007019
ASC-10,609,-1551.07,1159.65,573.6,-0.081115
ASC-10,610,2790.1,-1249.98,419.69,-0.026428
ASC-10,611,1263.24,1107.21,820.85,-0.045618
ASC-10,612,2474.45,-2912.84,319.32,-0.024343
ASC-10,613,-677.23,1137.57,808.13,-0.082039
ASC-10,614,-3477.06,533.39,319.75,-0.071136
ASC-10,615,2008.77,820.43,646.43,-0.032052
ASC-10,616,-1781.67,-371.11,555.73,-0.094081
ASC-10,617,-2502.64,-1923.89,343.87,-0.082132
ASC-10,618,2096.44,1581.14,531.14,-0.023007
ASC-10,619,1304.3,-251.09,920.0,-0.05272
ASC-10,620,-2013.09,1717.66,437.19,-0.071564
ASC-10,621,-1626.93,-950.74,535.95,-0.094293
ASC-10,622,3074.54,-2885.48,294.34,-0.019893
ASC-10,623,-1620.23,297.2,616.31,-0.092235
ASC-10,624,1416.84,859.33,831.81,-0.038502
ASC-10,625,-2593.13,2952.44,304.69,-0.053126
ASC-10,626,2205.25,2714.28,383.12,-0.014944
ASC-10,627,-2676.87,-3099.96,277.51,-0.066098
ASC-10,628,112.29,1902.88,678.71,-0.050949
ASC-10,629,-3253.48,-1670.46,303.14,-0.074056
ASC-10,630,350.55,1380.39,882.37,-0.058673
ASC-10,631,2426.35,-843.63,509.24,-0.030812
ASC-10,632,-2909.21,-1245.45,343.56,-0.081512
ASC-10,633,-1580.2,-82.01,622.31,-0.095233
ASC-10,634,1852.85,213.72,732.69,-0.038275
ASC-10,635,756.69,1361.38,852.79,-0.054284
ASC-10,636,-1310.42,965.18,656.95,-0.086039
ASC-10,637,902.33,1247.79,870.15,-0.051704
ASC-10,638,-317.03,-811.46,880.85,-0.089326
ASC-10,639,2536.49,1241.38,489.6,-0.017103
ASC-10,640,-1449.42,-1082.29,553.26,-0.093467
ASC-10,641,1804.11,752.73,715.39,-0.035126
ASC-10,642,949.72,-283.27,1074.27,-0.059162
ASC-10,643,1683.0,439.59,788.45,-0.042317
ASC-10,644,-852.17,-3377.23,322.46,-0.060854
ASC-10,645,1574.45,-8.5,834.16,-0.044892
ASC-10,646,1388.98,-1960.22,499.0,-0.047113
ASC-10,647,-787.58,-799.31,760.36,-0.095523
ASC-10,648,-3314.83,-2983.6,260.46,-0.061701
ASC-10,649,3240.39,1098.31,393.16,-0.006816
ASC-10,650,1495.2,2754.65,428.82,-0.02013
ASC-10,651,-2066.83,-1017.82,454.35,-0.090768
ASC-10,652,1615.65,-2764.53,372.6,-0.038361
ASC-10,653,-1549.22,841.87,606.77,-0.084467
ASC-10,654,-215.0,-2610.74,423.23,-0.06297
ASC-10,655,2519.22,2741.35,358.21,-0.009098
ASC-10,656,-363.5,-2642.8,414.24,-0.065582
ASC-10,657,-1483.95,-966.91,562.16,-0.094187
ASC-10,658,-1361.56,-37.38,689.93,-0.094676
ASC-10,659,-2960.88,-2674.89,282.69,-0.066543
ASC-10,660,-1963.46,-1268.77,448.24,-0.09033
ASC-10,661,-1602.26,-1573.05,464.96,-0.086632
ASC-10,662,-2289.22,1493.1,417.84,-0.074418
ASC-10,663,-3058.54,3403.91,267.95,-0.047507
ASC-10,664,-239.48,-960.14,839.23,-0.08593
ASC-10,665,-1999.23,2035.04,411.04,-0.06965
ASC-10,666,1671.39,-2517.61,397.13,-0.039385
ASC-10,667,2957.69,559.4,450.96,-0.017222
ASC-10,668,-1589.11,-471.01,594.15,-0.093974
ASC-10,669,505.74,-1482.71,684.47,-0.069296
ASC-10,670,47.08,2251.97,578.0,-0.04889
ASC-10,671,-2974.24,1724.95,335.0,-0.066586
ASC-10,672,-2625.88,-2562.02,302.6,-0.068912
ASC-10,673,2693.46,-1453.15,415.72,-0.027079
ASC-10,674,-180.94,2236.53,571.74,-0.050735
ASC-10,675,2132.27,3447.02,324.92,-0.01029
ASC-10,676,-3033.93,780.95,357.13,-0.075516
ASC-10,677,663.69,2601.89,496.99,-0.033279
ASC-10,678,2557.18,3389.55,310.86,-0.004871
ASC-10,679,2569.46,1683.82,446.06,-0.014928
ASC-10,680,-3459.94,1013.13,315.43,-0.072307
ASC-10,681,152.04,-1951.33,556.24,-0.071049
ASC-10,682,-916.97,-907.03,700.92,-0.095429
ASC-10,683,1820.29,864.88,696.21,-0.034464
ASC-10,684,-2987.47,2984.81,284.85,-0.050864
ASC-10,685,-1645.51,-1387.07,481.29,-0.088535
ASC-10,686,2188.5,-733.54,568.26,-0.036266
ASC-10,687,-213.11,-3344.34,337.78,-0.054234
ASC-10,688,-327.95,1377.09,816.35,-0.071913
ASC-10,689,3279.91,-395.01,397.83,-0.012404
ASC-10,690,-1260.77,2084.12,493.58,-0.065895
ASC-10,691,-3207.95,-1864.42,299.45,-0.073465
ASC-10,692,-754.59,1117.52,790.7,-0.08303
ASC-10,693,-2426.39,1211.65,415.84,-0.079562
ASC-10,694,-2926.76,-249.73,370.93,-0.081527
ASC-10,695,475.02,-2179.76,505.65,-0.063174
ASC-10,696,3175.03,-679.71,402.11,-0.017848
ASC-10,697,555.85,1715.3,738.46,-0.049614
ASC-10,698,1029.8,-2175.7,486.11,-0.054597
ASC-10,699,-1234.6,-2869.71,352.21,-0.07212
DESC-01,0,875.67,497.86,1173.71,-0.003649
DESC-01,1,2780.5,1765.71,412.23,-0.013183
DESC-01,2,1929.8,624.99,688.02,-0.00949
DESC-01,3,-1923.55,2119.45,411.65,0.018883
DESC-01,4,-1398.84,353.29,681.09,0.005866
DESC-01,5,2614.87,-2112.99,369.29,-0.01434
DESC-01,6,-3463.14,579.08,320.51,0.02043
DESC-01,7,2248.6,-63.45,604.37,-0.011648
DESC-01,8,2079.49,-2338.45,389.9,-0.018474
DESC-01,9,-224.46,834.16,1066.62,0.004154
DESC-01,10,-1378.77,2218.72,460.56,0.018018
DESC-01,11,-1551.02,-2554.39,364.16,-0.004937
DESC-01,12,-1715.91,314.62,590.38,0.011839
DESC-01,13,-384.47,1635.81,719.47,0.008176
DESC-01,14,31.84,-678.88,1012.92,-0.003136
DESC-01,15,374.48,-1609.68,648.43,-0.008872
DESC-01,16,3468.5,-894.04,360.54,-0.016591
DESC-01,17,2048.63,291.89,666.78,-0.00994
DESC-01,18,855.25,1306.62,857.08,-0.000361
DESC-01,19,3422.72,414.23,386.14,-0.018295
DESC-01,20,-1992.84,-2750.82,324.21,-0.002482
DESC-01,21,-2378.52,2225.2,359.9,0.023914
DESC-01,22,787.78,2967.02,430.46,0.00081
DESC-01,23,-3192.41,-2790.95,269.95,0.00606
DESC-01,24,-3250.24,-1753.36,300.66,0.006432
DESC-01,25,104.22,-2284.23,484.84,-0.008614
DESC-01,26,-236.56,2444.09,522.14,0.005911
DESC-01,27,2920.17,2871.95,323.76,-0.010364
DESC-01,28,904.58,-3190.08,351.03,-0.014963
DESC-01,29,98.82,-1173.06,794.71,-0.006567
DESC-01,30,-21.89,-2152.54,508.05,-0.006262
DESC-01,31,-1767.4,-213.27,567.86,0.009362
DESC-01,32,-3417.44,2951.13,268.72,0.03705
DESC-01,33,-2153.18,-3008.79,301.54,0.001654
DESC-01,34,1344.22,-2301.05,446.25,-0.011211
DESC-01,35,-2095.75,-90.8,500.16,0.012706
DESC-01,36,-913.25,168.24,867.88,0.001554
DESC-01,37,-3473.86,1718.51,299.61,0.025769
DESC-01,38,2310.33,-436.2,567.78,-0.013108
DESC-01,39,-2418.77,-2512.04,315.94,0.002039
DESC-01,40,-1626.8,-1024.72,527.39,0.002459
DESC-01,41,2662.33,3374.65,307.25,-0.011606
DESC-01,42,68.54,1755.06,725.89,0.003138
DESC-01,43,2430.05,-2685.59,337.3,-0.014896
DESC-01,44,978.02,2157.46,576.97,8e-05
DESC-01,45,1692.4,-1323.51,578.89,-0.011904
DESC-01,46,-2859.53,1969.78,334.15,0.024211
DESC-01,47,288.01,-3410.95,335.09,-0.01009
DESC-01,48,54.41,2598.89,500.55,0.004397
DESC-01,49,2599.38,-2363.83,351.0,-0.015949
DESC-01,50,-971.15,-309.75,801.96,-0.000161
DESC-01,51,687.29,1132.29,965.25,0.000726
DESC-01,52,-3085.24,55.09,356.7,0.018767
DESC-01,53,-786.58,-2342.22,437.48,-0.003077
DESC-01,54,-1238.75,-2526.17,386.09,-0.002841
DESC-01,55,-2448.6,-1508.26,373.43,0.007108
DESC-01,56,2214.37,-3133.26,315.66,-0.01208
DESC-01,57,-843.88,-1984.19,489.89,-0.001697
DESC-01,58,3351.24,-2589.26,295.32,-0.021528
DESC-01,59,629.94,-246.42,1236.02,-0.006034
DESC-01,60,735.39,-1004.43,838.69,-0.005859
DESC-01,61,965.98,607.83,1091.23,-0.002241
DESC-01,62,1235.15,-1533.85,603.39,-0.008503
DESC-01,63,-2444.48,-3262.62,278.86,0.002039
DESC-01,64,-417.81,-1182.23,731.07,-0.001977
DESC-01,65,-1823.05,1786.26,456.32,0.014666
DESC-01,66,-682.51,-1709.13,558.46,-0.003036
DESC-01,67,-2823.07,-668.16,372.82,0.009268
DESC-01,68,3274.8,1784.82,358.56,-0.016804
DESC-01,69,-1994.97,-653.23,493.22,0.005381
DESC-01,70,1202.36,2709.87,453.44,-0.001113
DESC-01,71,-1397.06,2926.48,376.31,0.018231
DESC-01,72,2618.54,-1326.29,435.73,-0.018697
DESC-01,73,1135.5,1651.75,691.05,-0.000803
DESC-01,74,-2578.69,-1728.18,348.91,0.007475
DESC-01,75,2415.52,-2523.34,350.54,-0.017503
DESC-01,76,3114.64,-434.83,419.13,-0.016259
DESC-01,77,2827.42,717.31,468.63,-0.012992
DESC-01,78,488.03,3049.14,423.56,0.00329
DESC-01,79,-2481.78,-2478.69,314.28,0.003518
DESC-01,80,-2152.76,1486.54,436.69,0.017543
DESC-01,81,2995.34,-171.75,444.52,-0.013955
DESC-01,82,366.29,-2578.03,435.25,-0.008962
DESC-01,83,-2236.13,3308.61,303.4,0.025721
DESC-01,84,2688.4,1370.38,454.69,-0.011797
DESC-01,85,991.0,-2597.99,419.61,-0.009909
DESC-01,86,487.86,2840.29,456.87,0.00329
DESC-01,87,-865.99,-2778.34,377.85,-0.005226
DESC-01,88,-623.31,-2851.39,379.09,-0.007118
DESC-01,89,-1823.58,-1179.14,477.31,0.003179
DESC-01,90,-3233.6,3065.71,272.25,0.033584
DESC-01,91,2633.53,-3268.83,292.4,-0.015841
DESC-01,92,-225.89,2927.45,435.43,0.00889
DESC-01,93,333.45,781.28,1217.45,0.000557
DESC-01,94,-1244.86,-3030.64,337.81,-0.00455
DESC-01,95,1759.27,480.14,757.02,-0.008179
DESC-01,96,-3323.62,-288.46,331.06,0.019475
DESC-01,97,-894.7,447.89,865.0,0.006193
DESC-01,98,-3287.55,1660.42,313.4,0.023987
DESC-01,99,-2639.76,1250.33,387.18,0.020377
DESC-01,100,3270.04,3480.59,278.49,-0.015456
DESC-01,101,1104.33,-2403.32,443.89,-0.010442
DESC-01,102,-502.46,2189.99,558.8,0.008462
DESC-01,103,166.18,-622.35,1060.73,-0.00444
DESC-01,104,2609.66,1983.15,414.42,-0.013814
DESC-01,105,-1090.53,2742.45,417.31,0.011308
DESC-01,106,632.04,3443.99,370.59,0.00439
DESC-01,107,1285.79,-1637.71,573.51,-0.007851
DESC-01,108,-1012.1,-329.43,784.03,-0.000397
DESC-01,109,133.69,3099.45,416.39,0.007437
DESC-01,110,1856.73,3120.17,365.19,-0.005769
DESC-01,111,2864.26,-889.88,434.09,-0.0159
DESC-01,112,-2442.56,3081.47,305.76,0.025239
DESC-01,113,3033.94,-658.76,422.03,-0.016386
DESC-01,114,-3463.75,-876.64,310.32,0.014227
DESC-01,115,1770.84,1796.34,552.88,-0.010647
DESC-01,116,2173.69,-201.52,618.11,-0.01141
DESC-01,117,-2542.65,-362.61,417.32,0.011408
DESC-01,118,-567.67,-797.17,821.42,-0.004976
DESC-01,119,2206.79,-470.37,589.85,-0.011783
DESC-01,120,-3400.1,-2521.28,270.19,0.00679
DESC-01,121,899.23,-3072.74,363.22,-0.013372
DESC-01,122,2051.17,1777.95,511.61,-0.009897
DESC-01,123,91.03,451.5,1406.2,-0.00015
DESC-01,124,1580.95,1203.23,707.0,-0.008364
DESC-01,125,-1915.04,2116.35,412.85,0.018607
DESC-01,126,-2110.35,-1889.26,378.88,0.002737
DESC-01,127,-958.11,-1863.59,499.46,0.001755
DESC-01,128,-2244.16,-1554.64,391.11,0.008104
DESC-01,129,-1077.57,-1372.53,572.23,-0.000317
DESC-01,130,3136.87,1824.84,369.65,-0.01626
DESC-01,131,513.33,-880.73,919.7,-0.005169
DESC-01,132,-1119.52,-1237.68,590.06,0.000862
DESC-01,133,-1599.33,954.11,584.08,0.010745
DESC-01,134,3164.28,-2194.01,324.53,-0.020493
DESC-01,135,-388.65,-2755.06,398.42,-0.003874
DESC-01,136,3362.76,1379.93,368.19,-0.015166
DESC-01,137,108.66,1795.12,713.98,0.001624
DESC-01,138,148.16,-1425.45,705.16,-0.009404
DESC-01,139,2775.78,952.29,467.25,-0.014126
DESC-01,140,1699.37,-3261.46,324.48,-0.013445
DESC-01,141,564.57,-669.77,1018.23,-0.004545
DESC-01,142,-513.45,545.71,1032.12,0.003549
DESC-01,143,2647.32,-1726.07,398.14,-0.019346
DESC-01,144,-618.48,-1062.5,729.74,-0.002055
DESC-01,145,2959.32,766.85,444.82,-0.013469
DESC-01,146,-3018.99,629.28,361.12,0.019288
DESC-01,147,-490.02,-2420.66,441.88,-0.005147
DESC-01,148,136.6,1446.07,848.97,0.00398
DESC-01,149,3156.57,-2939.8,288.53,-0.019426
DESC-01,150,-1743.01,3288.07,327.07,0.019966
DESC-01,151,2142.27,-2083.47,412.14,-0.016097
DESC-01,152,1235.3,-1725.16,560.08,-0.010011
DESC-01,153,1519.6,-2097.9,464.78,-0.010599
DESC-01,154,907.36,3440.49,366.55,0.002948
DESC-01,155,3300.92,-1493.84,350.79,-0.020856
DESC-01,156,-1171.23,737.05,728.0,0.008372
DESC-01,157,-712.07,3434.44,356.62,0.016562
DESC-01,158,-2079.62,3150.47,319.85,0.020111
DESC-01,159,-3145.07,-3203.55,259.42,0.002942
DESC-01,160,-2009.64,148.29,521.52,0.015246
DESC-01,161,2908.25,709.13,455.08,-0.014776
DESC-01,162,2381.18,1416.77,500.68,-0.01146
DESC-01,163,-2713.16,-1148.63,366.07,0.006163
DESC-01,164,726.45,-1204.64,763.74,-0.007077
DESC-01,165,-145.62,-3470.01,327.56,-0.013084
DESC-01,166,662.79,-3253.34,348.16,-0.014996
DESC-01,167,1114.93,350.4,1063.3,-0.005871
DESC-01,168,-1353.38,-2968.79,338.44,-0.004049
DESC-01,169,3229.46,-2082.63,326.14,-0.019954
DESC-01,170,-239.12,-1167.1,763.13,-0.003172
DESC-01,171,896.71,-3006.7,370.5,-0.011695
DESC-01,172,946.58,-3283.98,341.3,-0.013869
DESC-01,173,-2212.77,2988.44,322.83,0.023408
DESC-01,174,-3066.94,-453.54,352.43,0.01308
DESC-01,175,-619.38,-2065.81,493.85,-0.003687
DESC-01,176,1848.21,1459.16,596.56,-0.004382
DESC-01,177,2206.55,-3433.88,297.27,-0.010625
DESC-01,178,1609.92,-1784.88,507.29,-0.009953
DESC-01,179,-2707.57,3225.25,287.3,0.030046
DESC-01,180,2893.48,2783.83,330.66,-0.009796
DESC-01,181,2114.26,951.48,605.07,-0.0105
DESC-01,182,2643.84,-2847.58,315.6,-0.013041
DESC-01,183,163.13,-1273.64,759.23,-0.008125
DESC-01,184,2909.45,-3304.47,281.48,-0.017695
DESC-01,185,-3173.43,-1965.66,297.94,0.010099
DESC-01,186,-3287.98,-3321.96,252.53,-0.000473
DESC-01,187,-3358.49,-2616.85,269.06,0.006861
DESC-01,188,-1730.62,932.5,555.7,0.009673
DESC-01,189,-1760.01,-2796.9,332.79,-0.004111
DESC-01,190,-2187.48,-2409.66,335.6,0.000817
DESC-01,191,469.39,2819.66,460.64,0.003096
DESC-01,192,-3227.1,-1151.83,320.91,0.010916
DESC-01,193,632.72,-1169.02,786.38,-0.007705
DESC-01,194,-2337.92,-2894.22,299.73,0.001597
DESC-01,195,1245.12,2071.51,570.73,-0.004435
DESC-01,196,-3352.47,1234.64,319.39,0.022672
DESC-01,197,-1326.01,329.93,705.61,0.00415
DESC-01,198,3068.39,825.39,426.13,-0.0137
DESC-01,199,268.77,-2797.34,403.34,-0.011264
DESC-01,200,2181.11,-1677.86,454.99,-0.013956
DESC-01,201,1106.18,585.49,1026.73,-0.004561
DESC-01,202,775.26,3165.62,402.53,0.001639
DESC-01,203,-2161.23,2219.92,379.57,0.023138
DESC-01,204,520.76,985.08,1070.9,0.000796
DESC-01,205,-3222.2,131.73,343.26,0.01669
DESC-01,206,2111.65,-3394.07,302.51,-0.010887
DESC-01,207,3220.5,2735.01,313.87,-0.019055
DESC-01,208,2478.06,-3032.02,311.6,-0.013348
DESC-01,209,-3145.03,-2596.43,277.88,0.005756
DESC-01,210,-1129.38,1351.5,641.22,0.008009
DESC-01,211,-1273.98,2185.01,477.09,0.016177
DESC-01,212,-2710.98,2005.85,344.4,0.023346
DESC-01,213,886.28,-333.17,1084.4,-0.002971
DESC-01,214,2082.21,-2260.61,397.89,-0.017966
DESC-01,215,-1303.95,-3252.88,318.52,-0.00172
DESC-01,216,2539.66,2459.66,379.86,-0.008386
DESC-01,217,2079.89,3343.88,334.92,-0.00774
DESC-01,218,-2596.03,-1791.05,344.06,0.006289
DESC-01,219,1868.01,2562.53,426.53,-0.003983
DESC-01,220,2678.35,-682.28,476.46,-0.015168
DESC-01,221,-2119.02,-1320.59,423.27,0.006137
DESC-01,222,515.49,36.08,1452.28,-0.004173
DESC-01,223,971.25,-3442.82,326.95,-0.015554
DESC-01,224,765.34,-401.0,1103.7,-0.004743
DESC-01,225,-2826.28,-2103.12,312.68,0.004997
DESC-01,226,1128.34,1487.2,740.64,-0.003985
DESC-01,227,923.68,18.0,1172.71,-0.005395
DESC-01,228,2267.2,2581.97,391.27,-0.004441
DESC-01,229,2124.59,2776.54,382.81,-0.002867
DESC-01,230,-1209.82,-1282.69,565.94,0.000897
DESC-01,231,1554.33,-1537.31,559.49,-0.009955
DESC-01,232,2570.91,3073.91,330.49,-0.008278
DESC-01,233,2750.63,27.98,491.62,-0.011395
DESC-01,234,-2369.41,-2824.39,301.89,0.001977
DESC-01,235,-3313.08,-3178.8,255.44,0.001506
DESC-01,236,1055.65,3432.98,363.99,0.000961
DESC-01,237,-1997.27,554.15,518.5,0.015493
DESC-01,238,445.97,-3118.55,363.81,-0.008132
DESC-01,239,3113.63,78.79,429.46,-0.016134
DESC-01,240,-844.76,28.73,893.36,-0.00171
DESC-01,241,-1730.58,-452.29,561.9,0.007761
DESC-01,242,-304.43,3158.96,400.31,0.010693
DESC-01,243,1100.71,3141.4,396.55,8.6e-05
DESC-01,244,-2792.31,-2625.23,291.91,0.006263
DESC-01,245,-835.91,-2437.96,421.07,-0.003374
DESC-01,246,-2563.95,-647.58,404.81,0.00699
DESC-01,247,1137.12,2338.19,524.54,-0.004638
DESC-01,248,2313.87,866.27,564.7,-0.011448
DESC-01,249,-862.02,1608.81,643.97,0.00732
DESC-01,250,-897.93,532.41,854.86,0.006673
DESC-01,251,276.65,-2029.6,539.25,-0.010148
DESC-01,252,-1994.6,2224.36,395.05,0.020202
DESC-01,253,-1768.13,-3401.85,294.09,-0.005092
DESC-01,254,-1191.03,1389.39,620.6,0.008421
DESC-01,255,-298.02,-2139.62,499.86,-0.005939
DESC-01,256,-2929.28,-202.36,371.35,0.016094
DESC-01,257,1769.12,3325.93,349.99,-0.002832
DESC-01,258,553.38,273.25,1458.13,-0.003402
DESC-01,259,-1402.14,-3101.36,326.09,-0.004416
DESC-01,260,-2957.17,-498.54,362.78,0.014371
DESC-01,261,1842.27,1121.87,652.76,-0.007655
DESC-01,262,-2582.45,-3103.05,280.69,0.00348
DESC-01,263,-2567.55,-1731.42,349.65,0.007605
DESC-01,264,-2585.21,-3371.65,270.27,0.003464
DESC-01,265,-2931.16,280.48,373.89,0.019333
DESC-01,266,2844.75,-829.66,440.59,-0.015178
DESC-01,267,-1615.29,25.83,616.17,0.009889
DESC-01,268,-1355.13,-1429.14,518.92,3.7e-05
DESC-01,269,2329.56,1097.65,541.64,-0.012069
DESC-01,270,839.46,-2288.4,474.72,-0.009925
DESC-01,271,-2190.0,2846.56,333.05,0.023068
DESC-01,272,-456.31,3220.57,388.17,0.012374
DESC-01,273,2687.46,-49.04,502.76,-0.011552
DESC-01,274,-872.38,-242.27,850.58,-0.000661
DESC-01,275,1476.17,2517.32,465.27,-0.004606
DESC-01,276,-2822.35,-1471.14,341.5,0.004835
DESC-01,277,1591.27,2121.74,520.44,-0.005286
DESC-01,278,1935.31,-1488.85,512.93,-0.011829
DESC-01,279,2280.37,1539.75,504.67,-0.011786
DESC-01,280,1219.41,-1161.92,701.57,-0.007495
DESC-01,281,-904.87,718.21,825.67,0.007599
DESC-01,282,-3050.52,2981.08,282.3,0.031653
DESC-01,283,131.43,-3119.73,363.57,-0.012406
DESC-01,284,1802.22,2150.78,490.55,-0.008622
DESC-01,285,-2164.13,292.92,489.83,0.014695
DESC-01,286,-1636.34,-846.53,545.8,0.005992
DESC-01,287,252.84,-1048.07,852.35,-0.007367
DESC-01,288,1738.32,-3014.12,343.41,-0.013932
DESC-01,289,2776.11,-1691.35,387.92,-0.020693
DESC-01,290,-2619.81,861.96,403.83,0.017582
DESC-01,291,-2210.11,-2816.87,309.6,0.001009
DESC-01,292,2096.76,1185.85,582.57,-0.012435
DESC-01,293,1011.65,3235.77,387.64,-0.002512
DESC-01,294,1546.81,3365.43,355.26,-0.000868
DESC-01,295,3477.4,2724.69,300.25,-0.019026
DESC-01,296,3074.26,2146.28,356.64,-0.016482
DESC-01,297,2401.18,-2254.33,374.04,-0.015042
DESC-01,298,1939.81,3291.09,345.54,-0.004645
DESC-01,299,-734.87,-2080.94,482.42,-0.005207
DESC-01,300,988.6,2583.35,486.96,-0.00127
DESC-01,301,-2208.88,2645.12,345.14,0.024773
DESC-01,302,1816.46,853.36,698.9,-0.009578
DESC-01,303,1803.83,149.15,750.09,-0.009503
DESC-01,304,1549.07,-2097.02,462.46,-0.010197
DESC-01,305,-386.41,136.28,1147.33,-9.5e-05
DESC-01,306,-852.74,-1465.66,588.69,-0.002817
DESC-01,307,-561.6,-2618.84,410.22,-0.005827
DESC-01,308,-3266.63,-2602.66,272.91,0.005082
DESC-01,309,2410.24,2108.2,425.09,-0.010006
DESC-01,310,296.59,2956.82,438.73,0.002679
DESC-01,311,-787.37,-2506.92,414.53,-0.003022
DESC-01,312,336.2,-3407.17,335.41,-0.011941
DESC-01,313,1551.48,-1654.57,537.53,-0.00975
DESC-01,314,-829.77,-2558.93,405.55,-0.005011
DESC-01,315,2314.48,-2179.61,387.67,-0.016148
DESC-01,316,2936.24,583.29,453.98,-0.013124
DESC-01,317,-787.97,-543.94,823.0,0.000317
DESC-01,318,-2535.29,-495.4,414.22,0.010905
DESC-01,319,1822.61,-2060.71,443.74,-0.013379
DESC-01,320,3450.64,1152.12,367.16,-0.016328
DESC-01,321,-2464.08,-1473.43,374.01,0.007166
DESC-01,322,1488.73,-705.97,753.81,-0.007475
DESC-01,323,2277.26,-256.1,587.78,-0.012559
DESC-01,324,2944.0,2830.97,324.78,-0.010073
DESC-01,325,-2636.33,-1775.51,341.72,0.00671
DESC-01,326,-2857.33,1530.66,352.79,0.023948
DESC-01,327,3415.1,-1334.42,348.15,-0.019122
DESC-01,328,-2682.7,2760.98,309.11,0.028471
DESC-01,329,-2262.35,-741.44,443.07,0.005565
DESC-01,330,524.67,36.13,1446.17,-0.004396
DESC-01,331,-376.09,2640.51,477.26,0.006276
DESC-01,332,1752.75,1209.33,661.24,-0.00776
DESC-01,333,-2166.1,-2839.49,310.37,0.000413
DESC-01,334,2900.99,-2542.15,320.73,-0.016156
DESC-01,335,-1979.64,3435.13,307.21,0.020969
DESC-01,336,1883.78,-3296.26,316.09,-0.008304
DESC-01,337,-3026.78,-1393.9,328.25,0.007028
DESC-01,338,-186.18,3212.26,396.18,0.011779
DESC-01,339,-3272.09,-3394.26,251.16,0.000994
DESC-01,340,-1303.33,-2370.21,399.08,-0.006005
DESC-01,341,-1314.39,-2006.45,442.39,-0.00168
DESC-01,342,1538.24,-2895.26,362.51,-0.011166
DESC-01,343,-314.88,-196.27,1121.08,-0.005509
DESC-01,344,-3102.58,647.07,352.22,0.020477
DESC-01,345,3467.53,-1271.75,346.16,-0.020024
DESC-01,346,2720.9,-2739.45,318.45,-0.015261
DESC-01,347,2914.27,2176.69,368.72,-0.014382
DESC-01,348,-1773.97,2131.3,426.77,0.015328
DESC-01,349,-741.23,434.7,936.31,0.004719
DESC-01,350,-1909.74,-2535.81,343.84,-0.003051
DESC-01,351,-2625.66,293.38,413.11,0.015587
DESC-01,352,-3268.83,906.67,332.66,0.022627
DESC-01,353,23.36,-501.95,1107.07,0.001145
DESC-01,354,-2638.06,2547.04,322.27,0.027345
DESC-01,355,-2265.87,-769.68,440.94,0.005946
DESC-01,356,2523.33,76.21,539.92,-0.01169
DESC-01,357,-110.3,-2701.0,412.72,-0.008558
DESC-01,358,-2214.08,444.86,478.45,0.015629
DESC-01,359,1189.05,1865.14,626.16,-0.000457
DESC-01,360,-1638.95,1618.81,502.32,0.013534
DESC-01,361,188.56,-1701.13,621.42,-0.007238
DESC-01,362,-1519.33,3443.06,325.74,0.019462
DESC-01,363,113.13,1539.54,808.83,0.006575
DESC-01,364,899.74,-533.73,997.48,-0.007015
DESC-01,365,253.46,-595.64,1081.73,-0.003542
DESC-01,366,-730.77,1955.28,586.13,0.010241
DESC-01,367,2035.7,-2270.22,400.44,-0.017339
DESC-01,368,2614.06,977.39,494.65,-0.014523
DESC-01,369,-2244.4,1531.88,421.1,0.017062
DESC-01,370,-2545.84,114.38,424.78,0.014579
DESC-01,371,-2707.66,2612.39,314.76,0.028063
DESC-01,372,3357.18,-219.55,391.71,-0.019452
DESC-01,373,3091.14,-245.75,427.89,-0.016921
DESC-01,374,-1885.33,-1507.24,436.15,0.004596
DESC-01,375,3289.35,2935.6,300.67,-0.015635
DESC-01,376,-2045.28,-1286.11,435.62,0.004831
DESC-01,377,45.33,1366.9,876.53,0.003608
DESC-01,378,-18.3,-634.53,1026.97,-0.002736
DESC-01,379,2904.69,3047.97,314.46,-0.007763
DESC-01,380,-3216.3,3135.72,270.77,0.034166
DESC-01,381,-1292.54,-3289.75,316.27,-0.002307
DESC-01,382,699.82,3461.74,367.75,0.005026
DESC-01,383,-3035.21,734.55,357.81,0.022734
DESC-01,384,-1844.15,-2983.03,316.12,-0.001157
DESC-01,385,-244.56,-20.78,1213.82,-0.004529
DESC-01,386,2666.0,-3153.7,297.22,-0.015512
DESC-01,387,1826.72,342.26,739.69,-0.009475
DESC-01,388,2302.86,-2201.82,386.48,-0.016489
DESC-01,389,1827.49,-924.42,623.58,-0.012986
DESC-01,390,1454.05,-1367.1,609.84,-0.010103
DESC-01,391,2447.85,715.48,544.01,-0.013738
DESC-01,392,1270.34,2256.53,529.39,-0.004271
DESC-01,393,1649.78,3055.76,382.62,-0.003286
DESC-01,394,-1388.49,-1197.99,547.86,-0.000457
DESC-01,395,-2326.51,487.83,457.68,0.013547
DESC-01,396,1795.67,-3458.71,307.57,-0.012257
DESC-01,397,-2339.14,-894.86,423.27,0.006879
DESC-01,398,2936.19,3224.93,303.36,-0.009975
DESC-01,399,676.5,-2668.13,418.05,-0.010019
DESC-01,400,-1193.96,2588.79,429.27,0.008976
DESC-01,401,3056.5,1067.54,418.48,-0.01499
DESC-01,402,-2414.09,-1442.74,380.95,0.006491
DESC-01,403,101.26,1947.13,664.5,0.002249
DESC-01,404,-2859.12,-1475.03,338.3,0.004234
DESC-01,405,3257.99,2763.71,310.35,-0.018924
DESC-01,406,527.63,-2920.69,386.28,-0.011037
DESC-01,407,2125.67,-2667.05,355.59,-0.011117
DESC-01,408,-1526.54,1750.09,503.73,0.014481
DESC-01,409,2112.58,-355.75,623.82,-0.011662
DESC-01,410,1419.89,-2467.76,417.97,-0.011574
DESC-01,411,1005.77,94.04,1132.09,-0.005772
DESC-01,412,3153.94,-1421.22,368.18,-0.019586
DESC-01,413,-465.56,345.21,1092.25,0.00131
DESC-01,414,-594.38,1706.0,666.62,0.008256
DESC-01,415,1344.85,2497.88,478.77,-0.002724
DESC-01,416,2345.39,-3087.0,313.55,-0.011879
DESC-01,417,-1154.47,646.48,743.98,0.007991
DESC-01,418,1187.6,3385.66,365.43,0.00163
DESC-01,419,-2036.74,-281.42,505.72,0.010436
DESC-01,420,361.9,1886.97,686.78,0.000238
DESC-01,421,1884.2,-2819.18,354.5,-0.015024
DESC-01,422,-3042.8,2614.56,295.98,0.028751
DESC-01,423,1594.89,574.37,810.7,-0.007782
DESC-01,424,-3391.97,2717.84,276.25,0.034018
DESC-01,425,3208.45,2009.83,352.86,-0.015555
DESC-01,426,-219.31,2584.68,494.76,0.005205
DESC-01,427,-636.5,-3098.93,352.48,-0.008522
DESC-01,428,1543.11,1508.67,650.29,-0.004792
DESC-01,429,163.09,-2121.13,518.34,-0.007309
DESC-01,430,1615.94,-1639.33,532.12,-0.010653
DESC-01,431,-2906.69,-1226.52,344.52,0.007506
DESC-01,432,439.54,639.2,1303.23,0.001234
DESC-01,433,406.76,895.03,1138.64,0.001211
DESC-01,434,3024.8,3020.1,309.83,-0.010778
DESC-01,435,-3222.76,-3410.97,251.94,-0.00096
DESC-01,436,-330.26,-2145.93,497.02,-0.004738
DESC-01,437,917.51,-965.98,822.42,-0.005597
DESC-01,438,355.23,2226.05,588.39,0.0021
DESC-01,439,-2980.87,349.36,367.96,0.018492
DESC-01,440,652.6,83.93,1371.16,-0.006173
DESC-01,441,-1944.62,1821.3,436.81,0.016245
DESC-01,442,-2131.16,1085.41,467.28,0.014972
DESC-01,443,2650.84,-1471.01,419.29,-0.017576
DESC-01,444,-2115.11,-2890.19,309.79,-0.000916
DESC-01,445,-319.96,-263.85,1095.19,-0.003065
DESC-01,446,1752.01,2661.16,423.22,-0.00394
DESC-01,447,1451.21,686.99,851.91,-0.005205
DESC-01,448,374.21,-3126.98,363.15,-0.010307
DESC-01,449,2149.32,-419.46,608.71,-0.011467
DESC-01,450,-239.29,-807.72,900.12,-0.001537
DESC-01,451,842.7,576.97,1165.55,-0.002415
DESC-01,452,2232.42,609.89,601.93,-0.013589
DESC-01,453,1246.64,3159.32,389.02,-0.000708
DESC-01,454,992.8,-1133.34,750.87,-0.006036
DESC-01,455,-657.1,-643.33,840.85,-0.003841
DESC-01,456,408.26,794.6,1202.55,-0.000577
DESC-01,457,-727.42,2704.73,446.75,0.010451
DESC-01,458,1710.05,1443.01,628.41,-0.006666
DESC-01,459,-836.99,-203.8,871.05,-0.000344
DESC-01,460,-233.65,2201.96,576.9,0.004282
DESC-01,461,1788.2,-102.86,744.98,-0.01246
DESC-01,462,25.59,3244.66,395.43,0.008254
DESC-01,463,-1133.77,-1522.5,536.68,0.00175
DESC-01,464,2287.73,-2608.26,351.34,-0.015707
DESC-01,465,-833.26,2312.8,503.34,0.010503
DESC-01,466,2413.1,-1418.91,454.32,-0.015916
DESC-01,467,1996.68,2431.77,431.42,-0.006903
DESC-01,468,-368.98,765.83,1036.39,0.005737
DESC-01,469,1490.24,62.72,874.84,-0.008238
DESC-01,470,-3259.27,-2890.78,264.75,0.005638
DESC-01,471,-771.41,2004.21,570.3,0.008723
DESC-01,472,2522.34,-3038.53,309.37,-0.015145
DESC-01,473,556.78,3256.06,394.16,0.000203
DESC-01,474,404.78,2638.82,494.66,0.00253
DESC-01,475,1153.17,-1379.22,653.32,-0.008368
DESC-01,476,1243.7,-2604.94,408.57,-0.009993
DESC-01,477,585.19,2699.72,480.32,0.003929
DESC-01,478,-555.59,-141.05,1011.74,-0.002632
DESC-01,479,-2215.61,-2625.88,320.42,4.3e-05
DESC-01,480,-1451.51,-10.34,662.74,0.007474
DESC-01,481,-1449.54,-1772.27,458.68,0.002835
DESC-01,482,-484.79,-645.15,895.29,-0.004547
DESC-01,483,3493.41,981.69,367.57,-0.016181
DESC-01,484,-1032.14,2907.55,400.65,0.012937
DESC-01,485,-368.35,2106.51,590.09,0.006145
DESC-01,486,-898.61,-2372.94,426.09,-0.002483
DESC-01,487,569.99,-158.65,1312.03,-0.00625
DESC-01,488,3135.29,-56.5,424.82,-0.017706
DESC-01,489,2723.51,3426.38,301.81,-0.010807
DESC-01,490,-860.03,-2891.72,365.96,-0.005897
DESC-01,491,-1631.69,75.37,612.71,0.009853
DESC-01,492,2690.79,2900.54,335.46,-0.008429
DESC-01,493,-43.17,-708.06,985.3,-0.002433
DESC-01,494,1298.79,-1667.98,565.43,-0.008744
DESC-01,495,-2986.96,391.53,367.03,0.019127
DESC-01,496,2565.9,-1259.38,448.74,-0.017131
DESC-01,497,-1309.24,2989.55,375.26,0.018839
DESC-01,498,-38.31,-2906.41,386.8,-0.008091
DESC-01,499,-2113.85,-2053.04,365.99,0.003215
DESC-01,500,-558.3,-2912.9,374.25,-0.007357
DESC-01,501,2296.34,1483.22,508.31,-0.011515
DESC-01,502,2293.05,-1448.01,467.5,-0.015647
DESC-01,503,-184.3,2801.18,457.06,0.01056
DESC-01,504,1875.37,2755.42,402.73,-0.004125
DESC-01,505,-293.53,3054.71,414.73,0.010678
DESC-01,506,-886.51,-1707.1,535.57,0.001237
DESC-01,507,321.22,-3495.4,327.69,-0.013074
DESC-01,508,-2090.61,-786.76,467.48,0.004389
DESC-01,509,-1284.07,3237.94,352.8,0.017784
DESC-01,510,1445.7,1846.19,593.91,-0.006169
DESC-01,511,1893.6,-3082.38,331.72,-0.013933
DESC-01,512,-3103.04,1418.01,334.77,0.022452
DESC-01,513,1629.78,2919.44,399.36,-0.001735
DESC-01,514,2222.01,3274.04,333.79,-0.006893
DESC-01,515,-383.64,1511.92,759.46,0.007388
DESC-01,516,-3062.82,2540.97,297.67,0.028699
DESC-01,517,1280.39,2391.91,502.61,-0.005616
DESC-01,518,-1776.85,-991.64,503.97,0.00479
DESC-01,519,1003.5,-2806.69,391.45,-0.010159
DESC-01,520,-863.64,1592.25,647.44,0.006735
DESC-01,521,960.14,-2541.61,428.89,-0.009777
DESC-01,522,-1693.06,-810.61,538.14,0.00575
DESC-01,523,-164.24,3470.15,365.88,0.010419
DESC-01,524,172.72,418.5,1467.3,-0.00165
DESC-01,525,917.09,152.18,1192.86,-0.006299
DESC-01,526,-2077.83,3135.16,320.89,0.019738
DESC-01,527,3234.36,-1511.72,355.78,-0.020041
DESC-01,528,-1476.03,3496.02,323.62,0.019921
DESC-01,529,-1357.86,2883.86,383.12,0.017545
DESC-01,530,-1705.81,-952.67,520.84,0.004332
DESC-01,531,-3027.67,-1209.32,334.83,0.00806
DESC-01,532,-539.54,-2614.06,411.76,-0.0044
DESC-01,533,1902.85,2909.48,383.92,-0.006681
DESC-01,534,1466.97,-2199.33,453.28,-0.009716
DESC-01,535,-2130.99,-3437.15,281.18,-0.000872
DESC-01,536,-2541.48,2730.54,318.7,0.027088
DESC-01,537,-1250.0,686.81,707.82,0.007708
DESC-01,538,1877.79,1202.94,631.32,-0.008352
DESC-01,539,-83.45,1631.99,758.32,0.00397
DESC-01,540,2962.29,-3201.37,284.24,-0.019618
DESC-01,541,1094.69,-2857.02,382.63,-0.010892
DESC-01,542,846.35,-1.14,1217.48,-0.007323
DESC-01,543,1873.84,-3148.17,327.33,-0.011698
DESC-01,544,1751.81,30.25,766.09,-0.009312
DESC-01,545,-1093.13,1654.37,591.73,0.004518
DESC-01,546,-1700.94,1101.86,547.24,0.009161
DESC-01,547,-436.65,816.53,990.62,0.006164
DESC-01,548,-75.27,-3175.16,355.91,-0.01046
DESC-01,549,-2507.94,-1843.42,348.12,0.006182
DESC-01,550,-410.67,2782.46,451.53,0.00925
DESC-01,551,978.76,-2637.46,414.48,-0.009342
DESC-01,552,-2550.0,232.57,424.33,0.01584
DESC-01,553,-2533.73,-3149.66,280.5,0.004723
DESC-01,554,-2283.95,3074.42,314.03,0.023994
DESC-01,555,-1516.68,-2299.06,391.23,-0.002306
DESC-01,556,3231.96,-629.85,396.72,-0.019338
DESC-01,557,-3319.46,327.47,334.12,0.018567
DESC-01,558,-2213.83,1530.56,425.22,0.016383
DESC-01,559,-2344.67,3062.17,311.64,0.02576
DESC-01,560,-179.56,1654.54,740.33,0.007782
DESC-01,561,-3394.49,-1068.42,310.95,0.013252
DESC-01,562,-292.79,-2972.62,374.43,-0.009388
DESC-01,563,-2359.54,1451.84,411.37,0.01813
DESC-01,564,-1612.52,3307.57,331.71,0.019594
DESC-01,565,2047.08,-3380.89,305.32,-0.010363
DESC-01,566,-2211.53,1922.76,396.92,0.021612
DESC-01,567,819.9,-2267.01,479.34,-0.009197
DESC-01,568,-655.81,-280.32,935.15,-0.005193
DESC-01,569,-576.83,158.46,1035.48,0.001999
DESC-01,570,2217.92,800.98,592.8,-0.012249
DESC-01,571,-2373.6,3426.76,291.8,0.026325
DESC-01,572,2966.67,1311.81,418.57,-0.011946
DESC-01,573,2754.44,-753.29,459.26,-0.015499
DESC-01,574,1178.25,1505.15,725.56,-0.004983
DESC-01,575,-3153.87,-232.88,347.32,0.015582
DESC-01,576,1143.16,-608.16,888.56,-0.006639
DESC-01,577,702.43,-940.43,869.81,-0.004798
DESC-01,578,1905.44,-46.16,707.97,-0.009528
DESC-01,579,-2003.18,-1531.72,419.68,0.005118
DESC-01,580,3173.49,-1805.3,345.07,-0.020781
DESC-01,581,2703.38,-2460.73,337.4,-0.014064
DESC-01,582,-2699.5,-418.43,394.71,0.011514
DESC-01,583,-1293.59,-1447.17,525.48,0.001901
DESC-01,584,-3272.89,2358.59,292.79,0.029729
DESC-01,585,2316.63,2435.26,401.59,-0.006476
DESC-01,586,2905.66,-1092.86,415.73,-0.017654
DESC-01,587,3428.66,833.99,378.58,-0.016007
DESC-01,588,783.48,2816.04,454.59,0.000745
DESC-01,589,1161.9,-985.87,764.47,-0.007777
DESC-01,590,1248.84,383.01,987.61,-0.00634
DESC-01,591,491.04,-395.09,1188.86,-0.005508
DESC-01,592,3166.96,1051.86,404.25,-0.014623
DESC-01,593,755.03,3218.4,396.02,0.001673
DESC-01,594,-1149.92,-2529.63,391.08,-0.003633
DESC-01,595,90.14,3257.7,394.41,0.007443
DESC-01,596,-3369.36,1160.13,319.66,0.022595
DESC-01,597,1568.88,2071.09,532.3,-0.004165
DESC-01,598,1357.45,945.85,833.04,-0.005489
DESC-01,599,-552.64,2592.22,475.93,0.007675
DESC-01,600,2460.37,-1216.33,468.02,-0.016475
DESC-01,601,1788.68,1456.33,609.35,-0.004969
DESC-01,602,-1143.21,-1651.21,513.67,0.001533
DESC-01,603,-2957.51,60.6,370.64,0.01775
DESC-01,604,-2574.44,1270.43,394.1,0.019519
DESC-01,605,-2210.09,-2092.13,355.57,0.003449
DESC-01,606,-1372.57,-3071.88,329.47,-0.003987
DESC-01,607,-367.39,2036.64,607.67,0.006951
DESC-01,608,2995.98,2162.62,362.4,-0.016925
DESC-01,609,-1551.07,1159.65,573.6,0.008467
DESC-01,610,2790.1,-1249.98,419.69,-0.021639
DESC-01,611,1263.24,1107.21,820.85,-0.003789
DESC-01,612,2474.45,-2912.84,319.32,-0.012218
DESC-01,613,-677.23,1137.57,808.13,0.009259
DESC-01,614,-3477.06,533.39,319.75,0.020467
DESC-01,615,2008.77,820.43,646.43,-0.009059
DESC-01,616,-1781.67,-371.11,555.73,0.008332
DESC-01,617,-2502.64,-1923.89,343.87,0.005395
DESC-01,618,2096.44,1581.14,531.14,-0.011725
DESC-01,619,1304.3,-251.09,920.0,-0.008457
DESC-01,620,-2013.09,1717.66,437.19,0.015908
DESC-01,621,-1626.93,-950.74,535.95,0.004633
DESC-01,622,3074.54,-2885.48,294.34,-0.016808
DESC-01,623,-1620.23,297.2,616.31,0.00952
DESC-01,624,1416.84,859.33,831.81,-0.005325
DESC-01,625,-2593.13,2952.44,304.69,0.027854
DESC-01,626,2205.25,2714.28,383.12,-0.004676
DESC-01,627,-2676.87,-3099.96,277.51,0.001636
DESC-01,628,112.29,1902.88,678.71,0.001381
DESC-01,629,-3253.48,-1670.46,303.14,0.005452
DESC-01,630,350.55,1380.39,882.37,0.001954
DESC-01,631,2426.35,-843.63,509.24,-0.014955
DESC-01,632,-2909.21,-1245.45,343.56,0.007202
DESC-01,633,-1580.2,-82.01,622.31,0.008539
DESC-01,634,1852.85,213.72,732.69,-0.009086
DESC-01,635,756.69,1361.38,852.79,-0.000992
DESC-01,636,-1310.42,965.18,656.95,0.010239
DESC-01,637,902.33,1247.79,870.15,-0.002698
DESC-01,638,-317.03,-811.46,880.85,-0.002312
DESC-01,639,2536.49,1241.38,489.6,-0.011881
DESC-01,640,-1449.42,-1082.29,553.26,0.000244
DESC-01,641,1804.11,752.73,715.39,-0.010767
DESC-01,642,949.72,-283.27,1074.27,-0.003594
DESC-01,643,1683.0,439.59,788.45,-0.00886
DESC-01,644,-852.17,-3377.23,322.46,-0.005578
DESC-01,645,1574.45,-8.5,834.16,-0.008329
DESC-01,646,1388.98,-1960.22,499.0,-0.010071
DESC-01,647,-787.58,-799.31,760.36,-0.001821
DESC-01,648,-3314.83,-2983.6,260.46,0.005577
DESC-01,649,3240.39,1098.31,393.16,-0.01452
DESC-01,650,1495.2,2754.65,428.82,-0.003685
DESC-01,651,-2066.83,-1017.82,454.35,0.005266
DESC-01,652,1615.65,-2764.53,372.6,-0.011677
DESC-01,653,-1549.22,841.87,606.77,0.010498
DESC-01,654,-215.0,-2610.74,423.23,-0.006465
DESC-01,655,2519.22,2741.35,358.21,-0.007559
DESC-01,656,-363.5,-2642.8,414.24,-0.004891
DESC-01,657,-1483.95,-966.91,562.16,0.001338
DESC-01,658,-1361.56,-37.38,689.93,0.004144
DESC-01,659,-2960.88,-2674.89,282.69,0.007183
DESC-01,660,-1963.46,-1268.77,448.24,0.003667
DESC-01,661,-1602.26,-1573.05,464.96,0.002768
DESC-01,662,-2289.22,1493.1,417.84,0.016298
DESC-01,663,-3058.54,3403.91,267.95,0.033535
DESC-01,664,-239.48,-960.14,839.23,-0.003591
DESC-01,665,-1999.23,2035.04,411.04,0.02258
DESC-01,666,1671.39,-2517.61,397.13,-0.014188
DESC-01,667,2957.69,559.4,450.96,-0.014117
DESC-01,668,-1589.11,-471.01,594.15,0.007646
DESC-01,669,505.74,-1482.71,684.47,-0.007025
DESC-01,670,47.08,2251.97,578.0,0.000279
DESC-01,671,-2974.24,1724.95,335.0,0.024361
DESC-01,672,-2625.88,-2562.02,302.6,0.00562
DESC-01,673,2693.46,-1453.15,415.72,-0.019553
DESC-01,674,-180.94,2236.53,571.74,0.004432
DESC-01,675,2132.27,3447.02,324.92,-0.007968
DESC-01,676,-3033.93,780.95,357.13,0.021583
DESC-01,677,663.69,2601.89,496.99,0.001836
DESC-01,678,2557.18,3389.55,310.86,-0.010937
DESC-01,679,2569.46,1683.82,446.06,-0.014358
DESC-01,680,-3459.94,1013.13,315.43,0.026136
DESC-01,681,152.04,-1951.33,556.24,-0.008512
DESC-01,682,-916.97,-907.03,700.92,-0.00165
DESC-01,683,1820.29,864.88,696.21,-0.009087
DESC-01,684,-2987.47,2984.81,284.85,0.031059
DESC-01,685,-1645.51,-1387.07,481.29,0.003955
DESC-01,686,2188.5,-733.54,568.26,-0.013636
DESC-01,687,-213.11,-3344.34,337.78,-0.011019
DESC-01,688,-327.95,1377.09,816.35,0.006821
DESC-01,689,3279.91,-395.01,397.83,-0.018278
DESC-01,690,-1260.77,2084.12,493.58,0.014414
DESC-01,691,-3207.95,-1864.42,299.45,0.00816
DESC-01,692,-754.59,1117.52,790.7,0.010773
DESC-01,693,-2426.39,1211.65,415.84,0.016998
DESC-01,694,-2926.76,-249.73,370.93,0.014949
DESC-01,695,475.02,-2179.76,505.65,-0.009844
DESC-01,696,3175.03,-679.71,402.11,-0.017676
DESC-01,697,555.85,1715.3,738.46,0.00122
DESC-01,698,1029.8,-2175.7,486.11,-0.008668
DESC-01,699,-1234.6,-2869.71,352.21,-0.006052
DESC-02,0,875.67,497.86,1173.71,-0.004392
DESC-02,1,2780.5,1765.71,412.23,-0.00385
DESC-02,2,1929.8,624.99,688.02,-0.005192
DESC-02,3,-1923.55,2119.45,411.65,-0.001334
DESC-02,4,-1398.84,353.29,681.09,-0.006889
DESC-02,5,2614.87,-2112.99,369.29,-0.003154
DESC-02,6,-3463.14,579.08,320.51,-0.000612
DESC-02,7,2248.6,-63.45,604.37,-0.007544
DESC-02,8,2079.49,-2338.45,389.9,-0.003828
DESC-02,9,-224.46,834.16,1066.62,-0.001171
DESC-02,10,-1378.77,2218.72,460.56,-0.002733
DESC-02,11,-1551.02,-2554.39,364.16,-0.001057
DESC-02,12,-1715.91,314.62,590.38,-0.004774
DESC-02,13,-384.47,1635.81,719.47,-0.004651
DESC-02,14,31.84,-678.88,1012.92,-0.006436
DESC-02,15,374.48,-1609.68,648.43,-0.005274
DESC-02,16,3468.5,-894.04,360.54,-0.001167
DESC-02,17,2048.63,291.89,666.78,-0.00443
DESC-02,18,855.25,1306.62,857.08,-0.0056
DESC-02,19,3422.72,414.23,386.14,-0.00176
DESC-02,20,-1992.84,-2750.82,324.21,-0.001709
DESC-02,21,-2378.52,2225.2,359.9,-0.002494
DESC-02,22,787.78,2967.02,430.46,-0.001908
DESC-02,23,-3192.41,-2790.95,269.95,-0.002808
DESC-02,24,-3250.24,-1753.36,300.66,-0.004329
DESC-02,25,104.22,-2284.23,484.84,-0.001269
DESC-02,26,-236.56,2444.09,522.14,-0.00651
DESC-02,27,2920.17,2871.95,323.76,-0.00163
DESC-02,28,904.58,-3190.08,351.03,-0.006031
DESC-02,29,98.82,-1173.06,794.71,-0.005223
DESC-02,30,-21.89,-2152.54,508.05,-0.00262
DESC-02,31,-1767.4,-213.27,567.86,-0.004304
DESC-02,32,-3417.44,2951.13,268.72,-0.004894
DESC-02,33,-2153.18,-3008.79,301.54,-0.001848
DESC-02,34,1344.22,-2301.05,446.25,-0.004214
DESC-02,35,-2095.75,-90.8,500.16,-0.004766
DESC-02,36,-913.25,168.24,867.88,-0.004719
DESC-02,37,-3473.86,1718.51,299.61,0.001013
DESC-02,38,2310.33,-436.2,567.78,-0.006939
DESC-02,39,-2418.77,-2512.04,315.94,-0.001429
DESC-02,40,-1626.8,-1024.72,527.39,-0.0053
DESC-02,41,2662.33,3374.65,307.25,-0.001414
DESC-02,42,68.54,1755.06,725.89,-0.00316
DESC-02,43,2430.05,-2685.59,337.3,0.001271
DESC-02,44,978.02,2157.46,576.97,-0.001895
DESC-02,45,1692.4,-1323.51,578.89,-0.003972
DESC-02,46,-2859.53,1969.78,334.15,0.001426
DESC-02,47,288.01,-3410.95,335.09,-0.005154
DESC-02,48,54.41,2598.89,500.55,-0.002348
DESC-02,49,2599.38,-2363.83,351.0,-0.002881
DESC-02,50,-971.15,-309.75,801.96,-0.005673
DESC-02,51,687.29,1132.29,965.25,-0.003112
DESC-02,52,-3085.24,55.09,356.7,-0.000961
DESC-02,53,-786.58,-2342.22,437.48,-0.000176
DESC-02,54,-1238.75,-2526.17,386.09,-0.003844
DESC-02,55,-2448.6,-1508.26,373.43,-0.001863
DESC-02,56,2214.37,-3133.26,315.66,-0.00293
DESC-02,57,-843.88,-1984.19,489.89,-0.002761
DESC-02,58,3351.24,-2589.26,295.32,-0.006419
DESC-02,59,629.94,-246.42,1236.02,-0.003426
DESC-02,60,735.39,-1004.43,838.69,-0.004619
DESC-02,61,965.98,607.83,1091.23,-0.005868
DESC-02,62,1235.15,-1533.85,603.39,-0.006958
DESC-02,63,-2444.48,-3262.62,278.86,-0.003151
DESC-02,64,-417.81,-1182.23,731.07,-0.001967
DESC-02,65,-1823.05,1786.26,456.32,-0.002111
DESC-02,66,-682.51,-1709.13,558.46,-0.003528
DESC-02,67,-2823.07,-668.16,372.82,-0.000919
DESC-02,68,3274.8,1784.82,358.56,-0.003222
DESC-02,69,-1994.97,-653.23,493.22,-0.00314
DESC-02,70,1202.36,2709.87,453.44,-0.001113
DESC-02,71,-1397.06,2926.48,376.31,-0.001243
DESC-02,72,2618.54,-1326.29,435.73,-0.002356
DESC-02,73,1135.5,1651.75,691.05,-0.006225
DESC-02,74,-2578.69,-1728.18,348.91,-0.00195
DESC-02,75,2415.52,-2523.34,350.54,-0.001468
DESC-02,76,3114.64,-434.83,419.13,-0.003362
DESC-02,77,2827.42,717.31,468.63,-0.003961
DESC-02,78,488.03,3049.14,423.56,-0.003224
DESC-02,79,-2481.78,-2478.69,314.28,-0.001929
DESC-02,80,-2152.76,1486.54,436.69,-1.1e-05
DESC-02,81,2995.34,-171.75,444.52,-0.004906
DESC-02,82,366.29,-2578.03,435.25,-0.005395
DESC-02,83,-2236.13,3308.61,303.4,7e-06
DESC-02,84,2688.4,1370.38,454.69,-0.002179
DESC-02,85,991.0,-2597.99,419.61,-0.005064
DESC-02,86,487.86,2840.29,456.87,-0.002509
DESC-02,87,-865.99,-2778.34,377.85,-0.00374
DESC-02,88,-623.31,-2851.39,379.09,-0.003401
DESC-02,89,-1823.58,-1179.14,477.31,-0.001979
DESC-02,90,-3233.6,3065.71,272.25,-0.001754
DESC-02,91,2633.53,-3268.83,292.4,-0.002188
DESC-02,92,-225.89,2927.45,435.43,-0.003495
DESC-02,93,333.45,781.28,1217.45,-0.006453
DESC-02,94,-1244.86,-3030.64,337.81,-0.002074
DESC-02,95,1759.27,480.14,757.02,-0.004357
DESC-02,96,-3323.62,-288.46,331.06,0.001
DESC-02,97,-894.7,447.89,865.0,-0.001001
DESC-02,98,-3287.55,1660.42,313.4,0.001158
DESC-02,99,-2639.76,1250.33,387.18,0.001194
DESC-02,100,3270.04,3480.59,278.49,-0.00398
DESC-02,101,1104.33,-2403.32,443.89,-0.002908
DESC-02,102,-502.46,2189.99,558.8,-0.002893
DESC-02,103,166.18,-622.35,1060.73,-0.003897
DESC-02,104,2609.66,1983.15,414.42,-0.002306
DESC-02,105,-1090.53,2742.45,417.31,-0.001316
DESC-02,106,632.04,3443.99,370.59,0.000361
DESC-02,107,1285.79,-1637.71,573.51,-0.007002
DESC-02,108,-1012.1,-329.43,784.03,-0.004942
DESC-02,109,133.69,3099.45,416.39,-0.000769
DESC-02,110,1856.73,3120.17,365.19,-0.003639
DESC-02,111,2864.26,-889.88,434.09,-0.005504
DESC-02,112,-2442.56,3081.47,305.76,8e-05
DESC-02,113,3033.94,-658.76,422.03,-0.00388
DESC-02,114,-3463.75,-876.64,310.32,0.000393
DESC-02,115,1770.84,1796.34,552.88,-0.00268
DESC-02,116,2173.69,-201.52,618.11,-0.007943
DESC-02,117,-2542.65,-362.61,417.32,-0.00145
DESC-02,118,-567.67,-797.17,821.42,-0.002031
DESC-02,119,2206.79,-470.37,589.85,-0.007133
DESC-02,120,-3400.1,-2521.28,270.19,-0.002488
DESC-02,121,899.23,-3072.74,363.22,-0.00701
DESC-02,122,2051.17,1777.95,511.61,-0.001606
DESC-02,123,91.03,451.5,1406.2,-0.000864
DESC-02,124,1580.95,1203.23,707.0,-0.007056
DESC-02,125,-1915.04,2116.35,412.85,-0.001045
DESC-02,126,-2110.35,-1889.26,378.88,-0.000269
DESC-02,127,-958.11,-1863.59,499.46,-0.003681
DESC-02,128,-2244.16,-1554.64,391.11,-0.002036
DESC-02,129,-1077.57,-1372.53,572.23,-0.005232
DESC-02,130,3136.87,1824.84,369.65,-0.004284
DESC-02,131,513.33,-880.73,919.7,-0.004358
DESC-02,132,-1119.52,-1237.68,590.06,-0.003809
DESC-02,133,-1599.33,954.11,584.08,-0.002616
DESC-02,134,3164.28,-2194.01,324.53,-0.002502
DESC-02,135,-388.65,-2755.06,398.42,-0.002666
DESC-02,136,3362.76,1379.93,368.19,-0.005228
DESC-02,137,108.66,1795.12,713.98,-0.001829
DESC-02,138,148.16,-1425.45,705.16,-0.002972
DESC-02,139,2775.78,952.29,467.25,-0.004733
DESC-02,140,1699.37,-3261.46,324.48,-6.9e-05
DESC-02,141,564.57,-669.77,1018.23,-0.003482
DESC-02,142,-513.45,545.71,1032.12,-0.001775
DESC-02,143,2647.32,-1726.07,398.14,0.000172
DESC-02,144,-618.48,-1062.5,729.74,-0.006181
DESC-02,145,2959.32,766.85,444.82,-0.006039
DESC-02,146,-3018.99,629.28,361.12,0.000555
DESC-02,147,-490.02,-2420.66,441.88,-0.002283
DESC-02,148,136.6,1446.07,848.97,-0.005099
DESC-02,149,3156.57,-2939.8,288.53,-0.000911
DESC-02,150,-1743.01,3288.07,327.07,5.3e-05
DESC-02,151,2142.27,-2083.47,412.14,-0.00556
DESC-02,152,1235.3,-1725.16,560.08,-0.007159
DESC-02,153,1519.6,-2097.9,464.78,-0.003428
DESC-02,154,907.36,3440.49,366.55,0.00198
DESC-02,155,3300.92,-1493.84,350.79,-0.006238
DESC-02,156,-1171.23,737.05,728.0,-0.002648
DESC-02,157,-712.07,3434.44,356.62,-0.002322
DESC-02,158,-2079.62,3150.47,319.85,-0.002799
DESC-02,159,-3145.07,-3203.55,259.42,-0.002047
DESC-02,160,-2009.64,148.29,521.52,-0.006434
DESC-02,161,2908.25,709.13,455.08,-0.005409
DESC-02,162,2381.18,1416.77,500.68,-0.000278
DESC-02,163,-2713.16,-1148.63,366.07,-0.000676
DESC-02,164,726.45,-1204.64,763.74,-0.00382
DESC-02,165,-145.62,-3470.01,327.56,-0.002227
DESC-02,166,662.79,-3253.34,348.16,-0.004777
DESC-02,167,1114.93,350.4,1063.3,-0.003331
DESC-02,168,-1353.38,-2968.79,338.44,-0.003542
DESC-02,169,3229.46,-2082.63,326.14,-0.00347
DESC-02,170,-239.12,-1167.1,763.13,-0.00194
DESC-02,171,896.71,-3006.7,370.5,-0.00723
DESC-02,172,946.58,-3283.98,341.3,-0.005631
DESC-02,173,-2212.77,2988.44,322.83,0.000301
DESC-02,174,-3066.94,-453.54,352.43,0.002216
DESC-02,175,-619.38,-2065.81,493.85,-0.003121
DESC-02,176,1848.21,1459.16,596.56,-0.00507
DESC-02,177,2206.55,-3433.88,297.27,-0.001286
DESC-02,178,1609.92,-1784.88,507.29,-0.004352
DESC-02,179,-2707.57,3225.25,287.3,-0.001494
DESC-02,180,2893.48,2783.83,330.66,-0.001132
DESC-02,181,2114.26,951.48,605.07,-0.00332
DESC-02,182,2643.84,-2847.58,315.6,-0.000753
DESC-02,183,163.13,-1273.64,759.23,-0.000976
DESC-02,184,2909.45,-3304.47,281.48,0.000391
DESC-02,185,-3173.43,-1965.66,297.94,-0.001774
DESC-02,186,-3287.98,-3321.96,252.53,-2.4e-05
DESC-02,187,-3358.49,-2616.85,269.06,0.001035
DESC-02,188,-1730.62,932.5,555.7,-0.001018
DESC-02,189,-1760.01,-2796.9,332.79,-0.00284
DESC-02,190,-2187.48,-2409.66,335.6,-0.000804
DESC-02,191,469.39,2819.66,460.64,-0.002407
DESC-02,192,-3227.1,-1151.83,320.91,-0.001776
DESC-02,193,632.72,-1169.02,786.38,-0.003633
DESC-02,194,-2337.92,-2894.22,299.73,-0.001511
DESC-02,195,1245.12,2071.51,570.73,-0.003124
DESC-02,196,-3352.47,1234.64,319.39,-0.000479
DESC-02,197,-1326.01,329.93,705.61,-0.005151
DESC-02,198,3068.39,825.39,426.13,-0.007317
DESC-02,199,268.77,-2797.34,403.34,-0.003203
DESC-02,200,2181.11,-1677.86,454.99,-0.003453
DESC-02,201,1106.18,585.49,1026.73,-0.004675
DESC-02,202,775.26,3165.62,402.53,-0.004103
DESC-02,203,-2161.23,2219.92,379.57,0.000673
DESC-02,204,520.76,985.08,1070.9,-0.00708
DESC-02,205,-3222.2,131.73,343.26,-0.001736
DESC-02,206,2111.65,-3394.07,302.51,-0.000676
DESC-02,207,3220.5,2735.01,313.87,-0.003163
DESC-02,208,2478.06,-3032.02,311.6,-0.002032
DESC-02,209,-3145.03,-2596.43,277.88,-0.004681
DESC-02,210,-1129.38,1351.5,641.22,-0.003439
DESC-02,211,-1273.98,2185.01,477.09,-0.002363
DESC-02,212,-2710.98,2005.85,344.4,0.001296
DESC-02,213,886.28,-333.17,1084.4,-0.004476
DESC-02,214,2082.21,-2260.61,397.89,-0.004019
DESC-02,215,-1303.95,-3252.88,318.52,-0.001503
DESC-02,216,2539.66,2459.66,379.86,-0.00342
DESC-02,217,2079.89,3343.88,334.92,-0.003829
DESC-02,218,-2596.03,-1791.05,344.06,0.000149
DESC-02,219,1868.01,2562.53,426.53,-0.004283
DESC-02,220,2678.35,-682.28,476.46,-0.003294
DESC-02,221,-2119.02,-1320.59,423.27,-0.001744
DESC-02,222,515.49,36.08,1452.28,-0.001131
DESC-02,223,971.25,-3442.82,326.95,-0.005323
DESC-02,224,765.34,-401.0,1103.7,-0.003416
DESC-02,225,-2826.28,-2103.12,312.68,-0.000951
DESC-02,226,1128.34,1487.2,740.64,-0.00626
DESC-02,227,923.68,18.0,1172.71,-0.003074
DESC-02,228,2267.2,2581.97,391.27,-0.004562
DESC-02,229,2124.59,2776.54,382.81,-0.004067
DESC-02,230,-1209.82,-1282.69,565.94,-0.004511
DESC-02,231,1554.33,-1537.31,559.49,-0.003881
DESC-02,232,2570.91,3073.91,330.49,-0.002417
DESC-02,233,2750.63,27.98,491.62,-0.007355
DESC-02,234,-2369.41,-2824.39,301.89,-0.001924
DESC-02,235,-3313.08,-3178.8,255.44,-0.000944
DESC-02,236,1055.65,3432.98,363.99,-0.000836
DESC-02,237,-1997.27,554.15,518.5,-0.00084
DESC-02,238,445.97,-3118.55,363.81,-0.003903
DESC-02,239,3113.63,78.79,429.46,-0.003043
DESC-02,240,-844.76,28.73,893.36,-0.005637
DESC-02,241,-1730.58,-452.29,561.9,-0.00453
DESC-02,242,-304.43,3158.96,400.31,-0.000815
DESC-02,243,1100.71,3141.4,396.55,-0.004001
DESC-02,244,-2792.31,-2625.23,291.91,-0.002102
DESC-02,245,-835.91,-2437.96,421.07,-0.001164
DESC-02,246,-2563.95,-647.58,404.81,-0.002117
DESC-02,247,1137.12,2338.19,524.54,-0.001898
DESC-02,248,2313.87,866.27,564.7,-0.00516
DESC-02,249,-862.02,1608.81,643.97,-0.002889
DESC-02,250,-897.93,532.41,854.86,-0.002708
DESC-02,251,276.65,-2029.6,539.25,-0.005514
DESC-02,252,-1994.6,2224.36,395.05,0.001147
DESC-02,253,-1768.13,-3401.85,294.09,-0.003124
DESC-02,254,-1191.03,1389.39,620.6,-0.005436
DESC-02,255,-298.02,-2139.62,499.86,-0.001211
DESC-02,256,-2929.28,-202.36,371.35,-0.001148
DESC-02,257,1769.12,3325.93,349.99,-0.008543
DESC-02,258,553.38,273.25,1458.13,-0.002735
DESC-02,259,-1402.14,-3101.36,326.09,-0.001382
DESC-02,260,-2957.17,-498.54,362.78,0.001225
DESC-02,261,1842.27,1121.87,652.76,-0.002383
DESC-02,262,-2582.45,-3103.05,280.69,-0.002571
DESC-02,263,-2567.55,-1731.42,349.65,-0.001472
DESC-02,264,-2585.21,-3371.65,270.27,-0.003904
DESC-02,265,-2931.16,280.48,373.89,-0.000651
DESC-02,266,2844.75,-829.66,440.59,-0.00344
DESC-02,267,-1615.29,25.83,616.17,-0.00431
DESC-02,268,-1355.13,-1429.14,518.92,-0.003659
DESC-02,269,2329.56,1097.65,541.64,-0.005873
DESC-02,270,839.46,-2288.4,474.72,-0.005052
DESC-02,271,-2190.0,2846.56,333.05,-0.00187
DESC-02,272,-456.31,3220.57,388.17,-0.00034
DESC-02,273,2687.46,-49.04,502.76,-0.007771
DESC-02,274,-872.38,-242.27,850.58,-0.004883
DESC-02,275,1476.17,2517.32,465.27,-0.004237
DESC-02,276,-2822.35,-1471.14,341.5,0.001349
DESC-02,277,1591.27,2121.74,520.44,-0.005237
DESC-02,278,1935.31,-1488.85,512.93,-0.003523
DESC-02,279,2280.37,1539.75,504.67,0.002292
DESC-02,280,1219.41,-1161.92,701.57,-0.004731
DESC-02,281,-904.87,718.21,825.67,-0.003804
DESC-02,282,-3050.52,2981.08,282.3,-0.000614
DESC-02,283,131.43,-3119.73,363.57,-0.001822
DESC-02,284,1802.22,2150.78,490.55,-0.002747
DESC-02,285,-2164.13,292.92,489.83,-0.006419
DESC-02,286,-1636.34,-846.53,545.8,-0.004191
DESC-02,287,252.84,-1048.07,852.35,-0.007175
DESC-02,288,1738.32,-3014.12,343.41,0.001338
DESC-02,289,2776.11,-1691.35,387.92,-0.001129
DESC-02,290,-2619.81,861.96,403.83,-0.000977
DESC-02,291,-2210.11,-2816.87,309.6,-0.000747
DESC-02,292,2096.76,1185.85,582.57,-0.002344
DESC-02,293,1011.65,3235.77,387.64,-0.003872
DESC-02,294,1546.81,3365.43,355.26,-0.002832
DESC-02,295,3477.4,2724.69,300.25,-0.003277
DESC-02,296,3074.26,2146.28,356.64,-0.006195
DESC-02,297,2401.18,-2254.33,374.04,-0.00142
DESC-02,298,1939.81,3291.09,345.54,-0.003409
DESC-02,299,-734.87,-2080.94,482.42,-0.001113
DESC-02,300,988.6,2583.35,486.96,-0.000793
DESC-02,301,-2208.88,2645.12,345.14,-0.00251
DESC-02,302,1816.46,853.36,698.9,-0.002722
DESC-02,303,1803.83,149.15,750.09,-0.001916
DESC-02,304,1549.07,-2097.02,462.46,-0.002883
DESC-02,305,-386.41,136.28,1147.33,-0.000262
DESC-02,306,-852.74,-1465.66,588.69,-0.005478
DESC-02,307,-561.6,-2618.84,410.22,-0.001172
DESC-02,308,-3266.63,-2602.66,272.91,-0.000784
DESC-02,309,2410.24,2108.2,425.09,-0.004713
DESC-02,310,296.59,2956.82,438.73,-0.004177
DESC-02,311,-787.37,-2506.92,414.53,-0.002228
DESC-02,312,336.2,-3407.17,335.41,-0.004818
DESC-02,313,1551.48,-1654.57,537.53,-0.003902
DESC-02,314,-829.77,-2558.93,405.55,-0.002652
DESC-02,315,2314.48,-2179.61,387.67,-0.002927
DESC-02,316,2936.24,583.29,453.98,-0.00505
DESC-02,317,-787.97,-543.94,823.0,-0.003727
DESC-02,318,-2535.29,-495.4,414.22,-0.001032
DESC-02,319,1822.61,-2060.71,443.74,-0.003172
DESC-02,320,3450.64,1152.12,367.16,-0.004755
DESC-02,321,-2464.08,-1473.43,374.01,-0.001442
DESC-02,322,1488.73,-705.97,753.81,-0.005536
DESC-02,323,2277.26,-256.1,587.78,-0.006657
DESC-02,324,2944.0,2830.97,324.78,-0.001924
DESC-02,325,-2636.33,-1775.51,341.72,0.001006
DESC-02,326,-2857.33,1530.66,352.79,0.000839
DESC-02,327,3415.1,-1334.42,348.15,-0.004117
DESC-02,328,-2682.7,2760.98,309.11,-0.002163
DESC-02,329,-2262.35,-741.44,443.07,-0.002787
DESC-02,330,524.67,36.13,1446.17,-0.001131
DESC-02,331,-376.09,2640.51,477.26,-0.004092
DESC-02,332,1752.75,1209.33,661.24,-0.005058
DESC-02,333,-2166.1,-2839.49,310.37,-0.001975
DESC-02,334,2900.99,-2542.15,320.73,-0.002394
DESC-02,335,-1979.64,3435.13,307.21,-0.000363
DESC-02,336,1883.78,-3296.26,316.09,0.000351
DESC-02,337,-3026.78,-1393.9,328.25,0.001241
DESC-02,338,-186.18,3212.26,396.18,-0.001353
DESC-02,339,-3272.09,-3394.26,251.16,-0.002457
DESC-02,340,-1303.33,-2370.21,399.08,-0.002867
DESC-02,341,-1314.39,-2006.45,442.39,-0.005719
DESC-02,342,1538.24,-2895.26,362.51,-0.003356
DESC-02,343,-314.88,-196.27,1121.08,-0.000928
DESC-02,344,-3102.58,647.07,352.22,0.000948
DESC-02,345,3467.53,-1271.75,346.16,-0.004321
DESC-02,346,2720.9,-2739.45,318.45,-0.001819
DESC-02,347,2914.27,2176.69,368.72,-0.004851
DESC-02,348,-1773.97,2131.3,426.77,-0.003697
DESC-02,349,-741.23,434.7,936.31,-0.001269
DESC-02,350,-1909.74,-2535.81,343.84,-0.001915
DESC-02,351,-2625.66,293.38,413.11,0.001021
DESC-02,352,-3268.83,906.67,332.66,-0.001622
DESC-02,353,23.36,-501.95,1107.07,-0.002635
DESC-02,354,-2638.06,2547.04,322.27,-0.002701
DESC-02,355,-2265.87,-769.68,440.94,-0.001935
DESC-02,356,2523.33,76.21,539.92,-0.008308
DESC-02,357,-110.3,-2701.0,412.72,-0.001184
DESC-02,358,-2214.08,444.86,478.45,-0.003827
DESC-02,359,1189.05,1865.14,626.16,-0.005507
DESC-02,360,-1638.95,1618.81,502.32,-0.002838
DESC-02,361,188.56,-1701.13,621.42,-0.003617
DESC-02,362,-1519.33,3443.06,325.74,0.000171
DESC-02,363,113.13,1539.54,808.83,-0.002594
DESC-02,364,899.74,-533.73,997.48,-0.002986
DESC-02,365,253.46,-595.64,1081.73,-0.006684
DESC-02,366,-730.77,1955.28,586.13,-0.003569
DESC-02,367,2035.7,-2270.22,400.44,-0.005625
DESC-02,368,2614.06,977.39,494.65,-0.005112
DESC-02,369,-2244.4,1531.88,421.1,0.000887
DESC-02,370,-2545.84,114.38,424.78,-0.003123
DESC-02,371,-2707.66,2612.39,314.76,-0.003559
DESC-02,372,3357.18,-219.55,391.71,-0.002678
DESC-02,373,3091.14,-245.75,427.89,-0.004241
DESC-02,374,-1885.33,-1507.24,436.15,0.000499
DESC-02,375,3289.35,2935.6,300.67,-0.002347
DESC-02,376,-2045.28,-1286.11,435.62,-0.000924
DESC-02,377,45.33,1366.9,876.53,-0.002204
DESC-02,378,-18.3,-634.53,1026.97,-0.005476
DESC-02,379,2904.69,3047.97,314.46,-0.001876
DESC-02,380,-3216.3,3135.72,270.77,-0.002593
DESC-02,381,-1292.54,-3289.75,316.27,-0.001321
DESC-02,382,699.82,3461.74,367.75,0.001578
DESC-02,383,-3035.21,734.55,357.81,0.001918
DESC-02,384,-1844.15,-2983.03,316.12,-0.00245
DESC-02,385,-244.56,-20.78,1213.82,-0.001815
DESC-02,386,2666.0,-3153.7,297.22,-0.002537
DESC-02,387,1826.72,342.26,739.69,-0.00525
DESC-02,388,2302.86,-2201.82,386.48,-0.002743
DESC-02,389,1827.49,-924.42,623.58,-0.002492
DESC-02,390,1454.05,-1367.1,609.84,-0.007876
DESC-02,391,2447.85,715.48,544.01,-0.008267
DESC-02,392,1270.34,2256.53,529.39,-0.001086
DESC-02,393,1649.78,3055.76,382.62,-0.0064
DESC-02,394,-1388.49,-1197.99,547.86,-0.003576
DESC-02,395,-2326.51,487.83,457.68,-0.004113
DESC-02,396,1795.67,-3458.71,307.57,0.000564
DESC-02,397,-2339.14,-894.86,423.27,-0.000655
DESC-02,398,2936.19,3224.93,303.36,-0.001825
DESC-02,399,676.5,-2668.13,418.05,-0.003969
DESC-02,400,-1193.96,2588.79,429.27,-0.001578
DESC-02,401,3056.5,1067.54,418.48,-0.00445
DESC-02,402,-2414.09,-1442.74,380.95,0.000147
DESC-02,403,101.26,1947.13,664.5,-0.000967
DESC-02,404,-2859.12,-1475.03,338.3,0.000752
DESC-02,405,3257.99,2763.71,310.35,-0.003671
DESC-02,406,527.63,-2920.69,386.28,-0.004568
DESC-02,407,2125.67,-2667.05,355.59,-0.001793
DESC-02,408,-1526.54,1750.09,503.73,-0.002958
DESC-02,409,2112.58,-355.75,623.82,-0.007566
DESC-02,410,1419.89,-2467.76,417.97,-0.002727
DESC-02,411,1005.77,94.04,1132.09,-0.003155
DESC-02,412,3153.94,-1421.22,368.18,-0.004156
DESC-02,413,-465.56,345.21,1092.25,-0.001166
DESC-02,414,-594.38,1706.0,666.62,-0.002804
DESC-02,415,1344.85,2497.88,478.77,-0.004145
DESC-02,416,2345.39,-3087.0,313.55,-0.000482
DESC-02,417,-1154.47,646.48,743.98,-0.002629
DESC-02,418,1187.6,3385.66,365.43,-0.001512
DESC-02,419,-2036.74,-281.42,505.72,-0.003048
DESC-02,420,361.9,1886.97,686.78,-0.000476
DESC-02,421,1884.2,-2819.18,354.5,2.2e-05
DESC-02,422,-3042.8,2614.56,295.98,-0.001281
DESC-02,423,1594.89,574.37,810.7,-0.004341
DESC-02,424,-3391.97,2717.84,276.25,-0.004978
DESC-02,425,3208.45,2009.83,352.86,-0.004332
DESC-02,426,-219.31,2584.68,494.76,-0.005112
DESC-02,427,-636.5,-3098.93,352.48,-0.003242
DESC-02,428,1543.11,1508.67,650.29,-0.001903
DESC-02,429,163.09,-2121.13,518.34,-0.005732
DESC-02,430,1615.94,-1639.33,532.12,-0.003643
DESC-02,431,-2906.69,-1226.52,344.52,0.001819
DESC-02,432,439.54,639.2,1303.23,-0.003655
DESC-02,433,406.76,895.03,1138.64,-0.004945
DESC-02,434,3024.8,3020.1,309.83,-0.003467
DESC-02,435,-3222.76,-3410.97,251.94,-0.003107
DESC-02,436,-330.26,-2145.93,497.02,-0.000879
DESC-02,437,917.51,-965.98,822.42,-0.004697
DESC-02,438,355.23,2226.05,588.39,0.001311
DESC-02,439,-2980.87,349.36,367.96,-0.000134
DESC-02,440,652.6,83.93,1371.16,-0.001875
DESC-02,441,-1944.62,1821.3,436.81,-0.000747
DESC-02,442,-2131.16,1085.41,467.28,-0.001045
DESC-02,443,2650.84,-1471.01,419.29,-0.001581
DESC-02,444,-2115.11,-2890.19,309.79,-0.002528
DESC-02,445,-319.96,-263.85,1095.19,-0.001422
DESC-02,446,1752.01,2661.16,423.22,-0.004925
DESC-02,447,1451.21,686.99,851.91,-0.004055
DESC-02,448,374.21,-3126.98,363.15,-0.004978
DESC-02,449,2149.32,-419.46,608.71,-0.00848
DESC-02,450,-239.29,-807.72,900.12,-0.003085
DESC-02,451,842.7,576.97,1165.55,-0.004581
DESC-02,452,2232.42,609.89,601.93,-0.007377
DESC-02,453,1246.64,3159.32,389.02,-0.00369
DESC-02,454,992.8,-1133.34,750.87,-0.006034
DESC-02,455,-657.1,-643.33,840.85,-0.000251
DESC-02,456,408.26,794.6,1202.55,-0.00697
DESC-02,457,-727.42,2704.73,446.75,0.000539
DESC-02,458,1710.05,1443.01,628.41,-0.005109
DESC-02,459,-836.99,-203.8,871.05,-0.004281
DESC-02,460,-233.65,2201.96,576.9,-0.004113
DESC-02,461,1788.2,-102.86,744.98,-0.004815
DESC-02,462,25.59,3244.66,395.43,0.000321
DESC-02,463,-1133.77,-1522.5,536.68,-0.003538
DESC-02,464,2287.73,-2608.26,351.34,-0.001168
DESC-02,465,-833.26,2312.8,503.34,-0.00349
DESC-02,466,2413.1,-1418.91,454.32,0.000737
DESC-02,467,1996.68,2431.77,431.42,-0.001911
DESC-02,468,-368.98,765.83,1036.39,-0.001366
DESC-02,469,1490.24,62.72,874.84,-0.004061
DESC-02,470,-3259.27,-2890.78,264.75,-0.001318
DESC-02,471,-771.41,2004.21,570.3,-0.0033
DESC-02,472,2522.34,-3038.53,309.37,-0.000931
DESC-02,473,556.78,3256.06,394.16,-0.00298
DESC-02,474,404.78,2638.82,494.66,-0.001603
DESC-02,475,1153.17,-1379.22,653.32,-0.007196
DESC-02,476,1243.7,-2604.94,408.57,-0.001767
DESC-02,477,585.19,2699.72,480.32,0.000863
DESC-02,478,-555.59,-141.05,1011.74,-0.002417
DESC-02,479,-2215.61,-2625.88,320.42,-0.000378
DESC-02,480,-1451.51,-10.34,662.74,-0.002597
DESC-02,481,-1449.54,-1772.27,458.68,-0.003863
DESC-02,482,-484.79,-645.15,895.29,-0.002664
DESC-02,483,3493.41,981.69,367.57,-0.002733
DESC-02,484,-1032.14,2907.55,400.65,-0.000112
DESC-02,485,-368.35,2106.51,590.09,-0.003649
DESC-02,486,-898.61,-2372.94,426.09,0.000356
DESC-02,487,569.99,-158.65,1312.03,-0.002379
DESC-02,488,3135.29,-56.5,424.82,-0.005567
DESC-02,489,2723.51,3426.38,301.81,-0.001141
DESC-02,490,-860.03,-2891.72,365.96,-0.003435
DESC-02,491,-1631.69,75.37,612.71,-0.002707
DESC-02,492,2690.79,2900.54,335.46,-0.001942
DESC-02,493,-43.17,-708.06,985.3,-0.005674
DESC-02,494,1298.79,-1667.98,565.43,-0.006446
DESC-02,495,-2986.96,391.53,367.03,0.000232
DESC-02,496,2565.9,-1259.38,448.74,-0.003696
DESC-02,497,-1309.24,2989.55,375.26,-0.000701
DESC-02,498,-38.31,-2906.41,386.8,-0.002246
DESC-02,499,-2113.85,-2053.04,365.99,0.001364
DESC-02,500,-558.3,-2912.9,374.25,-0.000497
DESC-02,501,2296.34,1483.22,508.31,0.000272
DESC-02,502,2293.05,-1448.01,467.5,-0.00204
DESC-02,503,-184.3,2801.18,457.06,-0.004609
DESC-02,504,1875.37,2755.42,402.73,-0.005252
DESC-02,505,-293.53,3054.71,414.73,-0.002443
DESC-02,506,-886.51,-1707.1,535.57,-0.003853
DESC-02,507,321.22,-3495.4,327.69,-0.00326
DESC-02,508,-2090.61,-786.76,467.48,-0.004082
DESC-02,509,-1284.07,3237.94,352.8,-0.002764
DESC-02,510,1445.7,1846.19,593.91,-0.00671
DESC-02,511,1893.6,-3082.38,331.72,0.001818
DESC-02,512,-3103.04,1418.01,334.77,0.00258
DESC-02,513,1629.78,2919.44,399.36,-0.007236
DESC-02,514,2222.01,3274.04,333.79,-0.005284
DESC-02,515,-383.64,1511.92,759.46,-0.003567
DESC-02,516,-3062.82,2540.97,297.67,-0.00013
DESC-02,517,1280.39,2391.91,502.61,-0.001383
DESC-02,518,-1776.85,-991.64,503.97,-0.003448
DESC-02,519,1003.5,-2806.69,391.45,-0.004114
DESC-02,520,-863.64,1592.25,647.44,-0.002686
DESC-02,521,960.14,-2541.61,428.89,-0.005149
DESC-02,522,-1693.06,-810.61,538.14,-0.002036
DESC-02,523,-164.24,3470.15,365.88,-0.000549
DESC-02,524,172.72,418.5,1467.3,-0.002681
DESC-02,525,917.09,152.18,1192.86,-0.003474
DESC-02,526,-2077.83,3135.16,320.89,-0.003378
DESC-02,527,3234.36,-1511.72,355.78,-0.005238
DESC-02,528,-1476.03,3496.02,323.62,0.001047
DESC-02,529,-1357.86,2883.86,383.12,-0.002245
DESC-02,530,-1705.81,-952.67,520.84,-0.002864
DESC-02,531,-3027.67,-1209.32,334.83,0.003178
DESC-02,532,-539.54,-2614.06,411.76,-0.001032
DESC-02,533,1902.85,2909.48,383.92,-0.00617
DESC-02,534,1466.97,-2199.33,453.28,-0.004512
DESC-02,535,-2130.99,-3437.15,281.18,-0.003026
DESC-02,536,-2541.48,2730.54,318.7,-0.00367
DESC-02,537,-1250.0,686.81,707.82,-0.004255
DESC-02,538,1877.79,1202.94,631.32,-0.003368
DESC-02,539,-83.45,1631.99,758.32,-0.003357
DESC-02,540,2962.29,-3201.37,284.24,0.000523
DESC-02,541,1094.69,-2857.02,382.63,-0.005493
DESC-02,542,846.35,-1.14,1217.48,-0.000936
DESC-02,543,1873.84,-3148.17,327.33,0.002332
DESC-02,544,1751.81,30.25,766.09,-0.002324
DESC-02,545,-1093.13,1654.37,591.73,-0.004341
DESC-02,546,-1700.94,1101.86,547.24,0.000642
DESC-02,547,-436.65,816.53,990.62,-0.002029
DESC-02,548,-75.27,-3175.16,355.91,0.000616
DESC-02,549,-2507.94,-1843.42,348.12,0.000926
DESC-02,550,-410.67,2782.46,451.53,-0.004069
DESC-02,551,978.76,-2637.46,414.48,-0.005136
DESC-02,552,-2550.0,232.57,424.33,0.000693
DESC-02,553,-2533.73,-3149.66,280.5,-0.001721
DESC-02,554,-2283.95,3074.42,314.03,-0.000217
DESC-02,555,-1516.68,-2299.06,391.23,-0.002049
DESC-02,556,3231.96,-629.85,396.72,-0.002589
DESC-02,557,-3319.46,327.47,334.12,-0.001832
DESC-02,558,-2213.83,1530.56,425.22,0.00054
DESC-02,559,-2344.67,3062.17,311.64,-0.000596
DESC-02,560,-179.56,1654.54,740.33,-0.004021
DESC-02,561,-3394.49,-1068.42,310.95,-0.000126
DESC-02,562,-292.79,-2972.62,374.43,-0.002536
DESC-02,563,-2359.54,1451.84,411.37,0.001742
DESC-02,564,-1612.52,3307.57,331.71,-2e-06
DESC-02,565,2047.08,-3380.89,305.32,0.000411
DESC-02,566,-2211.53,1922.76,396.92,0.001428
DESC-02,567,819.9,-2267.01,479.34,-0.004094
DESC-02,568,-655.81,-280.32,935.15,-0.002204
DESC-02,569,-576.83,158.46,1035.48,-0.000883
DESC-02,570,2217.92,800.98,592.8,-0.005504
DESC-02,571,-2373.6,3426.76,291.8,0.000753
DESC-02,572,2966.67,1311.81,418.57,-0.005028
DESC-02,573,2754.44,-753.29,459.26,-0.003599
DESC-02,574,1178.25,1505.15,725.56,-0.005274
DESC-02,575,-3153.87,-232.88,347.32,0.000432
DESC-02,576,1143.16,-608.16,888.56,-0.003523
DESC-02,577,702.43,-940.43,869.81,-0.005335
DESC-02,578,1905.44,-46.16,707.97,-0.002893
DESC-02,579,-2003.18,-1531.72,419.68,-0.000997
DESC-02,580,3173.49,-1805.3,345.07,-0.003002
DESC-02,581,2703.38,-2460.73,337.4,-0.002314
DESC-02,582,-2699.5,-418.43,394.71,0.000412
DESC-02,583,-1293.59,-1447.17,525.48,-0.004075
DESC-02,584,-3272.89,2358.59,292.79,-0.00242
DESC-02,585,2316.63,2435.26,401.59,-0.006224
DESC-02,586,2905.66,-1092.86,415.73,-0.004727
DESC-02,587,3428.66,833.99,378.58,-0.004955
DESC-02,588,783.48,2816.04,454.59,-0.00019
DESC-02,589,1161.9,-985.87,764.47,-0.002722
DESC-02,590,1248.84,383.01,987.61,-0.006533
DESC-02,591,491.04,-395.09,1188.86,-0.005502
DESC-02,592,3166.96,1051.86,404.25,-0.004476
DESC-02,593,755.03,3218.4,396.02,-0.001959
DESC-02,594,-1149.92,-2529.63,391.08,-0.002815
DESC-02,595,90.14,3257.7,394.41,0.00035
DESC-02,596,-3369.36,1160.13,319.66,-3.2e-05
DESC-02,597,1568.88,2071.09,532.3,-0.004472
DESC-02,598,1357.45,945.85,833.04,-0.002349
DESC-02,599,-552.64,2592.22,475.93,-0.001608
DESC-02,600,2460.37,-1216.33,468.02,-0.004358
DESC-02,601,1788.68,1456.33,609.35,-0.005351
DESC-02,602,-1143.21,-1651.21,513.67,-0.003498
DESC-02,603,-2957.51,60.6,370.64,-0.001896
DESC-02,604,-2574.44,1270.43,394.1,0.000888
DESC-02,605,-2210.09,-2092.13,355.57,0.0002
DESC-02,606,-1372.57,-3071.88,329.47,-0.002343
DESC-02,607,-367.39,2036.64,607.67,-0.002758
DESC-02,608,2995.98,2162.62,362.4,-0.005733
DESC-02,609,-1551.07,1159.65,573.6,-0.002977
DESC-02,610,2790.1,-1249.98,419.69,-0.004511
DESC-02,611,1263.24,1107.21,820.85,-0.003928
DESC-02,612,2474.45,-2912.84,319.32,0.00179
DESC-02,613,-677.23,1137.57,808.13,-0.002336
DESC-02,614,-3477.06,533.39,319.75,0.000678
DESC-02,615,2008.77,820.43,646.43,-0.003245
DESC-02,616,-1781.67,-371.11,555.73,-0.006427
DESC-02,617,-2502.64,-1923.89,343.87,0.001181
DESC-02,618,2096.44,1581.14,531.14,-0.001937
DESC-02,619,1304.3,-251.09,920.0,-0.006404
DESC-02,620,-2013.09,1717.66,437.19,-0.001605
DESC-02,621,-1626.93,-950.74,535.95,-0.002716
DESC-02,622,3074.54,-2885.48,294.34,-0.003173
DESC-02,623,-1620.23,297.2,616.31,-0.005352
DESC-02,624,1416.84,859.33,831.81,-0.001714
DESC-02,625,-2593.13,2952.44,304.69,-0.000419
DESC-02,626,2205.25,2714.28,383.12,-0.005813
DESC-02,627,-2676.87,-3099.96,277.51,-0.00266
DESC-02,628,112.29,1902.88,678.71,-0.001527
DESC-02,629,-3253.48,-1670.46,303.14,-0.003352
DESC-02,630,350.55,1380.39,882.37,-0.00295
DESC-02,631,2426.35,-843.63,509.24,-0.005351
DESC-02,632,-2909.21,-1245.45,343.56,0.001717
DESC-02,633,-1580.2,-82.01,622.31,-0.002058
DESC-02,634,1852.85,213.72,732.69,-0.004954
DESC-02,635,756.69,1361.38,852.79,-0.00505
DESC-02,636,-1310.42,965.18,656.95,-0.002609
DESC-02,637,902.33,1247.79,870.15,-0.006457
DESC-02,638,-317.03,-811.46,880.85,-0.003491
DESC-02,639,2536.49,1241.38,489.6,-0.004779
DESC-02,640,-1449.42,-1082.29,553.26,-0.00374
DESC-02,641,1804.11,752.73,715.39,-0.004086
DESC-02,642,949.72,-283.27,1074.27,-0.003324
DESC-02,643,1683.0,439.59,788.45,-0.003268
DESC-02,644,-852.17,-3377.23,322.46,-0.002119
DESC-02,645,1574.45,-8.5,834.16,-0.004313
DESC-02,646,1388.98,-1960.22,499.0,-0.004231
DESC-02,647,-787.58,-799.31,760.36,-0.002839
DESC-02,648,-3314.83,-2983.6,260.46,-0.002356
DESC-02,649,3240.39,1098.31,393.16,-0.003311
DESC-02,650,1495.2,2754.65,428.82,-0.004489
DESC-02,651,-2066.83,-1017.82,454.35,-0.00099
DESC-02,652,1615.65,-2764.53,372.6,-0.003967
DESC-02,653,-1549.22,841.87,606.77,-0.001774
DESC-02,654,-215.0,-2610.74,423.23,0.001191
DESC-02,655,2519.22,2741.35,358.21,-0.00232
DESC-02,656,-363.5,-2642.8,414.24,-0.002567
DESC-02,657,-1483.95,-966.91,562.16,-0.003785
DESC-02,658,-1361.56,-37.38,689.93,-0.003198
DESC-02,659,-2960.88,-2674.89,282.69,-0.00279
DESC-02,660,-1963.46,-1268.77,448.24,-0.001184
DESC-02,661,-1602.26,-1573.05,464.96,-0.001415
DESC-02,662,-2289.22,1493.1,417.84,0.000879
DESC-02,663,-3058.54,3403.91,267.95,-0.00082
DESC-02,664,-239.48,-960.14,839.23,-0.004021
DESC-02,665,-1999.23,2035.04,411.04,-0.000103
DESC-02,666,1671.39,-2517.61,397.13,-0.001752
DESC-02,667,2957.69,559.4,450.96,-0.005333
DESC-02,668,-1589.11,-471.01,594.15,-0.003008
DESC-02,669,505.74,-1482.71,684.47,-0.005825
DESC-02,670,47.08,2251.97,578.0,-0.002529
DESC-02,671,-2974.24,1724.95,335.0,0.001005
DESC-02,672,-2625.88,-2562.02,302.6,-0.000249
DESC-02,673,2693.46,-1453.15,415.72,-0.002549
DESC-02,674,-180.94,2236.53,571.74,-0.002905
DESC-02,675,2132.27,3447.02,324.92,-0.005646
DESC-02,676,-3033.93,780.95,357.13,0.001368
DESC-02,677,663.69,2601.89,496.99,0.001652
DESC-02,678,2557.18,3389.55,310.86,-0.00133
DESC-02,679,2569.46,1683.82,446.06,-0.003024
DESC-02,680,-3459.94,1013.13,315.43,-0.002297
DESC-02,681,152.04,-1951.33,556.24,-0.003549
DESC-02,682,-916.97,-907.03,700.92,-0.005521
DESC-02,683,1820.29,864.88,696.21,-0.002392
DESC-02,684,-2987.47,2984.81,284.85,-0.001206
DESC-02,685,-1645.51,-1387.07,481.29,-0.001794
DESC-02,686,2188.5,-733.54,568.26,-0.001814
DESC-02,687,-213.11,-3344.34,337.78,0.000644
DESC-02,688,-327.95,1377.09,816.35,-0.001788
DESC-02,689,3279.91,-395.01,397.83,-0.004542
DESC-02,690,-1260.77,2084.12,493.58,-0.002288
DESC-02,691,-3207.95,-1864.42,299.45,-0.002691
DESC-02,692,-754.59,1117.52,790.7,-0.002575
DESC-02,693,-2426.39,1211.65,415.84,0.002257
DESC-02,694,-2926.76,-249.73,370.93,-0.002035
DESC-02,695,475.02,-2179.76,505.65,-0.004366
DESC-02,696,3175.03,-679.71,402.11,-0.002771
DESC-02,697,555.85,1715.3,738.46,-0.003607
DESC-02,698,1029.8,-2175.7,486.11,-0.001826
DESC-02,699,-1234.6,-2869.71,352.21,-0.004626
DESC-03,0,875.67,497.86,1173.71,-0.055773
DESC-03,1,2780.5,1765.71,412.23,-0.038711
DESC-03,2,1929.8,624.99,688.02,-0.059589
DESC-03,3,-1923.55,2119.45,411.65,-0.024252
DESC-03,4,-1398.84,353.29,681.09,-0.039822
DESC-03,5,2614.87,-2112.99,369.29,-0.046407
DESC-03,6,-3463.14,579.08,320.51,-0.013314
DESC-03,7,2248.6,-63.45,604.37,-0.056117
DESC-03,8,2079.49,-2338.45,389.9,-0.048721
DESC-03,9,-224.46,834.16,1066.62,-0.051569
DESC-03,10,-1378.77,2218.72,460.56,-0.025657
DESC-03,11,-1551.02,-2554.39,364.16,-0.034381
DESC-03,12,-1715.91,314.62,590.38,-0.032662
DESC-03,13,-384.47,1635.81,719.47,-0.037385
DESC-03,14,31.84,-678.88,1012.92,-0.051876
DESC-03,15,374.48,-1609.68,648.43,-0.05456
DESC-03,16,3468.5,-894.04,360.54,-0.043143
DESC-03,17,2048.63,291.89,666.78,-0.059755
DESC-03,18,855.25,1306.62,857.08,-0.050051
DESC-03,19,3422.72,414.23,386.14,-0.045528
DESC-03,20,-1992.84,-2750.82,324.21,-0.027007
DESC-03,21,-2378.52,2225.2,359.9,-0.020327
DESC-03,22,787.78,2967.02,430.46,-0.030392
DESC-03,23,-3192.41,-2790.95,269.95,-0.020943
DESC-03,24,-3250.24,-1753.36,300.66,-0.020651
DESC-03,25,104.22,-2284.23,484.84,-0.0483
DESC-03,26,-236.56,2444.09,522.14,-0.032918
DESC-03,27,2920.17,2871.95,323.76,-0.025889
DESC-03,28,904.58,-3190.08,351.03,-0.04557
DESC-03,29,98.82,-1173.06,794.71,-0.052332
DESC-03,30,-21.89,-2152.54,508.05,-0.049764
DESC-03,31,-1767.4,-213.27,567.86,-0.032779
DESC-03,32,-3417.44,2951.13,268.72,-0.004902
DESC-03,33,-2153.18,-3008.79,301.54,-0.029975
DESC-03,34,1344.22,-2301.05,446.25,-0.054156
DESC-03,35,-2095.75,-90.8,500.16,-0.029645
DESC-03,36,-913.25,168.24,867.88,-0.042804
DESC-03,37,-3473.86,1718.51,299.61,-0.013022
DESC-03,38,2310.33,-436.2,567.78,-0.055827
DESC-03,39,-2418.77,-2512.04,315.94,-0.027225
DESC-03,40,-1626.8,-1024.72,527.39,-0.035943
DESC-03,41,2662.33,3374.65,307.25,-0.024587
DESC-03,42,68.54,1755.06,725.89,-0.039696
DESC-03,43,2430.05,-2685.59,337.3,-0.05017
DESC-03,44,978.02,2157.46,576.97,-0.044214
DESC-03,45,1692.4,-1323.51,578.89,-0.054897
DESC-03,46,-2859.53,1969.78,334.15,-0.015351
DESC-03,47,288.01,-3410.95,335.09,-0.042131
DESC-03,48,54.41,2598.89,500.55,-0.028344
DESC-03,49,2599.38,-2363.83,351.0,-0.045234
DESC-03,50,-971.15,-309.75,801.96,-0.042396
DESC-03,51,687.29,1132.29,965.25,-0.051681
DESC-03,52,-3085.24,55.09,356.7,-0.017652
DESC-03,53,-786.58,-2342.22,437.48,-0.04098
DESC-03,54,-1238.75,-2526.17,386.09,-0.039524
DESC-03,55,-2448.6,-1508.26,373.43,-0.025851
DESC-03,56,2214.37,-3133.26,315.66,-0.04412
DESC-03,57,-843.88,-1984.19,489.89,-0.040879
DESC-03,58,3351.24,-2589.26,295.32,-0.036987
DESC-03,59,629.94,-246.42,1236.02,-0.058756
DESC-03,60,735.39,-1004.43,838.69,-0.060388
DESC-03,61,965.98,607.83,1091.23,-0.055592
DESC-03,62,1235.15,-1533.85,603.39,-0.056451
DESC-03,63,-2444.48,-3262.62,278.86,-0.02572
DESC-03,64,-417.81,-1182.23,731.07,-0.050178
DESC-03,65,-1823.05,1786.26,456.32,-0.024487
DESC-03,66,-682.51,-1709.13,558.46,-0.044494
DESC-03,67,-2823.07,-668.16,372.82,-0.020244
DESC-03,68,3274.8,1784.82,358.56,-0.034223
DESC-03,69,-1994.97,-653.23,493.22,-0.032984
DESC-03,70,1202.36,2709.87,453.44,-0.037729
DESC-03,71,-1397.06,2926.48,376.31,-0.018279
DESC-03,72,2618.54,-1326.29,435.73,-0.05218
DESC-03,73,1135.5,1651.75,691.05,-0.048378
DESC-03,74,-2578.69,-1728.18,348.91,-0.025527
DESC-03,75,2415.52,-2523.34,350.54,-0.050481
DESC-03,76,3114.64,-434.83,419.13,-0.049293
DESC-03,77,2827.42,717.31,468.63,-0.053568
DESC-03,78,488.03,3049.14,423.56,-0.02865
DESC-03,79,-2481.78,-2478.69,314.28,-0.027509
DESC-03,80,-2152.76,1486.54,436.69,-0.019786
DESC-03,81,2995.34,-171.75,444.52,-0.04962
DESC-03,82,366.29,-2578.03,435.25,-0.048467
DESC-03,83,-2236.13,3308.61,303.4,-0.012208
DESC-03,84,2688.4,1370.38,454.69,-0.043156
DESC-03,85,991.0,-2597.99,419.61,-0.05179
DESC-03,86,487.86,2840.29,456.87,-0.030958
DESC-03,87,-865.99,-2778.34,377.85,-0.039459
DESC-03,88,-623.31,-2851.39,379.09,-0.035864
DESC-03,89,-1823.58,-1179.14,477.31,-0.033664
DESC-03,90,-3233.6,3065.71,272.25,-0.010246
DESC-03,91,2633.53,-3268.83,292.4,-0.038838
DESC-03,92,-225.89,2927.45,435.43,-0.021184
DESC-03,93,333.45,781.28,1217.45,-0.053601
DESC-03,94,-1244.86,-3030.64,337.81,-0.027742
DESC-03,95,1759.27,480.14,757.02,-0.059667
DESC-03,96,-3323.62,-288.46,331.06,-0.015003
DESC-03,97,-894.7,447.89,865.0,-0.044219
DESC-03,98,-3287.55,1660.42,313.4,-0.014156
DESC-03,99,-2639.76,1250.33,387.18,-0.021193
DESC-03,100,3270.04,3480.59,278.49,-0.020989
DESC-03,101,1104.33,-2403.32,443.89,-0.056273
DESC-03,102,-502.46,2189.99,558.8,-0.030463
DESC-03,103,166.18,-622.35,1060.73,-0.055701
DESC-03,104,2609.66,1983.15,414.42,-0.037055
DESC-03,105,-1090.53,2742.45,417.31,-0.021596
DESC-03,106,632.04,3443.99,370.59,-0.025381
DESC-03,107,1285.79,-1637.71,573.51,-0.056121
DESC-03,108,-1012.1,-329.43,784.03,-0.042262
DESC-03,109,133.69,3099.45,416.39,-0.025592
DESC-03,110,1856.73,3120.17,365.19,-0.028471
DESC-03,111,2864.26,-889.88,434.09,-0.050748
DESC-03,112,-2442.56,3081.47,305.76,-0.014609
DESC-03,113,3033.94,-658.76,422.03,-0.051435
DESC-03,114,-3463.75,-876.64,310.32,-0.018432
DESC-03,115,1770.84,1796.34,552.88,-0.04473
DESC-03,116,2173.69,-201.52,618.11,-0.055045
DESC-03,117,-2542.65,-362.61,417.32,-0.02164
DESC-03,118,-567.67,-797.17,821.42,-0.048382
DESC-03,119,2206.79,-470.37,589.85,-0.055158
DESC-03,120,-3400.1,-2521.28,270.19,-0.018888
DESC-03,121,899.23,-3072.74,363.22,-0.044954
DESC-03,122,2051.17,1777.95,511.61,-0.043293
DESC-03,123,91.03,451.5,1406.2,-0.050954
DESC-03,124,1580.95,1203.23,707.0,-0.052851
DESC-03,125,-1915.04,2116.35,412.85,-0.024232
DESC-03,126,-2110.35,-1889.26,378.88,-0.026281
DESC-03,127,-958.11,-1863.59,499.46,-0.042825
DESC-03,128,-2244.16,-1554.64,391.11,-0.027523
DESC-03,129,-1077.57,-1372.53,572.23,-0.04385
DESC-03,130,3136.87,1824.84,369.65,-0.033699
DESC-03,131,513.33,-880.73,919.7,-0.055667
DESC-03,132,-1119.52,-1237.68,590.06,-0.043655
DESC-03,133,-1599.33,954.11,584.08,-0.037457
DESC-03,134,3164.28,-2194.01,324.53,-0.040861
DESC-03,135,-388.65,-2755.06,398.42,-0.039138
DESC-03,136,3362.76,1379.93,368.19,-0.040861
DESC-03,137,108.66,1795.12,713.98,-0.04002
DESC-03,138,148.16,-1425.45,705.16,-0.053491
DESC-03,139,2775.78,952.29,467.25,-0.053355
DESC-03,140,1699.37,-3261.46,324.48,-0.042159
DESC-03,141,564.57,-669.77,1018.23,-0.057204
DESC-03,142,-513.45,545.71,1032.12,-0.047331
DESC-03,143,2647.32,-1726.07,398.14,-0.051094
DESC-03,144,-618.48,-1062.5,729.74,-0.049473
DESC-03,145,2959.32,766.85,444.82,-0.051891
DESC-03,146,-3018.99,629.28,361.12,-0.016877
DESC-03,147,-490.02,-2420.66,441.88,-0.044056
DESC-03,148,136.6,1446.07,848.97,-0.042333
DESC-03,149,3156.57,-2939.8,288.53,-0.037318
DESC-03,150,-1743.01,3288.07,327.07,-0.018955
DESC-03,151,2142.27,-2083.47,412.14,-0.047696
DESC-03,152,1235.3,-1725.16,560.08,-0.055892
DESC-03,153,1519.6,-2097.9,464.78,-0.054619
DESC-03,154,907.36,3440.49,366.55,-0.025209
DESC-03,155,3300.92,-1493.84,350.79,-0.04822
DESC-03,156,-1171.23,737.05,728.0,-0.040104
DESC-03,157,-712.07,3434.44,356.62,-0.023537
DESC-03,158,-2079.62,3150.47,319.85,-0.016859
DESC-03,159,-3145.07,-3203.55,259.42,-0.017456
DESC-03,160,-2009.64,148.29,521.52,-0.027773
DESC-03,161,2908.25,709.13,455.08,-0.05282
DESC-03,162,2381.18,1416.77,500.68,-0.047488
DESC-03,163,-2713.16,-1148.63,366.07,-0.021792
DESC-03,164,726.45,-1204.64,763.74,-0.05897
DESC-03,165,-145.62,-3470.01,327.56,-0.037264
DESC-03,166,662.79,-3253.34,348.16,-0.042802
DESC-03,167,1114.93,350.4,1063.3,-0.059942
DESC-03,168,-1353.38,-2968.79,338.44,-0.028353
DESC-03,169,3229.46,-2082.63,326.14,-0.044826
DESC-03,170,-239.12,-1167.1,763.13,-0.049038
DESC-03,171,896.71,-3006.7,370.5,-0.047428
DESC-03,172,946.58,-3283.98,341.3,-0.044967
DESC-03,173,-2212.77,2988.44,322.83,-0.017263
DESC-03,174,-3066.94,-453.54,352.43,-0.016869
DESC-03,175,-619.38,-2065.81,493.85,-0.042527
DESC-03,176,1848.21,1459.16,596.56,-0.048211
DESC-03,177,2206.55,-3433.88,297.27,-0.039271
DESC-03,178,1609.92,-1784.88,507.29,-0.053902
DESC-03,179,-2707.57,3225.25,287.3,-0.011796
DESC-03,180,2893.48,2783.83,330.66,-0.029396
DESC-03,181,2114.26,951.48,605.07,-0.058419
DESC-03,182,2643.84,-2847.58,315.6,-0.048007
DESC-03,183,163.13,-1273.64,759.23,-0.053403
DESC-03,184,2909.45,-3304.47,281.48,-0.037872
DESC-03,185,-3173.43,-1965.66,297.94,-0.021112
DESC-03,186,-3287.98,-3321.96,252.53,-0.016917
DESC-03,187,-3358.49,-2616.85,269.06,-0.019531
DESC-03,188,-1730.62,932.5,555.7,-0.035486
DESC-03,189,-1760.01,-2796.9,332.79,-0.031822
DESC-03,190,-2187.48,-2409.66,335.6,-0.031027
DESC-03,191,469.39,2819.66,460.64,-0.03008
DESC-03,192,-3227.1,-1151.83,320.91,-0.017745
DESC-03,193,632.72,-1169.02,786.38,-0.059961
DESC-03,194,-2337.92,-2894.22,299.73,-0.027822
DESC-03,195,1245.12,2071.51,570.73,-0.04321
DESC-03,196,-3352.47,1234.64,319.39,-0.011272
DESC-03,197,-1326.01,329.93,705.61,-0.040921
DESC-03,198,3068.39,825.39,426.13,-0.04904
DESC-03,199,268.77,-2797.34,403.34,-0.04375
DESC-03,200,2181.11,-1677.86,454.99,-0.055358
DESC-03,201,1106.18,585.49,1026.73,-0.058128
DESC-03,202,775.26,3165.62,402.53,-0.028282
DESC-03,203,-2161.23,2219.92,379.57,-0.022448
DESC-03,204,520.76,985.08,1070.9,-0.048909
DESC-03,205,-3222.2,131.73,343.26,-0.015076
DESC-03,206,2111.65,-3394.07,302.51,-0.039988
DESC-03,207,3220.5,2735.01,313.87,-0.028174
DESC-03,208,2478.06,-3032.02,311.6,-0.043365
DESC-03,209,-3145.03,-2596.43,277.88,-0.020142
DESC-03,210,-1129.38,1351.5,641.22,-0.036641
DESC-03,211,-1273.98,2185.01,477.09,-0.027107
DESC-03,212,-2710.98,2005.85,344.4,-0.018744
DESC-03,213,886.28,-333.17,1084.4,-0.060373
DESC-03,214,2082.21,-2260.61,397.89,-0.047711
DESC-03,215,-1303.95,-3252.88,318.52,-0.026845
DESC-03,216,2539.66,2459.66,379.86,-0.032216
DESC-03,217,2079.89,3343.88,334.92,-0.023833
DESC-03,218,-2596.03,-1791.05,344.06,-0.025914
DESC-03,219,1868.01,2562.53,426.53,-0.036102
DESC-03,220,2678.35,-682.28,476.46,-0.051151
DESC-03,221,-2119.02,-1320.59,423.27,-0.028826
DESC-03,222,515.49,36.08,1452.28,-0.056705
DESC-03,223,971.25,-3442.82,326.95,-0.041934
DESC-03,224,765.34,-401.0,1103.7,-0.058567
DESC-03,225,-2826.28,-2103.12,312.68,-0.022426
DESC-03,226,1128.34,1487.2,740.64,-0.049496
DESC-03,227,923.68,18.0,1172.71,-0.06055
DESC-03,228,2267.2,2581.97,391.27,-0.032317
DESC-03,229,2124.59,2776.54,382.81,-0.028627
DESC-03,230,-1209.82,-1282.69,565.94,-0.042056
DESC-03,231,1554.33,-1537.31,559.49,-0.056384
DESC-03,232,2570.91,3073.91,330.49,-0.025693
DESC-03,233,2750.63,27.98,491.62,-0.054724
DESC-03,234,-2369.41,-2824.39,301.89,-0.027105
DESC-03,235,-3313.08,-3178.8,255.44,-0.017693
DESC-03,236,1055.65,3432.98,363.99,-0.023977
DESC-03,237,-1997.27,554.15,518.5,-0.029234
DESC-03,238,445.97,-3118.55,363.81,-0.041775
DESC-03,239,3113.63,78.79,429.46,-0.045374
DESC-03,240,-844.76,28.73,893.36,-0.044406
DESC-03,241,-1730.58,-452.29,561.9,-0.036113
DESC-03,242,-304.43,3158.96,400.31,-0.021333
DESC-03,243,1100.71,3141.4,396.55,-0.029089
DESC-03,244,-2792.31,-2625.23,291.91,-0.023111
DESC-03,245,-835.91,-2437.96,421.07,-0.041392
DESC-03,246,-2563.95,-647.58,404.81,-0.022285
DESC-03,247,1137.12,2338.19,524.54,-0.040951
DESC-03,248,2313.87,866.27,564.7,-0.059747
DESC-03,249,-862.02,1608.81,643.97,-0.035896
DESC-03,250,-897.93,532.41,854.86,-0.043467
DESC-03,251,276.65,-2029.6,539.25,-0.050083
DESC-03,252,-1994.6,2224.36,395.05,-0.023782
DESC-03,253,-1768.13,-3401.85,294.09,-0.028668
DESC-03,254,-1191.03,1389.39,620.6,-0.034233
DESC-03,255,-298.02,-2139.62,499.86,-0.047751
DESC-03,256,-2929.28,-202.36,371.35,-0.018407
DESC-03,257,1769.12,3325.93,349.99,-0.024995
DESC-03,258,553.38,273.25,1458.13,-0.05383
DESC-03,259,-1402.14,-3101.36,326.09,-0.027612
DESC-03,260,-2957.17,-498.54,362.78,-0.019628
DESC-03,261,1842.27,1121.87,652.76,-0.05256
DESC-03,262,-2582.45,-3103.05,280.69,-0.025169
DESC-03,263,-2567.55,-1731.42,349.65,-0.025862
DESC-03,264,-2585.21,-3371.65,270.27,-0.020483
DESC-03,265,-2931.16,280.48,373.89,-0.017081
DESC-03,266,2844.75,-829.66,440.59,-0.052031
DESC-03,267,-1615.29,25.83,616.17,-0.035829
DESC-03,268,-1355.13,-1429.14,518.92,-0.040076
DESC-03,269,2329.56,1097.65,541.64,-0.055305
DESC-03,270,839.46,-2288.4,474.72,-0.057251
DESC-03,271,-2190.0,2846.56,333.05,-0.016655
DESC-03,272,-456.31,3220.57,388.17,-0.020792
DESC-03,273,2687.46,-49.04,502.76,-0.054292
DESC-03,274,-872.38,-242.27,850.58,-0.044548
DESC-03,275,1476.17,2517.32,465.27,-0.03772
DESC-03,276,-2822.35,-1471.14,341.5,-0.021362
DESC-03,277,1591.27,2121.74,520.44,-0.043504
DESC-03,278,1935.31,-1488.85,512.93,-0.055892
DESC-03,279,2280.37,1539.75,504.67,-0.046671
DESC-03,280,1219.41,-1161.92,701.57,-0.057969
DESC-03,281,-904.87,718.21,825.67,-0.042347
DESC-03,282,-3050.52,2981.08,282.3,-0.012937
DESC-03,283,131.43,-3119.73,363.57,-0.042237
DESC-03,284,1802.22,2150.78,490.55,-0.038547
DESC-03,285,-2164.13,292.92,489.83,-0.028132
DESC-03,286,-1636.34,-846.53,545.8,-0.03636
DESC-03,287,252.84,-1048.07,852.35,-0.055501
DESC-03,288,1738.32,-3014.12,343.41,-0.0432
DESC-03,289,2776.11,-1691.35,387.92,-0.050165
DESC-03,290,-2619.81,861.96,403.83,-0.022018
DESC-03,291,-2210.11,-2816.87,309.6,-0.029599
DESC-03,292,2096.76,1185.85,582.57,-0.053575
DESC-03,293,1011.65,3235.77,387.64,-0.02644
DESC-03,294,1546.81,3365.43,355.26,-0.024196
DESC-03,295,3477.4,2724.69,300.25,-0.027994
DESC-03,296,3074.26,2146.28,356.64,-0.029822
DESC-03,297,2401.18,-2254.33,374.04,-0.047967
DESC-03,298,1939.81,3291.09,345.54,-0.026476
DESC-03,299,-734.87,-2080.94,482.42,-0.041474
DESC-03,300,988.6,2583.35,486.96,-0.038543
DESC-03,301,-2208.88,2645.12,345.14,-0.018991
DESC-03,302,1816.46,853.36,698.9,-0.058045
DESC-03,303,1803.83,149.15,750.09,-0.060072
DESC-03,304,1549.07,-2097.02,462.46,-0.054656
DESC-03,305,-386.41,136.28,1147.33,-0.052368
DESC-03,306,-852.74,-1465.66,588.69,-0.044608
DESC-03,307,-561.6,-2618.84,410.22,-0.041247
DESC-03,308,-3266.63,-2602.66,272.91,-0.018604
DESC-03,309,2410.24,2108.2,425.09,-0.0362
DESC-03,310,296.59,2956.82,438.73,-0.026982
DESC-03,311,-787.37,-2506.92,414.53,-0.041008
DESC-03,312,336.2,-3407.17,335.41,-0.040696
DESC-03,313,1551.48,-1654.57,537.53,-0.055787
DESC-03,314,-829.77,-2558.93,405.55,-0.041642
DESC-03,315,2314.48,-2179.61,387.67,-0.047641
DESC-03,316,2936.24,583.29,453.98,-0.055524
DESC-03,317,-787.97,-543.94,823.0,-0.046868
DESC-03,318,-2535.29,-495.4,414.22,-0.022187
DESC-03,319,1822.61,-2060.71,443.74,-0.05253
DESC-03,320,3450.64,1152.12,367.16,-0.038844
DESC-03,321,-2464.08,-1473.43,374.01,-0.025003
DESC-03,322,1488.73,-705.97,753.81,-0.059913
DESC-03,323,2277.26,-256.1,587.78,-0.055721
DESC-03,324,2944.0,2830.97,324.78,-0.026343
DESC-03,325,-2636.33,-1775.51,341.72,-0.025833
DESC-03,326,-2857.33,1530.66,352.79,-0.017927
DESC-03,327,3415.1,-1334.42,348.15,-0.044763
DESC-03,328,-2682.7,2760.98,309.11,-0.013651
DESC-03,329,-2262.35,-741.44,443.07,-0.024504
DESC-03,330,524.67,36.13,1446.17,-0.056852
DESC-03,331,-376.09,2640.51,477.26,-0.030272
DESC-03,332,1752.75,1209.33,661.24,-0.051139
DESC-03,333,-2166.1,-2839.49,310.37,-0.028235
DESC-03,334,2900.99,-2542.15,320.73,-0.043327
DESC-03,335,-1979.64,3435.13,307.21,-0.012269
DESC-03,336,1883.78,-3296.26,316.09,-0.039037
DESC-03,337,-3026.78,-1393.9,328.25,-0.021068
DESC-03,338,-186.18,3212.26,396.18,-0.022445
DESC-03,339,-3272.09,-3394.26,251.16,-0.018446
DESC-03,340,-1303.33,-2370.21,399.08,-0.037679
DESC-03,341,-1314.39,-2006.45,442.39,-0.037146
DESC-03,342,1538.24,-2895.26,362.51,-0.045293
DESC-03,343,-314.88,-196.27,1121.08,-0.053942
DESC-03,344,-3102.58,647.07,352.22,-0.016968
DESC-03,345,3467.53,-1271.75,346.16,-0.045787
DESC-03,346,2720.9,-2739.45,318.45,-0.048498
DESC-03,347,2914.27,2176.69,368.72,-0.033772
DESC-03,348,-1773.97,2131.3,426.77,-0.026632
DESC-03,349,-741.23,434.7,936.31,-0.045813
DESC-03,350,-1909.74,-2535.81,343.84,-0.029941
DESC-03,351,-2625.66,293.38,413.11,-0.020596
DESC-03,352,-3268.83,906.67,332.66,-0.014392
DESC-03,353,23.36,-501.95,1107.07,-0.054982
DESC-03,354,-2638.06,2547.04,322.27,-0.0155
DESC-03,355,-2265.87,-769.68,440.94,-0.024367
DESC-03,356,2523.33,76.21,539.92,-0.056326
DESC-03,357,-110.3,-2701.0,412.72,-0.042903
DESC-03,358,-2214.08,444.86,478.45,-0.027359
DESC-03,359,1189.05,1865.14,626.16,-0.046681
DESC-03,360,-1638.95,1618.81,502.32,-0.027709
DESC-03,361,188.56,-1701.13,621.42,-0.054397
DESC-03,362,-1519.33,3443.06,325.74,-0.015154
DESC-03,363,113.13,1539.54,808.83,-0.043549
DESC-03,364,899.74,-533.73,997.48,-0.05926
DESC-03,365,253.46,-595.64,1081.73,-0.057849
DESC-03,366,-730.77,1955.28,586.13,-0.029874
DESC-03,367,2035.7,-2270.22,400.44,-0.047671
DESC-03,368,2614.06,977.39,494.65,-0.055024
DESC-03,369,-2244.4,1531.88,421.1,-0.020587
DESC-03,370,-2545.84,114.38,424.78,-0.024064
DESC-03,371,-2707.66,2612.39,314.76,-0.014558
DESC-03,372,3357.18,-219.55,391.71,-0.044686
DESC-03,373,3091.14,-245.75,427.89,-0.045436
DESC-03,374,-1885.33,-1507.24,436.15,-0.034092
DESC-03,375,3289.35,2935.6,300.67,-0.023651
DESC-03,376,-2045.28,-1286.11,435.62,-0.03085
DESC-03,377,45.33,1366.9,876.53,-0.043346
DESC-03,378,-18.3,-634.53,1026.97,-0.051687
DESC-03,379,2904.69,3047.97,314.46,-0.024001
DESC-03,380,-3216.3,3135.72,270.77,-0.009586
DESC-03,381,-1292.54,-3289.75,316.27,-0.027386
DESC-03,382,699.82,3461.74,367.75,-0.025126
DESC-03,383,-3035.21,734.55,357.81,-0.016908
DESC-03,384,-1844.15,-2983.03,316.12,-0.027852
DESC-03,385,-244.56,-20.78,1213.82,-0.055527
DESC-03,386,2666.0,-3153.7,297.22,-0.04135
DESC-03,387,1826.72,342.26,739.69,-0.061571
DESC-03,388,2302.86,-2201.82,386.48,-0.048372
DESC-03,389,1827.49,-924.42,623.58,-0.059229
DESC-03,390,1454.05,-1367.1,609.84,-0.055246
DESC-03,391,2447.85,715.48,544.01,-0.054791
DESC-03,392,1270.34,2256.53,529.39,-0.039864
DESC-03,393,1649.78,3055.76,382.62,-0.031282
DESC-03,394,-1388.49,-1197.99,547.86,-0.039651
DESC-03,395,-2326.51,487.83,457.68,-0.027153
DESC-03,396,1795.67,-3458.71,307.57,-0.038768
DESC-03,397,-2339.14,-894.86,423.27,-0.022883
DESC-03,398,2936.19,3224.93,303.36,-0.022366
DESC-03,399,676.5,-2668.13,418.05,-0.048272
DESC-03,400,-1193.96,2588.79,429.27,-0.023112
DESC-03,401,3056.5,1067.54,418.48,-0.049316
DESC-03,402,-2414.09,-1442.74,380.95,-0.027461
DESC-03,403,101.26,1947.13,664.5,-0.038703
DESC-03,404,-2859.12,-1475.03,338.3,-0.020908
DESC-03,405,3257.99,2763.71,310.35,-0.026342
DESC-03,406,527.63,-2920.69,386.28,-0.045177
DESC-03,407,2125.67,-2667.05,355.59,-0.048159
DESC-03,408,-1526.54,1750.09,503.73,-0.027778
DESC-03,409,2112.58,-355.75,623.82,-0.054785
DESC-03,410,1419.89,-2467.76,417.97,-0.052103
DESC-03,411,1005.77,94.04,1132.09,-0.061801
DESC-03,412,3153.94,-1421.22,368.18,-0.047021
DESC-03,413,-465.56,345.21,1092.25,-0.048842
DESC-03,414,-594.38,1706.0,666.62,-0.034794
DESC-03,415,1344.85,2497.88,478.77,-0.040098
DESC-03,416,2345.39,-3087.0,313.55,-0.04369
DESC-03,417,-1154.47,646.48,743.98,-0.042717
DESC-03,418,1187.6,3385.66,365.43,-0.027469
DESC-03,419,-2036.74,-281.42,505.72,-0.030815
DESC-03,420,361.9,1886.97,686.78,-0.04226
DESC-03,421,1884.2,-2819.18,354.5,-0.045174
DESC-03,422,-3042.8,2614.56,295.98,-0.00972
DESC-03,423,1594.89,574.37,810.7,-0.059284
DESC-03,424,-3391.97,2717.84,276.25,-0.00476
DESC-03,425,3208.45,2009.83,352.86,-0.032171
DESC-03,426,-219.31,2584.68,494.76,-0.029321
DESC-03,427,-636.5,-3098.93,352.48,-0.037383
DESC-03,428,1543.11,1508.67,650.29,-0.048841
DESC-03,429,163.09,-2121.13,518.34,-0.050205
DESC-03,430,1615.94,-1639.33,532.12,-0.055726
DESC-03,431,-2906.69,-1226.52,344.52,-0.019915
DESC-03,432,439.54,639.2,1303.23,-0.055911
DESC-03,433,406.76,895.03,1138.64,-0.051175
DESC-03,434,3024.8,3020.1,309.83,-0.024817
DESC-03,435,-3222.76,-3410.97,251.94,-0.018219
DESC-03,436,-330.26,-2145.93,497.02,-0.046919
DESC-03,437,917.51,-965.98,822.42,-0.060553
DESC-03,438,355.23,2226.05,588.39,-0.038346
DESC-03,439,-2980.87,349.36,367.96,-0.018216
DESC-03,440,652.6,83.93,1371.16,-0.056634
DESC-03,441,-1944.62,1821.3,436.81,-0.024372
DESC-03,442,-2131.16,1085.41,467.28,-0.025232
DESC-03,443,2650.84,-1471.01,419.29,-0.053674
DESC-03,444,-2115.11,-2890.19,309.79,-0.027193
DESC-03,445,-319.96,-263.85,1095.19,-0.054512
DESC-03,446,1752.01,2661.16,423.22,-0.033501
DESC-03,447,1451.21,686.99,851.91,-0.058895
DESC-03,448,374.21,-3126.98,363.15,-0.041383
DESC-03,449,2149.32,-419.46,608.71,-0.055284
DESC-03,450,-239.29,-807.72,900.12,-0.049882
DESC-03,451,842.7,576.97,1165.55,-0.055235
DESC-03,452,2232.42,609.89,601.93,-0.05627
DESC-03,453,1246.64,3159.32,389.02,-0.028463
DESC-03,454,992.8,-1133.34,750.87,-0.058553
DESC-03,455,-657.1,-643.33,840.85,-0.046054
DESC-03,456,408.26,794.6,1202.55,-0.053966
DESC-03,457,-727.42,2704.73,446.75,-0.023265
DESC-03,458,1710.05,1443.01,628.41,-0.048852
DESC-03,459,-836.99,-203.8,871.05,-0.046538
DESC-03,460,-233.65,2201.96,576.9,-0.033116
DESC-03,461,1788.2,-102.86,744.98,-0.059732
DESC-03,462,25.59,3244.66,395.43,-0.021282
DESC-03,463,-1133.77,-1522.5,536.68,-0.042992
DESC-03,464,2287.73,-2608.26,351.34,-0.049509
DESC-03,465,-833.26,2312.8,503.34,-0.027023
DESC-03,466,2413.1,-1418.91,454.32,-0.057246
DESC-03,467,1996.68,2431.77,431.42,-0.035076
DESC-03,468,-368.98,765.83,1036.39,-0.050511
DESC-03,469,1490.24,62.72,874.84,-0.058864
DESC-03,470,-3259.27,-2890.78,264.75,-0.01756
DESC-03,471,-771.41,2004.21,570.3,-0.029578
DESC-03,472,2522.34,-3038.53,309.37,-0.044766
DESC-03,473,556.78,3256.06,394.16,-0.026448
DESC-03,474,404.78,2638.82,494.66,-0.031811
DESC-03,475,1153.17,-1379.22,653.32,-0.05631
DESC-03,476,1243.7,-2604.94,408.57,-0.051935
DESC-03,477,585.19,2699.72,480.32,-0.034683
DESC-03,478,-555.59,-141.05,1011.74,-0.05073
DESC-03,479,-2215.61,-2625.88,320.42,-0.03004
DESC-03,480,-1451.51,-10.34,662.74,-0.035555
DESC-03,481,-1449.54,-1772.27,458.68,-0.038532
DESC-03,482,-484.79,-645.15,895.29,-0.04988
DESC-03,483,3493.41,981.69,367.57,-0.040464
DESC-03,484,-1032.14,2907.55,400.65,-0.022792
DESC-03,485,-368.35,2106.51,590.09,-0.033236
DESC-03,486,-898.61,-2372.94,426.09,-0.041021
DESC-03,487,569.99,-158.65,1312.03,-0.058684
DESC-03,488,3135.29,-56.5,424.82,-0.04626
DESC-03,489,2723.51,3426.38,301.81,-0.021928
DESC-03,490,-860.03,-2891.72,365.96,-0.036488
DESC-03,491,-1631.69,75.37,612.71,-0.03648
DESC-03,492,2690.79,2900.54,335.46,-0.027874
DESC-03,493,-43.17,-708.06,985.3,-0.050616
DESC-03,494,1298.79,-1667.98,565.43,-0.056485
DESC-03,495,-2986.96,391.53,367.03,-0.017943
DESC-03,496,2565.9,-1259.38,448.74,-0.053381
DESC-03,497,-1309.24,2989.55,375.26,-0.018426
DESC-03,498,-38.31,-2906.41,386.8,-0.042135
DESC-03,499,-2113.85,-2053.04,365.99,-0.028363
DESC-03,500,-558.3,-2912.9,374.25,-0.037771
DESC-03,501,2296.34,1483.22,508.31,-0.046997
DESC-03,502,2293.05,-1448.01,467.5,-0.058019
DESC-03,503,-184.3,2801.18,457.06,-0.022648
DESC-03,504,1875.37,2755.42,402.73,-0.032082
DESC-03,505,-293.53,3054.71,414.73,-0.02178
DESC-03,506,-886.51,-1707.1,535.57,-0.04256
DESC-03,507,321.22,-3495.4,327.69,-0.040607
DESC-03,508,-2090.61,-786.76,467.48,-0.029155
DESC-03,509,-1284.07,3237.94,352.8,-0.018253
DESC-03,510,1445.7,1846.19,593.91,-0.047004
DESC-03,511,1893.6,-3082.38,331.72,-0.043823
DESC-03,512,-3103.04,1418.01,334.77,-0.016272
DESC-03,513,1629.78,2919.44,399.36,-0.030818
DESC-03,514,2222.01,3274.04,333.79,-0.025556
DESC-03,515,-383.64,1511.92,759.46,-0.039934
DESC-03,516,-3062.82,2540.97,297.67,-0.010571
DESC-03,517,1280.39,2391.91,502.61,-0.039363
DESC-03,518,-1776.85,-991.64,503.97,-0.031704
DESC-03,519,1003.5,-2806.69,391.45,-0.050443
DESC-03,520,-863.64,1592.25,647.44,-0.035733
DESC-03,521,960.14,-2541.61,428.89,-0.052727
DESC-03,522,-1693.06,-810.61,538.14,-0.035776
DESC-03,523,-164.24,3470.15,365.88,-0.019868
DESC-03,524,172.72,418.5,1467.3,-0.053156
DESC-03,525,917.09,152.18,1192.86,-0.058991
DESC-03,526,-2077.83,3135.16,320.89,-0.01684
DESC-03,527,3234.36,-1511.72,355.78,-0.048787
DESC-03,528,-1476.03,3496.02,323.62,-0.013408
DESC-03,529,-1357.86,2883.86,383.12,-0.018178
DESC-03,530,-1705.81,-952.67,520.84,-0.032958
DESC-03,531,-3027.67,-1209.32,334.83,-0.021225
DESC-03,532,-539.54,-2614.06,411.76,-0.041497
DESC-03,533,1902.85,2909.48,383.92,-0.030703
DESC-03,534,1466.97,-2199.33,453.28,-0.05344
DESC-03,535,-2130.99,-3437.15,281.18,-0.023916
DESC-03,536,-2541.48,2730.54,318.7,-0.01775
DESC-03,537,-1250.0,686.81,707.82,-0.0405
DESC-03,538,1877.79,1202.94,631.32,-0.051822
DESC-03,539,-83.45,1631.99,758.32,-0.038957
DESC-03,540,2962.29,-3201.37,284.24,-0.038443
DESC-03,541,1094.69,-2857.02,382.63,-0.050891
DESC-03,542,846.35,-1.14,1217.48,-0.059825
DESC-03,543,1873.84,-3148.17,327.33,-0.043484
DESC-03,544,1751.81,30.25,766.09,-0.060703
DESC-03,545,-1093.13,1654.37,591.73,-0.032798
DESC-03,546,-1700.94,1101.86,547.24,-0.034009
DESC-03,547,-436.65,816.53,990.62,-0.048487
DESC-03,548,-75.27,-3175.16,355.91,-0.04253
DESC-03,549,-2507.94,-1843.42,348.12,-0.023293
DESC-03,550,-410.67,2782.46,451.53,-0.023977
DESC-03,551,978.76,-2637.46,414.48,-0.050806
DESC-03,552,-2550.0,232.57,424.33,-0.024168
DESC-03,553,-2533.73,-3149.66,280.5,-0.027324
DESC-03,554,-2283.95,3074.42,314.03,-0.016683
DESC-03,555,-1516.68,-2299.06,391.23,-0.035636
DESC-03,556,3231.96,-629.85,396.72,-0.044725
DESC-03,557,-3319.46,327.47,334.12,-0.012905
DESC-03,558,-2213.83,1530.56,425.22,-0.020763
DESC-03,559,-2344.67,3062.17,311.64,-0.014864
DESC-03,560,-179.56,1654.54,740.33,-0.037038
DESC-03,561,-3394.49,-1068.42,310.95,-0.01782
DESC-03,562,-292.79,-2972.62,374.43,-0.038292
DESC-03,563,-2359.54,1451.84,411.37,-0.020231
DESC-03,564,-1612.52,3307.57,331.71,-0.018299
DESC-03,565,2047.08,-3380.89,305.32,-0.040939
DESC-03,566,-2211.53,1922.76,396.92,-0.022053
DESC-03,567,819.9,-2267.01,479.34,-0.056168
DESC-03,568,-655.81,-280.32,935.15,-0.050756
DESC-03,569,-576.83,158.46,1035.48,-0.051112
DESC-03,570,2217.92,800.98,592.8,-0.058027
DESC-03,571,-2373.6,3426.76,291.8,-0.015387
DESC-03,572,2966.67,1311.81,418.57,-0.041648
DESC-03,573,2754.44,-753.29,459.26,-0.052217
DESC-03,574,1178.25,1505.15,725.56,-0.04881
DESC-03,575,-3153.87,-232.88,347.32,-0.013967
DESC-03,576,1143.16,-608.16,888.56,-0.062822
DESC-03,577,702.43,-940.43,869.81,-0.060575
DESC-03,578,1905.44,-46.16,707.97,-0.056247
DESC-03,579,-2003.18,-1531.72,419.68,-0.031774
DESC-03,580,3173.49,-1805.3,345.07,-0.046958
DESC-03,581,2703.38,-2460.73,337.4,-0.045389
DESC-03,582,-2699.5,-418.43,394.71,-0.019425
DESC-03,583,-1293.59,-1447.17,525.48,-0.03966
DESC-03,584,-3272.89,2358.59,292.79,-0.009733
DESC-03,585,2316.63,2435.26,401.59,-0.034006
DESC-03,586,2905.66,-1092.86,415.73,-0.050092
DESC-03,587,3428.66,833.99,378.58,-0.042503
DESC-03,588,783.48,2816.04,454.59,-0.031685
DESC-03,589,1161.9,-985.87,764.47,-0.059575
DESC-03,590,1248.84,383.01,987.61,-0.057532
DESC-03,591,491.04,-395.09,1188.86,-0.059346
DESC-03,592,3166.96,1051.86,404.25,-0.045769
DESC-03,593,755.03,3218.4,396.02,-0.025943
DESC-03,594,-1149.92,-2529.63,391.08,-0.038056
DESC-03,595,90.14,3257.7,394.41,-0.021964
DESC-03,596,-3369.36,1160.13,319.66,-0.012861
DESC-03,597,1568.88,2071.09,532.3,-0.044529
DESC-03,598,1357.45,945.85,833.04,-0.056017
DESC-03,599,-552.64,2592.22,475.93,-0.026987
DESC-03,600,2460.37,-1216.33,468.02,-0.055388
DESC-03,601,1788.68,1456.33,609.35,-0.049655
DESC-03,602,-1143.21,-1651.21,513.67,-0.042799
DESC-03,603,-2957.51,60.6,370.64,-0.017605
DESC-03,604,-2574.44,1270.43,394.1,-0.020305
DESC-03,605,-2210.09,-2092.13,355.57,-0.029392
DESC-03,606,-1372.57,-3071.88,329.47,-0.027898
DESC-03,607,-367.39,2036.64,607.67,-0.035359
DESC-03,608,2995.98,2162.62,362.4,-0.032322
DESC-03,609,-1551.07,1159.65,573.6,-0.029652
DESC-03,610,2790.1,-1249.98,419.69,-0.050915
DESC-03,611,1263.24,1107.21,820.85,-0.054317
DESC-03,612,2474.45,-2912.84,319.32,-0.047108
DESC-03,613,-677.23,1137.57,808.13,-0.044317
DESC-03,614,-3477.06,533.39,319.75,-0.014883
DESC-03,615,2008.77,820.43,646.43,-0.058426
DESC-03,616,-1781.67,-371.11,555.73,-0.034815
DESC-03,617,-2502.64,-1923.89,343.87,-0.02257
DESC-03,618,2096.44,1581.14,531.14,-0.048521
DESC-03,619,1304.3,-251.09,920.0,-0.060626
DESC-03,620,-2013.09,1717.66,437.19,-0.021504
DESC-03,621,-1626.93,-950.74,535.95,-0.037305
DESC-03,622,3074.54,-2885.48,294.34,-0.038412
DESC-03,623,-1620.23,297.2,616.31,-0.036905
DESC-03,624,1416.84,859.33,831.81,-0.056455
DESC-03,625,-2593.13,2952.44,304.69,-0.012382
DESC-03,626,2205.25,2714.28,383.12,-0.030006
DESC-03,627,-2676.87,-3099.96,277.51,-0.023248
DESC-03,628,112.29,1902.88,678.71,-0.039764
DESC-03,629,-3253.48,-1670.46,303.14,-0.019957
DESC-03,630,350.55,1380.39,882.37,-0.044146
DESC-03,631,2426.35,-843.63,509.24,-0.05502
DESC-03,632,-2909.21,-1245.45,343.56,-0.020211
DESC-03,633,-1580.2,-82.01,622.31,-0.03487
DESC-03,634,1852.85,213.72,732.69,-0.059518
DESC-03,635,756.69,1361.38,852.79,-0.051155
DESC-03,636,-1310.42,965.18,656.95,-0.037073
DESC-03,637,902.33,1247.79,870.15,-0.051751
DESC-03,638,-317.03,-811.46,880.85,-0.049371
DESC-03,639,2536.49,1241.38,489.6,-0.047849
DESC-03,640,-1449.42,-1082.29,553.26,-0.038709
DESC-03,641,1804.11,752.73,715.39,-0.057289
DESC-03,642,949.72,-283.27,1074.27,-0.06185
DESC-03,643,1683.0,439.59,788.45,-0.060356
DESC-03,644,-852.17,-3377.23,322.46,-0.034568
DESC-03,645,1574.45,-8.5,834.16,-0.059794
DESC-03,646,1388.98,-1960.22,499.0,-0.055189
DESC-03,647,-787.58,-799.31,760.36,-0.046704
DESC-03,648,-3314.83,-2983.6,260.46,-0.018897
DESC-03,649,3240.39,1098.31,393.16,-0.043827
DESC-03,650,1495.2,2754.65,428.82,-0.034954
DESC-03,651,-2066.83,-1017.82,454.35,-0.028159
DESC-03,652,1615.65,-2764.53,372.6,-0.047142
DESC-03,653,-1549.22,841.87,606.77,-0.035881
DESC-03,654,-215.0,-2610.74,423.23,-0.042788
DESC-03,655,2519.22,2741.35,358.21,-0.032434
DESC-03,656,-363.5,-2642.8,414.24,-0.041546
DESC-03,657,-1483.95,-966.91,562.16,-0.040436
DESC-03,658,-1361.56,-37.38,689.93,-0.036158
DESC-03,659,-2960.88,-2674.89,282.69,-0.019794
DESC-03,660,-1963.46,-1268.77,448.24,-0.031993
DESC-03,661,-1602.26,-1573.05,464.96,-0.036301
DESC-03,662,-2289.22,1493.1,417.84,-0.021623
DESC-03,663,-3058.54,3403.91,267.95,-0.013665
DESC-03,664,-239.48,-960.14,839.23,-0.050578
DESC-03,665,-1999.23,2035.04,411.04,-0.024106
DESC-03,666,1671.39,-2517.61,397.13,-0.051902
DESC-03,667,2957.69,559.4,450.96,-0.054614
DESC-03,668,-1589.11,-471.01,594.15,-0.036814
DESC-03,669,505.74,-1482.71,684.47,-0.055429
DESC-03,670,47.08,2251.97,578.0,-0.032635
DESC-03,671,-2974.24,1724.95,335.0,-0.014817
DESC-03,672,-2625.88,-2562.02,302.6,-0.025684
DESC-03,673,2693.46,-1453.15,415.72,-0.052658
DESC-03,674,-180.94,2236.53,571.74,-0.032542
DESC-03,675,2132.27,3447.02,324.92,-0.024451
DESC-03,676,-3033.93,780.95,357.13,-0.015733
DESC-03,677,663.69,2601.89,496.99,-0.034774
DESC-03,678,2557.18,3389.55,310.86,-0.024434
DESC-03,679,2569.46,1683.82,446.06,-0.042223
DESC-03,680,-3459.94,1013.13,315.43,-0.007502
DESC-03,681,152.04,-1951.33,556.24,-0.050212
DESC-03,682,-916.97,-907.03,700.92,-0.044489
DESC-03,683,1820.29,864.88,696.21,-0.056986
DESC-03,684,-2987.47,2984.81,284.85,-0.011701
DESC-03,685,-1645.51,-1387.07,481.29,-0.036013
DESC-03,686,2188.5,-733.54,568.26,-0.055518
DESC-03,687,-213.11,-3344.34,337.78,-0.03976
DESC-03,688,-327.95,1377.09,816.35,-0.041211
DESC-03,689,3279.91,-395.01,397.83,-0.047565
DESC-03,690,-1260.77,2084.12,493.58,-0.027241
DESC-03,691,-3207.95,-1864.42,299.45,-0.020265
DESC-03,692,-754.59,1117.52,790.7,-0.044974
DESC-03,693,-2426.39,1211.65,415.84,-0.018951
DESC-03,694,-2926.76,-249.73,370.93,-0.0193
DESC-03,695,475.02,-2179.76,505.65,-0.050483
DESC-03,696,3175.03,-679.71,402.11,-0.047393
DESC-03,697,555.85,1715.3,738.46,-0.044691
DESC-03,698,1029.8,-2175.7,486.11,-0.057526
DESC-03,699,-1234.6,-2869.71,352.21,-0.028509
DESC-04,0,875.67,497.86,1173.71,-0.06292
DESC-04,1,2780.5,1765.71,412.23,-0.033837
DESC-04,2,1929.8,624.99,688.02,-0.054596
DESC-04,3,-1923.55,2119.45,411.65,-0.041719
DESC-04,4,-1398.84,353.29,681.09,-0.048788
DESC-04,5,2614.87,-2112.99,369.29,-0.034515
DESC-04,6,-3463.14,579.08,320.51,-0.033451
DESC-04,7,2248.6,-63.45,604.37,-0.055199
DESC-04,8,2079.49,-2338.45,389.9,-0.038043
DESC-04,9,-224.46,834.16,1066.62,-0.059011
DESC-04,10,-1378.77,2218.72,460.56,-0.044547
DESC-04,11,-1551.02,-2554.39,364.16,-0.028997
DESC-04,12,-1715.91,314.62,590.38,-0.045983
DESC-04,13,-384.47,1635.81,719.47,-0.05509
DESC-04,14,31.84,-678.88,1012.92,-0.06406
DESC-04,15,374.48,-1609.68,648.43,-0.055765
DESC-04,16,3468.5,-894.04,360.54,-0.032475
DESC-04,17,2048.63,291.89,666.78,-0.055898
DESC-04,18,855.25,1306.62,857.08,-0.055775
DESC-04,19,3422.72,414.23,386.14,-0.035559
DESC-04,20,-1992.84,-2750.82,324.21,-0.028405
DESC-04,21,-2378.52,2225.2,359.9,-0.038033
DESC-04,22,787.78,2967.02,430.46,-0.040795
DESC-04,23,-3192.41,-2790.95,269.95,-0.018149
DESC-04,24,-3250.24,-1753.36,300.66,-0.018854
DESC-04,25,104.22,-2284.23,484.84,-0.041188
DESC-04,26,-236.56,2444.09,522.14,-0.045272
DESC-04,27,2920.17,2871.95,323.76,-0.021789
DESC-04,28,904.58,-3190.08,351.03,-0.031065
DESC-04,29,98.82,-1173.06,794.71,-0.057342
DESC-04,30,-21.89,-2152.54,508.05,-0.044633
DESC-04,31,-1767.4,-213.27,567.86,-0.04602
DESC-04,32,-3417.44,2951.13,268.72,-0.040099
DESC-04,33,-2153.18,-3008.79,301.54,-0.020189
DESC-04,34,1344.22,-2301.05,446.25,-0.039775
DESC-04,35,-2095.75,-90.8,500.16,-0.042866
DESC-04,36,-913.25,168.24,867.88,-0.053294
DESC-04,37,-3473.86,1718.51,299.61,-0.036488
DESC-04,38,2310.33,-436.2,567.78,-0.050086
DESC-04,39,-2418.77,-2512.04,315.94,-0.024874
DESC-04,40,-1626.8,-1024.72,527.39,-0.040777
DESC-04,41,2662.33,3374.65,307.25,-0.02194
DESC-04,42,68.54,1755.06,725.89,-0.054446
DESC-04,43,2430.05,-2685.59,337.3,-0.030509
DESC-04,44,978.02,2157.46,576.97,-0.047688
DESC-04,45,1692.4,-1323.51,578.89,-0.053628
DESC-04,46,-2859.53,1969.78,334.15,-0.040223
DESC-04,47,288.01,-3410.95,335.09,-0.024605
DESC-04,48,54.41,2598.89,500.55,-0.045377
DESC-04,49,2599.38,-2363.83,351.0,-0.035238
DESC-04,50,-971.15,-309.75,801.96,-0.058093
DESC-04,51,687.29,1132.29,965.25,-0.063593
DESC-04,52,-3085.24,55.09,356.7,-0.03465
DESC-04,53,-786.58,-2342.22,437.48,-0.034912
DESC-04,54,-1238.75,-2526.17,386.09,-0.034165
DESC-04,55,-2448.6,-1508.26,373.43,-0.030964
DESC-04,56,2214.37,-3133.26,315.66,-0.030386
DESC-04,57,-843.88,-1984.19,489.89,-0.038726
DESC-04,58,3351.24,-2589.26,295.32,-0.022068
DESC-04,59,629.94,-246.42,1236.02,-0.065308
DESC-04,60,735.39,-1004.43,838.69,-0.058664
DESC-04,61,965.98,607.83,1091.23,-0.060189
DESC-04,62,1235.15,-1533.85,603.39,-0.051308
DESC-04,63,-2444.48,-3262.62,278.86,-0.018362
DESC-04,64,-417.81,-1182.23,731.07,-0.057122
DESC-04,65,-1823.05,1786.26,456.32,-0.044884
DESC-04,66,-682.51,-1709.13,558.46,-0.048657
DESC-04,67,-2823.07,-668.16,372.82,-0.028824
DESC-04,68,3274.8,1784.82,358.56,-0.028187
DESC-04,69,-1994.97,-653.23,493.22,-0.039939
DESC-04,70,1202.36,2709.87,453.44,-0.040421
DESC-04,71,-1397.06,2926.48,376.31,-0.036248
DESC-04,72,2618.54,-1326.29,435.73,-0.042948
DESC-04,73,1135.5,1651.75,691.05,-0.050056
DESC-04,74,-2578.69,-1728.18,348.91,-0.027346
DESC-04,75,2415.52,-2523.34,350.54,-0.033509
DESC-04,76,3114.64,-434.83,419.13,-0.042822
DESC-04,77,2827.42,717.31,468.63,-0.04042
DESC-04,78,488.03,3049.14,423.56,-0.041729
DESC-04,79,-2481.78,-2478.69,314.28,-0.024918
DESC-04,80,-2152.76,1486.54,436.69,-0.041464
DESC-04,81,2995.34,-171.75,444.52,-0.042887
DESC-04,82,366.29,-2578.03,435.25,-0.036597
DESC-04,83,-2236.13,3308.61,303.4,-0.039607
DESC-04,84,2688.4,1370.38,454.69,-0.038644
DESC-04,85,991.0,-2597.99,419.61,-0.037693
DESC-04,86,487.86,2840.29,456.87,-0.043014
DESC-04,87,-865.99,-2778.34,377.85,-0.030187
DESC-04,88,-623.31,-2851.39,379.09,-0.031368
DESC-04,89,-1823.58,-1179.14,477.31,-0.036186
DESC-04,90,-3233.6,3065.71,272.25,-0.040906
DESC-04,91,2633.53,-3268.83,292.4,-0.026249
DESC-04,92,-225.89,2927.45,435.43,-0.041872
DESC-04,93,333.45,781.28,1217.45,-0.061126
DESC-04,94,-1244.86,-3030.64,337.81,-0.027515
DESC-04,95,1759.27,480.14,757.02,-0.058488
DESC-04,96,-3323.62,-288.46,331.06,-0.031172
DESC-04,97,-894.7,447.89,865.0,-0.05397
DESC-04,98,-3287.55,1660.42,313.4,-0.037139
DESC-04,99,-2639.76,1250.33,387.18,-0.037983
DESC-04,100,3270.04,3480.59,278.49,-0.018183
DESC-04,101,1104.33,-2403.32,443.89,-0.03779
DESC-04,102,-502.46,2189.99,558.8,-0.046634
DESC-04,103,166.18,-622.35,1060.73,-0.065402
DESC-04,104,2609.66,1983.15,414.42,-0.032149
DESC-04,105,-1090.53,2742.45,417.31,-0.039465
DESC-04,106,632.04,3443.99,370.59,-0.033646
DESC-04,107,1285.79,-1637.71,573.51,-0.051733
DESC-04,108,-1012.1,-329.43,784.03,-0.055507
DESC-04,109,133.69,3099.45,416.39,-0.040468
DESC-04,110,1856.73,3120.17,365.19,-0.035682
DESC-04,111,2864.26,-889.88,434.09,-0.040695
DESC-04,112,-2442.56,3081.47,305.76,-0.039683
DESC-04,113,3033.94,-658.76,422.03,-0.04257
DESC-04,114,-3463.75,-876.64,310.32,-0.026999
DESC-04,115,1770.84,1796.34,552.88,-0.04965
DESC-04,116,2173.69,-201.52,618.11,-0.053827
DESC-04,117,-2542.65,-362.61,417.32,-0.035687
DESC-04,118,-567.67,-797.17,821.42,-0.058411
DESC-04,119,2206.79,-470.37,589.85,-0.04986
DESC-04,120,-3400.1,-2521.28,270.19,-0.018177
DESC-04,121,899.23,-3072.74,363.22,-0.033178
DESC-04,122,2051.17,1777.95,511.61,-0.046459
DESC-04,123,91.03,451.5,1406.2,-0.063208
DESC-04,124,1580.95,1203.23,707.0,-0.052132
DESC-04,125,-1915.04,2116.35,412.85,-0.042029
DESC-04,126,-2110.35,-1889.26,378.88,-0.032858
DESC-04,127,-958.11,-1863.59,499.46,-0.039508
DESC-04,128,-2244.16,-1554.64,391.11,-0.032269
DESC-04,129,-1077.57,-1372.53,572.23,-0.046129
DESC-04,130,3136.87,1824.84,369.65,-0.026381
DESC-04,131,513.33,-880.73,919.7,-0.063434
DESC-04,132,-1119.52,-1237.68,590.06,-0.046582
DESC-04,133,-1599.33,954.11,584.08,-0.05023
DESC-04,134,3164.28,-2194.01,324.53,-0.028531
DESC-04,135,-388.65,-2755.06,398.42,-0.032547
DESC-04,136,3362.76,1379.93,368.19,-0.027325
DESC-04,137,108.66,1795.12,713.98,-0.055229
DESC-04,138,148.16,-1425.45,705.16,-0.054638
DESC-04,139,2775.78,952.29,467.25,-0.038925
DESC-04,140,1699.37,-3261.46,324.48,-0.02903
DESC-04,141,564.57,-669.77,1018.23,-0.060465
DESC-04,142,-513.45,545.71,1032.12,-0.058349
DESC-04,143,2647.32,-1726.07,398.14,-0.039953
DESC-04,144,-618.48,-1062.5,729.74,-0.054926
DESC-04,145,2959.32,766.85,444.82,-0.040908
DESC-04,146,-3018.99,629.28,361.12,-0.032613
DESC-04,147,-490.02,-2420.66,441.88,-0.035201
DESC-04,148,136.6,1446.07,848.97,-0.058232
DESC-04,149,3156.57,-2939.8,288.53,-0.020803
DESC-04,150,-1743.01,3288.07,327.07,-0.036882
DESC-04,151,2142.27,-2083.47,412.14,-0.037064
DESC-04,152,1235.3,-1725.16,560.08,-0.051157
DESC-04,153,1519.6,-2097.9,464.78,-0.045323
DESC-04,154,907.36,3440.49,366.55,-0.037566
DESC-04,155,3300.92,-1493.84,350.79,-0.032283
DESC-04,156,-1171.23,737.05,728.0,-0.05472
DESC-04,157,-712.07,3434.44,356.62,-0.038058
DESC-04,158,-2079.62,3150.47,319.85,-0.038026
DESC-04,159,-3145.07,-3203.55,259.42,-0.016168
DESC-04,160,-2009.64,148.29,521.52,-0.044948
DESC-04,161,2908.25,709.13,455.08,-0.039595
DESC-04,162,2381.18,1416.77,500.68,-0.043384
DESC-04,163,-2713.16,-1148.63,366.07,-0.028959
DESC-04,164,726.45,-1204.64,763.74,-0.056315
DESC-04,165,-145.62,-3470.01,327.56,-0.027491
DESC-04,166,662.79,-3253.34,348.16,-0.030876
DESC-04,167,1114.93,350.4,1063.3,-0.058278
DESC-04,168,-1353.38,-2968.79,338.44,-0.027591
DESC-04,169,3229.46,-2082.63,326.14,-0.030011
DESC-04,170,-239.12,-1167.1,763.13,-0.057869
DESC-04,171,896.71,-3006.7,370.5,-0.034382
DESC-04,172,946.58,-3283.98,341.3,-0.031385
DESC-04,173,-2212.77,2988.44,322.83,-0.03934
DESC-04,174,-3066.94,-453.54,352.43,-0.030642
DESC-04,175,-619.38,-2065.81,493.85,-0.04076
DESC-04,176,1848.21,1459.16,596.56,-0.048845
DESC-04,177,2206.55,-3433.88,297.27,-0.028585
DESC-04,178,1609.92,-1784.88,507.29,-0.050697
DESC-04,179,-2707.57,3225.25,287.3,-0.038274
DESC-04,180,2893.48,2783.83,330.66,-0.023661
DESC-04,181,2114.26,951.48,605.07,-0.047706
DESC-04,182,2643.84,-2847.58,315.6,-0.027476
DESC-04,183,163.13,-1273.64,759.23,-0.058233
DESC-04,184,2909.45,-3304.47,281.48,-0.020624
DESC-04,185,-3173.43,-1965.66,297.94,-0.021928
DESC-04,186,-3287.98,-3321.96,252.53,-0.014027
DESC-04,187,-3358.49,-2616.85,269.06,-0.01648
DESC-04,188,-1730.62,932.5,555.7,-0.044916
DESC-04,189,-1760.01,-2796.9,332.79,-0.027262
DESC-04,190,-2187.48,-2409.66,335.6,-0.026488
DESC-04,191,469.39,2819.66,460.64,-0.04297
DESC-04,192,-3227.1,-1151.83,320.91,-0.024293
DESC-04,193,632.72,-1169.02,786.38,-0.060784
DESC-04,194,-2337.92,-2894.22,299.73,-0.022067
DESC-04,195,1245.12,2071.51,570.73,-0.046802
DESC-04,196,-3352.47,1234.64,319.39,-0.034279
DESC-04,197,-1326.01,329.93,705.61,-0.050641
DESC-04,198,3068.39,825.39,426.13,-0.03707
DESC-04,199,268.77,-2797.34,403.34,-0.03252
DESC-04,200,2181.11,-1677.86,454.99,-0.043908
DESC-04,201,1106.18,585.49,1026.73,-0.059717
DESC-04,202,775.26,3165.62,402.53,-0.03928
DESC-04,203,-2161.23,2219.92,379.57,-0.039366
DESC-04,204,520.76,985.08,1070.9,-0.060674
DESC-04,205,-3222.2,131.73,343.26,-0.031275
DESC-04,206,2111.65,-3394.07,302.51,-0.029039
DESC-04,207,3220.5,2735.01,313.87,-0.02238
DESC-04,208,2478.06,-3032.02,311.6,-0.029479
DESC-04,209,-3145.03,-2596.43,277.88,-0.017431
DESC-04,210,-1129.38,1351.5,641.22,-0.050604
DESC-04,211,-1273.98,2185.01,477.09,-0.044429
DESC-04,212,-2710.98,2005.85,344.4,-0.038787
DESC-04,213,886.28,-333.17,1084.4,-0.062958
DESC-04,214,2082.21,-2260.61,397.89,-0.038149
DESC-04,215,-1303.95,-3252.88,318.52,-0.026122
DESC-04,216,2539.66,2459.66,379.86,-0.0321
DESC-04,217,2079.89,3343.88,334.92,-0.02922
DESC-04,218,-2596.03,-1791.05,344.06,-0.0265
DESC-04,219,1868.01,2562.53,426.53,-0.039201
DESC-04,220,2678.35,-682.28,476.46,-0.045856
DESC-04,221,-2119.02,-1320.59,423.27,-0.031836
DESC-04,222,515.49,36.08,1452.28,-0.066177
DESC-04,223,971.25,-3442.82,326.95,-0.028334
DESC-04,224,765.34,-401.0,1103.7,-0.06365
DESC-04,225,-2826.28,-2103.12,312.68,-0.024886
DESC-04,226,1128.34,1487.2,740.64,-0.054619
DESC-04,227,923.68,18.0,1172.71,-0.064296
DESC-04,228,2267.2,2581.97,391.27,-0.035643
DESC-04,229,2124.59,2776.54,382.81,-0.033488
DESC-04,230,-1209.82,-1282.69,565.94,-0.046336
DESC-04,231,1554.33,-1537.31,559.49,-0.052843
DESC-04,232,2570.91,3073.91,330.49,-0.024413
DESC-04,233,2750.63,27.98,491.62,-0.046208
DESC-04,234,-2369.41,-2824.39,301.89,-0.021984
DESC-04,235,-3313.08,-3178.8,255.44,-0.013965
DESC-04,236,1055.65,3432.98,363.99,-0.038644
DESC-04,237,-1997.27,554.15,518.5,-0.044092
DESC-04,238,445.97,-3118.55,363.81,-0.032005
DESC-04,239,3113.63,78.79,429.46,-0.038168
DESC-04,240,-844.76,28.73,893.36,-0.05597
DESC-04,241,-1730.58,-452.29,561.9,-0.043931
DESC-04,242,-304.43,3158.96,400.31,-0.037044
DESC-04,243,1100.71,3141.4,396.55,-0.039342
DESC-04,244,-2792.31,-2625.23,291.91,-0.020768
DESC-04,245,-835.91,-2437.96,421.07,-0.033501
DESC-04,246,-2563.95,-647.58,404.81,-0.033267
DESC-04,247,1137.12,2338.19,524.54,-0.042963
DESC-04,248,2313.87,866.27,564.7,-0.04538
DESC-04,249,-862.02,1608.81,643.97,-0.049146
DESC-04,250,-897.93,532.41,854.86,-0.054435
DESC-04,251,276.65,-2029.6,539.25,-0.047772
DESC-04,252,-1994.6,2224.36,395.05,-0.041011
DESC-04,253,-1768.13,-3401.85,294.09,-0.021156
DESC-04,254,-1191.03,1389.39,620.6,-0.051682
DESC-04,255,-298.02,-2139.62,499.86,-0.041919
DESC-04,256,-2929.28,-202.36,371.35,-0.032177
DESC-04,257,1769.12,3325.93,349.99,-0.033027
DESC-04,258,553.38,273.25,1458.13,-0.065848
DESC-04,259,-1402.14,-3101.36,326.09,-0.026261
DESC-04,260,-2957.17,-498.54,362.78,-0.030089
DESC-04,261,1842.27,1121.87,652.76,-0.050208
DESC-04,262,-2582.45,-3103.05,280.69,-0.015993
DESC-04,263,-2567.55,-1731.42,349.65,-0.027845
DESC-04,264,-2585.21,-3371.65,270.27,-0.015608
DESC-04,265,-2931.16,280.48,373.89,-0.033278
DESC-04,266,2844.75,-829.66,440.59,-0.041791
DESC-04,267,-1615.29,25.83,616.17,-0.04788
DESC-04,268,-1355.13,-1429.14,518.92,-0.043916
DESC-04,269,2329.56,1097.65,541.64,-0.04548
DESC-04,270,839.46,-2288.4,474.72,-0.040969
DESC-04,271,-2190.0,2846.56,333.05,-0.036993
DESC-04,272,-456.31,3220.57,388.17,-0.038617
DESC-04,273,2687.46,-49.04,502.76,-0.046716
DESC-04,274,-872.38,-242.27,850.58,-0.057412
DESC-04,275,1476.17,2517.32,465.27,-0.039557
DESC-04,276,-2822.35,-1471.14,341.5,-0.025906
DESC-04,277,1591.27,2121.74,520.44,-0.044282
DESC-04,278,1935.31,-1488.85,512.93,-0.047819
DESC-04,279,2280.37,1539.75,504.67,-0.045433
DESC-04,280,1219.41,-1161.92,701.57,-0.056189
DESC-04,281,-904.87,718.21,825.67,-0.057651
DESC-04,282,-3050.52,2981.08,282.3,-0.042688
DESC-04,283,131.43,-3119.73,363.57,-0.031198
DESC-04,284,1802.22,2150.78,490.55,-0.045707
DESC-04,285,-2164.13,292.92,489.83,-0.041651
DESC-04,286,-1636.34,-846.53,545.8,-0.040899
DESC-04,287,252.84,-1048.07,852.35,-0.061197
DESC-04,288,1738.32,-3014.12,343.41,-0.03212
DESC-04,289,2776.11,-1691.35,387.92,-0.038606
DESC-04,290,-2619.81,861.96,403.83,-0.037722
DESC-04,291,-2210.11,-2816.87,309.6,-0.023527
DESC-04,292,2096.76,1185.85,582.57,-0.047067
DESC-04,293,1011.65,3235.77,387.64,-0.039574
DESC-04,294,1546.81,3365.43,355.26,-0.035382
DESC-04,295,3477.4,2724.69,300.25,-0.019884
DESC-04,296,3074.26,2146.28,356.64,-0.025265
DESC-04,297,2401.18,-2254.33,374.04,-0.036438
DESC-04,298,1939.81,3291.09,345.54,-0.030012
DESC-04,299,-734.87,-2080.94,482.42,-0.039317
DESC-04,300,988.6,2583.35,486.96,-0.040471
DESC-04,301,-2208.88,2645.12,345.14,-0.039754
DESC-04,302,1816.46,853.36,698.9,-0.0543
DESC-04,303,1803.83,149.15,750.09,-0.057651
DESC-04,304,1549.07,-2097.02,462.46,-0.044758
DESC-04,305,-386.41,136.28,1147.33,-0.061227
DESC-04,306,-852.74,-1465.66,588.69,-0.045105
DESC-04,307,-561.6,-2618.84,410.22,-0.033033
DESC-04,308,-3266.63,-2602.66,272.91,-0.016895
DESC-04,309,2410.24,2108.2,425.09,-0.037037
DESC-04,310,296.59,2956.82,438.73,-0.039839
DESC-04,311,-787.37,-2506.92,414.53,-0.032163
DESC-04,312,336.2,-3407.17,335.41,-0.024944
DESC-04,313,1551.48,-1654.57,537.53,-0.053558
DESC-04,314,-829.77,-2558.93,405.55,-0.031606
DESC-04,315,2314.48,-2179.61,387.67,-0.037364
DESC-04,316,2936.24,583.29,453.98,-0.039676
DESC-04,317,-787.97,-543.94,823.0,-0.055749
DESC-04,318,-2535.29,-495.4,414.22,-0.035548
DESC-04,319,1822.61,-2060.71,443.74,-0.04246
DESC-04,320,3450.64,1152.12,367.16,-0.02716
DESC-04,321,-2464.08,-1473.43,374.01,-0.03057
DESC-04,322,1488.73,-705.97,753.81,-0.059096
DESC-04,323,2277.26,-256.1,587.78,-0.053403
DESC-04,324,2944.0,2830.97,324.78,-0.022882
DESC-04,325,-2636.33,-1775.51,341.72,-0.027324
DESC-04,326,-2857.33,1530.66,352.79,-0.036088
DESC-04,327,3415.1,-1334.42,348.15,-0.031118
DESC-04,328,-2682.7,2760.98,309.11,-0.041598
DESC-04,329,-2262.35,-741.44,443.07,-0.036119
DESC-04,330,524.67,36.13,1446.17,-0.066691
DESC-04,331,-376.09,2640.51,477.26,-0.048526
DESC-04,332,1752.75,1209.33,661.24,-0.049276
DESC-04,333,-2166.1,-2839.49,310.37,-0.022673
DESC-04,334,2900.99,-2542.15,320.73,-0.030609
DESC-04,335,-1979.64,3435.13,307.21,-0.039068
DESC-04,336,1883.78,-3296.26,316.09,-0.028723
DESC-04,337,-3026.78,-1393.9,328.25,-0.025004
DESC-04,338,-186.18,3212.26,396.18,-0.038832
DESC-04,339,-3272.09,-3394.26,251.16,-0.014173
DESC-04,340,-1303.33,-2370.21,399.08,-0.03426
DESC-04,341,-1314.39,-2006.45,442.39,-0.037687
DESC-04,342,1538.24,-2895.26,362.51,-0.033364
DESC-04,343,-314.88,-196.27,1121.08,-0.062673
DESC-04,344,-3102.58,647.07,352.22,-0.03366
DESC-04,345,3467.53,-1271.75,346.16,-0.0306
DESC-04,346,2720.9,-2739.45,318.45,-0.030537
DESC-04,347,2914.27,2176.69,368.72,-0.025495
DESC-04,348,-1773.97,2131.3,426.77,-0.045103
DESC-04,349,-741.23,434.7,936.31,-0.056139
DESC-04,350,-1909.74,-2535.81,343.84,-0.02814
DESC-04,351,-2625.66,293.38,413.11,-0.035764
DESC-04,352,-3268.83,906.67,332.66,-0.033598
DESC-04,353,23.36,-501.95,1107.07,-0.062917
DESC-04,354,-2638.06,2547.04,322.27,-0.041781
DESC-04,355,-2265.87,-769.68,440.94,-0.035862
DESC-04,356,2523.33,76.21,539.92,-0.049296
DESC-04,357,-110.3,-2701.0,412.72,-0.035232
DESC-04,358,-2214.08,444.86,478.45,-0.041947
DESC-04,359,1189.05,1865.14,626.16,-0.047106
DESC-04,360,-1638.95,1618.81,502.32,-0.047393
DESC-04,361,188.56,-1701.13,621.42,-0.053401
DESC-04,362,-1519.33,3443.06,325.74,-0.037569
DESC-04,363,113.13,1539.54,808.83,-0.057355
DESC-04,364,899.74,-533.73,997.48,-0.061905
DESC-04,365,253.46,-595.64,1081.73,-0.064988
DESC-04,366,-730.77,1955.28,586.13,-0.047565
DESC-04,367,2035.7,-2270.22,400.44,-0.038326
DESC-04,368,2614.06,977.39,494.65,-0.040795
DESC-04,369,-2244.4,1531.88,421.1,-0.038953
DESC-04,370,-2545.84,114.38,424.78,-0.038086
DESC-04,371,-2707.66,2612.39,314.76,-0.039773
DESC-04,372,3357.18,-219.55,391.71,-0.037317
DESC-04,373,3091.14,-245.75,427.89,-0.041032
DESC-04,374,-1885.33,-1507.24,436.15,-0.034909
DESC-04,375,3289.35,2935.6,300.67,-0.020382
DESC-04,376,-2045.28,-1286.11,435.62,-0.03518
DESC-04,377,45.33,1366.9,876.53,-0.056225
DESC-04,378,-18.3,-634.53,1026.97,-0.064162
DESC-04,379,2904.69,3047.97,314.46,-0.022665
DESC-04,380,-3216.3,3135.72,270.77,-0.039735
DESC-04,381,-1292.54,-3289.75,316.27,-0.025515
DESC-04,382,699.82,3461.74,367.75,-0.032582
DESC-04,383,-3035.21,734.55,357.81,-0.03175
DESC-04,384,-1844.15,-2983.03,316.12,-0.023594
DESC-04,385,-244.56,-20.78,1213.82,-0.062515
DESC-04,386,2666.0,-3153.7,297.22,-0.025286
DESC-04,387,1826.72,342.26,739.69,-0.059367
DESC-04,388,2302.86,-2201.82,386.48,-0.0371
DESC-04,389,1827.49,-924.42,623.58,-0.054052
DESC-04,390,1454.05,-1367.1,609.84,-0.054643
DESC-04,391,2447.85,715.48,544.01,-0.04507
DESC-04,392,1270.34,2256.53,529.39,-0.045725
DESC-04,393,1649.78,3055.76,382.62,-0.035446
DESC-04,394,-1388.49,-1197.99,547.86,-0.04229
DESC-04,395,-2326.51,487.83,457.68,-0.041965
DESC-04,396,1795.67,-3458.71,307.57,-0.026666
DESC-04,397,-2339.14,-894.86,423.27,-0.032008
DESC-04,398,2936.19,3224.93,303.36,-0.020639
DESC-04,399,676.5,-2668.13,418.05,-0.038503
DESC-04,400,-1193.96,2588.79,429.27,-0.042225
DESC-04,401,3056.5,1067.54,418.48,-0.033664
DESC-04,402,-2414.09,-1442.74,380.95,-0.029255
DESC-04,403,101.26,1947.13,664.5,-0.054276
DESC-04,404,-2859.12,-1475.03,338.3,-0.025592
DESC-04,405,3257.99,2763.71,310.35,-0.022459
DESC-04,406,527.63,-2920.69,386.28,-0.034574
DESC-04,407,2125.67,-2667.05,355.59,-0.033339
DESC-04,408,-1526.54,1750.09,503.73,-0.047129
DESC-04,409,2112.58,-355.75,623.82,-0.053786
DESC-04,410,1419.89,-2467.76,417.97,-0.034983
DESC-04,411,1005.77,94.04,1132.09,-0.063155
DESC-04,412,3153.94,-1421.22,368.18,-0.034956
DESC-04,413,-465.56,345.21,1092.25,-0.058015
DESC-04,414,-594.38,1706.0,666.62,-0.05147
DESC-04,415,1344.85,2497.88,478.77,-0.04116
DESC-04,416,2345.39,-3087.0,313.55,-0.02875
DESC-04,417,-1154.47,646.48,743.98,-0.055283
DESC-04,418,1187.6,3385.66,365.43,-0.03665
DESC-04,419,-2036.74,-281.42,505.72,-0.040817
DESC-04,420,361.9,1886.97,686.78,-0.05266
DESC-04,421,1884.2,-2819.18,354.5,-0.033483
DESC-04,422,-3042.8,2614.56,295.98,-0.040244
DESC-04,423,1594.89,574.37,810.7,-0.06088
DESC-04,424,-3391.97,2717.84,276.25,-0.04001
DESC-04,425,3208.45,2009.83,352.86,-0.024987
DESC-04,426,-219.31,2584.68,494.76,-0.045039
DESC-04,427,-636.5,-3098.93,352.48,-0.028707
DESC-04,428,1543.11,1508.67,650.29,-0.051499
DESC-04,429,163.09,-2121.13,518.34,-0.046378
DESC-04,430,1615.94,-1639.33,532.12,-0.052458
DESC-04,431,-2906.69,-1226.52,344.52,-0.026578
DESC-04,432,439.54,639.2,1303.23,-0.061171
DESC-04,433,406.76,895.03,1138.64,-0.060803
DESC-04,434,3024.8,3020.1,309.83,-0.022086
DESC-04,435,-3222.76,-3410.97,251.94,-0.014254
DESC-04,436,-330.26,-2145.93,497.02,-0.041939
DESC-04,437,917.51,-965.98,822.42,-0.058924
DESC-04,438,355.23,2226.05,588.39,-0.052756
DESC-04,439,-2980.87,349.36,367.96,-0.034909
DESC-04,440,652.6,83.93,1371.16,-0.067468
DESC-04,441,-1944.62,1821.3,436.81,-0.042503
DESC-04,442,-2131.16,1085.41,467.28,-0.042018
DESC-04,443,2650.84,-1471.01,419.29,-0.041341
DESC-04,444,-2115.11,-2890.19,309.79,-0.02162
DESC-04,445,-319.96,-263.85,1095.19,-0.063486
DESC-04,446,1752.01,2661.16,423.22,-0.03683
DESC-04,447,1451.21,686.99,851.91,-0.058959
DESC-04,448,374.21,-3126.98,363.15,-0.031967
DESC-04,449,2149.32,-419.46,608.71,-0.05075
DESC-04,450,-239.29,-807.72,900.12,-0.063265
DESC-04,451,842.7,576.97,1165.55,-0.063427
DESC-04,452,2232.42,609.89,601.93,-0.050076
DESC-04,453,1246.64,3159.32,389.02,-0.037522
DESC-04,454,992.8,-1133.34,750.87,-0.057182
DESC-04,455,-657.1,-643.33,840.85,-0.060234
DESC-04,456,408.26,794.6,1202.55,-0.061365
DESC-04,457,-727.42,2704.73,446.75,-0.043384
DESC-04,458,1710.05,1443.01,628.41,-0.047101
DESC-04,459,-836.99,-203.8,871.05,-0.056304
DESC-04,460,-233.65,2201.96,576.9,-0.048265
DESC-04,461,1788.2,-102.86,744.98,-0.059744
DESC-04,462,25.59,3244.66,395.43,-0.038416
DESC-04,463,-1133.77,-1522.5,536.68,-0.045483
DESC-04,464,2287.73,-2608.26,351.34,-0.032706
DESC-04,465,-833.26,2312.8,503.34,-0.044539
DESC-04,466,2413.1,-1418.91,454.32,-0.044832
DESC-04,467,1996.68,2431.77,431.42,-0.039362
DESC-04,468,-368.98,765.83,1036.39,-0.059222
DESC-04,469,1490.24,62.72,874.84,-0.061736
DESC-04,470,-3259.27,-2890.78,264.75,-0.014936
DESC-04,471,-771.41,2004.21,570.3,-0.04644
DESC-04,472,2522.34,-3038.53,309.37,-0.02887
DESC-04,473,556.78,3256.06,394.16,-0.038714
DESC-04,474,404.78,2638.82,494.66,-0.044758
DESC-04,475,1153.17,-1379.22,653.32,-0.053197
DESC-04,476,1243.7,-2604.94,408.57,-0.034501
DESC-04,477,585.19,2699.72,480.32,-0.041789
DESC-04,478,-555.59,-141.05,1011.74,-0.059323
DESC-04,479,-2215.61,-2625.88,320.42,-0.026815
DESC-04,480,-1451.51,-10.34,662.74,-0.046533
DESC-04,481,-1449.54,-1772.27,458.68,-0.037047
DESC-04,482,-484.79,-645.15,895.29,-0.060065
DESC-04,483,3493.41,981.69,367.57,-0.026639
DESC-04,484,-1032.14,2907.55,400.65,-0.041283
DESC-04,485,-368.35,2106.51,590.09,-0.049018
DESC-04,486,-898.61,-2372.94,426.09,-0.034965
DESC-04,487,569.99,-158.65,1312.03,-0.064544
DESC-04,488,3135.29,-56.5,424.82,-0.040668
DESC-04,489,2723.51,3426.38,301.81,-0.021494
DESC-04,490,-860.03,-2891.72,365.96,-0.027768
DESC-04,491,-1631.69,75.37,612.71,-0.046912
DESC-04,492,2690.79,2900.54,335.46,-0.025505
DESC-04,493,-43.17,-708.06,985.3,-0.061984
DESC-04,494,1298.79,-1667.98,565.43,-0.052588
DESC-04,495,-2986.96,391.53,367.03,-0.034215
DESC-04,496,2565.9,-1259.38,448.74,-0.044127
DESC-04,497,-1309.24,2989.55,375.26,-0.03674
DESC-04,498,-38.31,-2906.41,386.8,-0.033157
DESC-04,499,-2113.85,-2053.04,365.99,-0.031951
DESC-04,500,-558.3,-2912.9,374.25,-0.030691
DESC-04,501,2296.34,1483.22,508.31,-0.046123
DESC-04,502,2293.05,-1448.01,467.5,-0.044822
DESC-04,503,-184.3,2801.18,457.06,-0.044011
DESC-04,504,1875.37,2755.42,402.73,-0.034939
DESC-04,505,-293.53,3054.71,414.73,-0.039897
DESC-04,506,-886.51,-1707.1,535.57,-0.044584
DESC-04,507,321.22,-3495.4,327.69,-0.023876
DESC-04,508,-2090.61,-786.76,467.48,-0.035896
DESC-04,509,-1284.07,3237.94,352.8,-0.040638
DESC-04,510,1445.7,1846.19,593.91,-0.048041
DESC-04,511,1893.6,-3082.38,331.72,-0.030272
DESC-04,512,-3103.04,1418.01,334.77,-0.037832
DESC-04,513,1629.78,2919.44,399.36,-0.03732
DESC-04,514,2222.01,3274.04,333.79,-0.02706
DESC-04,515,-383.64,1511.92,759.46,-0.056362
DESC-04,516,-3062.82,2540.97,297.67,-0.04063
DESC-04,517,1280.39,2391.91,502.61,-0.041004
DESC-04,518,-1776.85,-991.64,503.97,-0.039708
DESC-04,519,1003.5,-2806.69,391.45,-0.036817
DESC-04,520,-863.64,1592.25,647.44,-0.050664
DESC-04,521,960.14,-2541.61,428.89,-0.039206
DESC-04,522,-1693.06,-810.61,538.14,-0.042149
DESC-04,523,-164.24,3470.15,365.88,-0.034143
DESC-04,524,172.72,418.5,1467.3,-0.062218
DESC-04,525,917.09,152.18,1192.86,-0.065189
DESC-04,526,-2077.83,3135.16,320.89,-0.037012
DESC-04,527,3234.36,-1511.72,355.78,-0.032459
DESC-04,528,-1476.03,3496.02,323.62,-0.03797
DESC-04,529,-1357.86,2883.86,383.12,-0.036267
DESC-04,530,-1705.81,-952.67,520.84,-0.040096
DESC-04,531,-3027.67,-1209.32,334.83,-0.02658
DESC-04,532,-539.54,-2614.06,411.76,-0.034288
DESC-04,533,1902.85,2909.48,383.92,-0.035726
DESC-04,534,1466.97,-2199.33,453.28,-0.042501
DESC-04,535,-2130.99,-3437.15,281.18,-0.018676
DESC-04,536,-2541.48,2730.54,318.7,-0.041633
DESC-04,537,-1250.0,686.81,707.82,-0.052581
DESC-04,538,1877.79,1202.94,631.32,-0.050095
DESC-04,539,-83.45,1631.99,758.32,-0.054291
DESC-04,540,2962.29,-3201.37,284.24,-0.02163
DESC-04,541,1094.69,-2857.02,382.63,-0.035205
DESC-04,542,846.35,-1.14,1217.48,-0.066354
DESC-04,543,1873.84,-3148.17,327.33,-0.029925
DESC-04,544,1751.81,30.25,766.09,-0.060108
DESC-04,545,-1093.13,1654.37,591.73,-0.051474
DESC-04,546,-1700.94,1101.86,547.24,-0.046918
DESC-04,547,-436.65,816.53,990.62,-0.058711
DESC-04,548,-75.27,-3175.16,355.91,-0.028972
DESC-04,549,-2507.94,-1843.42,348.12,-0.027481
DESC-04,550,-410.67,2782.46,451.53,-0.046393
DESC-04,551,978.76,-2637.46,414.48,-0.0381
DESC-04,552,-2550.0,232.57,424.33,-0.039913
DESC-04,553,-2533.73,-3149.66,280.5,-0.017865
DESC-04,554,-2283.95,3074.42,314.03,-0.037939
DESC-04,555,-1516.68,-2299.06,391.23,-0.030589
DESC-04,556,3231.96,-629.85,396.72,-0.037923
DESC-04,557,-3319.46,327.47,334.12,-0.031898
DESC-04,558,-2213.83,1530.56,425.22,-0.0393
DESC-04,559,-2344.67,3062.17,311.64,-0.038305
DESC-04,560,-179.56,1654.54,740.33,-0.056353
DESC-04,561,-3394.49,-1068.42,310.95,-0.026303
DESC-04,562,-292.79,-2972.62,374.43,-0.029533
DESC-04,563,-2359.54,1451.84,411.37,-0.037368
DESC-04,564,-1612.52,3307.57,331.71,-0.037083
DESC-04,565,2047.08,-3380.89,305.32,-0.028991
DESC-04,566,-2211.53,1922.76,396.92,-0.040161
DESC-04,567,819.9,-2267.01,479.34,-0.041947
DESC-04,568,-655.81,-280.32,935.15,-0.059907
DESC-04,569,-576.83,158.46,1035.48,-0.060867
DESC-04,570,2217.92,800.98,592.8,-0.047622
DESC-04,571,-2373.6,3426.76,291.8,-0.039883
DESC-04,572,2966.67,1311.81,418.57,-0.034409
DESC-04,573,2754.44,-753.29,459.26,-0.042343
DESC-04,574,1178.25,1505.15,725.56,-0.053119
DESC-04,575,-3153.87,-232.88,347.32,-0.03263
DESC-04,576,1143.16,-608.16,888.56,-0.060295
DESC-04,577,702.43,-940.43,869.81,-0.061488
DESC-04,578,1905.44,-46.16,707.97,-0.05684
DESC-04,579,-2003.18,-1531.72,419.68,-0.033571
DESC-04,580,3173.49,-1805.3,345.07,-0.032343
DESC-04,581,2703.38,-2460.73,337.4,-0.032381
DESC-04,582,-2699.5,-418.43,394.71,-0.031461
DESC-04,583,-1293.59,-1447.17,525.48,-0.044788
DESC-04,584,-3272.89,2358.59,292.79,-0.040902
DESC-04,585,2316.63,2435.26,401.59,-0.033225
DESC-04,586,2905.66,-1092.86,415.73,-0.03968
DESC-04,587,3428.66,833.99,378.58,-0.027974
DESC-04,588,783.48,2816.04,454.59,-0.042014
DESC-04,589,1161.9,-985.87,764.47,-0.057647
DESC-04,590,1248.84,383.01,987.61,-0.060321
DESC-04,591,491.04,-395.09,1188.86,-0.063303
DESC-04,592,3166.96,1051.86,404.25,-0.032515
DESC-04,593,755.03,3218.4,396.02,-0.039213
DESC-04,594,-1149.92,-2529.63,391.08,-0.032007
DESC-04,595,90.14,3257.7,394.41,-0.037975
DESC-04,596,-3369.36,1160.13,319.66,-0.036274
DESC-04,597,1568.88,2071.09,532.3,-0.045467
DESC-04,598,1357.45,945.85,833.04,-0.058734
DESC-04,599,-552.64,2592.22,475.93,-0.04764
DESC-04,600,2460.37,-1216.33,468.02,-0.046124
DESC-04,601,1788.68,1456.33,609.35,-0.048554
DESC-04,602,-1143.21,-1651.21,513.67,-0.042943
DESC-04,603,-2957.51,60.6,370.64,-0.035184
DESC-04,604,-2574.44,1270.43,394.1,-0.039909
DESC-04,605,-2210.09,-2092.13,355.57,-0.030853
DESC-04,606,-1372.57,-3071.88,329.47,-0.026013
DESC-04,607,-367.39,2036.64,607.67,-0.051211
DESC-04,608,2995.98,2162.62,362.4,-0.024867
DESC-04,609,-1551.07,1159.65,573.6,-0.048509
DESC-04,610,2790.1,-1249.98,419.69,-0.041357
DESC-04,611,1263.24,1107.21,820.85,-0.056926
DESC-04,612,2474.45,-2912.84,319.32,-0.03013
DESC-04,613,-677.23,1137.57,808.13,-0.056507
DESC-04,614,-3477.06,533.39,319.75,-0.034002
DESC-04,615,2008.77,820.43,646.43,-0.050605
DESC-04,616,-1781.67,-371.11,555.73,-0.042667
DESC-04,617,-2502.64,-1923.89,343.87,-0.028269
DESC-04,618,2096.44,1581.14,531.14,-0.045444
DESC-04,619,1304.3,-251.09,920.0,-0.065462
DESC-04,620,-2013.09,1717.66,437.19,-0.043253
DESC-04,621,-1626.93,-950.74,535.95,-0.041784
DESC-04,622,3074.54,-2885.48,294.34,-0.02084
DESC-04,623,-1620.23,297.2,616.31,-0.047456
DESC-04,624,1416.84,859.33,831.81,-0.05762
DESC-04,625,-2593.13,2952.44,304.69,-0.043056
DESC-04,626,2205.25,2714.28,383.12,-0.033766
DESC-04,627,-2676.87,-3099.96,277.51,-0.015642
DESC-04,628,112.29,1902.88,678.71,-0.054501
DESC-04,629,-3253.48,-1670.46,303.14,-0.023228
DESC-04,630,350.55,1380.39,882.37,-0.058251
DESC-04,631,2426.35,-843.63,509.24,-0.046234
DESC-04,632,-2909.21,-1245.45,343.56,-0.025744
DESC-04,633,-1580.2,-82.01,622.31,-0.046734
DESC-04,634,1852.85,213.72,732.69,-0.059545
DESC-04,635,756.69,1361.38,852.79,-0.057204
DESC-04,636,-1310.42,965.18,656.95,-0.050728
DESC-04,637,902.33,1247.79,870.15,-0.058021
DESC-04,638,-317.03,-811.46,880.85,-0.061347
DESC-04,639,2536.49,1241.38,489.6,-0.042201
DESC-04,640,-1449.42,-1082.29,553.26,-0.042466
DESC-04,641,1804.11,752.73,715.39,-0.054616
DESC-04,642,949.72,-283.27,1074.27,-0.064327
DESC-04,643,1683.0,439.59,788.45,-0.056811
DESC-04,644,-852.17,-3377.23,322.46,-0.024823
DESC-04,645,1574.45,-8.5,834.16,-0.061206
DESC-04,646,1388.98,-1960.22,499.0,-0.048906
DESC-04,647,-787.58,-799.31,760.36,-0.055343
DESC-04,648,-3314.83,-2983.6,260.46,-0.014956
DESC-04,649,3240.39,1098.31,393.16,-0.032423
DESC-04,650,1495.2,2754.65,428.82,-0.040489
DESC-04,651,-2066.83,-1017.82,454.35,-0.034773
DESC-04,652,1615.65,-2764.53,372.6,-0.034231
DESC-04,653,-1549.22,841.87,606.77,-0.052711
DESC-04,654,-215.0,-2610.74,423.23,-0.03836
DESC-04,655,2519.22,2741.35,358.21,-0.029833
DESC-04,656,-363.5,-2642.8,414.24,-0.035291
DESC-04,657,-1483.95,-966.91,562.16,-0.042335
DESC-04,658,-1361.56,-37.38,689.93,-0.049731
DESC-04,659,-2960.88,-2674.89,282.69,-0.018254
DESC-04,660,-1963.46,-1268.77,448.24,-0.035812
DESC-04,661,-1602.26,-1573.05,464.96,-0.038703
DESC-04,662,-2289.22,1493.1,417.84,-0.038533
DESC-04,663,-3058.54,3403.91,267.95,-0.038137
DESC-04,664,-239.48,-960.14,839.23,-0.059905
DESC-04,665,-1999.23,2035.04,411.04,-0.040413
DESC-04,666,1671.39,-2517.61,397.13,-0.037323
DESC-04,667,2957.69,559.4,450.96,-0.039816
DESC-04,668,-1589.11,-471.01,594.15,-0.04709
DESC-04,669,505.74,-1482.71,684.47,-0.057255
DESC-04,670,47.08,2251.97,578.0,-0.05044
DESC-04,671,-2974.24,1724.95,335.0,-0.03853
DESC-04,672,-2625.88,-2562.02,302.6,-0.021822
DESC-04,673,2693.46,-1453.15,415.72,-0.040663
DESC-04,674,-180.94,2236.53,571.74,-0.047583
DESC-04,675,2132.27,3447.02,324.92,-0.027118
DESC-04,676,-3033.93,780.95,357.13,-0.031438
DESC-04,677,663.69,2601.89,496.99,-0.043027
DESC-04,678,2557.18,3389.55,310.86,-0.021645
DESC-04,679,2569.46,1683.82,446.06,-0.037395
DESC-04,680,-3459.94,1013.13,315.43,-0.033749
DESC-04,681,152.04,-1951.33,556.24,-0.049135
DESC-04,682,-916.97,-907.03,700.92,-0.053947
DESC-04,683,1820.29,864.88,696.21,-0.05474
DESC-04,684,-2987.47,2984.81,284.85,-0.040121
DESC-04,685,-1645.51,-1387.07,481.29,-0.038241
DESC-04,686,2188.5,-733.54,568.26,-0.049343
DESC-04,687,-213.11,-3344.34,337.78,-0.027978
DESC-04,688,-327.95,1377.09,816.35,-0.05742
DESC-04,689,3279.91,-395.01,397.83,-0.035047
DESC-04,690,-1260.77,2084.12,493.58,-0.046835
DESC-04,691,-3207.95,-1864.42,299.45,-0.020698
DESC-04,692,-754.59,1117.52,790.7,-0.055972
DESC-04,693,-2426.39,1211.65,415.84,-0.041184
DESC-04,694,-2926.76,-249.73,370.93,-0.03306
DESC-04,695,475.02,-2179.76,505.65,-0.045861
DESC-04,696,3175.03,-679.71,402.11,-0.039445
DESC-04,697,555.85,1715.3,738.46,-0.054968
DESC-04,698,1029.8,-2175.7,486.11,-0.042048
DESC-04,699,-1234.6,-2869.71,352.21,-0.030339
DESC-05,0,875.67,497.86,1173.71,-0.061609
DESC-05,1,2780.5,1765.71,412.23,-0.033496
DESC-05,2,1929.8,624.99,688.02,-0.057101
DESC-05,3,-1923.55,2119.45,411.65,-0.047165
DESC-05,4,-1398.84,353.29,681.09,-0.048423
DESC-05,5,2614.87,-2112.99,369.29,-0.033883
DESC-05,6,-3463.14,579.08,320.51,-0.034366
DESC-05,7,2248.6,-63.45,604.37,-0.050264
DESC-05,8,2079.49,-2338.45,389.9,-0.038096
DESC-05,9,-224.46,834.16,1066.62,-0.060005
DESC-05,10,-1378.77,2218.72,460.56,-0.047031
DESC-05,11,-1551.02,-2554.39,364.16,-0.02911
DESC-05,12,-1715.91,314.62,590.38,-0.046407
DESC-05,13,-384.47,1635.81,719.47,-0.054305
DESC-05,14,31.84,-678.88,1012.92,-0.060066
DESC-05,15,374.48,-1609.68,648.43,-0.053522
DESC-05,16,3468.5,-894.04,360.54,-0.034776
DESC-05,17,2048.63,291.89,666.78,-0.053668
DESC-05,18,855.25,1306.62,857.08,-0.056359
DESC-05,19,3422.72,414.23,386.14,-0.034951
DESC-05,20,-1992.84,-2750.82,324.21,-0.025233
DESC-05,21,-2378.52,2225.2,359.9,-0.041015
DESC-05,22,787.78,2967.02,430.46,-0.040414
DESC-05,23,-3192.41,-2790.95,269.95,-0.017549
DESC-05,24,-3250.24,-1753.36,300.66,-0.022734
DESC-05,25,104.22,-2284.23,484.84,-0.044788
DESC-05,26,-236.56,2444.09,522.14,-0.042406
DESC-05,27,2920.17,2871.95,323.76,-0.025176
DESC-05,28,904.58,-3190.08,351.03,-0.032593
DESC-05,29,98.82,-1173.06,794.71,-0.053998
DESC-05,30,-21.89,-2152.54,508.05,-0.042018
DESC-05,31,-1767.4,-213.27,567.86,-0.044646
DESC-05,32,-3417.44,2951.13,268.72,-0.039703
DESC-05,33,-2153.18,-3008.79,301.54,-0.023513
DESC-05,34,1344.22,-2301.05,446.25,-0.040857
DESC-05,35,-2095.75,-90.8,500.16,-0.041082
DESC-05,36,-913.25,168.24,867.88,-0.057015
DESC-05,37,-3473.86,1718.51,299.61,-0.035598
DESC-05,38,2310.33,-436.2,567.78,-0.047779
DESC-05,39,-2418.77,-2512.04,315.94,-0.022871
DESC-05,40,-1626.8,-1024.72,527.39,-0.03818
DESC-05,41,2662.33,3374.65,307.25,-0.02035
DESC-05,42,68.54,1755.06,725.89,-0.052654
DESC-05,43,2430.05,-2685.59,337.3,-0.030525
DESC-05,44,978.02,2157.46,576.97,-0.046836
DESC-05,45,1692.4,-1323.51,578.89,-0.049869
DESC-05,46,-2859.53,1969.78,334.15,-0.036624
DESC-05,47,288.01,-3410.95,335.09,-0.026462
DESC-05,48,54.41,2598.89,500.55,-0.042944
DESC-05,49,2599.38,-2363.83,351.0,-0.030859
DESC-05,50,-971.15,-309.75,801.96,-0.051946
DESC-05,51,687.29,1132.29,965.25,-0.059291
DESC-05,52,-3085.24,55.09,356.7,-0.036096
DESC-05,53,-786.58,-2342.22,437.48,-0.034077
DESC-05,54,-1238.75,-2526.17,386.09,-0.030208
DESC-05,55,-2448.6,-1508.26,373.43,-0.031256
DESC-05,56,2214.37,-3133.26,315.66,-0.026522
DESC-05,57,-843.88,-1984.19,489.89,-0.04027
DESC-05,58,3351.24,-2589.26,295.32,-0.025761
DESC-05,59,629.94,-246.42,1236.02,-0.065417
DESC-05,60,735.39,-1004.43,838.69,-0.062878
DESC-05,61,965.98,607.83,1091.23,-0.061224
DESC-05,62,1235.15,-1533.85,603.39,-0.053113
DESC-05,63,-2444.48,-3262.62,278.86,-0.016337
DESC-05,64,-417.81,-1182.23,731.07,-0.053109
DESC-05,65,-1823.05,1786.26,456.32,-0.044717
DESC-05,66,-682.51,-1709.13,558.46,-0.045671
DESC-05,67,-2823.07,-668.16,372.82,-0.033444
DESC-05,68,3274.8,1784.82,358.56,-0.03058
DESC-05,69,-1994.97,-653.23,493.22,-0.037676
DESC-05,70,1202.36,2709.87,453.44,-0.040283
DESC-05,71,-1397.06,2926.48,376.31,-0.042166
DESC-05,72,2618.54,-1326.29,435.73,-0.041153
DESC-05,73,1135.5,1651.75,691.05,-0.053167
DESC-05,74,-2578.69,-1728.18,348.91,-0.029581
DESC-05,75,2415.52,-2523.34,350.54,-0.031734
DESC-05,76,3114.64,-434.83,419.13,-0.036712
DESC-05,77,2827.42,717.31,468.63,-0.042471
DESC-05,78,488.03,3049.14,423.56,-0.042416
DESC-05,79,-2481.78,-2478.69,314.28,-0.023569
DESC-05,80,-2152.76,1486.54,436.69,-0.038665
DESC-05,81,2995.34,-171.75,444.52,-0.041245
DESC-05,82,366.29,-2578.03,435.25,-0.038243
DESC-05,83,-2236.13,3308.61,303.4,-0.039606
DESC-05,84,2688.4,1370.38,454.69,-0.038149
DESC-05,85,991.0,-2597.99,419.61,-0.039339
DESC-05,86,487.86,2840.29,456.87,-0.04532
DESC-05,87,-865.99,-2778.34,377.85,-0.031217
DESC-05,88,-623.31,-2851.39,379.09,-0.028118
DESC-05,89,-1823.58,-1179.14,477.31,-0.037094
DESC-05,90,-3233.6,3065.71,272.25,-0.038654
DESC-05,91,2633.53,-3268.83,292.4,-0.023191
DESC-05,92,-225.89,2927.45,435.43,-0.041419
DESC-05,93,333.45,781.28,1217.45,-0.061807
DESC-05,94,-1244.86,-3030.64,337.81,-0.025309
DESC-05,95,1759.27,480.14,757.02,-0.054729
DESC-05,96,-3323.62,-288.46,331.06,-0.031916
DESC-05,97,-894.7,447.89,865.0,-0.056385
DESC-05,98,-3287.55,1660.42,313.4,-0.036843
DESC-05,99,-2639.76,1250.33,387.18,-0.040261
DESC-05,100,3270.04,3480.59,278.49,-0.01811
DESC-05,101,1104.33,-2403.32,443.89,-0.040364
DESC-05,102,-502.46,2189.99,558.8,-0.050132
DESC-05,103,166.18,-622.35,1060.73,-0.05977
DESC-05,104,2609.66,1983.15,414.42,-0.033303
DESC-05,105,-1090.53,2742.45,417.31,-0.043646
DESC-05,106,632.04,3443.99,370.59,-0.038717
DESC-05,107,1285.79,-1637.71,573.51,-0.051313
DESC-05,108,-1012.1,-329.43,784.03,-0.051557
DESC-05,109,133.69,3099.45,416.39,-0.03921
DESC-05,110,1856.73,3120.17,365.19,-0.033131
DESC-05,111,2864.26,-889.88,434.09,-0.041258
DESC-05,112,-2442.56,3081.47,305.76,-0.039474
DESC-05,113,3033.94,-658.76,422.03,-0.039281
DESC-05,114,-3463.75,-876.64,310.32,-0.029012
DESC-05,115,1770.84,1796.34,552.88,-0.049784
DESC-05,116,2173.69,-201.52,618.11,-0.053405
DESC-05,117,-2542.65,-362.61,417.32,-0.037502
DESC-05,118,-567.67,-797.17,821.42,-0.055532
DESC-05,119,2206.79,-470.37,589.85,-0.048875
DESC-05,120,-3400.1,-2521.28,270.19,-0.014331
DESC-05,121,899.23,-3072.74,363.22,-0.03149
DESC-05,122,2051.17,1777.95,511.61,-0.044401
DESC-05,123,91.03,451.5,1406.2,-0.060034
DESC-05,124,1580.95,1203.23,707.0,-0.055022
DESC-05,125,-1915.04,2116.35,412.85,-0.047313
DESC-05,126,-2110.35,-1889.26,378.88,-0.026732
DESC-05,127,-958.11,-1863.59,499.46,-0.042485
DESC-05,128,-2244.16,-1554.64,391.11,-0.031967
DESC-05,129,-1077.57,-1372.53,572.23,-0.045631
DESC-05,130,3136.87,1824.84,369.65,-0.028927
DESC-05,131,513.33,-880.73,919.7,-0.062755
DESC-05,132,-1119.52,-1237.68,590.06,-0.044814
DESC-05,133,-1599.33,954.11,584.08,-0.047511
DESC-05,134,3164.28,-2194.01,324.53,-0.030847
DESC-05,135,-388.65,-2755.06,398.42,-0.031883
DESC-05,136,3362.76,1379.93,368.19,-0.030067
DESC-05,137,108.66,1795.12,713.98,-0.053508
DESC-05,138,148.16,-1425.45,705.16,-0.054897
DESC-05,139,2775.78,952.29,467.25,-0.042664
DESC-05,140,1699.37,-3261.46,324.48,-0.02622
DESC-05,141,564.57,-669.77,1018.23,-0.062995
DESC-05,142,-513.45,545.71,1032.12,-0.058773
DESC-05,143,2647.32,-1726.07,398.14,-0.037014
DESC-05,144,-618.48,-1062.5,729.74,-0.053398
DESC-05,145,2959.32,766.85,444.82,-0.03961
DESC-05,146,-3018.99,629.28,361.12,-0.037467
DESC-05,147,-490.02,-2420.66,441.88,-0.038284
DESC-05,148,136.6,1446.07,848.97,-0.057733
DESC-05,149,3156.57,-2939.8,288.53,-0.022223
DESC-05,150,-1743.01,3288.07,327.07,-0.039433
DESC-05,151,2142.27,-2083.47,412.14,-0.037876
DESC-05,152,1235.3,-1725.16,560.08,-0.052551
DESC-05,153,1519.6,-2097.9,464.78,-0.044065
DESC-05,154,907.36,3440.49,366.55,-0.035517
DESC-05,155,3300.92,-1493.84,350.79,-0.033984
DESC-05,156,-1171.23,737.05,728.0,-0.051621
DESC-05,157,-712.07,3434.44,356.62,-0.03937
DESC-05,158,-2079.62,3150.47,319.85,-0.041488
DESC-05,159,-3145.07,-3203.55,259.42,-0.012778
DESC-05,160,-2009.64,148.29,521.52,-0.045075
DESC-05,161,2908.25,709.13,455.08,-0.040032
DESC-05,162,2381.18,1416.77,500.68,-0.043724
DESC-05,163,-2713.16,-1148.63,366.07,-0.032913
DESC-05,164,726.45,-1204.64,763.74,-0.061217
DESC-05,165,-145.62,-3470.01,327.56,-0.026711
DESC-05,166,662.79,-3253.34,348.16,-0.031662
DESC-05,167,1114.93,350.4,1063.3,-0.061672
DESC-05,168,-1353.38,-2968.79,338.44,-0.02814
DESC-05,169,3229.46,-2082.63,326.14,-0.028709
DESC-05,170,-239.12,-1167.1,763.13,-0.053003
DESC-05,171,896.71,-3006.7,370.5,-0.031185
DESC-05,172,946.58,-3283.98,341.3,-0.032156
DESC-05,173,-2212.77,2988.44,322.83,-0.044018
DESC-05,174,-3066.94,-453.54,352.43,-0.033837
DESC-05,175,-619.38,-2065.81,493.85,-0.04116
DESC-05,176,1848.21,1459.16,596.56,-0.050063
DESC-05,177,2206.55,-3433.88,297.27,-0.024048
DESC-05,178,1609.92,-1784.88,507.29,-0.047328
DESC-05,179,-2707.57,3225.25,287.3,-0.038755
DESC-05,180,2893.48,2783.83,330.66,-0.027727
DESC-05,181,2114.26,951.48,605.07,-0.048441
DESC-05,182,2643.84,-2847.58,315.6,-0.028917
DESC-05,183,163.13,-1273.64,759.23,-0.05476
DESC-05,184,2909.45,-3304.47,281.48,-0.018892
DESC-05,185,-3173.43,-1965.66,297.94,-0.023233
DESC-05,186,-3287.98,-3321.96,252.53,-0.01229
DESC-05,187,-3358.49,-2616.85,269.06,-0.013376
DESC-05,188,-1730.62,932.5,555.7,-0.046403
DESC-05,189,-1760.01,-2796.9,332.79,-0.024707
DESC-05,190,-2187.48,-2409.66,335.6,-0.024836
DESC-05,191,469.39,2819.66,460.64,-0.045017
DESC-05,192,-3227.1,-1151.83,320.91,-0.027003
DESC-05,193,632.72,-1169.02,786.38,-0.061249
DESC-05,194,-2337.92,-2894.22,299.73,-0.022082
DESC-05,195,1245.12,2071.51,570.73,-0.046026
DESC-05,196,-3352.47,1234.64,319.39,-0.03536
DESC-05,197,-1326.01,329.93,705.61,-0.049176
DESC-05,198,3068.39,825.39,426.13,-0.039355
DESC-05,199,268.77,-2797.34,403.34,-0.035377
DESC-05,200,2181.11,-1677.86,454.99,-0.040472
DESC-05,201,1106.18,585.49,1026.73,-0.059678
DESC-05,202,775.26,3165.62,402.53,-0.03868
DESC-05,203,-2161.23,2219.92,379.57,-0.043947
DESC-05,204,520.76,985.08,1070.9,-0.061667
DESC-05,205,-3222.2,131.73,343.26,-0.034221
DESC-05,206,2111.65,-3394.07,302.51,-0.022815
DESC-05,207,3220.5,2735.01,313.87,-0.022615
DESC-05,208,2478.06,-3032.02,311.6,-0.025093
DESC-05,209,-3145.03,-2596.43,277.88,-0.017838
DESC-05,210,-1129.38,1351.5,641.22,-0.048132
DESC-05,211,-1273.98,2185.01,477.09,-0.048249
DESC-05,212,-2710.98,2005.85,344.4,-0.037591
DESC-05,213,886.28,-333.17,1084.4,-0.066422
DESC-05,214,2082.21,-2260.61,397.89,-0.037518
DESC-05,215,-1303.95,-3252.88,318.52,-0.022575
DESC-05,216,2539.66,2459.66,379.86,-0.033768
DESC-05,217,2079.89,3343.88,334.92,-0.029476
DESC-05,218,-2596.03,-1791.05,344.06,-0.029061
DESC-05,219,1868.01,2562.53,426.53,-0.040834
DESC-05,220,2678.35,-682.28,476.46,-0.045234
DESC-05,221,-2119.02,-1320.59,423.27,-0.035649
DESC-05,222,515.49,36.08,1452.28,-0.063485
DESC-05,223,971.25,-3442.82,326.95,-0.027137
DESC-05,224,765.34,-401.0,1103.7,-0.066211
DESC-05,225,-2826.28,-2103.12,312.68,-0.02467
DESC-05,226,1128.34,1487.2,740.64,-0.05437
DESC-05,227,923.68,18.0,1172.71,-0.06538
DESC-05,228,2267.2,2581.97,391.27,-0.035796
DESC-05,229,2124.59,2776.54,382.81,-0.033684
DESC-05,230,-1209.82,-1282.69,565.94,-0.043407
DESC-05,231,1554.33,-1537.31,559.49,-0.050102
DESC-05,232,2570.91,3073.91,330.49,-0.026952
DESC-05,233,2750.63,27.98,491.62,-0.042004
DESC-05,234,-2369.41,-2824.39,301.89,-0.02276
DESC-05,235,-3313.08,-3178.8,255.44,-0.012858
DESC-05,236,1055.65,3432.98,363.99,-0.036101
DESC-05,237,-1997.27,554.15,518.5,-0.045139
DESC-05,238,445.97,-3118.55,363.81,-0.031585
DESC-05,239,3113.63,78.79,429.46,-0.039459
DESC-05,240,-844.76,28.73,893.36,-0.055882
DESC-05,241,-1730.58,-452.29,561.9,-0.042826
DESC-05,242,-304.43,3158.96,400.31,-0.042188
DESC-05,243,1100.71,3141.4,396.55,-0.041058
DESC-05,244,-2792.31,-2625.23,291.91,-0.018931
DESC-05,245,-835.91,-2437.96,421.07,-0.034086
DESC-05,246,-2563.95,-647.58,404.81,-0.033107
DESC-05,247,1137.12,2338.19,524.54,-0.044384
DESC-05,248,2313.87,866.27,564.7,-0.048963
DESC-05,249,-862.02,1608.81,643.97,-0.049714
DESC-05,250,-897.93,532.41,854.86,-0.056134
DESC-05,251,276.65,-2029.6,539.25,-0.047297
DESC-05,252,-1994.6,2224.36,395.05,-0.046633
DESC-05,253,-1768.13,-3401.85,294.09,-0.018724
DESC-05,254,-1191.03,1389.39,620.6,-0.046666
DESC-05,255,-298.02,-2139.62,499.86,-0.042986
DESC-05,256,-2929.28,-202.36,371.35,-0.032704
DESC-05,257,1769.12,3325.93,349.99,-0.032756
DESC-05,258,553.38,273.25,1458.13,-0.063064
DESC-05,259,-1402.14,-3101.36,326.09,-0.026837
DESC-05,260,-2957.17,-498.54,362.78,-0.035904
DESC-05,261,1842.27,1121.87,652.76,-0.049078
DESC-05,262,-2582.45,-3103.05,280.69,-0.015374
DESC-05,263,-2567.55,-1731.42,349.65,-0.029031
DESC-05,264,-2585.21,-3371.65,270.27,-0.01711
DESC-05,265,-2931.16,280.48,373.89,-0.036333
DESC-05,266,2844.75,-829.66,440.59,-0.041423
DESC-05,267,-1615.29,25.83,616.17,-0.046757
DESC-05,268,-1355.13,-1429.14,518.92,-0.040492
DESC-05,269,2329.56,1097.65,541.64,-0.047592
DESC-05,270,839.46,-2288.4,474.72,-0.043982
DESC-05,271,-2190.0,2846.56,333.05,-0.044618
DESC-05,272,-456.31,3220.57,388.17,-0.041616
DESC-05,273,2687.46,-49.04,502.76,-0.043075
DESC-05,274,-872.38,-242.27,850.58,-0.054941
DESC-05,275,1476.17,2517.32,465.27,-0.042216
DESC-05,276,-2822.35,-1471.14,341.5,-0.029771
DESC-05,277,1591.27,2121.74,520.44,-0.045656
DESC-05,278,1935.31,-1488.85,512.93,-0.04473
DESC-05,279,2280.37,1539.75,504.67,-0.043288
DESC-05,280,1219.41,-1161.92,701.57,-0.057093
DESC-05,281,-904.87,718.21,825.67,-0.056975
DESC-05,282,-3050.52,2981.08,282.3,-0.039214
DESC-05,283,131.43,-3119.73,363.57,-0.029412
DESC-05,284,1802.22,2150.78,490.55,-0.045494
DESC-05,285,-2164.13,292.92,489.83,-0.043718
DESC-05,286,-1636.34,-846.53,545.8,-0.041778
DESC-05,287,252.84,-1048.07,852.35,-0.056149
DESC-05,288,1738.32,-3014.12,343.41,-0.030712
DESC-05,289,2776.11,-1691.35,387.92,-0.037409
DESC-05,290,-2619.81,861.96,403.83,-0.038417
DESC-05,291,-2210.11,-2816.87,309.6,-0.022441
DESC-05,292,2096.76,1185.85,582.57,-0.047155
DESC-05,293,1011.65,3235.77,387.64,-0.037757
DESC-05,294,1546.81,3365.43,355.26,-0.033418
DESC-05,295,3477.4,2724.69,300.25,-0.01947
DESC-05,296,3074.26,2146.28,356.64,-0.028896
DESC-05,297,2401.18,-2254.33,374.04,-0.034966
DESC-05,298,1939.81,3291.09,345.54,-0.031883
DESC-05,299,-734.87,-2080.94,482.42,-0.039283
DESC-05,300,988.6,2583.35,486.96,-0.043172
DESC-05,301,-2208.88,2645.12,345.14,-0.043213
DESC-05,302,1816.46,853.36,698.9,-0.052896
DESC-05,303,1803.83,149.15,750.09,-0.056825
DESC-05,304,1549.07,-2097.02,462.46,-0.044848
DESC-05,305,-386.41,136.28,1147.33,-0.061756
DESC-05,306,-852.74,-1465.66,588.69,-0.048761
DESC-05,307,-561.6,-2618.84,410.22,-0.036034
DESC-05,308,-3266.63,-2602.66,272.91,-0.015459
DESC-05,309,2410.24,2108.2,425.09,-0.038458
DESC-05,310,296.59,2956.82,438.73,-0.043903
DESC-05,311,-787.37,-2506.92,414.53,-0.035233
DESC-05,312,336.2,-3407.17,335.41,-0.026101
DESC-05,313,1551.48,-1654.57,537.53,-0.049402
DESC-05,314,-829.77,-2558.93,405.55,-0.033095
DESC-05,315,2314.48,-2179.61,387.67,-0.036255
DESC-05,316,2936.24,583.29,453.98,-0.04112
DESC-05,317,-787.97,-543.94,823.0,-0.05346
DESC-05,318,-2535.29,-495.4,414.22,-0.034931
DESC-05,319,1822.61,-2060.71,443.74,-0.041977
DESC-05,320,3450.64,1152.12,367.16,-0.032085
DESC-05,321,-2464.08,-1473.43,374.01,-0.031892
DESC-05,322,1488.73,-705.97,753.81,-0.061143
DESC-05,323,2277.26,-256.1,587.78,-0.050573
DESC-05,324,2944.0,2830.97,324.78,-0.025686
DESC-05,325,-2636.33,-1775.51,341.72,-0.027713
DESC-05,326,-2857.33,1530.66,352.79,-0.035481
DESC-05,327,3415.1,-1334.42,348.15,-0.03173
DESC-05,328,-2682.7,2760.98,309.11,-0.038057
DESC-05,329,-2262.35,-741.44,443.07,-0.035352
DESC-05,330,524.67,36.13,1446.17,-0.062391
DESC-05,331,-376.09,2640.51,477.26,-0.040571
DESC-05,332,1752.75,1209.33,661.24,-0.048261
DESC-05,333,-2166.1,-2839.49,310.37,-0.022694
DESC-05,334,2900.99,-2542.15,320.73,-0.02803
DESC-05,335,-1979.64,3435.13,307.21,-0.037614
DESC-05,336,1883.78,-3296.26,316.09,-0.02511
DESC-05,337,-3026.78,-1393.9,328.25,-0.0274
DESC-05,338,-186.18,3212.26,396.18,-0.042075
DESC-05,339,-3272.09,-3394.26,251.16,-0.011036
DESC-05,340,-1303.33,-2370.21,399.08,-0.031673
DESC-05,341,-1314.39,-2006.45,442.39,-0.034781
DESC-05,342,1538.24,-2895.26,362.51,-0.033389
DESC-05,343,-314.88,-196.27,1121.08,-0.064032
DESC-05,344,-3102.58,647.07,352.22,-0.036155
DESC-05,345,3467.53,-1271.75,346.16,-0.030138
DESC-05,346,2720.9,-2739.45,318.45,-0.030107
DESC-05,347,2914.27,2176.69,368.72,-0.031551
DESC-05,348,-1773.97,2131.3,426.77,-0.047096
DESC-05,349,-741.23,434.7,936.31,-0.05822
DESC-05,350,-1909.74,-2535.81,343.84,-0.028907
DESC-05,351,-2625.66,293.38,413.11,-0.035514
DESC-05,352,-3268.83,906.67,332.66,-0.033873
DESC-05,353,23.36,-501.95,1107.07,-0.062389
DESC-05,354,-2638.06,2547.04,322.27,-0.041767
DESC-05,355,-2265.87,-769.68,440.94,-0.03502
DESC-05,356,2523.33,76.21,539.92,-0.043331
DESC-05,357,-110.3,-2701.0,412.72,-0.034037
DESC-05,358,-2214.08,444.86,478.45,-0.041026
DESC-05,359,1189.05,1865.14,626.16,-0.051136
DESC-05,360,-1638.95,1618.81,502.32,-0.044738
DESC-05,361,188.56,-1701.13,621.42,-0.053658
DESC-05,362,-1519.33,3443.06,325.74,-0.035445
DESC-05,363,113.13,1539.54,808.83,-0.055651
DESC-05,364,899.74,-533.73,997.48,-0.06829
DESC-05,365,253.46,-595.64,1081.73,-0.063205
DESC-05,366,-730.77,1955.28,586.13,-0.049132
DESC-05,367,2035.7,-2270.22,400.44,-0.038044
DESC-05,368,2614.06,977.39,494.65,-0.044849
DESC-05,369,-2244.4,1531.88,421.1,-0.038223
DESC-05,370,-2545.84,114.38,424.78,-0.03412
DESC-05,371,-2707.66,2612.39,314.76,-0.039713
DESC-05,372,3357.18,-219.55,391.71,-0.038111
DESC-05,373,3091.14,-245.75,427.89,-0.039657
DESC-05,374,-1885.33,-1507.24,436.15,-0.036749
DESC-05,375,3289.35,2935.6,300.67,-0.021424
DESC-05,376,-2045.28,-1286.11,435.62,-0.035757
DESC-05,377,45.33,1366.9,876.53,-0.058144
DESC-05,378,-18.3,-634.53,1026.97,-0.061553
DESC-05,379,2904.69,3047.97,314.46,-0.02357
DESC-05,380,-3216.3,3135.72,270.77,-0.03983
DESC-05,381,-1292.54,-3289.75,316.27,-0.021842
DESC-05,382,699.82,3461.74,367.75,-0.037899
DESC-05,383,-3035.21,734.55,357.81,-0.036181
DESC-05,384,-1844.15,-2983.03,316.12,-0.024001
DESC-05,385,-244.56,-20.78,1213.82,-0.062368
DESC-05,386,2666.0,-3153.7,297.22,-0.023957
DESC-05,387,1826.72,342.26,739.69,-0.055709
DESC-05,388,2302.86,-2201.82,386.48,-0.036566
DESC-05,389,1827.49,-924.42,623.58,-0.053425
DESC-05,390,1454.05,-1367.1,609.84,-0.055172
DESC-05,391,2447.85,715.48,544.01,-0.043924
DESC-05,392,1270.34,2256.53,529.39,-0.045509
DESC-05,393,1649.78,3055.76,382.62,-0.035557
DESC-05,394,-1388.49,-1197.99,547.86,-0.042173
DESC-05,395,-2326.51,487.83,457.68,-0.040488
DESC-05,396,1795.67,-3458.71,307.57,-0.023243
DESC-05,397,-2339.14,-894.86,423.27,-0.035197
DESC-05,398,2936.19,3224.93,303.36,-0.022002
DESC-05,399,676.5,-2668.13,418.05,-0.040029
DESC-05,400,-1193.96,2588.79,429.27,-0.046006
DESC-05,401,3056.5,1067.54,418.48,-0.039295
DESC-05,402,-2414.09,-1442.74,380.95,-0.030611
DESC-05,403,101.26,1947.13,664.5,-0.053455
DESC-05,404,-2859.12,-1475.03,338.3,-0.030069
DESC-05,405,3257.99,2763.71,310.35,-0.021949
DESC-05,406,527.63,-2920.69,386.28,-0.032703
DESC-05,407,2125.67,-2667.05,355.59,-0.035728
DESC-05,408,-1526.54,1750.09,503.73,-0.048081
DESC-05,409,2112.58,-355.75,623.82,-0.052271
DESC-05,410,1419.89,-2467.76,417.97,-0.038513
DESC-05,411,1005.77,94.04,1132.09,-0.066177
DESC-05,412,3153.94,-1421.22,368.18,-0.038093
DESC-05,413,-465.56,345.21,1092.25,-0.061534
DESC-05,414,-594.38,1706.0,666.62,-0.050845
DESC-05,415,1344.85,2497.88,478.77,-0.042641
DESC-05,416,2345.39,-3087.0,313.55,-0.025207
DESC-05,417,-1154.47,646.48,743.98,-0.052396
DESC-05,418,1187.6,3385.66,365.43,-0.036098
DESC-05,419,-2036.74,-281.42,505.72,-0.039839
DESC-05,420,361.9,1886.97,686.78,-0.053167
DESC-05,421,1884.2,-2819.18,354.5,-0.033097
DESC-05,422,-3042.8,2614.56,295.98,-0.040062
DESC-05,423,1594.89,574.37,810.7,-0.057768
DESC-05,424,-3391.97,2717.84,276.25,-0.038492
DESC-05,425,3208.45,2009.83,352.86,-0.028383
DESC-05,426,-219.31,2584.68,494.76,-0.042511
DESC-05,427,-636.5,-3098.93,352.48,-0.025777
DESC-05,428,1543.11,1508.67,650.29,-0.051699
DESC-05,429,163.09,-2121.13,518.34,-0.045647
DESC-05,430,1615.94,-1639.33,532.12,-0.049302
DESC-05,431,-2906.69,-1226.52,344.52,-0.028965
DESC-05,432,439.54,639.2,1303.23,-0.058756
DESC-05,433,406.76,895.03,1138.64,-0.062571
DESC-05,434,3024.8,3020.1,309.83,-0.024731
DESC-05,435,-3222.76,-3410.97,251.94,-0.012081
DESC-05,436,-330.26,-2145.93,497.02,-0.043402
DESC-05,437,917.51,-965.98,822.42,-0.064461
DESC-05,438,355.23,2226.05,588.39,-0.051072
DESC-05,439,-2980.87,349.36,367.96,-0.035425
DESC-05,440,652.6,83.93,1371.16,-0.062588
DESC-05,441,-1944.62,1821.3,436.81,-0.04191
DESC-05,442,-2131.16,1085.41,467.28,-0.040489
DESC-05,443,2650.84,-1471.01,419.29,-0.040479
DESC-05,444,-2115.11,-2890.19,309.79,-0.022339
DESC-05,445,-319.96,-263.85,1095.19,-0.063876
DESC-05,446,1752.01,2661.16,423.22,-0.040164
DESC-05,447,1451.21,686.99,851.91,-0.059947
DESC-05,448,374.21,-3126.98,363.15,-0.029698
DESC-05,449,2149.32,-419.46,608.71,-0.049944
DESC-05,450,-239.29,-807.72,900.12,-0.058735
DESC-05,451,842.7,576.97,1165.55,-0.061811
DESC-05,452,2232.42,609.89,601.93,-0.04986
DESC-05,453,1246.64,3159.32,389.02,-0.038449
DESC-05,454,992.8,-1133.34,750.87,-0.059675
DESC-05,455,-657.1,-643.33,840.85,-0.055281
DESC-05,456,408.26,794.6,1202.55,-0.061207
DESC-05,457,-727.42,2704.73,446.75,-0.045596
DESC-05,458,1710.05,1443.01,628.41,-0.051229
DESC-05,459,-836.99,-203.8,871.05,-0.057279
DESC-05,460,-233.65,2201.96,576.9,-0.045511
DESC-05,461,1788.2,-102.86,744.98,-0.055711
DESC-05,462,25.59,3244.66,395.43,-0.038812
DESC-05,463,-1133.77,-1522.5,536.68,-0.042051
DESC-05,464,2287.73,-2608.26,351.34,-0.030946
DESC-05,465,-833.26,2312.8,503.34,-0.046055
DESC-05,466,2413.1,-1418.91,454.32,-0.044534
DESC-05,467,1996.68,2431.77,431.42,-0.04077
DESC-05,468,-368.98,765.83,1036.39,-0.062576
DESC-05,469,1490.24,62.72,874.84,-0.061964
DESC-05,470,-3259.27,-2890.78,264.75,-0.017241
DESC-05,471,-771.41,2004.21,570.3,-0.04881
DESC-05,472,2522.34,-3038.53,309.37,-0.024928
DESC-05,473,556.78,3256.06,394.16,-0.040965
DESC-05,474,404.78,2638.82,494.66,-0.046135
DESC-05,475,1153.17,-1379.22,653.32,-0.055393
DESC-05,476,1243.7,-2604.94,408.57,-0.037913
DESC-05,477,585.19,2699.72,480.32,-0.045432
DESC-05,478,-555.59,-141.05,1011.74,-0.064123
DESC-05,479,-2215.61,-2625.88,320.42,-0.024597
DESC-05,480,-1451.51,-10.34,662.74,-0.047188
DESC-05,481,-1449.54,-1772.27,458.68,-0.036273
DESC-05,482,-484.79,-645.15,895.29,-0.059969
DESC-05,483,3493.41,981.69,367.57,-0.032381
DESC-05,484,-1032.14,2907.55,400.65,-0.04221
DESC-05,485,-368.35,2106.51,590.09,-0.050127
DESC-05,486,-898.61,-2372.94,426.09,-0.033153
DESC-05,487,569.99,-158.65,1312.03,-0.065607
DESC-05,488,3135.29,-56.5,424.82,-0.040015
DESC-05,489,2723.51,3426.38,301.81,-0.020214
DESC-05,490,-860.03,-2891.72,365.96,-0.026216
DESC-05,491,-1631.69,75.37,612.71,-0.047032
DESC-05,492,2690.79,2900.54,335.46,-0.028429
DESC-05,493,-43.17,-708.06,985.3,-0.059591
DESC-05,494,1298.79,-1667.98,565.43,-0.051692
DESC-05,495,-2986.96,391.53,367.03,-0.03555
DESC-05,496,2565.9,-1259.38,448.74,-0.045237
DESC-05,497,-1309.24,2989.55,375.26,-0.041129
DESC-05,498,-38.31,-2906.41,386.8,-0.03198
DESC-05,499,-2113.85,-2053.04,365.99,-0.028881
DESC-05,500,-558.3,-2912.9,374.25,-0.026666
DESC-05,501,2296.34,1483.22,508.31,-0.044018
DESC-05,502,2293.05,-1448.01,467.5,-0.044481
DESC-05,503,-184.3,2801.18,457.06,-0.043205
DESC-05,504,1875.37,2755.42,402.73,-0.039612
DESC-05,505,-293.53,3054.71,414.73,-0.042567
DESC-05,506,-886.51,-1707.1,535.57,-0.046542
DESC-05,507,321.22,-3495.4,327.69,-0.025128
DESC-05,508,-2090.61,-786.76,467.48,-0.03555
DESC-05,509,-1284.07,3237.94,352.8,-0.039868
DESC-05,510,1445.7,1846.19,593.91,-0.052068
DESC-05,511,1893.6,-3082.38,331.72,-0.029289
DESC-05,512,-3103.04,1418.01,334.77,-0.037654
DESC-05,513,1629.78,2919.44,399.36,-0.037295
DESC-05,514,2222.01,3274.04,333.79,-0.028024
DESC-05,515,-383.64,1511.92,759.46,-0.055545
DESC-05,516,-3062.82,2540.97,297.67,-0.039543
DESC-05,517,1280.39,2391.91,502.61,-0.042791
DESC-05,518,-1776.85,-991.64,503.97,-0.036018
DESC-05,519,1003.5,-2806.69,391.45,-0.036317
DESC-05,520,-863.64,1592.25,647.44,-0.049427
DESC-05,521,960.14,-2541.61,428.89,-0.040386
DESC-05,522,-1693.06,-810.61,538.14,-0.041919
DESC-05,523,-164.24,3470.15,365.88,-0.036856
DESC-05,524,172.72,418.5,1467.3,-0.060335
DESC-05,525,917.09,152.18,1192.86,-0.06468
DESC-05,526,-2077.83,3135.16,320.89,-0.041498
DESC-05,527,3234.36,-1511.72,355.78,-0.035365
DESC-05,528,-1476.03,3496.02,323.62,-0.037037
DESC-05,529,-1357.86,2883.86,383.12,-0.040808
DESC-05,530,-1705.81,-952.67,520.84,-0.03738
DESC-05,531,-3027.67,-1209.32,334.83,-0.02794
DESC-05,532,-539.54,-2614.06,411.76,-0.035364
DESC-05,533,1902.85,2909.48,383.92,-0.034344
DESC-05,534,1466.97,-2199.33,453.28,-0.042925
DESC-05,535,-2130.99,-3437.15,281.18,-0.016741
DESC-05,536,-2541.48,2730.54,318.7,-0.040695
DESC-05,537,-1250.0,686.81,707.82,-0.050234
DESC-05,538,1877.79,1202.94,631.32,-0.048616
DESC-05,539,-83.45,1631.99,758.32,-0.051266
DESC-05,540,2962.29,-3201.37,284.24,-0.020737
DESC-05,541,1094.69,-2857.02,382.63,-0.034536
DESC-05,542,846.35,-1.14,1217.48,-0.06455
DESC-05,543,1873.84,-3148.17,327.33,-0.028345
DESC-05,544,1751.81,30.25,766.09,-0.056236
DESC-05,545,-1093.13,1654.37,591.73,-0.048354
DESC-05,546,-1700.94,1101.86,547.24,-0.046228
DESC-05,547,-436.65,816.53,990.62,-0.061046
DESC-05,548,-75.27,-3175.16,355.91,-0.029853
DESC-05,549,-2507.94,-1843.42,348.12,-0.027062
DESC-05,550,-410.67,2782.46,451.53,-0.041193
DESC-05,551,978.76,-2637.46,414.48,-0.038113
DESC-05,552,-2550.0,232.57,424.33,-0.037025
DESC-05,553,-2533.73,-3149.66,280.5,-0.015869
DESC-05,554,-2283.95,3074.42,314.03,-0.042666
DESC-05,555,-1516.68,-2299.06,391.23,-0.031246
DESC-05,556,3231.96,-629.85,396.72,-0.034999
DESC-05,557,-3319.46,327.47,334.12,-0.033841
DESC-05,558,-2213.83,1530.56,425.22,-0.038549
DESC-05,559,-2344.67,3062.17,311.64,-0.040655
DESC-05,560,-179.56,1654.54,740.33,-0.051289
DESC-05,561,-3394.49,-1068.42,310.95,-0.024879
DESC-05,562,-292.79,-2972.62,374.43,-0.032307
DESC-05,563,-2359.54,1451.84,411.37,-0.038149
DESC-05,564,-1612.52,3307.57,331.71,-0.038738
DESC-05,565,2047.08,-3380.89,305.32,-0.024234
DESC-05,566,-2211.53,1922.76,396.92,-0.040995
DESC-05,567,819.9,-2267.01,479.34,-0.045256
DESC-05,568,-655.81,-280.32,935.15,-0.06304
DESC-05,569,-576.83,158.46,1035.48,-0.062075
DESC-05,570,2217.92,800.98,592.8,-0.04995
DESC-05,571,-2373.6,3426.76,291.8,-0.036235
DESC-05,572,2966.67,1311.81,418.57,-0.037802
DESC-05,573,2754.44,-753.29,459.26,-0.044743
DESC-05,574,1178.25,1505.15,725.56,-0.056002
DESC-05,575,-3153.87,-232.88,347.32,-0.033571
DESC-05,576,1143.16,-608.16,888.56,-0.065654
DESC-05,577,702.43,-940.43,869.81,-0.063283
DESC-05,578,1905.44,-46.16,707.97,-0.056781
DESC-05,579,-2003.18,-1531.72,419.68,-0.035689
DESC-05,580,3173.49,-1805.3,345.07,-0.035904
DESC-05,581,2703.38,-2460.73,337.4,-0.029985
DESC-05,582,-2699.5,-418.43,394.71,-0.037361
DESC-05,583,-1293.59,-1447.17,525.48,-0.043654
DESC-05,584,-3272.89,2358.59,292.79,-0.036281
DESC-05,585,2316.63,2435.26,401.59,-0.036117
DESC-05,586,2905.66,-1092.86,415.73,-0.039985
DESC-05,587,3428.66,833.99,378.58,-0.033325
DESC-05,588,783.48,2816.04,454.59,-0.043877
DESC-05,589,1161.9,-985.87,764.47,-0.059515
DESC-05,590,1248.84,383.01,987.61,-0.062677
DESC-05,591,491.04,-395.09,1188.86,-0.062392
DESC-05,592,3166.96,1051.86,404.25,-0.037059
DESC-05,593,755.03,3218.4,396.02,-0.040458
DESC-05,594,-1149.92,-2529.63,391.08,-0.029911
DESC-05,595,90.14,3257.7,394.41,-0.036693
DESC-05,596,-3369.36,1160.13,319.66,-0.035293
DESC-05,597,1568.88,2071.09,532.3,-0.045751
DESC-05,598,1357.45,945.85,833.04,-0.05861
DESC-05,599,-552.64,2592.22,475.93,-0.044504
DESC-05,600,2460.37,-1216.33,468.02,-0.049344
DESC-05,601,1788.68,1456.33,609.35,-0.049492
DESC-05,602,-1143.21,-1651.21,513.67,-0.042317
DESC-05,603,-2957.51,60.6,370.64,-0.034969
DESC-05,604,-2574.44,1270.43,394.1,-0.040961
DESC-05,605,-2210.09,-2092.13,355.57,-0.028602
DESC-05,606,-1372.57,-3071.88,329.47,-0.026011
DESC-05,607,-367.39,2036.64,607.67,-0.050854
DESC-05,608,2995.98,2162.62,362.4,-0.030522
DESC-05,609,-1551.07,1159.65,573.6,-0.048612
DESC-05,610,2790.1,-1249.98,419.69,-0.040617
DESC-05,611,1263.24,1107.21,820.85,-0.056774
DESC-05,612,2474.45,-2912.84,319.32,-0.028021
DESC-05,613,-677.23,1137.57,808.13,-0.055958
DESC-05,614,-3477.06,533.39,319.75,-0.035215
DESC-05,615,2008.77,820.43,646.43,-0.050312
DESC-05,616,-1781.67,-371.11,555.73,-0.043583
DESC-05,617,-2502.64,-1923.89,343.87,-0.027003
DESC-05,618,2096.44,1581.14,531.14,-0.043426
DESC-05,619,1304.3,-251.09,920.0,-0.064508
DESC-05,620,-2013.09,1717.66,437.19,-0.043058
DESC-05,621,-1626.93,-950.74,535.95,-0.040156
DESC-05,622,3074.54,-2885.48,294.34,-0.024244
DESC-05,623,-1620.23,297.2,616.31,-0.045081
DESC-05,624,1416.84,859.33,831.81,-0.05848
DESC-05,625,-2593.13,2952.44,304.69,-0.039555
DESC-05,626,2205.25,2714.28,383.12,-0.033369
DESC-05,627,-2676.87,-3099.96,277.51,-0.014181
DESC-05,628,112.29,1902.88,678.71,-0.054082
DESC-05,629,-3253.48,-1670.46,303.14,-0.021897
DESC-05,630,350.55,1380.39,882.37,-0.057053
DESC-05,631,2426.35,-843.63,509.24,-0.047463
DESC-05,632,-2909.21,-1245.45,343.56,-0.030358
DESC-05,633,-1580.2,-82.01,622.31,-0.046347
DESC-05,634,1852.85,213.72,732.69,-0.05478
DESC-05,635,756.69,1361.38,852.79,-0.056905
DESC-05,636,-1310.42,965.18,656.95,-0.046423
DESC-05,637,902.33,1247.79,870.15,-0.056928
DESC-05,638,-317.03,-811.46,880.85,-0.059416
DESC-05,639,2536.49,1241.38,489.6,-0.042218
DESC-05,640,-1449.42,-1082.29,553.26,-0.041435
DESC-05,641,1804.11,752.73,715.39,-0.053875
DESC-05,642,949.72,-283.27,1074.27,-0.066649
DESC-05,643,1683.0,439.59,788.45,-0.055136
DESC-05,644,-852.17,-3377.23,322.46,-0.023993
DESC-05,645,1574.45,-8.5,834.16,-0.059969
DESC-05,646,1388.98,-1960.22,499.0,-0.048883
DESC-05,647,-787.58,-799.31,760.36,-0.053618
DESC-05,648,-3314.83,-2983.6,260.46,-0.015191
DESC-05,649,3240.39,1098.31,393.16,-0.036249
DESC-05,650,1495.2,2754.65,428.82,-0.040374
DESC-05,651,-2066.83,-1017.82,454.35,-0.035963
DESC-05,652,1615.65,-2764.53,372.6,-0.034508
DESC-05,653,-1549.22,841.87,606.77,-0.04645
DESC-05,654,-215.0,-2610.74,423.23,-0.034651
DESC-05,655,2519.22,2741.35,358.21,-0.029759
DESC-05,656,-363.5,-2642.8,414.24,-0.034033
DESC-05,657,-1483.95,-966.91,562.16,-0.042714
DESC-05,658,-1361.56,-37.38,689.93,-0.050307
DESC-05,659,-2960.88,-2674.89,282.69,-0.018742
DESC-05,660,-1963.46,-1268.77,448.24,-0.037193
DESC-05,661,-1602.26,-1573.05,464.96,-0.039947
DESC-05,662,-2289.22,1493.1,417.84,-0.036816
DESC-05,663,-3058.54,3403.91,267.95,-0.042795
DESC-05,664,-239.48,-960.14,839.23,-0.056057
DESC-05,665,-1999.23,2035.04,411.04,-0.044273
DESC-05,666,1671.39,-2517.61,397.13,-0.038055
DESC-05,667,2957.69,559.4,450.96,-0.038853
DESC-05,668,-1589.11,-471.01,594.15,-0.044818
DESC-05,669,505.74,-1482.71,684.47,-0.05695
DESC-05,670,47.08,2251.97,578.0,-0.045217
DESC-05,671,-2974.24,1724.95,335.0,-0.037481
DESC-05,672,-2625.88,-2562.02,302.6,-0.023205
DESC-05,673,2693.46,-1453.15,415.72,-0.040974
DESC-05,674,-180.94,2236.53,571.74,-0.045762
DESC-05,675,2132.27,3447.02,324.92,-0.027568
DESC-05,676,-3033.93,780.95,357.13,-0.035817
DESC-05,677,663.69,2601.89,496.99,-0.04774
DESC-05,678,2557.18,3389.55,310.86,-0.021673
DESC-05,679,2569.46,1683.82,446.06,-0.03426
DESC-05,680,-3459.94,1013.13,315.43,-0.035386
DESC-05,681,152.04,-1951.33,556.24,-0.048307
DESC-05,682,-916.97,-907.03,700.92,-0.049973
DESC-05,683,1820.29,864.88,696.21,-0.052131
DESC-05,684,-2987.47,2984.81,284.85,-0.039903
DESC-05,685,-1645.51,-1387.07,481.29,-0.040465
DESC-05,686,2188.5,-733.54,568.26,-0.051547
DESC-05,687,-213.11,-3344.34,337.78,-0.026257
DESC-05,688,-327.95,1377.09,816.35,-0.055165
DESC-05,689,3279.91,-395.01,397.83,-0.039185
DESC-05,690,-1260.77,2084.12,493.58,-0.050739
DESC-05,691,-3207.95,-1864.42,299.45,-0.024398
DESC-05,692,-754.59,1117.52,790.7,-0.056823
DESC-05,693,-2426.39,1211.65,415.84,-0.039444
DESC-05,694,-2926.76,-249.73,370.93,-0.033238
DESC-05,695,475.02,-2179.76,505.65,-0.043135
DESC-05,696,3175.03,-679.71,402.11,-0.035537
DESC-05,697,555.85,1715.3,738.46,-0.054107
DESC-05,698,1029.8,-2175.7,486.11,-0.043617
DESC-05,699,-1234.6,-2869.71,352.21,-0.028982
DESC-06,0,875.67,497.86,1173.71,-0.181876
DESC-06,1,2780.5,1765.71,412.23,-0.115965
DESC-06,2,1929.8,624.99,688.02,-0.160655
DESC-06,3,-1923.55,2119.45,411.65,-0.063088
DESC-06,4,-1398.84,353.29,681.09,-0.108222
DESC-06,5,2614.87,-2112.99,369.29,-0.126529
DESC-06,6,-3463.14,579.08,320.51,-0.036268
DESC-06,7,2248.6,-63.45,604.37,-0.161771
DESC-06,8,2079.49,-2338.45,389.9,-0.131674
DESC-06,9,-224.46,834.16,1066.62,-0.150889
DESC-06,10,-1378.77,2218.72,460.56,-0.072453
DESC-06,11,-1551.02,-2554.39,364.16,-0.084372
DESC-06,12,-1715.91,314.62,590.38,-0.093437
DESC-06,13,-384.47,1635.81,719.47,-0.118271
DESC-06,14,31.84,-678.88,1012.92,-0.168414
DESC-06,15,374.48,-1609.68,648.43,-0.159921
DESC-06,16,3468.5,-894.04,360.54,-0.128349
DESC-06,17,2048.63,291.89,666.78,-0.162825
DESC-06,18,855.25,1306.62,857.08,-0.155606
DESC-06,19,3422.72,414.23,386.14,-0.125505
DESC-06,20,-1992.84,-2750.82,324.21,-0.069997
DESC-06,21,-2378.52,2225.2,359.9,-0.04991
DESC-06,22,787.78,2967.02,430.46,-0.091768
DESC-06,23,-3192.41,-2790.95,269.95,-0.042586
DESC-06,24,-3250.24,-1753.36,300.66,-0.045222
DESC-06,25,104.22,-2284.23,484.84,-0.13092
DESC-06,26,-236.56,2444.09,522.14,-0.098023
DESC-06,27,2920.17,2871.95,323.76,-0.082018
DESC-06,28,904.58,-3190.08,351.03,-0.115922
DESC-06,29,98.82,-1173.06,794.71,-0.158162
DESC-06,30,-21.89,-2152.54,508.05,-0.134997
DESC-06,31,-1767.4,-213.27,567.86,-0.095098
DESC-06,32,-3417.44,2951.13,268.72,-0.018777
DESC-06,33,-2153.18,-3008.79,301.54,-0.062086
DESC-06,34,1344.22,-2301.05,446.25,-0.138177
DESC-06,35,-2095.75,-90.8,500.16,-0.081617
DESC-06,36,-913.25,168.24,867.88,-0.137395
DESC-06,37,-3473.86,1718.51,299.61,-0.027476
DESC-06,38,2310.33,-436.2,567.78,-0.158522
DESC-06,39,-2418.77,-2512.04,315.94,-0.06173
DESC-06,40,-1626.8,-1024.72,527.39,-0.104194
DESC-06,41,2662.33,3374.65,307.25,-0.074644
DESC-06,42,68.54,1755.06,725.89,-0.126393
DESC-06,43,2430.05,-2685.59,337.3,-0.117056
DESC-06,44,978.02,2157.46,576.97,-0.119983
DESC-06,45,1692.4,-1323.51,578.89,-0.161477
DESC-06,46,-2859.53,1969.78,334.15,-0.038016
DESC-06,47,288.01,-3410.95,335.09,-0.105234
DESC-06,48,54.41,2598.89,500.55,-0.092719
DESC-06,49,2599.38,-2363.83,351.0,-0.121865
DESC-06,50,-971.15,-309.75,801.96,-0.132866
DESC-06,51,687.29,1132.29,965.25,-0.161264
DESC-06,52,-3085.24,55.09,356.7,-0.047791
DESC-06,53,-786.58,-2342.22,437.48,-0.109246
DESC-06,54,-1238.75,-2526.17,386.09,-0.090154
DESC-06,55,-2448.6,-1508.26,373.43,-0.064393
DESC-06,56,2214.37,-3133.26,315.66,-0.107771
DESC-06,57,-843.88,-1984.19,489.89,-0.11207
DESC-06,58,3351.24,-2589.26,295.32,-0.105302
DESC-06,59,629.94,-246.42,1236.02,-0.184437
DESC-06,60,735.39,-1004.43,838.69,-0.175842
DESC-06,61,965.98,607.83,1091.23,-0.176344
DESC-06,62,1235.15,-1533.85,603.39,-0.162121
DESC-06,63,-2444.48,-3262.62,278.86,-0.051018
DESC-06,64,-417.81,-1182.23,731.07,-0.142765
DESC-06,65,-1823.05,1786.26,456.32,-0.073982
DESC-06,66,-682.51,-1709.13,558.46,-0.121182
DESC-06,67,-2823.07,-668.16,372.82,-0.056252
DESC-06,68,3274.8,1784.82,358.56,-0.105561
DESC-06,69,-1994.97,-653.23,493.22,-0.090968
DESC-06,70,1202.36,2709.87,453.44,-0.102126
DESC-06,71,-1397.06,2926.48,376.31,-0.06162
DESC-06,72,2618.54,-1326.29,435.73,-0.143035
DESC-06,73,1135.5,1651.75,691.05,-0.141747
DESC-06,74,-2578.69,-1728.18,348.91,-0.057526
DESC-06,75,2415.52,-2523.34,350.54,-0.121807
DESC-06,76,3114.64,-434.83,419.13,-0.135661
DESC-06,77,2827.42,717.31,468.63,-0.135284
DESC-06,78,488.03,3049.14,423.56,-0.082114
DESC-06,79,-2481.78,-2478.69,314.28,-0.060313
DESC-06,80,-2152.76,1486.54,436.69,-0.063756
DESC-06,81,2995.34,-171.75,444.52,-0.142512
DESC-06,82,366.29,-2578.03,435.25,-0.128851
DESC-06,83,-2236.13,3308.61,303.4,-0.03564
DESC-06,84,2688.4,1370.38,454.69,-0.127639
DESC-06,85,991.0,-2597.99,419.61,-0.133346
DESC-06,86,487.86,2840.29,456.87,-0.091483
DESC-06,87,-865.99,-2778.34,377.85,-0.095104
DESC-06,88,-623.31,-2851.39,379.09,-0.100866
DESC-06,89,-1823.58,-1179.14,477.31,-0.09359
DESC-06,90,-3233.6,3065.71,272.25,-0.022649
DESC-06,91,2633.53,-3268.83,292.4,-0.098342
DESC-06,92,-225.89,2927.45,435.43,-0.076488
DESC-06,93,333.45,781.28,1217.45,-0.167722
DESC-06,94,-1244.86,-3030.64,337.81,-0.082051
DESC-06,95,1759.27,480.14,757.02,-0.164723
DESC-06,96,-3323.62,-288.46,331.06,-0.041261
DESC-06,97,-894.7,447.89,865.0,-0.134131
DESC-06,98,-3287.55,1660.42,313.4,-0.033765
DESC-06,99,-2639.76,1250.33,387.18,-0.052931
DESC-06,100,3270.04,3480.59,278.49,-0.061054
DESC-06,101,1104.33,-2403.32,443.89,-0.13849
DESC-06,102,-502.46,2189.99,558.8,-0.093393
DESC-06,103,166.18,-622.35,1060.73,-0.173052
DESC-06,104,2609.66,1983.15,414.42,-0.113624
DESC-06,105,-1090.53,2742.45,417.31,-0.066636
DESC-06,106,632.04,3443.99,370.59,-0.074104
DESC-06,107,1285.79,-1637.71,573.51,-0.158478
DESC-06,108,-1012.1,-329.43,784.03,-0.132028
DESC-06,109,133.69,3099.45,416.39,-0.079854
DESC-06,110,1856.73,3120.17,365.19,-0.088278
DESC-06,111,2864.26,-889.88,434.09,-0.141702
DESC-06,112,-2442.56,3081.47,305.76,-0.035987
DESC-06,113,3033.94,-658.76,422.03,-0.141441
DESC-06,114,-3463.75,-876.64,310.32,-0.038449
DESC-06,115,1770.84,1796.34,552.88,-0.13217
DESC-06,116,2173.69,-201.52,618.11,-0.164019
DESC-06,117,-2542.65,-362.61,417.32,-0.067238
DESC-06,118,-567.67,-797.17,821.42,-0.150503
DESC-06,119,2206.79,-470.37,589.85,-0.159632
DESC-06,120,-3400.1,-2521.28,270.19,-0.039951
DESC-06,121,899.23,-3072.74,363.22,-0.118029
DESC-06,122,2051.17,1777.95,511.61,-0.126514
DESC-06,123,91.03,451.5,1406.2,-0.1696
DESC-06,124,1580.95,1203.23,707.0,-0.153056
DESC-06,125,-1915.04,2116.35,412.85,-0.063357
DESC-06,126,-2110.35,-1889.26,378.88,-0.073539
DESC-06,127,-958.11,-1863.59,499.46,-0.109991
DESC-06,128,-2244.16,-1554.64,391.11,-0.070904
DESC-06,129,-1077.57,-1372.53,572.23,-0.118654
DESC-06,130,3136.87,1824.84,369.65,-0.106752
DESC-06,131,513.33,-880.73,919.7,-0.174786
DESC-06,132,-1119.52,-1237.68,590.06,-0.118626
DESC-06,133,-1599.33,954.11,584.08,-0.09196
DESC-06,134,3164.28,-2194.01,324.53,-0.112812
DESC-06,135,-388.65,-2755.06,398.42,-0.108292
DESC-06,136,3362.76,1379.93,368.19,-0.109754
DESC-06,137,108.66,1795.12,713.98,-0.12568
DESC-06,138,148.16,-1425.45,705.16,-0.157386
DESC-06,139,2775.78,952.29,467.25,-0.135063
DESC-06,140,1699.37,-3261.46,324.48,-0.109714
DESC-06,141,564.57,-669.77,1018.23,-0.178527
DESC-06,142,-513.45,545.71,1032.12,-0.14531
DESC-06,143,2647.32,-1726.07,398.14,-0.134959
DESC-06,144,-618.48,-1062.5,729.74,-0.141686
DESC-06,145,2959.32,766.85,444.82,-0.132593
DESC-06,146,-3018.99,629.28,361.12,-0.044154
DESC-06,147,-490.02,-2420.66,441.88,-0.114591
DESC-06,148,136.6,1446.07,848.97,-0.140808
DESC-06,149,3156.57,-2939.8,288.53,-0.099538
DESC-06,150,-1743.01,3288.07,327.07,-0.047387
DESC-06,151,2142.27,-2083.47,412.14,-0.136713
DESC-06,152,1235.3,-1725.16,560.08,-0.156629
DESC-06,153,1519.6,-2097.9,464.78,-0.143887
DESC-06,154,907.36,3440.49,366.55,-0.078372
DESC-06,155,3300.92,-1493.84,350.79,-0.121711
DESC-06,156,-1171.23,737.05,728.0,-0.111631
DESC-06,157,-712.07,3434.44,356.62,-0.060816
DESC-06,158,-2079.62,3150.47,319.85,-0.041267
DESC-06,159,-3145.07,-3203.55,259.42,-0.038992
DESC-06,160,-2009.64,148.29,521.52,-0.079733
DESC-06,161,2908.25,709.13,455.08,-0.134537
DESC-06,162,2381.18,1416.77,500.68,-0.134579
DESC-06,163,-2713.16,-1148.63,366.07,-0.05916
DESC-06,164,726.45,-1204.64,763.74,-0.168116
DESC-06,165,-145.62,-3470.01,327.56,-0.094851
DESC-06,166,662.79,-3253.34,348.16,-0.111293
DESC-06,167,1114.93,350.4,1063.3,-0.177644
DESC-06,168,-1353.38,-2968.79,338.44,-0.083636
DESC-06,169,3229.46,-2082.63,326.14,-0.117076
DESC-06,170,-239.12,-1167.1,763.13,-0.148637
DESC-06,171,896.71,-3006.7,370.5,-0.119049
DESC-06,172,946.58,-3283.98,341.3,-0.114178
DESC-06,173,-2212.77,2988.44,322.83,-0.040348
DESC-06,174,-3066.94,-453.54,352.43,-0.048822
DESC-06,175,-619.38,-2065.81,493.85,-0.118127
DESC-06,176,1848.21,1459.16,596.56,-0.142901
DESC-06,177,2206.55,-3433.88,297.27,-0.10143
DESC-06,178,1609.92,-1784.88,507.29,-0.153265
DESC-06,179,-2707.57,3225.25,287.3,-0.029014
DESC-06,180,2893.48,2783.83,330.66,-0.085466
DESC-06,181,2114.26,951.48,605.07,-0.147756
DESC-06,182,2643.84,-2847.58,315.6,-0.108518
DESC-06,183,163.13,-1273.64,759.23,-0.161116
DESC-06,184,2909.45,-3304.47,281.48,-0.094809
DESC-06,185,-3173.43,-1965.66,297.94,-0.043265
DESC-06,186,-3287.98,-3321.96,252.53,-0.036047
DESC-06,187,-3358.49,-2616.85,269.06,-0.038872
DESC-06,188,-1730.62,932.5,555.7,-0.086978
DESC-06,189,-1760.01,-2796.9,332.79,-0.074041
DESC-06,190,-2187.48,-2409.66,335.6,-0.069495
DESC-06,191,469.39,2819.66,460.64,-0.091404
DESC-06,192,-3227.1,-1151.83,320.91,-0.047304
DESC-06,193,632.72,-1169.02,786.38,-0.167885
DESC-06,194,-2337.92,-2894.22,299.73,-0.061331
DESC-06,195,1245.12,2071.51,570.73,-0.128314
DESC-06,196,-3352.47,1234.64,319.39,-0.033151
DESC-06,197,-1326.01,329.93,705.61,-0.112626
DESC-06,198,3068.39,825.39,426.13,-0.128719
DESC-06,199,268.77,-2797.34,403.34,-0.119484
DESC-06,200,2181.11,-1677.86,454.99,-0.145947
DESC-06,201,1106.18,585.49,1026.73,-0.176223
DESC-06,202,775.26,3165.62,402.53,-0.084132
DESC-06,203,-2161.23,2219.92,379.57,-0.054284
DESC-06,204,520.76,985.08,1070.9,-0.163566
DESC-06,205,-3222.2,131.73,343.26,-0.040541
DESC-06,206,2111.65,-3394.07,302.51,-0.104018
DESC-06,207,3220.5,2735.01,313.87,-0.082191
DESC-06,208,2478.06,-3032.02,311.6,-0.105908
DESC-06,209,-3145.03,-2596.43,277.88,-0.04439
DESC-06,210,-1129.38,1351.5,641.22,-0.104702
DESC-06,211,-1273.98,2185.01,477.09,-0.07703
DESC-06,212,-2710.98,2005.85,344.4,-0.040361
DESC-06,213,886.28,-333.17,1084.4,-0.184867
DESC-06,214,2082.21,-2260.61,397.89,-0.132852
DESC-06,215,-1303.95,-3252.88,318.52,-0.07833
DESC-06,216,2539.66,2459.66,379.86,-0.099618
DESC-06,217,2079.89,3343.88,334.92,-0.080911
DESC-06,218,-2596.03,-1791.05,344.06,-0.058244
DESC-06,219,1868.01,2562.53,426.53,-0.104847
DESC-06,220,2678.35,-682.28,476.46,-0.148662
DESC-06,221,-2119.02,-1320.59,423.27,-0.076681
DESC-06,222,515.49,36.08,1452.28,-0.187724
DESC-06,223,971.25,-3442.82,326.95,-0.107314
DESC-06,224,765.34,-401.0,1103.7,-0.181931
DESC-06,225,-2826.28,-2103.12,312.68,-0.049671
DESC-06,226,1128.34,1487.2,740.64,-0.148606
DESC-06,227,923.68,18.0,1172.71,-0.186346
DESC-06,228,2267.2,2581.97,391.27,-0.100892
DESC-06,229,2124.59,2776.54,382.81,-0.095841
DESC-06,230,-1209.82,-1282.69,565.94,-0.114677
DESC-06,231,1554.33,-1537.31,559.49,-0.158689
DESC-06,232,2570.91,3073.91,330.49,-0.081737
DESC-06,233,2750.63,27.98,491.62,-0.149571
DESC-06,234,-2369.41,-2824.39,301.89,-0.062149
DESC-06,235,-3313.08,-3178.8,255.44,-0.038323
DESC-06,236,1055.65,3432.98,363.99,-0.080736
DESC-06,237,-1997.27,554.15,518.5,-0.079924
DESC-06,238,445.97,-3118.55,363.81,-0.112659
DESC-06,239,3113.63,78.79,429.46,-0.13308
DESC-06,240,-844.76,28.73,893.36,-0.139524
DESC-06,241,-1730.58,-452.29,561.9,-0.099435
DESC-06,242,-304.43,3158.96,400.31,-0.068502
DESC-06,243,1100.71,3141.4,396.55,-0.089425
DESC-06,244,-2792.31,-2625.23,291.91,-0.050647
DESC-06,245,-835.91,-2437.96,421.07,-0.103833
DESC-06,246,-2563.95,-647.58,404.81,-0.064701
DESC-06,247,1137.12,2338.19,524.54,-0.114799
DESC-06,248,2313.87,866.27,564.7,-0.14709
DESC-06,249,-862.02,1608.81,643.97,-0.107684
DESC-06,250,-897.93,532.41,854.86,-0.131637
DESC-06,251,276.65,-2029.6,539.25,-0.144505
DESC-06,252,-1994.6,2224.36,395.05,-0.057874
DESC-06,253,-1768.13,-3401.85,294.09,-0.065279
DESC-06,254,-1191.03,1389.39,620.6,-0.100683
DESC-06,255,-298.02,-2139.62,499.86,-0.129512
DESC-06,256,-2929.28,-202.36,371.35,-0.051348
DESC-06,257,1769.12,3325.93,349.99,-0.083732
DESC-06,258,553.38,273.25,1458.13,-0.187352
DESC-06,259,-1402.14,-3101.36,326.09,-0.080774
DESC-06,260,-2957.17,-498.54,362.78,-0.052835
DESC-06,261,1842.27,1121.87,652.76,-0.149249
DESC-06,262,-2582.45,-3103.05,280.69,-0.05009
DESC-06,263,-2567.55,-1731.42,349.65,-0.058579
DESC-06,264,-2585.21,-3371.65,270.27,-0.047415
DESC-06,265,-2931.16,280.48,373.89,-0.049986
DESC-06,266,2844.75,-829.66,440.59,-0.144678
DESC-06,267,-1615.29,25.83,616.17,-0.102448
DESC-06,268,-1355.13,-1429.14,518.92,-0.110352
DESC-06,269,2329.56,1097.65,541.64,-0.143136
DESC-06,270,839.46,-2288.4,474.72,-0.145819
DESC-06,271,-2190.0,2846.56,333.05,-0.044223
DESC-06,272,-456.31,3220.57,388.17,-0.067733
DESC-06,273,2687.46,-49.04,502.76,-0.15222
DESC-06,274,-872.38,-242.27,850.58,-0.139102
DESC-06,275,1476.17,2517.32,465.27,-0.106944
DESC-06,276,-2822.35,-1471.14,341.5,-0.055077
DESC-06,277,1591.27,2121.74,520.44,-0.122167
DESC-06,278,1935.31,-1488.85,512.93,-0.153312
DESC-06,279,2280.37,1539.75,504.67,-0.130962
DESC-06,280,1219.41,-1161.92,701.57,-0.169694
DESC-06,281,-904.87,718.21,825.67,-0.127076
DESC-06,282,-3050.52,2981.08,282.3,-0.027478
DESC-06,283,131.43,-3119.73,363.57,-0.11003
DESC-06,284,1802.22,2150.78,490.55,-0.119779
DESC-06,285,-2164.13,292.92,489.83,-0.0746
DESC-06,286,-1636.34,-846.53,545.8,-0.104272
DESC-06,287,252.84,-1048.07,852.35,-0.164517
DESC-06,288,1738.32,-3014.12,343.41,-0.116376
DESC-06,289,2776.11,-1691.35,387.92,-0.130175
DESC-06,290,-2619.81,861.96,403.83,-0.053886
DESC-06,291,-2210.11,-2816.87,309.6,-0.065273
DESC-06,292,2096.76,1185.85,582.57,-0.143009
DESC-06,293,1011.65,3235.77,387.64,-0.089123
DESC-06,294,1546.81,3365.43,355.26,-0.08017
DESC-06,295,3477.4,2724.69,300.25,-0.078213
DESC-06,296,3074.26,2146.28,356.64,-0.099484
DESC-06,297,2401.18,-2254.33,374.04,-0.130487
DESC-06,298,1939.81,3291.09,345.54,-0.080286
DESC-06,299,-734.87,-2080.94,482.42,-0.114582
DESC-06,300,988.6,2583.35,486.96,-0.105735
DESC-06,301,-2208.88,2645.12,345.14,-0.044752
DESC-06,302,1816.46,853.36,698.9,-0.157531
DESC-06,303,1803.83,149.15,750.09,-0.171363
DESC-06,304,1549.07,-2097.02,462.46,-0.143225
DESC-06,305,-386.41,136.28,1147.33,-0.160106
DESC-06,306,-852.74,-1465.66,588.69,-0.122283
DESC-06,307,-561.6,-2618.84,410.22,-0.107429
DESC-06,308,-3266.63,-2602.66,272.91,-0.040248
DESC-06,309,2410.24,2108.2,425.09,-0.114619
DESC-06,310,296.59,2956.82,438.73,-0.083076
DESC-06,311,-787.37,-2506.92,414.53,-0.103507
DESC-06,312,336.2,-3407.17,335.41,-0.103578
DESC-06,313,1551.48,-1654.57,537.53,-0.157104
DESC-06,314,-829.77,-2558.93,405.55,-0.099205
DESC-06,315,2314.48,-2179.61,387.67,-0.131888
DESC-06,316,2936.24,583.29,453.98,-0.134479
DESC-06,317,-787.97,-543.94,823.0,-0.143368
DESC-06,318,-2535.29,-495.4,414.22,-0.066169
DESC-06,319,1822.61,-2060.71,443.74,-0.140857
DESC-06,320,3450.64,1152.12,367.16,-0.113927
DESC-06,321,-2464.08,-1473.43,374.01,-0.06519
DESC-06,322,1488.73,-705.97,753.81,-0.176968
DESC-06,323,2277.26,-256.1,587.78,-0.159183
DESC-06,324,2944.0,2830.97,324.78,-0.082972
DESC-06,325,-2636.33,-1775.51,341.72,-0.056069
DESC-06,326,-2857.33,1530.66,352.79,-0.04292
DESC-06,327,3415.1,-1334.42,348.15,-0.121946
DESC-06,328,-2682.7,2760.98,309.11,-0.034321
DESC-06,329,-2262.35,-741.44,443.07,-0.078116
DESC-06,330,524.67,36.13,1446.17,-0.187224
DESC-06,331,-376.09,2640.51,477.26,-0.085389
DESC-06,332,1752.75,1209.33,661.24,-0.149356
DESC-06,333,-2166.1,-2839.49,310.37,-0.066735
DESC-06,334,2900.99,-2542.15,320.73,-0.111658
DESC-06,335,-1979.64,3435.13,307.21,-0.040061
DESC-06,336,1883.78,-3296.26,316.09,-0.108437
DESC-06,337,-3026.78,-1393.9,328.25,-0.049117
DESC-06,338,-186.18,3212.26,396.18,-0.071429
DESC-06,339,-3272.09,-3394.26,251.16,-0.03621
DESC-06,340,-1303.33,-2370.21,399.08,-0.091226
DESC-06,341,-1314.39,-2006.45,442.39,-0.096272
DESC-06,342,1538.24,-2895.26,362.51,-0.121855
DESC-06,343,-314.88,-196.27,1121.08,-0.162931
DESC-06,344,-3102.58,647.07,352.22,-0.04198
DESC-06,345,3467.53,-1271.75,346.16,-0.123089
DESC-06,346,2720.9,-2739.45,318.45,-0.113046
DESC-06,347,2914.27,2176.69,368.72,-0.104706
DESC-06,348,-1773.97,2131.3,426.77,-0.06544
DESC-06,349,-741.23,434.7,936.31,-0.140044
DESC-06,350,-1909.74,-2535.81,343.84,-0.07663
DESC-06,351,-2625.66,293.38,413.11,-0.060327
DESC-06,352,-3268.83,906.67,332.66,-0.037945
DESC-06,353,23.36,-501.95,1107.07,-0.171968
DESC-06,354,-2638.06,2547.04,322.27,-0.037696
DESC-06,355,-2265.87,-769.68,440.94,-0.07615
DESC-06,356,2523.33,76.21,539.92,-0.155673
DESC-06,357,-110.3,-2701.0,412.72,-0.115629
DESC-06,358,-2214.08,444.86,478.45,-0.07328
DESC-06,359,1189.05,1865.14,626.16,-0.135288
DESC-06,360,-1638.95,1618.81,502.32,-0.082171
DESC-06,361,188.56,-1701.13,621.42,-0.152812
DESC-06,362,-1519.33,3443.06,325.74,-0.048264
DESC-06,363,113.13,1539.54,808.83,-0.135941
DESC-06,364,899.74,-533.73,997.48,-0.181952
DESC-06,365,253.46,-595.64,1081.73,-0.17641
DESC-06,366,-730.77,1955.28,586.13,-0.094845
DESC-06,367,2035.7,-2270.22,400.44,-0.13437
DESC-06,368,2614.06,977.39,494.65,-0.137993
DESC-06,369,-2244.4,1531.88,421.1,-0.057754
DESC-06,370,-2545.84,114.38,424.78,-0.064938
DESC-06,371,-2707.66,2612.39,314.76,-0.034001
DESC-06,372,3357.18,-219.55,391.71,-0.1268
DESC-06,373,3091.14,-245.75,427.89,-0.137294
DESC-06,374,-1885.33,-1507.24,436.15,-0.088868
DESC-06,375,3289.35,2935.6,300.67,-0.073753
DESC-06,376,-2045.28,-1286.11,435.62,-0.081068
DESC-06,377,45.33,1366.9,876.53,-0.142035
DESC-06,378,-18.3,-634.53,1026.97,-0.166895
DESC-06,379,2904.69,3047.97,314.46,-0.078929
DESC-06,380,-3216.3,3135.72,270.77,-0.021228
DESC-06,381,-1292.54,-3289.75,316.27,-0.078188
DESC-06,382,699.82,3461.74,367.75,-0.074064
DESC-06,383,-3035.21,734.55,357.81,-0.044693
DESC-06,384,-1844.15,-2983.03,316.12,-0.07039
DESC-06,385,-244.56,-20.78,1213.82,-0.167248
DESC-06,386,2666.0,-3153.7,297.22,-0.101635
DESC-06,387,1826.72,342.26,739.69,-0.166701
DESC-06,388,2302.86,-2201.82,386.48,-0.131849
DESC-06,389,1827.49,-924.42,623.58,-0.166489
DESC-06,390,1454.05,-1367.1,609.84,-0.161979
DESC-06,391,2447.85,715.48,544.01,-0.14698
DESC-06,392,1270.34,2256.53,529.39,-0.121271
DESC-06,393,1649.78,3055.76,382.62,-0.091121
DESC-06,394,-1388.49,-1197.99,547.86,-0.110626
DESC-06,395,-2326.51,487.83,457.68,-0.06738
DESC-06,396,1795.67,-3458.71,307.57,-0.102776
DESC-06,397,-2339.14,-894.86,423.27,-0.071417
DESC-06,398,2936.19,3224.93,303.36,-0.074069
DESC-06,399,676.5,-2668.13,418.05,-0.128294
DESC-06,400,-1193.96,2588.79,429.27,-0.070948
DESC-06,401,3056.5,1067.54,418.48,-0.123081
DESC-06,402,-2414.09,-1442.74,380.95,-0.066142
DESC-06,403,101.26,1947.13,664.5,-0.118901
DESC-06,404,-2859.12,-1475.03,338.3,-0.054206
DESC-06,405,3257.99,2763.71,310.35,-0.08044
DESC-06,406,527.63,-2920.69,386.28,-0.120121
DESC-06,407,2125.67,-2667.05,355.59,-0.121016
DESC-06,408,-1526.54,1750.09,503.73,-0.084048
DESC-06,409,2112.58,-355.75,623.82,-0.162705
DESC-06,410,1419.89,-2467.76,417.97,-0.132879
DESC-06,411,1005.77,94.04,1132.09,-0.18203
DESC-06,412,3153.94,-1421.22,368.18,-0.127028
DESC-06,413,-465.56,345.21,1092.25,-0.152786
DESC-06,414,-594.38,1706.0,666.62,-0.109593
DESC-06,415,1344.85,2497.88,478.77,-0.109012
DESC-06,416,2345.39,-3087.0,313.55,-0.107027
DESC-06,417,-1154.47,646.48,743.98,-0.116395
DESC-06,418,1187.6,3385.66,365.43,-0.083519
DESC-06,419,-2036.74,-281.42,505.72,-0.086406
DESC-06,420,361.9,1886.97,686.78,-0.126923
DESC-06,421,1884.2,-2819.18,354.5,-0.121977
DESC-06,422,-3042.8,2614.56,295.98,-0.030751
DESC-06,423,1594.89,574.37,810.7,-0.167857
DESC-06,424,-3391.97,2717.84,276.25,-0.021122
DESC-06,425,3208.45,2009.83,352.86,-0.101068
DESC-06,426,-219.31,2584.68,494.76,-0.09036
DESC-06,427,-636.5,-3098.93,352.48,-0.092895
DESC-06,428,1543.11,1508.67,650.29,-0.143506
DESC-06,429,163.09,-2121.13,518.34,-0.139406
DESC-06,430,1615.94,-1639.33,532.12,-0.156774
DESC-06,431,-2906.69,-1226.52,344.52,-0.056114
DESC-06,432,439.54,639.2,1303.23,-0.175416
DESC-06,433,406.76,895.03,1138.64,-0.164711
DESC-06,434,3024.8,3020.1,309.83,-0.078505
DESC-06,435,-3222.76,-3410.97,251.94,-0.035502
DESC-06,436,-330.26,-2145.93,497.02,-0.126923
DESC-06,437,917.51,-965.98,822.42,-0.176686
DESC-06,438,355.23,2226.05,588.39,-0.111234
DESC-06,439,-2980.87,349.36,367.96,-0.049387
DESC-06,440,652.6,83.93,1371.16,-0.188833
DESC-06,441,-1944.62,1821.3,436.81,-0.068546
DESC-06,442,-2131.16,1085.41,467.28,-0.069597
DESC-06,443,2650.84,-1471.01,419.29,-0.139521
DESC-06,444,-2115.11,-2890.19,309.79,-0.066956
DESC-06,445,-319.96,-263.85,1095.19,-0.160492
DESC-06,446,1752.01,2661.16,423.22,-0.101786
DESC-06,447,1451.21,686.99,851.91,-0.168024
DESC-06,448,374.21,-3126.98,363.15,-0.111231
DESC-06,449,2149.32,-419.46,608.71,-0.161345
DESC-06,450,-239.29,-807.72,900.12,-0.158586
DESC-06,451,842.7,576.97,1165.55,-0.179924
DESC-06,452,2232.42,609.89,601.93,-0.156424
DESC-06,453,1246.64,3159.32,389.02,-0.086958
DESC-06,454,992.8,-1133.34,750.87,-0.17338
DESC-06,455,-657.1,-643.33,840.85,-0.150173
DESC-06,456,408.26,794.6,1202.55,-0.169491
DESC-06,457,-727.42,2704.73,446.75,-0.078605
DESC-06,458,1710.05,1443.01,628.41,-0.141999
DESC-06,459,-836.99,-203.8,871.05,-0.140387
DESC-06,460,-233.65,2201.96,576.9,-0.10077
DESC-06,461,1788.2,-102.86,744.98,-0.170509
DESC-06,462,25.59,3244.66,395.43,-0.073047
DESC-06,463,-1133.77,-1522.5,536.68,-0.112912
DESC-06,464,2287.73,-2608.26,351.34,-0.121913
DESC-06,465,-833.26,2312.8,503.34,-0.084391
DESC-06,466,2413.1,-1418.91,454.32,-0.147116
DESC-06,467,1996.68,2431.77,431.42,-0.10821
DESC-06,468,-368.98,765.83,1036.39,-0.148052
DESC-06,469,1490.24,62.72,874.84,-0.174631
DESC-06,470,-3259.27,-2890.78,264.75,-0.039499
DESC-06,471,-771.41,2004.21,570.3,-0.093017
DESC-06,472,2522.34,-3038.53,309.37,-0.106771
DESC-06,473,556.78,3256.06,394.16,-0.077301
DESC-06,474,404.78,2638.82,494.66,-0.095667
DESC-06,475,1153.17,-1379.22,653.32,-0.165995
DESC-06,476,1243.7,-2604.94,408.57,-0.132913
DESC-06,477,585.19,2699.72,480.32,-0.096598
DESC-06,478,-555.59,-141.05,1011.74,-0.151679
DESC-06,479,-2215.61,-2625.88,320.42,-0.069434
DESC-06,480,-1451.51,-10.34,662.74,-0.109478
DESC-06,481,-1449.54,-1772.27,458.68,-0.101239
DESC-06,482,-484.79,-645.15,895.29,-0.15466
DESC-06,483,3493.41,981.69,367.57,-0.112665
DESC-06,484,-1032.14,2907.55,400.65,-0.065559
DESC-06,485,-368.35,2106.51,590.09,-0.099814
DESC-06,486,-898.61,-2372.94,426.09,-0.104038
DESC-06,487,569.99,-158.65,1312.03,-0.185699
DESC-06,488,3135.29,-56.5,424.82,-0.131719
DESC-06,489,2723.51,3426.38,301.81,-0.070803
DESC-06,490,-860.03,-2891.72,365.96,-0.093518
DESC-06,491,-1631.69,75.37,612.71,-0.101189
DESC-06,492,2690.79,2900.54,335.46,-0.085093
DESC-06,493,-43.17,-708.06,985.3,-0.163223
DESC-06,494,1298.79,-1667.98,565.43,-0.157545
DESC-06,495,-2986.96,391.53,367.03,-0.047575
DESC-06,496,2565.9,-1259.38,448.74,-0.145881
DESC-06,497,-1309.24,2989.55,375.26,-0.062438
DESC-06,498,-38.31,-2906.41,386.8,-0.109764
DESC-06,499,-2113.85,-2053.04,365.99,-0.072902
DESC-06,500,-558.3,-2912.9,374.25,-0.101257
DESC-06,501,2296.34,1483.22,508.31,-0.133585
DESC-06,502,2293.05,-1448.01,467.5,-0.149628
DESC-06,503,-184.3,2801.18,457.06,-0.082935
DESC-06,504,1875.37,2755.42,402.73,-0.100478
DESC-06,505,-293.53,3054.71,414.73,-0.070799
DESC-06,506,-886.51,-1707.1,535.57,-0.115178
DESC-06,507,321.22,-3495.4,327.69,-0.100505
DESC-06,508,-2090.61,-786.76,467.48,-0.085324
DESC-06,509,-1284.07,3237.94,352.8,-0.055662
DESC-06,510,1445.7,1846.19,593.91,-0.133838
DESC-06,511,1893.6,-3082.38,331.72,-0.112055
DESC-06,512,-3103.04,1418.01,334.77,-0.037077
DESC-06,513,1629.78,2919.44,399.36,-0.094553
DESC-06,514,2222.01,3274.04,333.79,-0.082054
DESC-06,515,-383.64,1511.92,759.46,-0.12498
DESC-06,516,-3062.82,2540.97,297.67,-0.031309
DESC-06,517,1280.39,2391.91,502.61,-0.114631
DESC-06,518,-1776.85,-991.64,503.97,-0.098115
DESC-06,519,1003.5,-2806.69,391.45,-0.127804
DESC-06,520,-863.64,1592.25,647.44,-0.107109
DESC-06,521,960.14,-2541.61,428.89,-0.134907
DESC-06,522,-1693.06,-810.61,538.14,-0.104126
DESC-06,523,-164.24,3470.15,365.88,-0.067014
DESC-06,524,172.72,418.5,1467.3,-0.175522
DESC-06,525,917.09,152.18,1192.86,-0.184027
DESC-06,526,-2077.83,3135.16,320.89,-0.040936
DESC-06,527,3234.36,-1511.72,355.78,-0.124302
DESC-06,528,-1476.03,3496.02,323.62,-0.046919
DESC-06,529,-1357.86,2883.86,383.12,-0.062965
DESC-06,530,-1705.81,-952.67,520.84,-0.100429
DESC-06,531,-3027.67,-1209.32,334.83,-0.050316
DESC-06,532,-539.54,-2614.06,411.76,-0.107966
DESC-06,533,1902.85,2909.48,383.92,-0.093698
DESC-06,534,1466.97,-2199.33,453.28,-0.140882
DESC-06,535,-2130.99,-3437.15,281.18,-0.057209
DESC-06,536,-2541.48,2730.54,318.7,-0.03887
DESC-06,537,-1250.0,686.81,707.82,-0.109783
DESC-06,538,1877.79,1202.94,631.32,-0.14706
DESC-06,539,-83.45,1631.99,758.32,-0.128146
DESC-06,540,2962.29,-3201.37,284.24,-0.09677
DESC-06,541,1094.69,-2857.02,382.63,-0.125939
DESC-06,542,846.35,-1.14,1217.48,-0.188116
DESC-06,543,1873.84,-3148.17,327.33,-0.111602
DESC-06,544,1751.81,30.25,766.09,-0.170498
DESC-06,545,-1093.13,1654.37,591.73,-0.098135
DESC-06,546,-1700.94,1101.86,547.24,-0.084097
DESC-06,547,-436.65,816.53,990.62,-0.145341
DESC-06,548,-75.27,-3175.16,355.91,-0.105735
DESC-06,549,-2507.94,-1843.42,348.12,-0.06056
DESC-06,550,-410.67,2782.46,451.53,-0.078866
DESC-06,551,978.76,-2637.46,414.48,-0.13271
DESC-06,552,-2550.0,232.57,424.33,-0.062742
DESC-06,553,-2533.73,-3149.66,280.5,-0.049784
DESC-06,554,-2283.95,3074.42,314.03,-0.036982
DESC-06,555,-1516.68,-2299.06,391.23,-0.08793
DESC-06,556,3231.96,-629.85,396.72,-0.134131
DESC-06,557,-3319.46,327.47,334.12,-0.041244
DESC-06,558,-2213.83,1530.56,425.22,-0.059501
DESC-06,559,-2344.67,3062.17,311.64,-0.03659
DESC-06,560,-179.56,1654.54,740.33,-0.122728
DESC-06,561,-3394.49,-1068.42,310.95,-0.043493
DESC-06,562,-292.79,-2972.62,374.43,-0.105954
DESC-06,563,-2359.54,1451.84,411.37,-0.057823
DESC-06,564,-1612.52,3307.57,331.71,-0.04817
DESC-06,565,2047.08,-3380.89,305.32,-0.107172
DESC-06,566,-2211.53,1922.76,396.92,-0.058676
DESC-06,567,819.9,-2267.01,479.34,-0.144448
DESC-06,568,-655.81,-280.32,935.15,-0.147428
DESC-06,569,-576.83,158.46,1035.48,-0.152728
DESC-06,570,2217.92,800.98,592.8,-0.150904
DESC-06,571,-2373.6,3426.76,291.8,-0.030674
DESC-06,572,2966.67,1311.81,418.57,-0.120782
DESC-06,573,2754.44,-753.29,459.26,-0.147131
DESC-06,574,1178.25,1505.15,725.56,-0.14828
DESC-06,575,-3153.87,-232.88,347.32,-0.044434
DESC-06,576,1143.16,-608.16,888.56,-0.180952
DESC-06,577,702.43,-940.43,869.81,-0.175574
DESC-06,578,1905.44,-46.16,707.97,-0.168232
DESC-06,579,-2003.18,-1531.72,419.68,-0.082766
DESC-06,580,3173.49,-1805.3,345.07,-0.11912
DESC-06,581,2703.38,-2460.73,337.4,-0.118377
DESC-06,582,-2699.5,-418.43,394.71,-0.060157
DESC-06,583,-1293.59,-1447.17,525.48,-0.111785
DESC-06,584,-3272.89,2358.59,292.79,-0.027809
DESC-06,585,2316.63,2435.26,401.59,-0.104892
DESC-06,586,2905.66,-1092.86,415.73,-0.139658
DESC-06,587,3428.66,833.99,378.58,-0.117362
DESC-06,588,783.48,2816.04,454.59,-0.094404
DESC-06,589,1161.9,-985.87,764.47,-0.172356
DESC-06,590,1248.84,383.01,987.61,-0.174129
DESC-06,591,491.04,-395.09,1188.86,-0.182253
DESC-06,592,3166.96,1051.86,404.25,-0.119228
DESC-06,593,755.03,3218.4,396.02,-0.081919
DESC-06,594,-1149.92,-2529.63,391.08,-0.09048
DESC-06,595,90.14,3257.7,394.41,-0.075061
DESC-06,596,-3369.36,1160.13,319.66,-0.031867
DESC-06,597,1568.88,2071.09,532.3,-0.125039
DESC-06,598,1357.45,945.85,833.04,-0.161793
DESC-06,599,-552.64,2592.22,475.93,-0.08444
DESC-06,600,2460.37,-1216.33,468.02,-0.147977
DESC-06,601,1788.68,1456.33,609.35,-0.142647
DESC-06,602,-1143.21,-1651.21,513.67,-0.112518
DESC-06,603,-2957.51,60.6,370.64,-0.052161
DESC-06,604,-2574.44,1270.43,394.1,-0.054503
DESC-06,605,-2210.09,-2092.13,355.57,-0.069497
DESC-06,606,-1372.57,-3071.88,329.47,-0.083132
DESC-06,607,-367.39,2036.64,607.67,-0.103715
DESC-06,608,2995.98,2162.62,362.4,-0.102653
DESC-06,609,-1551.07,1159.65,573.6,-0.090497
DESC-06,610,2790.1,-1249.98,419.69,-0.139609
DESC-06,611,1263.24,1107.21,820.85,-0.160531
DESC-06,612,2474.45,-2912.84,319.32,-0.111392
DESC-06,613,-677.23,1137.57,808.13,-0.126183
DESC-06,614,-3477.06,533.39,319.75,-0.036449
DESC-06,615,2008.77,820.43,646.43,-0.153218
DESC-06,616,-1781.67,-371.11,555.73,-0.097173
DESC-06,617,-2502.64,-1923.89,343.87,-0.059785
DESC-06,618,2096.44,1581.14,531.14,-0.134333
DESC-06,619,1304.3,-251.09,920.0,-0.180266
DESC-06,620,-2013.09,1717.66,437.19,-0.066912
DESC-06,621,-1626.93,-950.74,535.95,-0.103724
DESC-06,622,3074.54,-2885.48,294.34,-0.103275
DESC-06,623,-1620.23,297.2,616.31,-0.09858
DESC-06,624,1416.84,859.33,831.81,-0.164811
DESC-06,625,-2593.13,2952.44,304.69,-0.034809
DESC-06,626,2205.25,2714.28,383.12,-0.096438
DESC-06,627,-2676.87,-3099.96,277.51,-0.044828
DESC-06,628,112.29,1902.88,678.71,-0.121045
DESC-06,629,-3253.48,-1670.46,303.14,-0.044128
DESC-06,630,350.55,1380.39,882.37,-0.146957
DESC-06,631,2426.35,-843.63,509.24,-0.151799
DESC-06,632,-2909.21,-1245.45,343.56,-0.055325
DESC-06,633,-1580.2,-82.01,622.31,-0.102941
DESC-06,634,1852.85,213.72,732.69,-0.168555
DESC-06,635,756.69,1361.38,852.79,-0.149871
DESC-06,636,-1310.42,965.18,656.95,-0.101175
DESC-06,637,902.33,1247.79,870.15,-0.159672
DESC-06,638,-317.03,-811.46,880.85,-0.156139
DESC-06,639,2536.49,1241.38,489.6,-0.134705
DESC-06,640,-1449.42,-1082.29,553.26,-0.112421
DESC-06,641,1804.11,752.73,715.39,-0.161033
DESC-06,642,949.72,-283.27,1074.27,-0.185466
DESC-06,643,1683.0,439.59,788.45,-0.168249
DESC-06,644,-852.17,-3377.23,322.46,-0.083243
DESC-06,645,1574.45,-8.5,834.16,-0.176139
DESC-06,646,1388.98,-1960.22,499.0,-0.148278
DESC-06,647,-787.58,-799.31,760.36,-0.14015
DESC-06,648,-3314.83,-2983.6,260.46,-0.03799
DESC-06,649,3240.39,1098.31,393.16,-0.117732
DESC-06,650,1495.2,2754.65,428.82,-0.099683
DESC-06,651,-2066.83,-1017.82,454.35,-0.084208
DESC-06,652,1615.65,-2764.53,372.6,-0.123371
DESC-06,653,-1549.22,841.87,606.77,-0.094492
DESC-06,654,-215.0,-2610.74,423.23,-0.113519
DESC-06,655,2519.22,2741.35,358.21,-0.092487
DESC-06,656,-363.5,-2642.8,414.24,-0.109375
DESC-06,657,-1483.95,-966.91,562.16,-0.111303
DESC-06,658,-1361.56,-37.38,689.93,-0.11438
DESC-06,659,-2960.88,-2674.89,282.69,-0.048264
DESC-06,660,-1963.46,-1268.77,448.24,-0.085166
DESC-06,661,-1602.26,-1573.05,464.96,-0.098834
DESC-06,662,-2289.22,1493.1,417.84,-0.057531
DESC-06,663,-3058.54,3403.91,267.95,-0.019236
DESC-06,664,-239.48,-960.14,839.23,-0.154601
DESC-06,665,-1999.23,2035.04,411.04,-0.062212
DESC-06,666,1671.39,-2517.61,397.13,-0.128915
DESC-06,667,2957.69,559.4,450.96,-0.134446
DESC-06,668,-1589.11,-471.01,594.15,-0.106589
DESC-06,669,505.74,-1482.71,684.47,-0.162089
DESC-06,670,47.08,2251.97,578.0,-0.105303
DESC-06,671,-2974.24,1724.95,335.0,-0.037224
DESC-06,672,-2625.88,-2562.02,302.6,-0.054396
DESC-06,673,2693.46,-1453.15,415.72,-0.13918
DESC-06,674,-180.94,2236.53,571.74,-0.101189
DESC-06,675,2132.27,3447.02,324.92,-0.075763
DESC-06,676,-3033.93,780.95,357.13,-0.04476
DESC-06,677,663.69,2601.89,496.99,-0.100566
DESC-06,678,2557.18,3389.55,310.86,-0.075674
DESC-06,679,2569.46,1683.82,446.06,-0.122109
DESC-06,680,-3459.94,1013.13,315.43,-0.029666
DESC-06,681,152.04,-1951.33,556.24,-0.144388
DESC-06,682,-916.97,-907.03,700.92,-0.134309
DESC-06,683,1820.29,864.88,696.21,-0.156936
DESC-06,684,-2987.47,2984.81,284.85,-0.027816
DESC-06,685,-1645.51,-1387.07,481.29,-0.097881
DESC-06,686,2188.5,-733.54,568.26,-0.161414
DESC-06,687,-213.11,-3344.34,337.78,-0.098587
DESC-06,688,-327.95,1377.09,816.35,-0.131276
DESC-06,689,3279.91,-395.01,397.83,-0.132711
DESC-06,690,-1260.77,2084.12,493.58,-0.078819
DESC-06,691,-3207.95,-1864.42,299.45,-0.046308
DESC-06,692,-754.59,1117.52,790.7,-0.124661
DESC-06,693,-2426.39,1211.65,415.84,-0.060756
DESC-06,694,-2926.76,-249.73,370.93,-0.052322
DESC-06,695,475.02,-2179.76,505.65,-0.141341
DESC-06,696,3175.03,-679.71,402.11,-0.135543
DESC-06,697,555.85,1715.3,738.46,-0.134367
DESC-06,698,1029.8,-2175.7,486.11,-0.145063
DESC-06,699,-1234.6,-2869.71,352.21,-0.088169
DESC-07,0,875.67,497.86,1173.71,-0.084242
DESC-07,1,2780.5,1765.71,412.23,-0.063955
DESC-07,2,1929.8,624.99,688.02,-0.081337
DESC-07,3,-1923.55,2119.45,411.65,-0.028798
DESC-07,4,-1398.84,353.29,681.09,-0.052326
DESC-07,5,2614.87,-2112.99,369.29,-0.062657
DESC-07,6,-3463.14,579.08,320.51,-0.015962
DESC-07,7,2248.6,-63.45,604.37,-0.077245
DESC-07,8,2079.49,-2338.45,389.9,-0.063242
DESC-07,9,-224.46,834.16,1066.62,-0.068348
DESC-07,10,-1378.77,2218.72,460.56,-0.033699
DESC-07,11,-1551.02,-2554.39,364.16,-0.036216
DESC-07,12,-1715.91,314.62,590.38,-0.045099
DESC-07,13,-384.47,1635.81,719.47,-0.053282
DESC-07,14,31.84,-678.88,1012.92,-0.082054
DESC-07,15,374.48,-1609.68,648.43,-0.073983
DESC-07,16,3468.5,-894.04,360.54,-0.063271
DESC-07,17,2048.63,291.89,666.78,-0.081227
DESC-07,18,855.25,1306.62,857.08,-0.07383
DESC-07,19,3422.72,414.23,386.14,-0.065408
DESC-07,20,-1992.84,-2750.82,324.21,-0.028319
DESC-07,21,-2378.52,2225.2,359.9,-0.019922
DESC-07,22,787.78,2967.02,430.46,-0.046394
DESC-07,23,-3192.41,-2790.95,269.95,-0.015006
DESC-07,24,-3250.24,-1753.36,300.66,-0.020017
DESC-07,25,104.22,-2284.23,484.84,-0.066151
DESC-07,26,-236.56,2444.09,522.14,-0.047674
DESC-07,27,2920.17,2871.95,323.76,-0.04656
DESC-07,28,904.58,-3190.08,351.03,-0.048658
DESC-07,29,98.82,-1173.06,794.71,-0.07794
DESC-07,30,-21.89,-2152.54,508.05,-0.063854
DESC-07,31,-1767.4,-213.27,567.86,-0.043439
DESC-07,32,-3417.44,2951.13,268.72,-0.003768
DESC-07,33,-2153.18,-3008.79,301.54,-0.025642
DESC-07,34,1344.22,-2301.05,446.25,-0.065863
DESC-07,35,-2095.75,-90.8,500.16,-0.037682
DESC-07,36,-913.25,168.24,867.88,-0.064475
DESC-07,37,-3473.86,1718.51,299.61,-0.013043
DESC-07,38,2310.33,-436.2,567.78,-0.079884
DESC-07,39,-2418.77,-2512.04,315.94,-0.022817
DESC-07,40,-1626.8,-1024.72,527.39,-0.046043
DESC-07,41,2662.33,3374.65,307.25,-0.041394
DESC-07,42,68.54,1755.06,725.89,-0.060113
DESC-07,43,2430.05,-2685.59,337.3,-0.058555
DESC-07,44,978.02,2157.46,576.97,-0.060783
DESC-07,45,1692.4,-1323.51,578.89,-0.079452
DESC-07,46,-2859.53,1969.78,334.15,-0.015371
DESC-07,47,288.01,-3410.95,335.09,-0.045039
DESC-07,48,54.41,2598.89,500.55,-0.050683
DESC-07,49,2599.38,-2363.83,351.0,-0.060068
DESC-07,50,-971.15,-309.75,801.96,-0.060359
DESC-07,51,687.29,1132.29,965.25,-0.077505
DESC-07,52,-3085.24,55.09,356.7,-0.021113
DESC-07,53,-786.58,-2342.22,437.48,-0.050724
DESC-07,54,-1238.75,-2526.17,386.09,-0.039954
DESC-07,55,-2448.6,-1508.26,373.43,-0.028503
DESC-07,56,2214.37,-3133.26,315.66,-0.053649
DESC-07,57,-843.88,-1984.19,489.89,-0.05305
DESC-07,58,3351.24,-2589.26,295.32,-0.050259
DESC-07,59,629.94,-246.42,1236.02,-0.086435
DESC-07,60,735.39,-1004.43,838.69,-0.080403
DESC-07,61,965.98,607.83,1091.23,-0.083074
DESC-07,62,1235.15,-1533.85,603.39,-0.079957
DESC-07,63,-2444.48,-3262.62,278.86,-0.02308
DESC-07,64,-417.81,-1182.23,731.07,-0.070019
DESC-07,65,-1823.05,1786.26,456.32,-0.032689
DESC-07,66,-682.51,-1709.13,558.46,-0.058379
DESC-07,67,-2823.07,-668.16,372.82,-0.024293
DESC-07,68,3274.8,1784.82,358.56,-0.05336
DESC-07,69,-1994.97,-653.23,493.22,-0.037931
DESC-07,70,1202.36,2709.87,453.44,-0.04924
DESC-07,71,-1397.06,2926.48,376.31,-0.028927
DESC-07,72,2618.54,-1326.29,435.73,-0.072037
DESC-07,73,1135.5,1651.75,691.05,-0.068258
DESC-07,74,-2578.69,-1728.18,348.91,-0.026178
DESC-07,75,2415.52,-2523.34,350.54,-0.059134
DESC-07,76,3114.64,-434.83,419.13,-0.068879
DESC-07,77,2827.42,717.31,468.63,-0.071469
DESC-07,78,488.03,3049.14,423.56,-0.041217
DESC-07,79,-2481.78,-2478.69,314.28,-0.021448
DESC-07,80,-2152.76,1486.54,436.69,-0.032177
DESC-07,81,2995.34,-171.75,444.52,-0.07194
DESC-07,82,366.29,-2578.03,435.25,-0.060783
DESC-07,83,-2236.13,3308.61,303.4,-0.014675
DESC-07,84,2688.4,1370.38,454.69,-0.067094
DESC-07,85,991.0,-2597.99,419.61,-0.064019
DESC-07,86,487.86,2840.29,456.87,-0.044946
DESC-07,87,-865.99,-2778.34,377.85,-0.044649
DESC-07,88,-623.31,-2851.39,379.09,-0.044903
DESC-07,89,-1823.58,-1179.14,477.31,-0.040875
DESC-07,90,-3233.6,3065.71,272.25,-0.00479
DESC-07,91,2633.53,-3268.83,292.4,-0.048289
DESC-07,92,-225.89,2927.45,435.43,-0.039124
DESC-07,93,333.45,781.28,1217.45,-0.078953
DESC-07,94,-1244.86,-3030.64,337.81,-0.034954
DESC-07,95,1759.27,480.14,757.02,-0.082702
DESC-07,96,-3323.62,-288.46,331.06,-0.020041
DESC-07,97,-894.7,447.89,865.0,-0.062953
DESC-07,98,-3287.55,1660.42,313.4,-0.014681
DESC-07,99,-2639.76,1250.33,387.18,-0.022929
DESC-07,100,3270.04,3480.59,278.49,-0.036405
DESC-07,101,1104.33,-2403.32,443.89,-0.067615
DESC-07,102,-502.46,2189.99,558.8,-0.045691
DESC-07,103,166.18,-622.35,1060.73,-0.083129
DESC-07,104,2609.66,1983.15,414.42,-0.062475
DESC-07,105,-1090.53,2742.45,417.31,-0.031691
DESC-07,106,632.04,3443.99,370.59,-0.039458
DESC-07,107,1285.79,-1637.71,573.51,-0.079621
DESC-07,108,-1012.1,-329.43,784.03,-0.058999
DESC-07,109,133.69,3099.45,416.39,-0.038401
DESC-07,110,1856.73,3120.17,365.19,-0.047029
DESC-07,111,2864.26,-889.88,434.09,-0.069395
DESC-07,112,-2442.56,3081.47,305.76,-0.012564
DESC-07,113,3033.94,-658.76,422.03,-0.069845
DESC-07,114,-3463.75,-876.64,310.32,-0.012779
DESC-07,115,1770.84,1796.34,552.88,-0.066732
DESC-07,116,2173.69,-201.52,618.11,-0.079334
DESC-07,117,-2542.65,-362.61,417.32,-0.033469
DESC-07,118,-567.67,-797.17,821.42,-0.0684
DESC-07,119,2206.79,-470.37,589.85,-0.081327
DESC-07,120,-3400.1,-2521.28,270.19,-0.013757
DESC-07,121,899.23,-3072.74,363.22,-0.054107
DESC-07,122,2051.17,1777.95,511.61,-0.064315
DESC-07,123,91.03,451.5,1406.2,-0.076063
DESC-07,124,1580.95,1203.23,707.0,-0.072241
DESC-07,125,-1915.04,2116.35,412.85,-0.030141
DESC-07,126,-2110.35,-1889.26,378.88,-0.031446
DESC-07,127,-958.11,-1863.59,499.46,-0.05195
DESC-07,128,-2244.16,-1554.64,391.11,-0.036145
DESC-07,129,-1077.57,-1372.53,572.23,-0.056303
DESC-07,130,3136.87,1824.84,369.65,-0.056025
DESC-07,131,513.33,-880.73,919.7,-0.080105
DESC-07,132,-1119.52,-1237.68,590.06,-0.057188
DESC-07,133,-1599.33,954.11,584.08,-0.043235
DESC-07,134,3164.28,-2194.01,324.53,-0.057037
DESC-07,135,-388.65,-2755.06,398.42,-0.049402
DESC-07,136,3362.76,1379.93,368.19,-0.058876
DESC-07,137,108.66,1795.12,713.98,-0.059205
DESC-07,138,148.16,-1425.45,705.16,-0.073323
DESC-07,139,2775.78,952.29,467.25,-0.071972
DESC-07,140,1699.37,-3261.46,324.48,-0.050328
DESC-07,141,564.57,-669.77,1018.23,-0.084616
DESC-07,142,-513.45,545.71,1032.12,-0.06839
DESC-07,143,2647.32,-1726.07,398.14,-0.065257
DESC-07,144,-618.48,-1062.5,729.74,-0.066599
DESC-07,145,2959.32,766.85,444.82,-0.06881
DESC-07,146,-3018.99,629.28,361.12,-0.019087
DESC-07,147,-490.02,-2420.66,441.88,-0.052633
DESC-07,148,136.6,1446.07,848.97,-0.066893
DESC-07,149,3156.57,-2939.8,288.53,-0.051072
DESC-07,150,-1743.01,3288.07,327.07,-0.019492
DESC-07,151,2142.27,-2083.47,412.14,-0.065302
DESC-07,152,1235.3,-1725.16,560.08,-0.077297
DESC-07,153,1519.6,-2097.9,464.78,-0.069801
DESC-07,154,907.36,3440.49,366.55,-0.038708
DESC-07,155,3300.92,-1493.84,350.79,-0.061772
DESC-07,156,-1171.23,737.05,728.0,-0.05642
DESC-07,157,-712.07,3434.44,356.62,-0.028431
DESC-07,158,-2079.62,3150.47,319.85,-0.016373
DESC-07,159,-3145.07,-3203.55,259.42,-0.013901
DESC-07,160,-2009.64,148.29,521.52,-0.040379
DESC-07,161,2908.25,709.13,455.08,-0.070744
DESC-07,162,2381.18,1416.77,500.68,-0.068122
DESC-07,163,-2713.16,-1148.63,366.07,-0.02648
DESC-07,164,726.45,-1204.64,763.74,-0.079864
DESC-07,165,-145.62,-3470.01,327.56,-0.040927
DESC-07,166,662.79,-3253.34,348.16,-0.048451
DESC-07,167,1114.93,350.4,1063.3,-0.082531
DESC-07,168,-1353.38,-2968.79,338.44,-0.03421
DESC-07,169,3229.46,-2082.63,326.14,-0.0551
DESC-07,170,-239.12,-1167.1,763.13,-0.071386
DESC-07,171,896.71,-3006.7,370.5,-0.052689
DESC-07,172,946.58,-3283.98,341.3,-0.048199
DESC-07,173,-2212.77,2988.44,322.83,-0.016285
DESC-07,174,-3066.94,-453.54,352.43,-0.019773
DESC-07,175,-619.38,-2065.81,493.85,-0.056561
DESC-07,176,1848.21,1459.16,596.56,-0.070569
DESC-07,177,2206.55,-3433.88,297.27,-0.048417
DESC-07,178,1609.92,-1784.88,507.29,-0.073856
DESC-07,179,-2707.57,3225.25,287.3,-0.012675
DESC-07,180,2893.48,2783.83,330.66,-0.04734
DESC-07,181,2114.26,951.48,605.07,-0.076227
DESC-07,182,2643.84,-2847.58,315.6,-0.054651
DESC-07,183,163.13,-1273.64,759.23,-0.0761
DESC-07,184,2909.45,-3304.47,281.48,-0.047684
DESC-07,185,-3173.43,-1965.66,297.94,-0.01731
DESC-07,186,-3287.98,-3321.96,252.53,-0.012263
DESC-07,187,-3358.49,-2616.85,269.06,-0.014103
DESC-07,188,-1730.62,932.5,555.7,-0.040815
DESC-07,189,-1760.01,-2796.9,332.79,-0.029662
DESC-07,190,-2187.48,-2409.66,335.6,-0.025968
DESC-07,191,469.39,2819.66,460.64,-0.044428
DESC-07,192,-3227.1,-1151.83,320.91,-0.018087
DESC-07,193,632.72,-1169.02,786.38,-0.079234
DESC-07,194,-2337.92,-2894.22,299.73,-0.020773
DESC-07,195,1245.12,2071.51,570.73,-0.062211
DESC-07,196,-3352.47,1234.64,319.39,-0.011349
DESC-07,197,-1326.01,329.93,705.61,-0.053045
DESC-07,198,3068.39,825.39,426.13,-0.067682
DESC-07,199,268.77,-2797.34,403.34,-0.057952
DESC-07,200,2181.11,-1677.86,454.99,-0.069952
DESC-07,201,1106.18,585.49,1026.73,-0.083451
DESC-07,202,775.26,3165.62,402.53,-0.043665
DESC-07,203,-2161.23,2219.92,379.57,-0.026044
DESC-07,204,520.76,985.08,1070.9,-0.07622
DESC-07,205,-3222.2,131.73,343.26,-0.018909
DESC-07,206,2111.65,-3394.07,302.51,-0.049147
DESC-07,207,3220.5,2735.01,313.87,-0.04501
DESC-07,208,2478.06,-3032.02,311.6,-0.052717
DESC-07,209,-3145.03,-2596.43,277.88,-0.01568
DESC-07,210,-1129.38,1351.5,641.22,-0.047302
DESC-07,211,-1273.98,2185.01,477.09,-0.035882
DESC-07,212,-2710.98,2005.85,344.4,-0.020745
DESC-07,213,886.28,-333.17,1084.4,-0.085687
DESC-07,214,2082.21,-2260.61,397.89,-0.063523
DESC-07,215,-1303.95,-3252.88,318.52,-0.032999
DESC-07,216,2539.66,2459.66,379.86,-0.050949
DESC-07,217,2079.89,3343.88,334.92,-0.045357
DESC-07,218,-2596.03,-1791.05,344.06,-0.028521
DESC-07,219,1868.01,2562.53,426.53,-0.050932
DESC-07,220,2678.35,-682.28,476.46,-0.07312
DESC-07,221,-2119.02,-1320.59,423.27,-0.038951
DESC-07,222,515.49,36.08,1452.28,-0.085495
DESC-07,223,971.25,-3442.82,326.95,-0.045953
DESC-07,224,765.34,-401.0,1103.7,-0.087373
DESC-07,225,-2826.28,-2103.12,312.68,-0.020606
DESC-07,226,1128.34,1487.2,740.64,-0.067916
DESC-07,227,923.68,18.0,1172.71,-0.08363
DESC-07,228,2267.2,2581.97,391.27,-0.051115
DESC-07,229,2124.59,2776.54,382.81,-0.048697
DESC-07,230,-1209.82,-1282.69,565.94,-0.055582
DESC-07,231,1554.33,-1537.31,559.49,-0.077788
DESC-07,232,2570.91,3073.91,330.49,-0.04553
DESC-07,233,2750.63,27.98,491.62,-0.075661
DESC-07,234,-2369.41,-2824.39,301.89,-0.022546
DESC-07,235,-3313.08,-3178.8,255.44,-0.010087
DESC-07,236,1055.65,3432.98,363.99,-0.039507
DESC-07,237,-1997.27,554.15,518.5,-0.039848
DESC-07,238,445.97,-3118.55,363.81,-0.0516
DESC-07,239,3113.63,78.79,429.46,-0.067634
DESC-07,240,-844.76,28.73,893.36,-0.062832
DESC-07,241,-1730.58,-452.29,561.9,-0.045071
DESC-07,242,-304.43,3158.96,400.31,-0.034803
DESC-07,243,1100.71,3141.4,396.55,-0.042649
DESC-07,244,-2792.31,-2625.23,291.91,-0.019319
DESC-07,245,-835.91,-2437.96,421.07,-0.049872
DESC-07,246,-2563.95,-647.58,404.81,-0.031476
DESC-07,247,1137.12,2338.19,524.54,-0.057009
DESC-07,248,2313.87,866.27,564.7,-0.076623
DESC-07,249,-862.02,1608.81,643.97,-0.050693
DESC-07,250,-897.93,532.41,854.86,-0.062407
DESC-07,251,276.65,-2029.6,539.25,-0.067238
DESC-07,252,-1994.6,2224.36,395.05,-0.02643
DESC-07,253,-1768.13,-3401.85,294.09,-0.028017
DESC-07,254,-1191.03,1389.39,620.6,-0.043911
DESC-07,255,-298.02,-2139.62,499.86,-0.06111
DESC-07,256,-2929.28,-202.36,371.35,-0.023793
DESC-07,257,1769.12,3325.93,349.99,-0.046019
DESC-07,258,553.38,273.25,1458.13,-0.082627
DESC-07,259,-1402.14,-3101.36,326.09,-0.032846
DESC-07,260,-2957.17,-498.54,362.78,-0.023957
DESC-07,261,1842.27,1121.87,652.76,-0.075647
DESC-07,262,-2582.45,-3103.05,280.69,-0.01786
DESC-07,263,-2567.55,-1731.42,349.65,-0.026185
DESC-07,264,-2585.21,-3371.65,270.27,-0.019796
DESC-07,265,-2931.16,280.48,373.89,-0.02097
DESC-07,266,2844.75,-829.66,440.59,-0.07165
DESC-07,267,-1615.29,25.83,616.17,-0.048511
DESC-07,268,-1355.13,-1429.14,518.92,-0.052424
DESC-07,269,2329.56,1097.65,541.64,-0.074307
DESC-07,270,839.46,-2288.4,474.72,-0.068571
DESC-07,271,-2190.0,2846.56,333.05,-0.01705
DESC-07,272,-456.31,3220.57,388.17,-0.031459
DESC-07,273,2687.46,-49.04,502.76,-0.074621
DESC-07,274,-872.38,-242.27,850.58,-0.059274
DESC-07,275,1476.17,2517.32,465.27,-0.054169
DESC-07,276,-2822.35,-1471.14,341.5,-0.023856
DESC-07,277,1591.27,2121.74,520.44,-0.059998
DESC-07,278,1935.31,-1488.85,512.93,-0.076452
DESC-07,279,2280.37,1539.75,504.67,-0.067643
DESC-07,280,1219.41,-1161.92,701.57,-0.081696
DESC-07,281,-904.87,718.21,825.67,-0.061711
DESC-07,282,-3050.52,2981.08,282.3,-0.007274
DESC-07,283,131.43,-3119.73,363.57,-0.047646
DESC-07,284,1802.22,2150.78,490.55,-0.060903
DESC-07,285,-2164.13,292.92,489.83,-0.039972
DESC-07,286,-1636.34,-846.53,545.8,-0.045993
DESC-07,287,252.84,-1048.07,852.35,-0.080758
DESC-07,288,1738.32,-3014.12,343.41,-0.054492
DESC-07,289,2776.11,-1691.35,387.92,-0.065403
DESC-07,290,-2619.81,861.96,403.83,-0.024602
DESC-07,291,-2210.11,-2816.87,309.6,-0.022997
DESC-07,292,2096.76,1185.85,582.57,-0.072439
DESC-07,293,1011.65,3235.77,387.64,-0.042175
DESC-07,294,1546.81,3365.43,355.26,-0.045111
DESC-07,295,3477.4,2724.69,300.25,-0.047761
DESC-07,296,3074.26,2146.28,356.64,-0.057258
DESC-07,297,2401.18,-2254.33,374.04,-0.063258
DESC-07,298,1939.81,3291.09,345.54,-0.045626
DESC-07,299,-734.87,-2080.94,482.42,-0.054892
DESC-07,300,988.6,2583.35,486.96,-0.05289
DESC-07,301,-2208.88,2645.12,345.14,-0.021471
DESC-07,302,1816.46,853.36,698.9,-0.081246
DESC-07,303,1803.83,149.15,750.09,-0.085982
DESC-07,304,1549.07,-2097.02,462.46,-0.069142
DESC-07,305,-386.41,136.28,1147.33,-0.075815
DESC-07,306,-852.74,-1465.66,588.69,-0.057813
DESC-07,307,-561.6,-2618.84,410.22,-0.050554
DESC-07,308,-3266.63,-2602.66,272.91,-0.0142
DESC-07,309,2410.24,2108.2,425.09,-0.058995
DESC-07,310,296.59,2956.82,438.73,-0.040944
DESC-07,311,-787.37,-2506.92,414.53,-0.048014
DESC-07,312,336.2,-3407.17,335.41,-0.046118
DESC-07,313,1551.48,-1654.57,537.53,-0.077441
DESC-07,314,-829.77,-2558.93,405.55,-0.04758
DESC-07,315,2314.48,-2179.61,387.67,-0.064874
DESC-07,316,2936.24,583.29,453.98,-0.069727
DESC-07,317,-787.97,-543.94,823.0,-0.064321
DESC-07,318,-2535.29,-495.4,414.22,-0.03248
DESC-07,319,1822.61,-2060.71,443.74,-0.067512
DESC-07,320,3450.64,1152.12,367.16,-0.060619
DESC-07,321,-2464.08,-1473.43,374.01,-0.027784
DESC-07,322,1488.73,-705.97,753.81,-0.08839
DESC-07,323,2277.26,-256.1,587.78,-0.07851
DESC-07,324,2944.0,2830.97,324.78,-0.046283
DESC-07,325,-2636.33,-1775.51,341.72,-0.027712
DESC-07,326,-2857.33,1530.66,352.79,-0.019944
DESC-07,327,3415.1,-1334.42,348.15,-0.060166
DESC-07,328,-2682.7,2760.98,309.11,-0.013954
DESC-07,329,-2262.35,-741.44,443.07,-0.037912
DESC-07,330,524.67,36.13,1446.17,-0.086035
DESC-07,331,-376.09,2640.51,477.26,-0.040922
DESC-07,332,1752.75,1209.33,661.24,-0.07471
DESC-07,333,-2166.1,-2839.49,310.37,-0.023006
DESC-07,334,2900.99,-2542.15,320.73,-0.053761
DESC-07,335,-1979.64,3435.13,307.21,-0.016774
DESC-07,336,1883.78,-3296.26,316.09,-0.049773
DESC-07,337,-3026.78,-1393.9,328.25,-0.022595
DESC-07,338,-186.18,3212.26,396.18,-0.035698
DESC-07,339,-3272.09,-3394.26,251.16,-0.013382
DESC-07,340,-1303.33,-2370.21,399.08,-0.040563
DESC-07,341,-1314.39,-2006.45,442.39,-0.047384
DESC-07,342,1538.24,-2895.26,362.51,-0.057083
DESC-07,343,-314.88,-196.27,1121.08,-0.075734
DESC-07,344,-3102.58,647.07,352.22,-0.01759
DESC-07,345,3467.53,-1271.75,346.16,-0.062639
DESC-07,346,2720.9,-2739.45,318.45,-0.057119
DESC-07,347,2914.27,2176.69,368.72,-0.058201
DESC-07,348,-1773.97,2131.3,426.77,-0.031235
DESC-07,349,-741.23,434.7,936.31,-0.065745
DESC-07,350,-1909.74,-2535.81,343.84,-0.030159
DESC-07,351,-2625.66,293.38,413.11,-0.024392
DESC-07,352,-3268.83,906.67,332.66,-0.013965
DESC-07,353,23.36,-501.95,1107.07,-0.080918
DESC-07,354,-2638.06,2547.04,322.27,-0.016527
DESC-07,355,-2265.87,-769.68,440.94,-0.036962
DESC-07,356,2523.33,76.21,539.92,-0.075311
DESC-07,357,-110.3,-2701.0,412.72,-0.053375
DESC-07,358,-2214.08,444.86,478.45,-0.036664
DESC-07,359,1189.05,1865.14,626.16,-0.064549
DESC-07,360,-1638.95,1618.81,502.32,-0.034181
DESC-07,361,188.56,-1701.13,621.42,-0.072141
DESC-07,362,-1519.33,3443.06,325.74,-0.02496
DESC-07,363,113.13,1539.54,808.83,-0.063785
DESC-07,364,899.74,-533.73,997.48,-0.085434
DESC-07,365,253.46,-595.64,1081.73,-0.08393
DESC-07,366,-730.77,1955.28,586.13,-0.04719
DESC-07,367,2035.7,-2270.22,400.44,-0.061484
DESC-07,368,2614.06,977.39,494.65,-0.073533
DESC-07,369,-2244.4,1531.88,421.1,-0.031339
DESC-07,370,-2545.84,114.38,424.78,-0.029367
DESC-07,371,-2707.66,2612.39,314.76,-0.014452
DESC-07,372,3357.18,-219.55,391.71,-0.066974
DESC-07,373,3091.14,-245.75,427.89,-0.070599
DESC-07,374,-1885.33,-1507.24,436.15,-0.040048
DESC-07,375,3289.35,2935.6,300.67,-0.044274
DESC-07,376,-2045.28,-1286.11,435.62,-0.039214
DESC-07,377,45.33,1366.9,876.53,-0.066548
DESC-07,378,-18.3,-634.53,1026.97,-0.081956
DESC-07,379,2904.69,3047.97,314.46,-0.04423
DESC-07,380,-3216.3,3135.72,270.77,-0.006619
DESC-07,381,-1292.54,-3289.75,316.27,-0.032194
DESC-07,382,699.82,3461.74,367.75,-0.040056
DESC-07,383,-3035.21,734.55,357.81,-0.018554
DESC-07,384,-1844.15,-2983.03,316.12,-0.031218
DESC-07,385,-244.56,-20.78,1213.82,-0.077905
DESC-07,386,2666.0,-3153.7,297.22,-0.051567
DESC-07,387,1826.72,342.26,739.69,-0.081843
DESC-07,388,2302.86,-2201.82,386.48,-0.064664
DESC-07,389,1827.49,-924.42,623.58,-0.082119
DESC-07,390,1454.05,-1367.1,609.84,-0.082687
DESC-07,391,2447.85,715.48,544.01,-0.077924
DESC-07,392,1270.34,2256.53,529.39,-0.058905
DESC-07,393,1649.78,3055.76,382.62,-0.049421
DESC-07,394,-1388.49,-1197.99,547.86,-0.050233
DESC-07,395,-2326.51,487.83,457.68,-0.033681
DESC-07,396,1795.67,-3458.71,307.57,-0.04794
DESC-07,397,-2339.14,-894.86,423.27,-0.034407
DESC-07,398,2936.19,3224.93,303.36,-0.042076
DESC-07,399,676.5,-2668.13,418.05,-0.05967
DESC-07,400,-1193.96,2588.79,429.27,-0.033631
DESC-07,401,3056.5,1067.54,418.48,-0.065636
DESC-07,402,-2414.09,-1442.74,380.95,-0.028812
DESC-07,403,101.26,1947.13,664.5,-0.057138
DESC-07,404,-2859.12,-1475.03,338.3,-0.023529
DESC-07,405,3257.99,2763.71,310.35,-0.045507
DESC-07,406,527.63,-2920.69,386.28,-0.055196
DESC-07,407,2125.67,-2667.05,355.59,-0.05821
DESC-07,408,-1526.54,1750.09,503.73,-0.036145
DESC-07,409,2112.58,-355.75,623.82,-0.083674
DESC-07,410,1419.89,-2467.76,417.97,-0.063604
DESC-07,411,1005.77,94.04,1132.09,-0.084265
DESC-07,412,3153.94,-1421.22,368.18,-0.063189
DESC-07,413,-465.56,345.21,1092.25,-0.071583
DESC-07,414,-594.38,1706.0,666.62,-0.049363
DESC-07,415,1344.85,2497.88,478.77,-0.05574
DESC-07,416,2345.39,-3087.0,313.55,-0.054244
DESC-07,417,-1154.47,646.48,743.98,-0.056317
DESC-07,418,1187.6,3385.66,365.43,-0.042435
DESC-07,419,-2036.74,-281.42,505.72,-0.038514
DESC-07,420,361.9,1886.97,686.78,-0.061193
DESC-07,421,1884.2,-2819.18,354.5,-0.060186
DESC-07,422,-3042.8,2614.56,295.98,-0.009365
DESC-07,423,1594.89,574.37,810.7,-0.080934
DESC-07,424,-3391.97,2717.84,276.25,-0.005728
DESC-07,425,3208.45,2009.83,352.86,-0.056767
DESC-07,426,-219.31,2584.68,494.76,-0.044444
DESC-07,427,-636.5,-3098.93,352.48,-0.043858
DESC-07,428,1543.11,1508.67,650.29,-0.069975
DESC-07,429,163.09,-2121.13,518.34,-0.066007
DESC-07,430,1615.94,-1639.33,532.12,-0.077358
DESC-07,431,-2906.69,-1226.52,344.52,-0.025682
DESC-07,432,439.54,639.2,1303.23,-0.080618
DESC-07,433,406.76,895.03,1138.64,-0.077484
DESC-07,434,3024.8,3020.1,309.83,-0.04502
DESC-07,435,-3222.76,-3410.97,251.94,-0.014455
DESC-07,436,-330.26,-2145.93,497.02,-0.059876
DESC-07,437,917.51,-965.98,822.42,-0.082743
DESC-07,438,355.23,2226.05,588.39,-0.056935
DESC-07,439,-2980.87,349.36,367.96,-0.02095
DESC-07,440,652.6,83.93,1371.16,-0.084955
DESC-07,441,-1944.62,1821.3,436.81,-0.031148
DESC-07,442,-2131.16,1085.41,467.28,-0.0335
DESC-07,443,2650.84,-1471.01,419.29,-0.071224
DESC-07,444,-2115.11,-2890.19,309.79,-0.025311
DESC-07,445,-319.96,-263.85,1095.19,-0.076173
DESC-07,446,1752.01,2661.16,423.22,-0.050973
DESC-07,447,1451.21,686.99,851.91,-0.079501
DESC-07,448,374.21,-3126.98,363.15,-0.049909
DESC-07,449,2149.32,-419.46,608.71,-0.082087
DESC-07,450,-239.29,-807.72,900.12,-0.075685
DESC-07,451,842.7,576.97,1165.55,-0.083764
DESC-07,452,2232.42,609.89,601.93,-0.078672
DESC-07,453,1246.64,3159.32,389.02,-0.045065
DESC-07,454,992.8,-1133.34,750.87,-0.082241
DESC-07,455,-657.1,-643.33,840.85,-0.068272
DESC-07,456,408.26,794.6,1202.55,-0.079162
DESC-07,457,-727.42,2704.73,446.75,-0.036671
DESC-07,458,1710.05,1443.01,628.41,-0.068804
DESC-07,459,-836.99,-203.8,871.05,-0.060416
DESC-07,460,-233.65,2201.96,576.9,-0.050735
DESC-07,461,1788.2,-102.86,744.98,-0.084531
DESC-07,462,25.59,3244.66,395.43,-0.037165
DESC-07,463,-1133.77,-1522.5,536.68,-0.052886
DESC-07,464,2287.73,-2608.26,351.34,-0.058197
DESC-07,465,-833.26,2312.8,503.34,-0.036134
DESC-07,466,2413.1,-1418.91,454.32,-0.07428
DESC-07,467,1996.68,2431.77,431.42,-0.054036
DESC-07,468,-368.98,765.83,1036.39,-0.067946
DESC-07,469,1490.24,62.72,874.84,-0.0853
DESC-07,470,-3259.27,-2890.78,264.75,-0.012801
DESC-07,471,-771.41,2004.21,570.3,-0.046333
DESC-07,472,2522.34,-3038.53,309.37,-0.053258
DESC-07,473,556.78,3256.06,394.16,-0.040145
DESC-07,474,404.78,2638.82,494.66,-0.047675
DESC-07,475,1153.17,-1379.22,653.32,-0.082371
DESC-07,476,1243.7,-2604.94,408.57,-0.064896
DESC-07,477,585.19,2699.72,480.32,-0.046798
DESC-07,478,-555.59,-141.05,1011.74,-0.068998
DESC-07,479,-2215.61,-2625.88,320.42,-0.023393
DESC-07,480,-1451.51,-10.34,662.74,-0.052875
DESC-07,481,-1449.54,-1772.27,458.68,-0.046815
DESC-07,482,-484.79,-645.15,895.29,-0.071184
DESC-07,483,3493.41,981.69,367.57,-0.060499
DESC-07,484,-1032.14,2907.55,400.65,-0.031457
DESC-07,485,-368.35,2106.51,590.09,-0.049401
DESC-07,486,-898.61,-2372.94,426.09,-0.048076
DESC-07,487,569.99,-158.65,1312.03,-0.086669
DESC-07,488,3135.29,-56.5,424.82,-0.069576
DESC-07,489,2723.51,3426.38,301.81,-0.040987
DESC-07,490,-860.03,-2891.72,365.96,-0.043616
DESC-07,491,-1631.69,75.37,612.71,-0.047914
DESC-07,492,2690.79,2900.54,335.46,-0.047078
DESC-07,493,-43.17,-708.06,985.3,-0.081171
DESC-07,494,1298.79,-1667.98,565.43,-0.077873
DESC-07,495,-2986.96,391.53,367.03,-0.020422
DESC-07,496,2565.9,-1259.38,448.74,-0.073499
DESC-07,497,-1309.24,2989.55,375.26,-0.027461
DESC-07,498,-38.31,-2906.41,386.8,-0.051789
DESC-07,499,-2113.85,-2053.04,365.99,-0.030638
DESC-07,500,-558.3,-2912.9,374.25,-0.045581
DESC-07,501,2296.34,1483.22,508.31,-0.068617
DESC-07,502,2293.05,-1448.01,467.5,-0.074585
DESC-07,503,-184.3,2801.18,457.06,-0.041638
DESC-07,504,1875.37,2755.42,402.73,-0.051512
DESC-07,505,-293.53,3054.71,414.73,-0.036834
DESC-07,506,-886.51,-1707.1,535.57,-0.054645
DESC-07,507,321.22,-3495.4,327.69,-0.044304
DESC-07,508,-2090.61,-786.76,467.48,-0.037783
DESC-07,509,-1284.07,3237.94,352.8,-0.023117
DESC-07,510,1445.7,1846.19,593.91,-0.064436
DESC-07,511,1893.6,-3082.38,331.72,-0.054129
DESC-07,512,-3103.04,1418.01,334.77,-0.016251
DESC-07,513,1629.78,2919.44,399.36,-0.049944
DESC-07,514,2222.01,3274.04,333.79,-0.044364
DESC-07,515,-383.64,1511.92,759.46,-0.05658
DESC-07,516,-3062.82,2540.97,297.67,-0.008373
DESC-07,517,1280.39,2391.91,502.61,-0.057981
DESC-07,518,-1776.85,-991.64,503.97,-0.042056
DESC-07,519,1003.5,-2806.69,391.45,-0.058185
DESC-07,520,-863.64,1592.25,647.44,-0.051369
DESC-07,521,960.14,-2541.61,428.89,-0.064266
DESC-07,522,-1693.06,-810.61,538.14,-0.044237
DESC-07,523,-164.24,3470.15,365.88,-0.033798
DESC-07,524,172.72,418.5,1467.3,-0.075549
DESC-07,525,917.09,152.18,1192.86,-0.083324
DESC-07,526,-2077.83,3135.16,320.89,-0.016711
DESC-07,527,3234.36,-1511.72,355.78,-0.062559
DESC-07,528,-1476.03,3496.02,323.62,-0.024899
DESC-07,529,-1357.86,2883.86,383.12,-0.029066
DESC-07,530,-1705.81,-952.67,520.84,-0.043948
DESC-07,531,-3027.67,-1209.32,334.83,-0.024369
DESC-07,532,-539.54,-2614.06,411.76,-0.051343
DESC-07,533,1902.85,2909.48,383.92,-0.05028
DESC-07,534,1466.97,-2199.33,453.28,-0.068246
DESC-07,535,-2130.99,-3437.15,281.18,-0.025422
DESC-07,536,-2541.48,2730.54,318.7,-0.016597
DESC-07,537,-1250.0,686.81,707.82,-0.053605
DESC-07,538,1877.79,1202.94,631.32,-0.073263
DESC-07,539,-83.45,1631.99,758.32,-0.059615
DESC-07,540,2962.29,-3201.37,284.24,-0.051534
DESC-07,541,1094.69,-2857.02,382.63,-0.057955
DESC-07,542,846.35,-1.14,1217.48,-0.083862
DESC-07,543,1873.84,-3148.17,327.33,-0.052793
DESC-07,544,1751.81,30.25,766.09,-0.085155
DESC-07,545,-1093.13,1654.37,591.73,-0.044834
DESC-07,546,-1700.94,1101.86,547.24,-0.041902
DESC-07,547,-436.65,816.53,990.62,-0.069282
DESC-07,548,-75.27,-3175.16,355.91,-0.045299
DESC-07,549,-2507.94,-1843.42,348.12,-0.028698
DESC-07,550,-410.67,2782.46,451.53,-0.038401
DESC-07,551,978.76,-2637.46,414.48,-0.063094
DESC-07,552,-2550.0,232.57,424.33,-0.027891
DESC-07,553,-2533.73,-3149.66,280.5,-0.018332
DESC-07,554,-2283.95,3074.42,314.03,-0.016076
DESC-07,555,-1516.68,-2299.06,391.23,-0.039173
DESC-07,556,3231.96,-629.85,396.72,-0.068718
DESC-07,557,-3319.46,327.47,334.12,-0.017258
DESC-07,558,-2213.83,1530.56,425.22,-0.031252
DESC-07,559,-2344.67,3062.17,311.64,-0.014311
DESC-07,560,-179.56,1654.54,740.33,-0.057441
DESC-07,561,-3394.49,-1068.42,310.95,-0.016984
DESC-07,562,-292.79,-2972.62,374.43,-0.047245
DESC-07,563,-2359.54,1451.84,411.37,-0.027691
DESC-07,564,-1612.52,3307.57,331.71,-0.021202
DESC-07,565,2047.08,-3380.89,305.32,-0.047334
DESC-07,566,-2211.53,1922.76,396.92,-0.026125
DESC-07,567,819.9,-2267.01,479.34,-0.069462
DESC-07,568,-655.81,-280.32,935.15,-0.067045
DESC-07,569,-576.83,158.46,1035.48,-0.070281
DESC-07,570,2217.92,800.98,592.8,-0.076639
DESC-07,571,-2373.6,3426.76,291.8,-0.015063
DESC-07,572,2966.67,1311.81,418.57,-0.063304
DESC-07,573,2754.44,-753.29,459.26,-0.071894
DESC-07,574,1178.25,1505.15,725.56,-0.069151
DESC-07,575,-3153.87,-232.88,347.32,-0.020093
DESC-07,576,1143.16,-608.16,888.56,-0.087683
DESC-07,577,702.43,-940.43,869.81,-0.081074
DESC-07,578,1905.44,-46.16,707.97,-0.084046
DESC-07,579,-2003.18,-1531.72,419.68,-0.03834
DESC-07,580,3173.49,-1805.3,345.07,-0.06159
DESC-07,581,2703.38,-2460.73,337.4,-0.057381
DESC-07,582,-2699.5,-418.43,394.71,-0.031776
DESC-07,583,-1293.59,-1447.17,525.48,-0.053212
DESC-07,584,-3272.89,2358.59,292.79,-0.009974
DESC-07,585,2316.63,2435.26,401.59,-0.051189
DESC-07,586,2905.66,-1092.86,415.73,-0.068048
DESC-07,587,3428.66,833.99,378.58,-0.063176
DESC-07,588,783.48,2816.04,454.59,-0.048844
DESC-07,589,1161.9,-985.87,764.47,-0.083968
DESC-07,590,1248.84,383.01,987.61,-0.083885
DESC-07,591,491.04,-395.09,1188.86,-0.083091
DESC-07,592,3166.96,1051.86,404.25,-0.067607
DESC-07,593,755.03,3218.4,396.02,-0.042576
DESC-07,594,-1149.92,-2529.63,391.08,-0.044433
DESC-07,595,90.14,3257.7,394.41,-0.036253
DESC-07,596,-3369.36,1160.13,319.66,-0.012604
DESC-07,597,1568.88,2071.09,532.3,-0.05969
DESC-07,598,1357.45,945.85,833.04,-0.078714
DESC-07,599,-552.64,2592.22,475.93,-0.038178
DESC-07,600,2460.37,-1216.33,468.02,-0.07472
DESC-07,601,1788.68,1456.33,609.35,-0.068962
DESC-07,602,-1143.21,-1651.21,513.67,-0.051901
DESC-07,603,-2957.51,60.6,370.64,-0.025909
DESC-07,604,-2574.44,1270.43,394.1,-0.024878
DESC-07,605,-2210.09,-2092.13,355.57,-0.030843
DESC-07,606,-1372.57,-3071.88,329.47,-0.032654
DESC-07,607,-367.39,2036.64,607.67,-0.049661
DESC-07,608,2995.98,2162.62,362.4,-0.057659
DESC-07,609,-1551.07,1159.65,573.6,-0.042223
DESC-07,610,2790.1,-1249.98,419.69,-0.069446
DESC-07,611,1263.24,1107.21,820.85,-0.076986
DESC-07,612,2474.45,-2912.84,319.32,-0.052786
DESC-07,613,-677.23,1137.57,808.13,-0.059424
DESC-07,614,-3477.06,533.39,319.75,-0.01592
DESC-07,615,2008.77,820.43,646.43,-0.080701
DESC-07,616,-1781.67,-371.11,555.73,-0.044325
DESC-07,617,-2502.64,-1923.89,343.87,-0.028141
DESC-07,618,2096.44,1581.14,531.14,-0.067935
DESC-07,619,1304.3,-251.09,920.0,-0.08778
DESC-07,620,-2013.09,1717.66,437.19,-0.031286
DESC-07,621,-1626.93,-950.74,535.95,-0.046974
DESC-07,622,3074.54,-2885.48,294.34,-0.052043
DESC-07,623,-1620.23,297.2,616.31,-0.049053
DESC-07,624,1416.84,859.33,831.81,-0.080132
DESC-07,625,-2593.13,2952.44,304.69,-0.01431
DESC-07,626,2205.25,2714.28,383.12,-0.048615
DESC-07,627,-2676.87,-3099.96,277.51,-0.017091
DESC-07,628,112.29,1902.88,678.71,-0.057838
DESC-07,629,-3253.48,-1670.46,303.14,-0.020999
DESC-07,630,350.55,1380.39,882.37,-0.070586
DESC-07,631,2426.35,-843.63,509.24,-0.075426
DESC-07,632,-2909.21,-1245.45,343.56,-0.024802
DESC-07,633,-1580.2,-82.01,622.31,-0.050767
DESC-07,634,1852.85,213.72,732.69,-0.084534
DESC-07,635,756.69,1361.38,852.79,-0.072833
DESC-07,636,-1310.42,965.18,656.95,-0.048988
DESC-07,637,902.33,1247.79,870.15,-0.074876
DESC-07,638,-317.03,-811.46,880.85,-0.07338
DESC-07,639,2536.49,1241.38,489.6,-0.072042
DESC-07,640,-1449.42,-1082.29,553.26,-0.047932
DESC-07,641,1804.11,752.73,715.39,-0.082698
DESC-07,642,949.72,-283.27,1074.27,-0.085928
DESC-07,643,1683.0,439.59,788.45,-0.082202
DESC-07,644,-852.17,-3377.23,322.46,-0.035846
DESC-07,645,1574.45,-8.5,834.16,-0.084749
DESC-07,646,1388.98,-1960.22,499.0,-0.071507
DESC-07,647,-787.58,-799.31,760.36,-0.062817
DESC-07,648,-3314.83,-2983.6,260.46,-0.012026
DESC-07,649,3240.39,1098.31,393.16,-0.064383
DESC-07,650,1495.2,2754.65,428.82,-0.048843
DESC-07,651,-2066.83,-1017.82,454.35,-0.039112
DESC-07,652,1615.65,-2764.53,372.6,-0.061383
DESC-07,653,-1549.22,841.87,606.77,-0.046519
DESC-07,654,-215.0,-2610.74,423.23,-0.052338
DESC-07,655,2519.22,2741.35,358.21,-0.046917
DESC-07,656,-363.5,-2642.8,414.24,-0.051657
DESC-07,657,-1483.95,-966.91,562.16,-0.048457
DESC-07,658,-1361.56,-37.38,689.93,-0.053799
DESC-07,659,-2960.88,-2674.89,282.69,-0.016095
DESC-07,660,-1963.46,-1268.77,448.24,-0.041735
DESC-07,661,-1602.26,-1573.05,464.96,-0.046
DESC-07,662,-2289.22,1493.1,417.84,-0.030093
DESC-07,663,-3058.54,3403.91,267.95,-0.007932
DESC-07,664,-239.48,-960.14,839.23,-0.07412
DESC-07,665,-1999.23,2035.04,411.04,-0.029073
DESC-07,666,1671.39,-2517.61,397.13,-0.062812
DESC-07,667,2957.69,559.4,450.96,-0.071478
DESC-07,668,-1589.11,-471.01,594.15,-0.044133
DESC-07,669,505.74,-1482.71,684.47,-0.075337
DESC-07,670,47.08,2251.97,578.0,-0.052432
DESC-07,671,-2974.24,1724.95,335.0,-0.017856
DESC-07,672,-2625.88,-2562.02,302.6,-0.020056
DESC-07,673,2693.46,-1453.15,415.72,-0.068787
DESC-07,674,-180.94,2236.53,571.74,-0.049231
DESC-07,675,2132.27,3447.02,324.92,-0.043197
DESC-07,676,-3033.93,780.95,357.13,-0.01938
DESC-07,677,663.69,2601.89,496.99,-0.049968
DESC-07,678,2557.18,3389.55,310.86,-0.042063
DESC-07,679,2569.46,1683.82,446.06,-0.064016
DESC-07,680,-3459.94,1013.13,315.43,-0.014063
DESC-07,681,152.04,-1951.33,556.24,-0.068047
DESC-07,682,-916.97,-907.03,700.92,-0.060198
DESC-07,683,1820.29,864.88,696.21,-0.081219
DESC-07,684,-2987.47,2984.81,284.85,-0.007443
DESC-07,685,-1645.51,-1387.07,481.29,-0.046769
DESC-07,686,2188.5,-733.54,568.26,-0.081718
DESC-07,687,-213.11,-3344.34,337.78,-0.042788
DESC-07,688,-327.95,1377.09,816.35,-0.059247
DESC-07,689,3279.91,-395.01,397.83,-0.068068
DESC-07,690,-1260.77,2084.12,493.58,-0.037817
DESC-07,691,-3207.95,-1864.42,299.45,-0.017841
DESC-07,692,-754.59,1117.52,790.7,-0.05829
DESC-07,693,-2426.39,1211.65,415.84,-0.028216
DESC-07,694,-2926.76,-249.73,370.93,-0.023965
DESC-07,695,475.02,-2179.76,505.65,-0.06812
DESC-07,696,3175.03,-679.71,402.11,-0.068137
DESC-07,697,555.85,1715.3,738.46,-0.065649
DESC-07,698,1029.8,-2175.7,486.11,-0.071387
DESC-07,699,-1234.6,-2869.71,352.21,-0.037966
DESC-08,0,875.67,497.86,1173.71,-0.078854
DESC-08,1,2780.5,1765.71,412.23,-0.065887
DESC-08,2,1929.8,624.99,688.02,-0.080202
DESC-08,3,-1923.55,2119.45,411.65,-0.026752
DESC-08,4,-1398.84,353.29,681.09,-0.045671
DESC-08,5,2614.87,-2112.99,369.29,-0.064006
DESC-08,6,-3463.14,579.08,320.51,-0.006186
DESC-08,7,2248.6,-63.45,604.37,-0.081098
DESC-08,8,2079.49,-2338.45,389.9,-0.060623
DESC-08,9,-224.46,834.16,1066.62,-0.063311
DESC-08,10,-1378.77,2218.72,460.56,-0.031934
DESC-08,11,-1551.02,-2554.39,364.16,-0.033117
DESC-08,12,-1715.91,314.62,590.38,-0.040758
DESC-08,13,-384.47,1635.81,719.47,-0.054121
DESC-08,14,31.84,-678.88,1012.92,-0.071341
DESC-08,15,374.48,-1609.68,648.43,-0.06977
DESC-08,16,3468.5,-894.04,360.54,-0.067154
DESC-08,17,2048.63,291.89,666.78,-0.08224
DESC-08,18,855.25,1306.62,857.08,-0.073893
DESC-08,19,3422.72,414.23,386.14,-0.070251
DESC-08,20,-1992.84,-2750.82,324.21,-0.023884
DESC-08,21,-2378.52,2225.2,359.9,-0.016711
DESC-08,22,787.78,2967.02,430.46,-0.056531
DESC-08,23,-3192.41,-2790.95,269.95,-0.008174
DESC-08,24,-3250.24,-1753.36,300.66,-0.009015
DESC-08,25,104.22,-2284.23,484.84,-0.056364
DESC-08,26,-236.56,2444.09,522.14,-0.046649
DESC-08,27,2920.17,2871.95,323.76,-0.053442
DESC-08,28,904.58,-3190.08,351.03,-0.051501
DESC-08,29,98.82,-1173.06,794.71,-0.071054
DESC-08,30,-21.89,-2152.54,508.05,-0.0569
DESC-08,31,-1767.4,-213.27,567.86,-0.041379
DESC-08,32,-3417.44,2951.13,268.72,-0.005478
DESC-08,33,-2153.18,-3008.79,301.54,-0.020064
DESC-08,34,1344.22,-2301.05,446.25,-0.067841
DESC-08,35,-2095.75,-90.8,500.16,-0.033116
DESC-08,36,-913.25,168.24,867.88,-0.058504
DESC-08,37,-3473.86,1718.51,299.61,-0.005529
DESC-08,38,2310.33,-436.2,567.78,-0.080558
DESC-08,39,-2418.77,-2512.04,315.94,-0.020564
DESC-08,40,-1626.8,-1024.72,527.39,-0.043012
DESC-08,41,2662.33,3374.65,307.25,-0.050754
DESC-08,42,68.54,1755.06,725.89,-0.063499
DESC-08,43,2430.05,-2685.59,337.3,-0.057891
DESC-08,44,978.02,2157.46,576.97,-0.0635
DESC-08,45,1692.4,-1323.51,578.89,-0.07604
DESC-08,46,-2859.53,1969.78,334.15,-0.013234
DESC-08,47,288.01,-3410.95,335.09,-0.044364
DESC-08,48,54.41,2598.89,500.55,-0.046913
DESC-08,49,2599.38,-2363.83,351.0,-0.058286
DESC-08,50,-971.15,-309.75,801.96,-0.057586
DESC-08,51,687.29,1132.29,965.25,-0.071922
DESC-08,52,-3085.24,55.09,356.7,-0.011745
DESC-08,53,-786.58,-2342.22,437.48,-0.045182
DESC-08,54,-1238.75,-2526.17,386.09,-0.039156
DESC-08,55,-2448.6,-1508.26,373.43,-0.025452
DESC-08,56,2214.37,-3133.26,315.66,-0.051456
DESC-08,57,-843.88,-1984.19,489.89,-0.044888
DESC-08,58,3351.24,-2589.26,295.32,-0.054116
DESC-08,59,629.94,-246.42,1236.02,-0.07532
DESC-08,60,735.39,-1004.43,838.69,-0.074793
DESC-08,61,965.98,607.83,1091.23,-0.080691
DESC-08,62,1235.15,-1533.85,603.39,-0.076408
DESC-08,63,-2444.48,-3262.62,278.86,-0.012851
DESC-08,64,-417.81,-1182.23,731.07,-0.061439
DESC-08,65,-1823.05,1786.26,456.32,-0.028478
DESC-08,66,-682.51,-1709.13,558.46,-0.052481
DESC-08,67,-2823.07,-668.16,372.82,-0.017498
DESC-08,68,3274.8,1784.82,358.56,-0.064209
DESC-08,69,-1994.97,-653.23,493.22,-0.030871
DESC-08,70,1202.36,2709.87,453.44,-0.059987
DESC-08,71,-1397.06,2926.48,376.31,-0.030188
DESC-08,72,2618.54,-1326.29,435.73,-0.072316
DESC-08,73,1135.5,1651.75,691.05,-0.06837
DESC-08,74,-2578.69,-1728.18,348.91,-0.022334
DESC-08,75,2415.52,-2523.34,350.54,-0.058834
DESC-08,76,3114.64,-434.83,419.13,-0.074914
DESC-08,77,2827.42,717.31,468.63,-0.074692
DESC-08,78,488.03,3049.14,423.56,-0.051193
DESC-08,79,-2481.78,-2478.69,314.28,-0.020773
DESC-08,80,-2152.76,1486.54,436.69,-0.027738
DESC-08,81,2995.34,-171.75,444.52,-0.076606
DESC-08,82,366.29,-2578.03,435.25,-0.053064
DESC-08,83,-2236.13,3308.61,303.4,-0.015063
DESC-08,84,2688.4,1370.38,454.69,-0.070382
DESC-08,85,991.0,-2597.99,419.61,-0.056549
DESC-08,86,487.86,2840.29,456.87,-0.053699
DESC-08,87,-865.99,-2778.34,377.85,-0.042057
DESC-08,88,-623.31,-2851.39,379.09,-0.042294
DESC-08,89,-1823.58,-1179.14,477.31,-0.039165
DESC-08,90,-3233.6,3065.71,272.25,-0.005776
DESC-08,91,2633.53,-3268.83,292.4,-0.047157
DESC-08,92,-225.89,2927.45,435.43,-0.04338
DESC-08,93,333.45,781.28,1217.45,-0.071522
DESC-08,94,-1244.86,-3030.64,337.81,-0.030224
DESC-08,95,1759.27,480.14,757.02,-0.08358
DESC-08,96,-3323.62,-288.46,331.06,-0.011201
DESC-08,97,-894.7,447.89,865.0,-0.055707
DESC-08,98,-3287.55,1660.42,313.4,-0.008546
DESC-08,99,-2639.76,1250.33,387.18,-0.020449
DESC-08,100,3270.04,3480.59,278.49,-0.045379
DESC-08,101,1104.33,-2403.32,443.89,-0.063598
DESC-08,102,-502.46,2189.99,558.8,-0.04602
DESC-08,103,166.18,-622.35,1060.73,-0.073413
DESC-08,104,2609.66,1983.15,414.42,-0.065248
DESC-08,105,-1090.53,2742.45,417.31,-0.03604
DESC-08,106,632.04,3443.99,370.59,-0.043793
DESC-08,107,1285.79,-1637.71,573.51,-0.075692
DESC-08,108,-1012.1,-329.43,784.03,-0.055559
DESC-08,109,133.69,3099.45,416.39,-0.046787
DESC-08,110,1856.73,3120.17,365.19,-0.054217
DESC-08,111,2864.26,-889.88,434.09,-0.073189
DESC-08,112,-2442.56,3081.47,305.76,-0.013404
DESC-08,113,3033.94,-658.76,422.03,-0.074727
DESC-08,114,-3463.75,-876.64,310.32,-0.009269
DESC-08,115,1770.84,1796.34,552.88,-0.071935
DESC-08,116,2173.69,-201.52,618.11,-0.081711
DESC-08,117,-2542.65,-362.61,417.32,-0.027422
DESC-08,118,-567.67,-797.17,821.42,-0.062001
DESC-08,119,2206.79,-470.37,589.85,-0.079492
DESC-08,120,-3400.1,-2521.28,270.19,-0.005672
DESC-08,121,899.23,-3072.74,363.22,-0.051397
DESC-08,122,2051.17,1777.95,511.61,-0.071248
DESC-08,123,91.03,451.5,1406.2,-0.067451
DESC-08,124,1580.95,1203.23,707.0,-0.077621
DESC-08,125,-1915.04,2116.35,412.85,-0.026883
DESC-08,126,-2110.35,-1889.26,378.88,-0.029034
DESC-08,127,-958.11,-1863.59,499.46,-0.050542
DESC-08,128,-2244.16,-1554.64,391.11,-0.027259
DESC-08,129,-1077.57,-1372.53,572.23,-0.049933
DESC-08,130,3136.87,1824.84,369.65,-0.063178
DESC-08,131,513.33,-880.73,919.7,-0.076805
DESC-08,132,-1119.52,-1237.68,590.06,-0.049329
DESC-08,133,-1599.33,954.11,584.08,-0.03798
DESC-08,134,3164.28,-2194.01,324.53,-0.063268
DESC-08,135,-388.65,-2755.06,398.42,-0.048754
DESC-08,136,3362.76,1379.93,368.19,-0.065806
DESC-08,137,108.66,1795.12,713.98,-0.063563
DESC-08,138,148.16,-1425.45,705.16,-0.069218
DESC-08,139,2775.78,952.29,467.25,-0.074501
DESC-08,140,1699.37,-3261.46,324.48,-0.048223
DESC-08,141,564.57,-669.77,1018.23,-0.07989
DESC-08,142,-513.45,545.71,1032.12,-0.063343
DESC-08,143,2647.32,-1726.07,398.14,-0.070209
DESC-08,144,-618.48,-1062.5,729.74,-0.061484
DESC-08,145,2959.32,766.85,444.82,-0.074179
DESC-08,146,-3018.99,629.28,361.12,-0.01375
DESC-08,147,-490.02,-2420.66,441.88,-0.051264
DESC-08,148,136.6,1446.07,848.97,-0.064675
DESC-08,149,3156.57,-2939.8,288.53,-0.048591
DESC-08,150,-1743.01,3288.07,327.07,-0.019271
DESC-08,151,2142.27,-2083.47,412.14,-0.062578
DESC-08,152,1235.3,-1725.16,560.08,-0.073051
DESC-08,153,1519.6,-2097.9,464.78,-0.068997
DESC-08,154,907.36,3440.49,366.55,-0.043584
DESC-08,155,3300.92,-1493.84,350.79,-0.064476
DESC-08,156,-1171.23,737.05,728.0,-0.045163
DESC-08,157,-712.07,3434.44,356.62,-0.032147
DESC-08,158,-2079.62,3150.47,319.85,-0.020309
DESC-08,159,-3145.07,-3203.55,259.42,-0.0099
DESC-08,160,-2009.64,148.29,521.52,-0.034409
DESC-08,161,2908.25,709.13,455.08,-0.074004
DESC-08,162,2381.18,1416.77,500.68,-0.072815
DESC-08,163,-2713.16,-1148.63,366.07,-0.018463
DESC-08,164,726.45,-1204.64,763.74,-0.076781
DESC-08,165,-145.62,-3470.01,327.56,-0.041089
DESC-08,166,662.79,-3253.34,348.16,-0.047143
DESC-08,167,1114.93,350.4,1063.3,-0.081635
DESC-08,168,-1353.38,-2968.79,338.44,-0.030147
DESC-08,169,3229.46,-2082.63,326.14,-0.061007
DESC-08,170,-239.12,-1167.1,763.13,-0.063667
DESC-08,171,896.71,-3006.7,370.5,-0.052882
DESC-08,172,946.58,-3283.98,341.3,-0.049544
DESC-08,173,-2212.77,2988.44,322.83,-0.020204
DESC-08,174,-3066.94,-453.54,352.43,-0.014671
DESC-08,175,-619.38,-2065.81,493.85,-0.049169
DESC-08,176,1848.21,1459.16,596.56,-0.077521
DESC-08,177,2206.55,-3433.88,297.27,-0.044608
DESC-08,178,1609.92,-1784.88,507.29,-0.069175
DESC-08,179,-2707.57,3225.25,287.3,-0.009178
DESC-08,180,2893.48,2783.83,330.66,-0.053637
DESC-08,181,2114.26,951.48,605.07,-0.075758
DESC-08,182,2643.84,-2847.58,315.6,-0.054182
DESC-08,183,163.13,-1273.64,759.23,-0.069787
DESC-08,184,2909.45,-3304.47,281.48,-0.045745
DESC-08,185,-3173.43,-1965.66,297.94,-0.012842
DESC-08,186,-3287.98,-3321.96,252.53,-0.008884
DESC-08,187,-3358.49,-2616.85,269.06,-0.007022
DESC-08,188,-1730.62,932.5,555.7,-0.034527
DESC-08,189,-1760.01,-2796.9,332.79,-0.026921
DESC-08,190,-2187.48,-2409.66,335.6,-0.02281
DESC-08,191,469.39,2819.66,460.64,-0.053839
DESC-08,192,-3227.1,-1151.83,320.91,-0.013715
DESC-08,193,632.72,-1169.02,786.38,-0.07339
DESC-08,194,-2337.92,-2894.22,299.73,-0.014376
DESC-08,195,1245.12,2071.51,570.73,-0.065088
DESC-08,196,-3352.47,1234.64,319.39,-0.008683
DESC-08,197,-1326.01,329.93,705.61,-0.046098
DESC-08,198,3068.39,825.39,426.13,-0.074022
DESC-08,199,268.77,-2797.34,403.34,-0.051272
DESC-08,200,2181.11,-1677.86,454.99,-0.072928
DESC-08,201,1106.18,585.49,1026.73,-0.080662
DESC-08,202,775.26,3165.62,402.53,-0.050389
DESC-08,203,-2161.23,2219.92,379.57,-0.02186
DESC-08,204,520.76,985.08,1070.9,-0.072981
DESC-08,205,-3222.2,131.73,343.26,-0.012404
DESC-08,206,2111.65,-3394.07,302.51,-0.047
DESC-08,207,3220.5,2735.01,313.87,-0.051968
DESC-08,208,2478.06,-3032.02,311.6,-0.052467
DESC-08,209,-3145.03,-2596.43,277.88,-0.007781
DESC-08,210,-1129.38,1351.5,641.22,-0.045451
DESC-08,211,-1273.98,2185.01,477.09,-0.034395
DESC-08,212,-2710.98,2005.85,344.4,-0.015338
DESC-08,213,886.28,-333.17,1084.4,-0.080414
DESC-08,214,2082.21,-2260.61,397.89,-0.060742
DESC-08,215,-1303.95,-3252.88,318.52,-0.031533
DESC-08,216,2539.66,2459.66,379.86,-0.058554
DESC-08,217,2079.89,3343.88,334.92,-0.049829
DESC-08,218,-2596.03,-1791.05,344.06,-0.021652
DESC-08,219,1868.01,2562.53,426.53,-0.060335
DESC-08,220,2678.35,-682.28,476.46,-0.077094
DESC-08,221,-2119.02,-1320.59,423.27,-0.029955
DESC-08,222,515.49,36.08,1452.28,-0.073456
DESC-08,223,971.25,-3442.82,326.95,-0.048171
DESC-08,224,765.34,-401.0,1103.7,-0.078975
DESC-08,225,-2826.28,-2103.12,312.68,-0.014959
DESC-08,226,1128.34,1487.2,740.64,-0.07118
DESC-08,227,923.68,18.0,1172.71,-0.07989
DESC-08,228,2267.2,2581.97,391.27,-0.058581
DESC-08,229,2124.59,2776.54,382.81,-0.057815
DESC-08,230,-1209.82,-1282.69,565.94,-0.048473
DESC-08,231,1554.33,-1537.31,559.49,-0.076991
DESC-08,232,2570.91,3073.91,330.49,-0.053354
DESC-08,233,2750.63,27.98,491.62,-0.076362
DESC-08,234,-2369.41,-2824.39,301.89,-0.015953
DESC-08,235,-3313.08,-3178.8,255.44,-0.009406
DESC-08,236,1055.65,3432.98,363.99,-0.044245
DESC-08,237,-1997.27,554.15,518.5,-0.032565
DESC-08,238,445.97,-3118.55,363.81,-0.048143
DESC-08,239,3113.63,78.79,429.46,-0.073478
DESC-08,240,-844.76,28.73,893.36,-0.05863
DESC-08,241,-1730.58,-452.29,561.9,-0.040253
DESC-08,242,-304.43,3158.96,400.31,-0.041014
DESC-08,243,1100.71,3141.4,396.55,-0.048766
DESC-08,244,-2792.31,-2625.23,291.91,-0.013498
DESC-08,245,-835.91,-2437.96,421.07,-0.045258
DESC-08,246,-2563.95,-647.58,404.81,-0.023212
DESC-08,247,1137.12,2338.19,524.54,-0.060745
DESC-08,248,2313.87,866.27,564.7,-0.078518
DESC-08,249,-862.02,1608.81,643.97,-0.044883
DESC-08,250,-897.93,532.41,854.86,-0.054886
DESC-08,251,276.65,-2029.6,539.25,-0.059274
DESC-08,252,-1994.6,2224.36,395.05,-0.023949
DESC-08,253,-1768.13,-3401.85,294.09,-0.022947
DESC-08,254,-1191.03,1389.39,620.6,-0.04235
DESC-08,255,-298.02,-2139.62,499.86,-0.05263
DESC-08,256,-2929.28,-202.36,371.35,-0.01726
DESC-08,257,1769.12,3325.93,349.99,-0.050023
DESC-08,258,553.38,273.25,1458.13,-0.074463
DESC-08,259,-1402.14,-3101.36,326.09,-0.028311
DESC-08,260,-2957.17,-498.54,362.78,-0.018003
DESC-08,261,1842.27,1121.87,652.76,-0.078005
DESC-08,262,-2582.45,-3103.05,280.69,-0.01568
DESC-08,263,-2567.55,-1731.42,349.65,-0.022227
DESC-08,264,-2585.21,-3371.65,270.27,-0.015757
DESC-08,265,-2931.16,280.48,373.89,-0.017179
DESC-08,266,2844.75,-829.66,440.59,-0.073885
DESC-08,267,-1615.29,25.83,616.17,-0.043884
DESC-08,268,-1355.13,-1429.14,518.92,-0.04599
DESC-08,269,2329.56,1097.65,541.64,-0.077041
DESC-08,270,839.46,-2288.4,474.72,-0.063474
DESC-08,271,-2190.0,2846.56,333.05,-0.022252
DESC-08,272,-456.31,3220.57,388.17,-0.037463
DESC-08,273,2687.46,-49.04,502.76,-0.076534
DESC-08,274,-872.38,-242.27,850.58,-0.058035
DESC-08,275,1476.17,2517.32,465.27,-0.061006
DESC-08,276,-2822.35,-1471.14,341.5,-0.015945
DESC-08,277,1591.27,2121.74,520.44,-0.06532
DESC-08,278,1935.31,-1488.85,512.93,-0.073251
DESC-08,279,2280.37,1539.75,504.67,-0.071932
DESC-08,280,1219.41,-1161.92,701.57,-0.079262
DESC-08,281,-904.87,718.21,825.67,-0.053859
DESC-08,282,-3050.52,2981.08,282.3,-0.011356
DESC-08,283,131.43,-3119.73,363.57,-0.045866
DESC-08,284,1802.22,2150.78,490.55,-0.065792
DESC-08,285,-2164.13,292.92,489.83,-0.027825
DESC-08,286,-1636.34,-846.53,545.8,-0.044757
DESC-08,287,252.84,-1048.07,852.35,-0.071906
DESC-08,288,1738.32,-3014.12,343.41,-0.054692
DESC-08,289,2776.11,-1691.35,387.92,-0.06902
DESC-08,290,-2619.81,861.96,403.83,-0.021945
DESC-08,291,-2210.11,-2816.87,309.6,-0.018511
DESC-08,292,2096.76,1185.85,582.57,-0.07647
DESC-08,293,1011.65,3235.77,387.64,-0.046652
DESC-08,294,1546.81,3365.43,355.26,-0.048408
DESC-08,295,3477.4,2724.69,300.25,-0.051646
DESC-08,296,3074.26,2146.28,356.64,-0.058311
DESC-08,297,2401.18,-2254.33,374.04,-0.060546
DESC-08,298,1939.81,3291.09,345.54,-0.051073
DESC-08,299,-734.87,-2080.94,482.42,-0.045548
DESC-08,300,988.6,2583.35,486.96,-0.05949
DESC-08,301,-2208.88,2645.12,345.14,-0.02014
DESC-08,302,1816.46,853.36,698.9,-0.079802
DESC-08,303,1803.83,149.15,750.09,-0.084769
DESC-08,304,1549.07,-2097.02,462.46,-0.070754
DESC-08,305,-386.41,136.28,1147.33,-0.063845
DESC-08,306,-852.74,-1465.66,588.69,-0.05489
DESC-08,307,-561.6,-2618.84,410.22,-0.046644
DESC-08,308,-3266.63,-2602.66,272.91,-0.005575
DESC-08,309,2410.24,2108.2,425.09,-0.066399
DESC-08,310,296.59,2956.82,438.73,-0.048588
DESC-08,311,-787.37,-2506.92,414.53,-0.045346
DESC-08,312,336.2,-3407.17,335.41,-0.044137
DESC-08,313,1551.48,-1654.57,537.53,-0.074929
DESC-08,314,-829.77,-2558.93,405.55,-0.044326
DESC-08,315,2314.48,-2179.61,387.67,-0.061609
DESC-08,316,2936.24,583.29,453.98,-0.072556
DESC-08,317,-787.97,-543.94,823.0,-0.056153
DESC-08,318,-2535.29,-495.4,414.22,-0.025187
DESC-08,319,1822.61,-2060.71,443.74,-0.067553
DESC-08,320,3450.64,1152.12,367.16,-0.063371
DESC-08,321,-2464.08,-1473.43,374.01,-0.024933
DESC-08,322,1488.73,-705.97,753.81,-0.082556
DESC-08,323,2277.26,-256.1,587.78,-0.080725
DESC-08,324,2944.0,2830.97,324.78,-0.052999
DESC-08,325,-2636.33,-1775.51,341.72,-0.020297
DESC-08,326,-2857.33,1530.66,352.79,-0.016066
DESC-08,327,3415.1,-1334.42,348.15,-0.064944
DESC-08,328,-2682.7,2760.98,309.11,-0.010147
DESC-08,329,-2262.35,-741.44,443.07,-0.025372
DESC-08,330,524.67,36.13,1446.17,-0.073436
DESC-08,331,-376.09,2640.51,477.26,-0.042999
DESC-08,332,1752.75,1209.33,661.24,-0.078123
DESC-08,333,-2166.1,-2839.49,310.37,-0.018636
DESC-08,334,2900.99,-2542.15,320.73,-0.057726
DESC-08,335,-1979.64,3435.13,307.21,-0.01676
DESC-08,336,1883.78,-3296.26,316.09,-0.049246
DESC-08,337,-3026.78,-1393.9,328.25,-0.014798
DESC-08,338,-186.18,3212.26,396.18,-0.041297
DESC-08,339,-3272.09,-3394.26,251.16,-0.008515
DESC-08,340,-1303.33,-2370.21,399.08,-0.039791
DESC-08,341,-1314.39,-2006.45,442.39,-0.042225
DESC-08,342,1538.24,-2895.26,362.51,-0.056143
DESC-08,343,-314.88,-196.27,1121.08,-0.066568
DESC-08,344,-3102.58,647.07,352.22,-0.013103
DESC-08,345,3467.53,-1271.75,346.16,-0.065016
DESC-08,346,2720.9,-2739.45,318.45,-0.054383
DESC-08,347,2914.27,2176.69,368.72,-0.058259
DESC-08,348,-1773.97,2131.3,426.77,-0.027863
DESC-08,349,-741.23,434.7,936.31,-0.05945
DESC-08,350,-1909.74,-2535.81,343.84,-0.026867
DESC-08,351,-2625.66,293.38,413.11,-0.018605
DESC-08,352,-3268.83,906.67,332.66,-0.008619
DESC-08,353,23.36,-501.95,1107.07,-0.072555
DESC-08,354,-2638.06,2547.04,322.27,-0.01265
DESC-08,355,-2265.87,-769.68,440.94,-0.025874
DESC-08,356,2523.33,76.21,539.92,-0.078901
DESC-08,357,-110.3,-2701.0,412.72,-0.053077
DESC-08,358,-2214.08,444.86,478.45,-0.027267
DESC-08,359,1189.05,1865.14,626.16,-0.068891
DESC-08,360,-1638.95,1618.81,502.32,-0.033752
DESC-08,361,188.56,-1701.13,621.42,-0.063575
DESC-08,362,-1519.33,3443.06,325.74,-0.020162
DESC-08,363,113.13,1539.54,808.83,-0.065094
DESC-08,364,899.74,-533.73,997.48,-0.082156
DESC-08,365,253.46,-595.64,1081.73,-0.075689
DESC-08,366,-730.77,1955.28,586.13,-0.047797
DESC-08,367,2035.7,-2270.22,400.44,-0.062209
DESC-08,368,2614.06,977.39,494.65,-0.075832
DESC-08,369,-2244.4,1531.88,421.1,-0.026776
DESC-08,370,-2545.84,114.38,424.78,-0.020973
DESC-08,371,-2707.66,2612.39,314.76,-0.011409
DESC-08,372,3357.18,-219.55,391.71,-0.072519
DESC-08,373,3091.14,-245.75,427.89,-0.073497
DESC-08,374,-1885.33,-1507.24,436.15,-0.033795
DESC-08,375,3289.35,2935.6,300.67,-0.050605
DESC-08,376,-2045.28,-1286.11,435.62,-0.030032
DESC-08,377,45.33,1366.9,876.53,-0.062472
DESC-08,378,-18.3,-634.53,1026.97,-0.07168
DESC-08,379,2904.69,3047.97,314.46,-0.051573
DESC-08,380,-3216.3,3135.72,270.77,-0.006462
DESC-08,381,-1292.54,-3289.75,316.27,-0.032262
DESC-08,382,699.82,3461.74,367.75,-0.041786
DESC-08,383,-3035.21,734.55,357.81,-0.011951
DESC-08,384,-1844.15,-2983.03,316.12,-0.026051
DESC-08,385,-244.56,-20.78,1213.82,-0.065815
DESC-08,386,2666.0,-3153.7,297.22,-0.050913
DESC-08,387,1826.72,342.26,739.69,-0.082456
DESC-08,388,2302.86,-2201.82,386.48,-0.0613
DESC-08,389,1827.49,-924.42,623.58,-0.080554
DESC-08,390,1454.05,-1367.1,609.84,-0.076319
DESC-08,391,2447.85,715.48,544.01,-0.078027
DESC-08,392,1270.34,2256.53,529.39,-0.06298
DESC-08,393,1649.78,3055.76,382.62,-0.052608
DESC-08,394,-1388.49,-1197.99,547.86,-0.046619
DESC-08,395,-2326.51,487.83,457.68,-0.024034
DESC-08,396,1795.67,-3458.71,307.57,-0.046537
DESC-08,397,-2339.14,-894.86,423.27,-0.024109
DESC-08,398,2936.19,3224.93,303.36,-0.049219
DESC-08,399,676.5,-2668.13,418.05,-0.053882
DESC-08,400,-1193.96,2588.79,429.27,-0.035983
DESC-08,401,3056.5,1067.54,418.48,-0.06828
DESC-08,402,-2414.09,-1442.74,380.95,-0.025615
DESC-08,403,101.26,1947.13,664.5,-0.057648
DESC-08,404,-2859.12,-1475.03,338.3,-0.016086
DESC-08,405,3257.99,2763.71,310.35,-0.051948
DESC-08,406,527.63,-2920.69,386.28,-0.051131
DESC-08,407,2125.67,-2667.05,355.59,-0.056545
DESC-08,408,-1526.54,1750.09,503.73,-0.034686
DESC-08,409,2112.58,-355.75,623.82,-0.080773
DESC-08,410,1419.89,-2467.76,417.97,-0.066133
DESC-08,411,1005.77,94.04,1132.09,-0.081411
DESC-08,412,3153.94,-1421.22,368.18,-0.066492
DESC-08,413,-465.56,345.21,1092.25,-0.063604
DESC-08,414,-594.38,1706.0,666.62,-0.052757
DESC-08,415,1344.85,2497.88,478.77,-0.06041
DESC-08,416,2345.39,-3087.0,313.55,-0.052841
DESC-08,417,-1154.47,646.48,743.98,-0.044908
DESC-08,418,1187.6,3385.66,365.43,-0.045936
DESC-08,419,-2036.74,-281.42,505.72,-0.030877
DESC-08,420,361.9,1886.97,686.78,-0.061529
DESC-08,421,1884.2,-2819.18,354.5,-0.056106
DESC-08,422,-3042.8,2614.56,295.98,-0.009886
DESC-08,423,1594.89,574.37,810.7,-0.082792
DESC-08,424,-3391.97,2717.84,276.25,-0.005253
DESC-08,425,3208.45,2009.83,352.86,-0.062964
DESC-08,426,-219.31,2584.68,494.76,-0.044063
DESC-08,427,-636.5,-3098.93,352.48,-0.041644
DESC-08,428,1543.11,1508.67,650.29,-0.074864
DESC-08,429,163.09,-2121.13,518.34,-0.061178
DESC-08,430,1615.94,-1639.33,532.12,-0.073739
DESC-08,431,-2906.69,-1226.52,344.52,-0.015258
DESC-08,432,439.54,639.2,1303.23,-0.072449
DESC-08,433,406.76,895.03,1138.64,-0.071575
DESC-08,434,3024.8,3020.1,309.83,-0.051528
DESC-08,435,-3222.76,-3410.97,251.94,-0.008665
DESC-08,436,-330.26,-2145.93,497.02,-0.051525
DESC-08,437,917.51,-965.98,822.42,-0.079074
DESC-08,438,355.23,2226.05,588.39,-0.056003
DESC-08,439,-2980.87,349.36,367.96,-0.015072
DESC-08,440,652.6,83.93,1371.16,-0.075989
DESC-08,441,-1944.62,1821.3,436.81,-0.026813
DESC-08,442,-2131.16,1085.41,467.28,-0.028012
DESC-08,443,2650.84,-1471.01,419.29,-0.07201
DESC-08,444,-2115.11,-2890.19,309.79,-0.017932
DESC-08,445,-319.96,-263.85,1095.19,-0.067042
DESC-08,446,1752.01,2661.16,423.22,-0.056843
DESC-08,447,1451.21,686.99,851.91,-0.080131
DESC-08,448,374.21,-3126.98,363.15,-0.049605
DESC-08,449,2149.32,-419.46,608.71,-0.08004
DESC-08,450,-239.29,-807.72,900.12,-0.065751
DESC-08,451,842.7,576.97,1165.55,-0.077706
DESC-08,452,2232.42,609.89,601.93,-0.080668
DESC-08,453,1246.64,3159.32,389.02,-0.049265
DESC-08,454,992.8,-1133.34,750.87,-0.080128
DESC-08,455,-657.1,-643.33,840.85,-0.061021
DESC-08,456,408.26,794.6,1202.55,-0.072371
DESC-08,457,-727.42,2704.73,446.75,-0.038879
DESC-08,458,1710.05,1443.01,628.41,-0.074819
DESC-08,459,-836.99,-203.8,871.05,-0.05827
DESC-08,460,-233.65,2201.96,576.9,-0.048251
DESC-08,461,1788.2,-102.86,744.98,-0.085988
DESC-08,462,25.59,3244.66,395.43,-0.044689
DESC-08,463,-1133.77,-1522.5,536.68,-0.049551
DESC-08,464,2287.73,-2608.26,351.34,-0.055925
DESC-08,465,-833.26,2312.8,503.34,-0.043377
DESC-08,466,2413.1,-1418.91,454.32,-0.07588
DESC-08,467,1996.68,2431.77,431.42,-0.061997
DESC-08,468,-368.98,765.83,1036.39,-0.060867
DESC-08,469,1490.24,62.72,874.84,-0.087368
DESC-08,470,-3259.27,-2890.78,264.75,-0.008474
DESC-08,471,-771.41,2004.21,570.3,-0.047697
DESC-08,472,2522.34,-3038.53,309.37,-0.051138
DESC-08,473,556.78,3256.06,394.16,-0.046491
DESC-08,474,404.78,2638.82,494.66,-0.052949
DESC-08,475,1153.17,-1379.22,653.32,-0.077659
DESC-08,476,1243.7,-2604.94,408.57,-0.061216
DESC-08,477,585.19,2699.72,480.32,-0.055365
DESC-08,478,-555.59,-141.05,1011.74,-0.063671
DESC-08,479,-2215.61,-2625.88,320.42,-0.021949
DESC-08,480,-1451.51,-10.34,662.74,-0.048424
DESC-08,481,-1449.54,-1772.27,458.68,-0.041625
DESC-08,482,-484.79,-645.15,895.29,-0.064706
DESC-08,483,3493.41,981.69,367.57,-0.064015
DESC-08,484,-1032.14,2907.55,400.65,-0.037205
DESC-08,485,-368.35,2106.51,590.09,-0.048015
DESC-08,486,-898.61,-2372.94,426.09,-0.043707
DESC-08,487,569.99,-158.65,1312.03,-0.073454
DESC-08,488,3135.29,-56.5,424.82,-0.074168
DESC-08,489,2723.51,3426.38,301.81,-0.051262
DESC-08,490,-860.03,-2891.72,365.96,-0.041302
DESC-08,491,-1631.69,75.37,612.71,-0.042357
DESC-08,492,2690.79,2900.54,335.46,-0.05449
DESC-08,493,-43.17,-708.06,985.3,-0.070769
DESC-08,494,1298.79,-1667.98,565.43,-0.075332
DESC-08,495,-2986.96,391.53,367.03,-0.014946
DESC-08,496,2565.9,-1259.38,448.74,-0.073988
DESC-08,497,-1309.24,2989.55,375.26,-0.032515
DESC-08,498,-38.31,-2906.41,386.8,-0.050037
DESC-08,499,-2113.85,-2053.04,365.99,-0.026198
DESC-08,500,-558.3,-2912.9,374.25,-0.041775
DESC-08,501,2296.34,1483.22,508.31,-0.07267
DESC-08,502,2293.05,-1448.01,467.5,-0.076023
DESC-08,503,-184.3,2801.18,457.06,-0.042353
DESC-08,504,1875.37,2755.42,402.73,-0.057291
DESC-08,505,-293.53,3054.71,414.73,-0.042985
DESC-08,506,-886.51,-1707.1,535.57,-0.051787
DESC-08,507,321.22,-3495.4,327.69,-0.042348
DESC-08,508,-2090.61,-786.76,467.48,-0.027598
DESC-08,509,-1284.07,3237.94,352.8,-0.028595
DESC-08,510,1445.7,1846.19,593.91,-0.068746
DESC-08,511,1893.6,-3082.38,331.72,-0.053081
DESC-08,512,-3103.04,1418.01,334.77,-0.010301
DESC-08,513,1629.78,2919.44,399.36,-0.054231
DESC-08,514,2222.01,3274.04,333.79,-0.050855
DESC-08,515,-383.64,1511.92,759.46,-0.056861
DESC-08,516,-3062.82,2540.97,297.67,-0.009843
DESC-08,517,1280.39,2391.91,502.61,-0.061657
DESC-08,518,-1776.85,-991.64,503.97,-0.043943
DESC-08,519,1003.5,-2806.69,391.45,-0.054006
DESC-08,520,-863.64,1592.25,647.44,-0.045187
DESC-08,521,960.14,-2541.61,428.89,-0.058214
DESC-08,522,-1693.06,-810.61,538.14,-0.043428
DESC-08,523,-164.24,3470.15,365.88,-0.038145
DESC-08,524,172.72,418.5,1467.3,-0.068052
DESC-08,525,917.09,152.18,1192.86,-0.081406
DESC-08,526,-2077.83,3135.16,320.89,-0.02036
DESC-08,527,3234.36,-1511.72,355.78,-0.064954
DESC-08,528,-1476.03,3496.02,323.62,-0.020744
DESC-08,529,-1357.86,2883.86,383.12,-0.032764
DESC-08,530,-1705.81,-952.67,520.84,-0.043923
DESC-08,531,-3027.67,-1209.32,334.83,-0.016117
DESC-08,532,-539.54,-2614.06,411.76,-0.046966
DESC-08,533,1902.85,2909.48,383.92,-0.054184
DESC-08,534,1466.97,-2199.33,453.28,-0.067651
DESC-08,535,-2130.99,-3437.15,281.18,-0.018395
DESC-08,536,-2541.48,2730.54,318.7,-0.013895
DESC-08,537,-1250.0,686.81,707.82,-0.044516
DESC-08,538,1877.79,1202.94,631.32,-0.077277
DESC-08,539,-83.45,1631.99,758.32,-0.061515
DESC-08,540,2962.29,-3201.37,284.24,-0.04776
DESC-08,541,1094.69,-2857.02,382.63,-0.057576
DESC-08,542,846.35,-1.14,1217.48,-0.07982
DESC-08,543,1873.84,-3148.17,327.33,-0.052493
DESC-08,544,1751.81,30.25,766.09,-0.086396
DESC-08,545,-1093.13,1654.37,591.73,-0.040201
DESC-08,546,-1700.94,1101.86,547.24,-0.036876
DESC-08,547,-436.65,816.53,990.62,-0.061618
DESC-08,548,-75.27,-3175.16,355.91,-0.044059
DESC-08,549,-2507.94,-1843.42,348.12,-0.023716
DESC-08,550,-410.67,2782.46,451.53,-0.04186
DESC-08,551,978.76,-2637.46,414.48,-0.055906
DESC-08,552,-2550.0,232.57,424.33,-0.020288
DESC-08,553,-2533.73,-3149.66,280.5,-0.015625
DESC-08,554,-2283.95,3074.42,314.03,-0.016333
DESC-08,555,-1516.68,-2299.06,391.23,-0.033998
DESC-08,556,3231.96,-629.85,396.72,-0.073691
DESC-08,557,-3319.46,327.47,334.12,-0.010463
DESC-08,558,-2213.83,1530.56,425.22,-0.026389
DESC-08,559,-2344.67,3062.17,311.64,-0.015615
DESC-08,560,-179.56,1654.54,740.33,-0.059949
DESC-08,561,-3394.49,-1068.42,310.95,-0.011232
DESC-08,562,-292.79,-2972.62,374.43,-0.044925
DESC-08,563,-2359.54,1451.84,411.37,-0.02589
DESC-08,564,-1612.52,3307.57,331.71,-0.020668
DESC-08,565,2047.08,-3380.89,305.32,-0.047149
DESC-08,566,-2211.53,1922.76,396.92,-0.023711
DESC-08,567,819.9,-2267.01,479.34,-0.063191
DESC-08,568,-655.81,-280.32,935.15,-0.060622
DESC-08,569,-576.83,158.46,1035.48,-0.061113
DESC-08,570,2217.92,800.98,592.8,-0.07758
DESC-08,571,-2373.6,3426.76,291.8,-0.014663
DESC-08,572,2966.67,1311.81,418.57,-0.067139
DESC-08,573,2754.44,-753.29,459.26,-0.075095
DESC-08,574,1178.25,1505.15,725.56,-0.070399
DESC-08,575,-3153.87,-232.88,347.32,-0.014258
DESC-08,576,1143.16,-608.16,888.56,-0.081548
DESC-08,577,702.43,-940.43,869.81,-0.075691
DESC-08,578,1905.44,-46.16,707.97,-0.08609
DESC-08,579,-2003.18,-1531.72,419.68,-0.029975
DESC-08,580,3173.49,-1805.3,345.07,-0.064946
DESC-08,581,2703.38,-2460.73,337.4,-0.059389
DESC-08,582,-2699.5,-418.43,394.71,-0.0222
DESC-08,583,-1293.59,-1447.17,525.48,-0.047424
DESC-08,584,-3272.89,2358.59,292.79,-0.00672
DESC-08,585,2316.63,2435.26,401.59,-0.06093
DESC-08,586,2905.66,-1092.86,415.73,-0.071221
DESC-08,587,3428.66,833.99,378.58,-0.065769
DESC-08,588,783.48,2816.04,454.59,-0.056935
DESC-08,589,1161.9,-985.87,764.47,-0.079449
DESC-08,590,1248.84,383.01,987.61,-0.08155
DESC-08,591,491.04,-395.09,1188.86,-0.077389
DESC-08,592,3166.96,1051.86,404.25,-0.066829
DESC-08,593,755.03,3218.4,396.02,-0.04811
DESC-08,594,-1149.92,-2529.63,391.08,-0.040011
DESC-08,595,90.14,3257.7,394.41,-0.043637
DESC-08,596,-3369.36,1160.13,319.66,-0.006493
DESC-08,597,1568.88,2071.09,532.3,-0.065402
DESC-08,598,1357.45,945.85,833.04,-0.080953
DESC-08,599,-552.64,2592.22,475.93,-0.041358
DESC-08,600,2460.37,-1216.33,468.02,-0.075732
DESC-08,601,1788.68,1456.33,609.35,-0.076541
DESC-08,602,-1143.21,-1651.21,513.67,-0.048276
DESC-08,603,-2957.51,60.6,370.64,-0.015423
DESC-08,604,-2574.44,1270.43,394.1,-0.019984
DESC-08,605,-2210.09,-2092.13,355.57,-0.024652
DESC-08,606,-1372.57,-3071.88,329.47,-0.028871
DESC-08,607,-367.39,2036.64,607.67,-0.048713
DESC-08,608,2995.98,2162.62,362.4,-0.057621
DESC-08,609,-1551.07,1159.65,573.6,-0.036981
DESC-08,610,2790.1,-1249.98,419.69,-0.070607
DESC-08,611,1263.24,1107.21,820.85,-0.078158
DESC-08,612,2474.45,-2912.84,319.32,-0.053925
DESC-08,613,-677.23,1137.57,808.13,-0.058294
DESC-08,614,-3477.06,533.39,319.75,-0.007708
DESC-08,615,2008.77,820.43,646.43,-0.077043
DESC-08,616,-1781.67,-371.11,555.73,-0.039576
DESC-08,617,-2502.64,-1923.89,343.87,-0.020859
DESC-08,618,2096.44,1581.14,531.14,-0.071125
DESC-08,619,1304.3,-251.09,920.0,-0.086399
DESC-08,620,-2013.09,1717.66,437.19,-0.026692
DESC-08,621,-1626.93,-950.74,535.95,-0.041794
DESC-08,622,3074.54,-2885.48,294.34,-0.051296
DESC-08,623,-1620.23,297.2,616.31,-0.041865
DESC-08,624,1416.84,859.33,831.81,-0.080913
DESC-08,625,-2593.13,2952.44,304.69,-0.012288
DESC-08,626,2205.25,2714.28,383.12,-0.058188
DESC-08,627,-2676.87,-3099.96,277.51,-0.014679
DESC-08,628,112.29,1902.88,678.71,-0.058836
DESC-08,629,-3253.48,-1670.46,303.14,-0.010589
DESC-08,630,350.55,1380.39,882.37,-0.066735
DESC-08,631,2426.35,-843.63,509.24,-0.078884
DESC-08,632,-2909.21,-1245.45,343.56,-0.015073
DESC-08,633,-1580.2,-82.01,622.31,-0.044925
DESC-08,634,1852.85,213.72,732.69,-0.084548
DESC-08,635,756.69,1361.38,852.79,-0.071563
DESC-08,636,-1310.42,965.18,656.95,-0.043976
DESC-08,637,902.33,1247.79,870.15,-0.075285
DESC-08,638,-317.03,-811.46,880.85,-0.063947
DESC-08,639,2536.49,1241.38,489.6,-0.075886
DESC-08,640,-1449.42,-1082.29,553.26,-0.044965
DESC-08,641,1804.11,752.73,715.39,-0.079603
DESC-08,642,949.72,-283.27,1074.27,-0.081873
DESC-08,643,1683.0,439.59,788.45,-0.082552
DESC-08,644,-852.17,-3377.23,322.46,-0.033641
DESC-08,645,1574.45,-8.5,834.16,-0.088459
DESC-08,646,1388.98,-1960.22,499.0,-0.069596
DESC-08,647,-787.58,-799.31,760.36,-0.057342
DESC-08,648,-3314.83,-2983.6,260.46,-0.00919
DESC-08,649,3240.39,1098.31,393.16,-0.06534
DESC-08,650,1495.2,2754.65,428.82,-0.056076
DESC-08,651,-2066.83,-1017.82,454.35,-0.032259
DESC-08,652,1615.65,-2764.53,372.6,-0.061123
DESC-08,653,-1549.22,841.87,606.77,-0.038768
DESC-08,654,-215.0,-2610.74,423.23,-0.053197
DESC-08,655,2519.22,2741.35,358.21,-0.05865
DESC-08,656,-363.5,-2642.8,414.24,-0.050788
DESC-08,657,-1483.95,-966.91,562.16,-0.047433
DESC-08,658,-1361.56,-37.38,689.93,-0.050135
DESC-08,659,-2960.88,-2674.89,282.69,-0.009015
DESC-08,660,-1963.46,-1268.77,448.24,-0.035901
DESC-08,661,-1602.26,-1573.05,464.96,-0.039223
DESC-08,662,-2289.22,1493.1,417.84,-0.027145
DESC-08,663,-3058.54,3403.91,267.95,-0.007403
DESC-08,664,-239.48,-960.14,839.23,-0.066299
DESC-08,665,-1999.23,2035.04,411.04,-0.02494
DESC-08,666,1671.39,-2517.61,397.13,-0.063588
DESC-08,667,2957.69,559.4,450.96,-0.07323
DESC-08,668,-1589.11,-471.01,594.15,-0.04587
DESC-08,669,505.74,-1482.71,684.47,-0.072639
DESC-08,670,47.08,2251.97,578.0,-0.050199
DESC-08,671,-2974.24,1724.95,335.0,-0.014467
DESC-08,672,-2625.88,-2562.02,302.6,-0.016392
DESC-08,673,2693.46,-1453.15,415.72,-0.071128
DESC-08,674,-180.94,2236.53,571.74,-0.050393
DESC-08,675,2132.27,3447.02,324.92,-0.047486
DESC-08,676,-3033.93,780.95,357.13,-0.012172
DESC-08,677,663.69,2601.89,496.99,-0.05402
DESC-08,678,2557.18,3389.55,310.86,-0.048323
DESC-08,679,2569.46,1683.82,446.06,-0.068911
DESC-08,680,-3459.94,1013.13,315.43,-0.00615
DESC-08,681,152.04,-1951.33,556.24,-0.061893
DESC-08,682,-916.97,-907.03,700.92,-0.057123
DESC-08,683,1820.29,864.88,696.21,-0.079271
DESC-08,684,-2987.47,2984.81,284.85,-0.011154
DESC-08,685,-1645.51,-1387.07,481.29,-0.040769
DESC-08,686,2188.5,-733.54,568.26,-0.080293
DESC-08,687,-213.11,-3344.34,337.78,-0.040632
DESC-08,688,-327.95,1377.09,816.35,-0.057833
DESC-08,689,3279.91,-395.01,397.83,-0.07299
DESC-08,690,-1260.77,2084.12,493.58,-0.035747
DESC-08,691,-3207.95,-1864.42,299.45,-0.010944
DESC-08,692,-754.59,1117.52,790.7,-0.053951
DESC-08,693,-2426.39,1211.65,415.84,-0.026085
DESC-08,694,-2926.76,-249.73,370.93,-0.018502
DESC-08,695,475.02,-2179.76,505.65,-0.060038
DESC-08,696,3175.03,-679.71,402.11,-0.073383
DESC-08,697,555.85,1715.3,738.46,-0.063755
DESC-08,698,1029.8,-2175.7,486.11,-0.064689
DESC-08,699,-1234.6,-2869.71,352.21,-0.031047
DESC-09,0,875.67,497.86,1173.71,-0.085286
DESC-09,1,2780.5,1765.71,412.23,-0.058334
DESC-09,2,1929.8,624.99,688.02,-0.079857
DESC-09,3,-1923.55,2119.45,411.65,-0.026254
DESC-09,4,-1398.84,353.29,681.09,-0.052638
DESC-09,5,2614.87,-2112.99,369.29,-0.063292
DESC-09,6,-3463.14,579.08,320.51,-0.015307
DESC-09,7,2248.6,-63.45,604.37,-0.080929
DESC-09,8,2079.49,-2338.45,389.9,-0.065401
DESC-09,9,-224.46,834.16,1066.62,-0.072751
DESC-09,10,-1378.77,2218.72,460.56,-0.032435
DESC-09,11,-1551.02,-2554.39,364.16,-0.0374
DESC-09,12,-1715.91,314.62,590.38,-0.043207
DESC-09,13,-384.47,1635.81,719.47,-0.059572
DESC-09,14,31.84,-678.88,1012.92,-0.083865
DESC-09,15,374.48,-1609.68,648.43,-0.076322
DESC-09,16,3468.5,-894.04,360.54,-0.063649
DESC-09,17,2048.63,291.89,666.78,-0.080072
DESC-09,18,855.25,1306.62,857.08,-0.072823
DESC-09,19,3422.72,414.23,386.14,-0.061468
DESC-09,20,-1992.84,-2750.82,324.21,-0.027428
DESC-09,21,-2378.52,2225.2,359.9,-0.019226
DESC-09,22,787.78,2967.02,430.46,-0.046375
DESC-09,23,-3192.41,-2790.95,269.95,-0.017903
DESC-09,24,-3250.24,-1753.36,300.66,-0.016769
DESC-09,25,104.22,-2284.23,484.84,-0.063926
DESC-09,26,-236.56,2444.09,522.14,-0.048761
DESC-09,27,2920.17,2871.95,323.76,-0.044557
DESC-09,28,904.58,-3190.08,351.03,-0.053153
DESC-09,29,98.82,-1173.06,794.71,-0.076969
DESC-09,30,-21.89,-2152.54,508.05,-0.065289
DESC-09,31,-1767.4,-213.27,567.86,-0.042421
DESC-09,32,-3417.44,2951.13,268.72,-0.007222
DESC-09,33,-2153.18,-3008.79,301.54,-0.025839
DESC-09,34,1344.22,-2301.05,446.25,-0.069296
DESC-09,35,-2095.75,-90.8,500.16,-0.03849
DESC-09,36,-913.25,168.24,867.88,-0.065818
DESC-09,37,-3473.86,1718.51,299.61,-0.008338
DESC-09,38,2310.33,-436.2,567.78,-0.082386
DESC-09,39,-2418.77,-2512.04,315.94,-0.024325
DESC-09,40,-1626.8,-1024.72,527.39,-0.047018
DESC-09,41,2662.33,3374.65,307.25,-0.041655
DESC-09,42,68.54,1755.06,725.89,-0.063024
DESC-09,43,2430.05,-2685.59,337.3,-0.058353
DESC-09,44,978.02,2157.46,576.97,-0.058963
DESC-09,45,1692.4,-1323.51,578.89,-0.078828
DESC-09,46,-2859.53,1969.78,334.15,-0.015683
DESC-09,47,288.01,-3410.95,335.09,-0.050216
DESC-09,48,54.41,2598.89,500.55,-0.051363
DESC-09,49,2599.38,-2363.83,351.0,-0.057915
DESC-09,50,-971.15,-309.75,801.96,-0.065223
DESC-09,51,687.29,1132.29,965.25,-0.078336
DESC-09,52,-3085.24,55.09,356.7,-0.018312
DESC-09,53,-786.58,-2342.22,437.48,-0.054273
DESC-09,54,-1238.75,-2526.17,386.09,-0.041929
DESC-09,55,-2448.6,-1508.26,373.43,-0.027674
DESC-09,56,2214.37,-3133.26,315.66,-0.053017
DESC-09,57,-843.88,-1984.19,489.89,-0.053858
DESC-09,58,3351.24,-2589.26,295.32,-0.054755
DESC-09,59,629.94,-246.42,1236.02,-0.090058
DESC-09,60,735.39,-1004.43,838.69,-0.085052
DESC-09,61,965.98,607.83,1091.23,-0.08433
DESC-09,62,1235.15,-1533.85,603.39,-0.079127
DESC-09,63,-2444.48,-3262.62,278.86,-0.021164
DESC-09,64,-417.81,-1182.23,731.07,-0.07151
DESC-09,65,-1823.05,1786.26,456.32,-0.034991
DESC-09,66,-682.51,-1709.13,558.46,-0.059547
DESC-09,67,-2823.07,-668.16,372.82,-0.024881
DESC-09,68,3274.8,1784.82,358.56,-0.053298
DESC-09,69,-1994.97,-653.23,493.22,-0.035867
DESC-09,70,1202.36,2709.87,453.44,-0.051453
DESC-09,71,-1397.06,2926.48,376.31,-0.025992
DESC-09,72,2618.54,-1326.29,435.73,-0.073268
DESC-09,73,1135.5,1651.75,691.05,-0.067124
DESC-09,74,-2578.69,-1728.18,348.91,-0.025146
DESC-09,75,2415.52,-2523.34,350.54,-0.059232
DESC-09,76,3114.64,-434.83,419.13,-0.067797
DESC-09,77,2827.42,717.31,468.63,-0.071362
DESC-09,78,488.03,3049.14,423.56,-0.043272
DESC-09,79,-2481.78,-2478.69,314.28,-0.023451
DESC-09,80,-2152.76,1486.54,436.69,-0.02681
DESC-09,81,2995.34,-171.75,444.52,-0.073425
DESC-09,82,366.29,-2578.03,435.25,-0.061276
DESC-09,83,-2236.13,3308.61,303.4,-0.011516
DESC-09,84,2688.4,1370.38,454.69,-0.065677
DESC-09,85,991.0,-2597.99,419.61,-0.064196
DESC-09,86,487.86,2840.29,456.87,-0.044579
DESC-09,87,-865.99,-2778.34,377.85,-0.041269
DESC-09,88,-623.31,-2851.39,379.09,-0.045535
DESC-09,89,-1823.58,-1179.14,477.31,-0.042748
DESC-09,90,-3233.6,3065.71,272.25,-0.009178
DESC-09,91,2633.53,-3268.83,292.4,-0.050534
DESC-09,92,-225.89,2927.45,435.43,-0.042633
DESC-09,93,333.45,781.28,1217.45,-0.08109
DESC-09,94,-1244.86,-3030.64,337.81,-0.036049
DESC-09,95,1759.27,480.14,757.02,-0.082169
DESC-09,96,-3323.62,-288.46,331.06,-0.016012
DESC-09,97,-894.7,447.89,865.0,-0.06337
DESC-09,98,-3287.55,1660.42,313.4,-0.013194
DESC-09,99,-2639.76,1250.33,387.18,-0.020901
DESC-09,100,3270.04,3480.59,278.49,-0.037056
DESC-09,101,1104.33,-2403.32,443.89,-0.068165
DESC-09,102,-502.46,2189.99,558.8,-0.049019
DESC-09,103,166.18,-622.35,1060.73,-0.084448
DESC-09,104,2609.66,1983.15,414.42,-0.057674
DESC-09,105,-1090.53,2742.45,417.31,-0.032612
DESC-09,106,632.04,3443.99,370.59,-0.037413
DESC-09,107,1285.79,-1637.71,573.51,-0.076343
DESC-09,108,-1012.1,-329.43,784.03,-0.06425
DESC-09,109,133.69,3099.45,416.39,-0.041295
DESC-09,110,1856.73,3120.17,365.19,-0.047949
DESC-09,111,2864.26,-889.88,434.09,-0.072095
DESC-09,112,-2442.56,3081.47,305.76,-0.012369
DESC-09,113,3033.94,-658.76,422.03,-0.068444
DESC-09,114,-3463.75,-876.64,310.32,-0.015321
DESC-09,115,1770.84,1796.34,552.88,-0.065946
DESC-09,116,2173.69,-201.52,618.11,-0.083349
DESC-09,117,-2542.65,-362.61,417.32,-0.028498
DESC-09,118,-567.67,-797.17,821.42,-0.073104
DESC-09,119,2206.79,-470.37,589.85,-0.082772
DESC-09,120,-3400.1,-2521.28,270.19,-0.015439
DESC-09,121,899.23,-3072.74,363.22,-0.056413
DESC-09,122,2051.17,1777.95,511.61,-0.064414
DESC-09,123,91.03,451.5,1406.2,-0.081054
DESC-09,124,1580.95,1203.23,707.0,-0.074185
DESC-09,125,-1915.04,2116.35,412.85,-0.02667
DESC-09,126,-2110.35,-1889.26,378.88,-0.031886
DESC-09,127,-958.11,-1863.59,499.46,-0.051126
DESC-09,128,-2244.16,-1554.64,391.11,-0.0312
DESC-09,129,-1077.57,-1372.53,572.23,-0.054365
DESC-09,130,3136.87,1824.84,369.65,-0.055391
DESC-09,131,513.33,-880.73,919.7,-0.085495
DESC-09,132,-1119.52,-1237.68,590.06,-0.057899
DESC-09,133,-1599.33,954.11,584.08,-0.043452
DESC-09,134,3164.28,-2194.01,324.53,-0.060266
DESC-09,135,-388.65,-2755.06,398.42,-0.050636
DESC-09,136,3362.76,1379.93,368.19,-0.061328
DESC-09,137,108.66,1795.12,713.98,-0.06344
DESC-09,138,148.16,-1425.45,705.16,-0.075439
DESC-09,139,2775.78,952.29,467.25,-0.06892
DESC-09,140,1699.37,-3261.46,324.48,-0.056133
DESC-09,141,564.57,-669.77,1018.23,-0.087879
DESC-09,142,-513.45,545.71,1032.12,-0.065749
DESC-09,143,2647.32,-1726.07,398.14,-0.066783
DESC-09,144,-618.48,-1062.5,729.74,-0.068782
DESC-09,145,2959.32,766.85,444.82,-0.072462
DESC-09,146,-3018.99,629.28,361.12,-0.021163
DESC-09,147,-490.02,-2420.66,441.88,-0.054356
DESC-09,148,136.6,1446.07,848.97,-0.068094
DESC-09,149,3156.57,-2939.8,288.53,-0.050376
DESC-09,150,-1743.01,3288.07,327.07,-0.017461
DESC-09,151,2142.27,-2083.47,412.14,-0.067492
DESC-09,152,1235.3,-1725.16,560.08,-0.074736
DESC-09,153,1519.6,-2097.9,464.78,-0.073716
DESC-09,154,907.36,3440.49,366.55,-0.035291
DESC-09,155,3300.92,-1493.84,350.79,-0.063307
DESC-09,156,-1171.23,737.05,728.0,-0.055498
DESC-09,157,-712.07,3434.44,356.62,-0.026628
DESC-09,158,-2079.62,3150.47,319.85,-0.014196
DESC-09,159,-3145.07,-3203.55,259.42,-0.014405
DESC-09,160,-2009.64,148.29,521.52,-0.039574
DESC-09,161,2908.25,709.13,455.08,-0.071598
DESC-09,162,2381.18,1416.77,500.68,-0.066185
DESC-09,163,-2713.16,-1148.63,366.07,-0.027375
DESC-09,164,726.45,-1204.64,763.74,-0.083045
DESC-09,165,-145.62,-3470.01,327.56,-0.044938
DESC-09,166,662.79,-3253.34,348.16,-0.05292
DESC-09,167,1114.93,350.4,1063.3,-0.087704
DESC-09,168,-1353.38,-2968.79,338.44,-0.037159
DESC-09,169,3229.46,-2082.63,326.14,-0.059505
DESC-09,170,-239.12,-1167.1,763.13,-0.073645
DESC-09,171,896.71,-3006.7,370.5,-0.056232
DESC-09,172,946.58,-3283.98,341.3,-0.052359
DESC-09,173,-2212.77,2988.44,322.83,-0.015894
DESC-09,174,-3066.94,-453.54,352.43,-0.022575
DESC-09,175,-619.38,-2065.81,493.85,-0.057437
DESC-09,176,1848.21,1459.16,596.56,-0.070484
DESC-09,177,2206.55,-3433.88,297.27,-0.046593
DESC-09,178,1609.92,-1784.88,507.29,-0.071337
DESC-09,179,-2707.57,3225.25,287.3,-0.008178
DESC-09,180,2893.48,2783.83,330.66,-0.047031
DESC-09,181,2114.26,951.48,605.07,-0.077292
DESC-09,182,2643.84,-2847.58,315.6,-0.05519
DESC-09,183,163.13,-1273.64,759.23,-0.078021
DESC-09,184,2909.45,-3304.47,281.48,-0.045959
DESC-09,185,-3173.43,-1965.66,297.94,-0.017546
DESC-09,186,-3287.98,-3321.96,252.53,-0.014149
DESC-09,187,-3358.49,-2616.85,269.06,-0.015896
DESC-09,188,-1730.62,932.5,555.7,-0.039024
DESC-09,189,-1760.01,-2796.9,332.79,-0.033185
DESC-09,190,-2187.48,-2409.66,335.6,-0.027246
DESC-09,191,469.39,2819.66,460.64,-0.046081
DESC-09,192,-3227.1,-1151.83,320.91,-0.019072
DESC-09,193,632.72,-1169.02,786.38,-0.08374
DESC-09,194,-2337.92,-2894.22,299.73,-0.023452
DESC-09,195,1245.12,2071.51,570.73,-0.061153
DESC-09,196,-3352.47,1234.64,319.39,-0.01146
DESC-09,197,-1326.01,329.93,705.61,-0.053739
DESC-09,198,3068.39,825.39,426.13,-0.070025
DESC-09,199,268.77,-2797.34,403.34,-0.05929
DESC-09,200,2181.11,-1677.86,454.99,-0.073243
DESC-09,201,1106.18,585.49,1026.73,-0.085288
DESC-09,202,775.26,3165.62,402.53,-0.042364
DESC-09,203,-2161.23,2219.92,379.57,-0.023375
DESC-09,204,520.76,985.08,1070.9,-0.077785
DESC-09,205,-3222.2,131.73,343.26,-0.015817
DESC-09,206,2111.65,-3394.07,302.51,-0.048979
DESC-09,207,3220.5,2735.01,313.87,-0.046081
DESC-09,208,2478.06,-3032.02,311.6,-0.054002
DESC-09,209,-3145.03,-2596.43,277.88,-0.017998
DESC-09,210,-1129.38,1351.5,641.22,-0.049242
DESC-09,211,-1273.98,2185.01,477.09,-0.037201
DESC-09,212,-2710.98,2005.85,344.4,-0.017713
DESC-09,213,886.28,-333.17,1084.4,-0.092885
DESC-09,214,2082.21,-2260.61,397.89,-0.066118
DESC-09,215,-1303.95,-3252.88,318.52,-0.033123
DESC-09,216,2539.66,2459.66,379.86,-0.054705
DESC-09,217,2079.89,3343.88,334.92,-0.043273
DESC-09,218,-2596.03,-1791.05,344.06,-0.025449
DESC-09,219,1868.01,2562.53,426.53,-0.055831
DESC-09,220,2678.35,-682.28,476.46,-0.072219
DESC-09,221,-2119.02,-1320.59,423.27,-0.033852
DESC-09,222,515.49,36.08,1452.28,-0.087001
DESC-09,223,971.25,-3442.82,326.95,-0.051034
DESC-09,224,765.34,-401.0,1103.7,-0.090748
DESC-09,225,-2826.28,-2103.12,312.68,-0.02187
DESC-09,226,1128.34,1487.2,740.64,-0.069706
DESC-09,227,923.68,18.0,1172.71,-0.091388
DESC-09,228,2267.2,2581.97,391.27,-0.053961
DESC-09,229,2124.59,2776.54,382.81,-0.0523
DESC-09,230,-1209.82,-1282.69,565.94,-0.056259
DESC-09,231,1554.33,-1537.31,559.49,-0.074082
DESC-09,232,2570.91,3073.91,330.49,-0.044074
DESC-09,233,2750.63,27.98,491.62,-0.076518
DESC-09,234,-2369.41,-2824.39,301.89,-0.024998
DESC-09,235,-3313.08,-3178.8,255.44,-0.015052
DESC-09,236,1055.65,3432.98,363.99,-0.03874
DESC-09,237,-1997.27,554.15,518.5,-0.038025
DESC-09,238,445.97,-3118.55,363.81,-0.056714
DESC-09,239,3113.63,78.79,429.46,-0.071363
DESC-09,240,-844.76,28.73,893.36,-0.067068
DESC-09,241,-1730.58,-452.29,561.9,-0.043164
DESC-09,242,-304.43,3158.96,400.31,-0.040051
DESC-09,243,1100.71,3141.4,396.55,-0.044038
DESC-09,244,-2792.31,-2625.23,291.91,-0.022318
DESC-09,245,-835.91,-2437.96,421.07,-0.051923
DESC-09,246,-2563.95,-647.58,404.81,-0.028983
DESC-09,247,1137.12,2338.19,524.54,-0.057997
DESC-09,248,2313.87,866.27,564.7,-0.074199
DESC-09,249,-862.02,1608.81,643.97,-0.050007
DESC-09,250,-897.93,532.41,854.86,-0.062581
DESC-09,251,276.65,-2029.6,539.25,-0.070231
DESC-09,252,-1994.6,2224.36,395.05,-0.022738
DESC-09,253,-1768.13,-3401.85,294.09,-0.024733
DESC-09,254,-1191.03,1389.39,620.6,-0.047212
DESC-09,255,-298.02,-2139.62,499.86,-0.061516
DESC-09,256,-2929.28,-202.36,371.35,-0.021004
DESC-09,257,1769.12,3325.93,349.99,-0.04175
DESC-09,258,553.38,273.25,1458.13,-0.087082
DESC-09,259,-1402.14,-3101.36,326.09,-0.032028
DESC-09,260,-2957.17,-498.54,362.78,-0.023559
DESC-09,261,1842.27,1121.87,652.76,-0.073742
DESC-09,262,-2582.45,-3103.05,280.69,-0.021625
DESC-09,263,-2567.55,-1731.42,349.65,-0.025319
DESC-09,264,-2585.21,-3371.65,270.27,-0.020366
DESC-09,265,-2931.16,280.48,373.89,-0.021383
DESC-09,266,2844.75,-829.66,440.59,-0.070848
DESC-09,267,-1615.29,25.83,616.17,-0.048394
DESC-09,268,-1355.13,-1429.14,518.92,-0.051004
DESC-09,269,2329.56,1097.65,541.64,-0.071087
DESC-09,270,839.46,-2288.4,474.72,-0.069354
DESC-09,271,-2190.0,2846.56,333.05,-0.014432
DESC-09,272,-456.31,3220.57,388.17,-0.037673
DESC-09,273,2687.46,-49.04,502.76,-0.073986
DESC-09,274,-872.38,-242.27,850.58,-0.067926
DESC-09,275,1476.17,2517.32,465.27,-0.054032
DESC-09,276,-2822.35,-1471.14,341.5,-0.021003
DESC-09,277,1591.27,2121.74,520.44,-0.060234
DESC-09,278,1935.31,-1488.85,512.93,-0.077884
DESC-09,279,2280.37,1539.75,504.67,-0.06627
DESC-09,280,1219.41,-1161.92,701.57,-0.083233
DESC-09,281,-904.87,718.21,825.67,-0.059559
DESC-09,282,-3050.52,2981.08,282.3,-0.008205
DESC-09,283,131.43,-3119.73,363.57,-0.051257
DESC-09,284,1802.22,2150.78,490.55,-0.058072
DESC-09,285,-2164.13,292.92,489.83,-0.037175
DESC-09,286,-1636.34,-846.53,545.8,-0.045115
DESC-09,287,252.84,-1048.07,852.35,-0.083635
DESC-09,288,1738.32,-3014.12,343.41,-0.057861
DESC-09,289,2776.11,-1691.35,387.92,-0.067884
DESC-09,290,-2619.81,861.96,403.83,-0.027715
DESC-09,291,-2210.11,-2816.87,309.6,-0.02445
DESC-09,292,2096.76,1185.85,582.57,-0.072584
DESC-09,293,1011.65,3235.77,387.64,-0.040487
DESC-09,294,1546.81,3365.43,355.26,-0.044043
DESC-09,295,3477.4,2724.69,300.25,-0.046336
DESC-09,296,3074.26,2146.28,356.64,-0.053026
DESC-09,297,2401.18,-2254.33,374.04,-0.063517
DESC-09,298,1939.81,3291.09,345.54,-0.043753
DESC-09,299,-734.87,-2080.94,482.42,-0.056225
DESC-09,300,988.6,2583.35,486.96,-0.05363
DESC-09,301,-2208.88,2645.12,345.14,-0.018797
DESC-09,302,1816.46,853.36,698.9,-0.076577
DESC-09,303,1803.83,149.15,750.09,-0.084759
DESC-09,304,1549.07,-2097.02,462.46,-0.074059
DESC-09,305,-386.41,136.28,1147.33,-0.073068
DESC-09,306,-852.74,-1465.66,588.69,-0.057937
DESC-09,307,-561.6,-2618.84,410.22,-0.050144
DESC-09,308,-3266.63,-2602.66,272.91,-0.016619
DESC-09,309,2410.24,2108.2,425.09,-0.05881
DESC-09,310,296.59,2956.82,438.73,-0.04417
DESC-09,311,-787.37,-2506.92,414.53,-0.052784
DESC-09,312,336.2,-3407.17,335.41,-0.051834
DESC-09,313,1551.48,-1654.57,537.53,-0.074596
DESC-09,314,-829.77,-2558.93,405.55,-0.049507
DESC-09,315,2314.48,-2179.61,387.67,-0.063756
DESC-09,316,2936.24,583.29,453.98,-0.071713
DESC-09,317,-787.97,-543.94,823.0,-0.069111
DESC-09,318,-2535.29,-495.4,414.22,-0.027669
DESC-09,319,1822.61,-2060.71,443.74,-0.071226
DESC-09,320,3450.64,1152.12,367.16,-0.060057
DESC-09,321,-2464.08,-1473.43,374.01,-0.02729
DESC-09,322,1488.73,-705.97,753.81,-0.089209
DESC-09,323,2277.26,-256.1,587.78,-0.081603
DESC-09,324,2944.0,2830.97,324.78,-0.045316
DESC-09,325,-2636.33,-1775.51,341.72,-0.025613
DESC-09,326,-2857.33,1530.66,352.79,-0.019323
DESC-09,327,3415.1,-1334.42,348.15,-0.064559
DESC-09,328,-2682.7,2760.98,309.11,-0.0103
DESC-09,329,-2262.35,-741.44,443.07,-0.029497
DESC-09,330,524.67,36.13,1446.17,-0.086845
DESC-09,331,-376.09,2640.51,477.26,-0.042055
DESC-09,332,1752.75,1209.33,661.24,-0.074944
DESC-09,333,-2166.1,-2839.49,310.37,-0.023872
DESC-09,334,2900.99,-2542.15,320.73,-0.053384
DESC-09,335,-1979.64,3435.13,307.21,-0.01192
DESC-09,336,1883.78,-3296.26,316.09,-0.054554
DESC-09,337,-3026.78,-1393.9,328.25,-0.018507
DESC-09,338,-186.18,3212.26,396.18,-0.039391
DESC-09,339,-3272.09,-3394.26,251.16,-0.012829
DESC-09,340,-1303.33,-2370.21,399.08,-0.043644
DESC-09,341,-1314.39,-2006.45,442.39,-0.045764
DESC-09,342,1538.24,-2895.26,362.51,-0.060714
DESC-09,343,-314.88,-196.27,1121.08,-0.076216
DESC-09,344,-3102.58,647.07,352.22,-0.019715
DESC-09,345,3467.53,-1271.75,346.16,-0.062468
DESC-09,346,2720.9,-2739.45,318.45,-0.053748
DESC-09,347,2914.27,2176.69,368.72,-0.053365
DESC-09,348,-1773.97,2131.3,426.77,-0.028848
DESC-09,349,-741.23,434.7,936.31,-0.065667
DESC-09,350,-1909.74,-2535.81,343.84,-0.031223
DESC-09,351,-2625.66,293.38,413.11,-0.026104
DESC-09,352,-3268.83,906.67,332.66,-0.015492
DESC-09,353,23.36,-501.95,1107.07,-0.082685
DESC-09,354,-2638.06,2547.04,322.27,-0.013585
DESC-09,355,-2265.87,-769.68,440.94,-0.029868
DESC-09,356,2523.33,76.21,539.92,-0.078041
DESC-09,357,-110.3,-2701.0,412.72,-0.058194
DESC-09,358,-2214.08,444.86,478.45,-0.034201
DESC-09,359,1189.05,1865.14,626.16,-0.063514
DESC-09,360,-1638.95,1618.81,502.32,-0.039301
DESC-09,361,188.56,-1701.13,621.42,-0.070358
DESC-09,362,-1519.33,3443.06,325.74,-0.02154
DESC-09,363,113.13,1539.54,808.83,-0.065416
DESC-09,364,899.74,-533.73,997.48,-0.090283
DESC-09,365,253.46,-595.64,1081.73,-0.085043
DESC-09,366,-730.77,1955.28,586.13,-0.046661
DESC-09,367,2035.7,-2270.22,400.44,-0.065757
DESC-09,368,2614.06,977.39,494.65,-0.070078
DESC-09,369,-2244.4,1531.88,421.1,-0.026884
DESC-09,370,-2545.84,114.38,424.78,-0.03006
DESC-09,371,-2707.66,2612.39,314.76,-0.011903
DESC-09,372,3357.18,-219.55,391.71,-0.063594
DESC-09,373,3091.14,-245.75,427.89,-0.069185
DESC-09,374,-1885.33,-1507.24,436.15,-0.038904
DESC-09,375,3289.35,2935.6,300.67,-0.043024
DESC-09,376,-2045.28,-1286.11,435.62,-0.035214
DESC-09,377,45.33,1366.9,876.53,-0.06609
DESC-09,378,-18.3,-634.53,1026.97,-0.083493
DESC-09,379,2904.69,3047.97,314.46,-0.042012
DESC-09,380,-3216.3,3135.72,270.77,-0.008331
DESC-09,381,-1292.54,-3289.75,316.27,-0.03358
DESC-09,382,699.82,3461.74,367.75,-0.037822
DESC-09,383,-3035.21,734.55,357.81,-0.018913
DESC-09,384,-1844.15,-2983.03,316.12,-0.028778
DESC-09,385,-244.56,-20.78,1213.82,-0.077103
DESC-09,386,2666.0,-3153.7,297.22,-0.051172
DESC-09,387,1826.72,342.26,739.69,-0.081554
DESC-09,388,2302.86,-2201.82,386.48,-0.063797
DESC-09,389,1827.49,-924.42,623.58,-0.080748
DESC-09,390,1454.05,-1367.1,609.84,-0.079219
DESC-09,391,2447.85,715.48,544.01,-0.075583
DESC-09,392,1270.34,2256.53,529.39,-0.058865
DESC-09,393,1649.78,3055.76,382.62,-0.049318
DESC-09,394,-1388.49,-1197.99,547.86,-0.052828
DESC-09,395,-2326.51,487.83,457.68,-0.030527
DESC-09,396,1795.67,-3458.71,307.57,-0.049225
DESC-09,397,-2339.14,-894.86,423.27,-0.02931
DESC-09,398,2936.19,3224.93,303.36,-0.040492
DESC-09,399,676.5,-2668.13,418.05,-0.063428
DESC-09,400,-1193.96,2588.79,429.27,-0.034148
DESC-09,401,3056.5,1067.54,418.48,-0.065842
DESC-09,402,-2414.09,-1442.74,380.95,-0.028228
DESC-09,403,101.26,1947.13,664.5,-0.061292
DESC-09,404,-2859.12,-1475.03,338.3,-0.020961
DESC-09,405,3257.99,2763.71,310.35,-0.044321
DESC-09,406,527.63,-2920.69,386.28,-0.057325
DESC-09,407,2125.67,-2667.05,355.59,-0.06049
DESC-09,408,-1526.54,1750.09,503.73,-0.038575
DESC-09,409,2112.58,-355.75,623.82,-0.082292
DESC-09,410,1419.89,-2467.76,417.97,-0.066306
DESC-09,411,1005.77,94.04,1132.09,-0.090145
DESC-09,412,3153.94,-1421.22,368.18,-0.068031
DESC-09,413,-465.56,345.21,1092.25,-0.072335
DESC-09,414,-594.38,1706.0,666.62,-0.056589
DESC-09,415,1344.85,2497.88,478.77,-0.057536
DESC-09,416,2345.39,-3087.0,313.55,-0.053464
DESC-09,417,-1154.47,646.48,743.98,-0.05595
DESC-09,418,1187.6,3385.66,365.43,-0.041799
DESC-09,419,-2036.74,-281.42,505.72,-0.037128
DESC-09,420,361.9,1886.97,686.78,-0.062434
DESC-09,421,1884.2,-2819.18,354.5,-0.06003
DESC-09,422,-3042.8,2614.56,295.98,-0.012553
DESC-09,423,1594.89,574.37,810.7,-0.080357
DESC-09,424,-3391.97,2717.84,276.25,-0.006363
DESC-09,425,3208.45,2009.83,352.86,-0.053674
DESC-09,426,-219.31,2584.68,494.76,-0.04417
DESC-09,427,-636.5,-3098.93,352.48,-0.042713
DESC-09,428,1543.11,1508.67,650.29,-0.07153
DESC-09,429,163.09,-2121.13,518.34,-0.067834
DESC-09,430,1615.94,-1639.33,532.12,-0.075793
DESC-09,431,-2906.69,-1226.52,344.52,-0.022914
DESC-09,432,439.54,639.2,1303.23,-0.085195
DESC-09,433,406.76,895.03,1138.64,-0.077949
DESC-09,434,3024.8,3020.1,309.83,-0.041856
DESC-09,435,-3222.76,-3410.97,251.94,-0.014602
DESC-09,436,-330.26,-2145.93,497.02,-0.060494
DESC-09,437,917.51,-965.98,822.42,-0.08846
DESC-09,438,355.23,2226.05,588.39,-0.056998
DESC-09,439,-2980.87,349.36,367.96,-0.020268
DESC-09,440,652.6,83.93,1371.16,-0.088334
DESC-09,441,-1944.62,1821.3,436.81,-0.032626
DESC-09,442,-2131.16,1085.41,467.28,-0.031535
DESC-09,443,2650.84,-1471.01,419.29,-0.071413
DESC-09,444,-2115.11,-2890.19,309.79,-0.025064
DESC-09,445,-319.96,-263.85,1095.19,-0.075018
DESC-09,446,1752.01,2661.16,423.22,-0.051701
DESC-09,447,1451.21,686.99,851.91,-0.078763
DESC-09,448,374.21,-3126.98,363.15,-0.056142
DESC-09,449,2149.32,-419.46,608.71,-0.083296
DESC-09,450,-239.29,-807.72,900.12,-0.077933
DESC-09,451,842.7,576.97,1165.55,-0.084206
DESC-09,452,2232.42,609.89,601.93,-0.080815
DESC-09,453,1246.64,3159.32,389.02,-0.045891
DESC-09,454,992.8,-1133.34,750.87,-0.082672
DESC-09,455,-657.1,-643.33,840.85,-0.072982
DESC-09,456,408.26,794.6,1202.55,-0.081727
DESC-09,457,-727.42,2704.73,446.75,-0.039181
DESC-09,458,1710.05,1443.01,628.41,-0.071057
DESC-09,459,-836.99,-203.8,871.05,-0.068395
DESC-09,460,-233.65,2201.96,576.9,-0.053195
DESC-09,461,1788.2,-102.86,744.98,-0.088376
DESC-09,462,25.59,3244.66,395.43,-0.038244
DESC-09,463,-1133.77,-1522.5,536.68,-0.052573
DESC-09,464,2287.73,-2608.26,351.34,-0.060761
DESC-09,465,-833.26,2312.8,503.34,-0.04185
DESC-09,466,2413.1,-1418.91,454.32,-0.072663
DESC-09,467,1996.68,2431.77,431.42,-0.058554
DESC-09,468,-368.98,765.83,1036.39,-0.071511
DESC-09,469,1490.24,62.72,874.84,-0.089873
DESC-09,470,-3259.27,-2890.78,264.75,-0.017616
DESC-09,471,-771.41,2004.21,570.3,-0.04877
DESC-09,472,2522.34,-3038.53,309.37,-0.05416
DESC-09,473,556.78,3256.06,394.16,-0.038749
DESC-09,474,404.78,2638.82,494.66,-0.050535
DESC-09,475,1153.17,-1379.22,653.32,-0.07936
DESC-09,476,1243.7,-2604.94,408.57,-0.068456
DESC-09,477,585.19,2699.72,480.32,-0.049395
DESC-09,478,-555.59,-141.05,1011.74,-0.070335
DESC-09,479,-2215.61,-2625.88,320.42,-0.023861
DESC-09,480,-1451.51,-10.34,662.74,-0.052878
DESC-09,481,-1449.54,-1772.27,458.68,-0.046713
DESC-09,482,-484.79,-645.15,895.29,-0.074464
DESC-09,483,3493.41,981.69,367.57,-0.062382
DESC-09,484,-1032.14,2907.55,400.65,-0.032124
DESC-09,485,-368.35,2106.51,590.09,-0.054555
DESC-09,486,-898.61,-2372.94,426.09,-0.051171
DESC-09,487,569.99,-158.65,1312.03,-0.088909
DESC-09,488,3135.29,-56.5,424.82,-0.068228
DESC-09,489,2723.51,3426.38,301.81,-0.040132
DESC-09,490,-860.03,-2891.72,365.96,-0.041731
DESC-09,491,-1631.69,75.37,612.71,-0.047748
DESC-09,492,2690.79,2900.54,335.46,-0.047849
DESC-09,493,-43.17,-708.06,985.3,-0.082399
DESC-09,494,1298.79,-1667.98,565.43,-0.075824
DESC-09,495,-2986.96,391.53,367.03,-0.020076
DESC-09,496,2565.9,-1259.38,448.74,-0.072719
DESC-09,497,-1309.24,2989.55,375.26,-0.029286
DESC-09,498,-38.31,-2906.41,386.8,-0.053754
DESC-09,499,-2113.85,-2053.04,365.99,-0.03014
DESC-09,500,-558.3,-2912.9,374.25,-0.047167
DESC-09,501,2296.34,1483.22,508.31,-0.064956
DESC-09,502,2293.05,-1448.01,467.5,-0.074809
DESC-09,503,-184.3,2801.18,457.06,-0.040679
DESC-09,504,1875.37,2755.42,402.73,-0.051108
DESC-09,505,-293.53,3054.71,414.73,-0.039863
DESC-09,506,-886.51,-1707.1,535.57,-0.054474
DESC-09,507,321.22,-3495.4,327.69,-0.048209
DESC-09,508,-2090.61,-786.76,467.48,-0.035188
DESC-09,509,-1284.07,3237.94,352.8,-0.02719
DESC-09,510,1445.7,1846.19,593.91,-0.06784
DESC-09,511,1893.6,-3082.38,331.72,-0.055933
DESC-09,512,-3103.04,1418.01,334.77,-0.016658
DESC-09,513,1629.78,2919.44,399.36,-0.04911
DESC-09,514,2222.01,3274.04,333.79,-0.043082
DESC-09,515,-383.64,1511.92,759.46,-0.06262
DESC-09,516,-3062.82,2540.97,297.67,-0.011409
DESC-09,517,1280.39,2391.91,502.61,-0.057611
DESC-09,518,-1776.85,-991.64,503.97,-0.042732
DESC-09,519,1003.5,-2806.69,391.45,-0.060539
DESC-09,520,-863.64,1592.25,647.44,-0.050313
DESC-09,521,960.14,-2541.61,428.89,-0.065258
DESC-09,522,-1693.06,-810.61,538.14,-0.042804
DESC-09,523,-164.24,3470.15,365.88,-0.036147
DESC-09,524,172.72,418.5,1467.3,-0.083843
DESC-09,525,917.09,152.18,1192.86,-0.09049
DESC-09,526,-2077.83,3135.16,320.89,-0.013891
DESC-09,527,3234.36,-1511.72,355.78,-0.065041
DESC-09,528,-1476.03,3496.02,323.62,-0.01951
DESC-09,529,-1357.86,2883.86,383.12,-0.03043
DESC-09,530,-1705.81,-952.67,520.84,-0.044853
DESC-09,531,-3027.67,-1209.32,334.83,-0.021447
DESC-09,532,-539.54,-2614.06,411.76,-0.050397
DESC-09,533,1902.85,2909.48,383.92,-0.048151
DESC-09,534,1466.97,-2199.33,453.28,-0.071725
DESC-09,535,-2130.99,-3437.15,281.18,-0.02473
DESC-09,536,-2541.48,2730.54,318.7,-0.01168
DESC-09,537,-1250.0,686.81,707.82,-0.052057
DESC-09,538,1877.79,1202.94,631.32,-0.076066
DESC-09,539,-83.45,1631.99,758.32,-0.062092
DESC-09,540,2962.29,-3201.37,284.24,-0.047172
DESC-09,541,1094.69,-2857.02,382.63,-0.061468
DESC-09,542,846.35,-1.14,1217.48,-0.091475
DESC-09,543,1873.84,-3148.17,327.33,-0.055437
DESC-09,544,1751.81,30.25,766.09,-0.08711
DESC-09,545,-1093.13,1654.37,591.73,-0.046341
DESC-09,546,-1700.94,1101.86,547.24,-0.041282
DESC-09,547,-436.65,816.53,990.62,-0.068675
DESC-09,548,-75.27,-3175.16,355.91,-0.049958
DESC-09,549,-2507.94,-1843.42,348.12,-0.026156
DESC-09,550,-410.67,2782.46,451.53,-0.041303
DESC-09,551,978.76,-2637.46,414.48,-0.063459
DESC-09,552,-2550.0,232.57,424.33,-0.027782
DESC-09,553,-2533.73,-3149.66,280.5,-0.021327
DESC-09,554,-2283.95,3074.42,314.03,-0.013223
DESC-09,555,-1516.68,-2299.06,391.23,-0.042302
DESC-09,556,3231.96,-629.85,396.72,-0.0656
DESC-09,557,-3319.46,327.47,334.12,-0.015472
DESC-09,558,-2213.83,1530.56,425.22,-0.027355
DESC-09,559,-2344.67,3062.17,311.64,-0.013152
DESC-09,560,-179.56,1654.54,740.33,-0.064457
DESC-09,561,-3394.49,-1068.42,310.95,-0.016504
DESC-09,562,-292.79,-2972.62,374.43,-0.050411
DESC-09,563,-2359.54,1451.84,411.37,-0.028187
DESC-09,564,-1612.52,3307.57,331.71,-0.019714
DESC-09,565,2047.08,-3380.89,305.32,-0.050681
DESC-09,566,-2211.53,1922.76,396.92,-0.025004
DESC-09,567,819.9,-2267.01,479.34,-0.069706
DESC-09,568,-655.81,-280.32,935.15,-0.069929
DESC-09,569,-576.83,158.46,1035.48,-0.070348
DESC-09,570,2217.92,800.98,592.8,-0.077518
DESC-09,571,-2373.6,3426.76,291.8,-0.009903
DESC-09,572,2966.67,1311.81,418.57,-0.062636
DESC-09,573,2754.44,-753.29,459.26,-0.074018
DESC-09,574,1178.25,1505.15,725.56,-0.069727
DESC-09,575,-3153.87,-232.88,347.32,-0.019321
DESC-09,576,1143.16,-608.16,888.56,-0.092072
DESC-09,577,702.43,-940.43,869.81,-0.084671
DESC-09,578,1905.44,-46.16,707.97,-0.084638
DESC-09,579,-2003.18,-1531.72,419.68,-0.037315
DESC-09,580,3173.49,-1805.3,345.07,-0.064382
DESC-09,581,2703.38,-2460.73,337.4,-0.055337
DESC-09,582,-2699.5,-418.43,394.71,-0.026917
DESC-09,583,-1293.59,-1447.17,525.48,-0.052061
DESC-09,584,-3272.89,2358.59,292.79,-0.01309
DESC-09,585,2316.63,2435.26,401.59,-0.056081
DESC-09,586,2905.66,-1092.86,415.73,-0.069374
DESC-09,587,3428.66,833.99,378.58,-0.064005
DESC-09,588,783.48,2816.04,454.59,-0.048699
DESC-09,589,1161.9,-985.87,764.47,-0.084077
DESC-09,590,1248.84,383.01,987.61,-0.08545
DESC-09,591,491.04,-395.09,1188.86,-0.086229
DESC-09,592,3166.96,1051.86,404.25,-0.064404
DESC-09,593,755.03,3218.4,396.02,-0.039878
DESC-09,594,-1149.92,-2529.63,391.08,-0.045347
DESC-09,595,90.14,3257.7,394.41,-0.039276
DESC-09,596,-3369.36,1160.13,319.66,-0.013839
DESC-09,597,1568.88,2071.09,532.3,-0.05941
DESC-09,598,1357.45,945.85,833.04,-0.077574
DESC-09,599,-552.64,2592.22,475.93,-0.042123
DESC-09,600,2460.37,-1216.33,468.02,-0.075029
DESC-09,601,1788.68,1456.33,609.35,-0.07162
DESC-09,602,-1143.21,-1651.21,513.67,-0.054717
DESC-09,603,-2957.51,60.6,370.64,-0.017963
DESC-09,604,-2574.44,1270.43,394.1,-0.022773
DESC-09,605,-2210.09,-2092.13,355.57,-0.028695
DESC-09,606,-1372.57,-3071.88,329.47,-0.034592
DESC-09,607,-367.39,2036.64,607.67,-0.055229
DESC-09,608,2995.98,2162.62,362.4,-0.052855
DESC-09,609,-1551.07,1159.65,573.6,-0.043652
DESC-09,610,2790.1,-1249.98,419.69,-0.070316
DESC-09,611,1263.24,1107.21,820.85,-0.07744
DESC-09,612,2474.45,-2912.84,319.32,-0.055211
DESC-09,613,-677.23,1137.57,808.13,-0.058901
DESC-09,614,-3477.06,533.39,319.75,-0.014445
DESC-09,615,2008.77,820.43,646.43,-0.077676
DESC-09,616,-1781.67,-371.11,555.73,-0.042171
DESC-09,617,-2502.64,-1923.89,343.87,-0.027142
DESC-09,618,2096.44,1581.14,531.14,-0.066306
DESC-09,619,1304.3,-251.09,920.0,-0.092213
DESC-09,620,-2013.09,1717.66,437.19,-0.032212
DESC-09,621,-1626.93,-950.74,535.95,-0.045908
DESC-09,622,3074.54,-2885.48,294.34,-0.053056
DESC-09,623,-1620.23,297.2,616.31,-0.046916
DESC-09,624,1416.84,859.33,831.81,-0.07717
DESC-09,625,-2593.13,2952.44,304.69,-0.00959
DESC-09,626,2205.25,2714.28,383.12,-0.053093
DESC-09,627,-2676.87,-3099.96,277.51,-0.020643
DESC-09,628,112.29,1902.88,678.71,-0.061511
DESC-09,629,-3253.48,-1670.46,303.14,-0.016853
DESC-09,630,350.55,1380.39,882.37,-0.071776
DESC-09,631,2426.35,-843.63,509.24,-0.076285
DESC-09,632,-2909.21,-1245.45,343.56,-0.022542
DESC-09,633,-1580.2,-82.01,622.31,-0.048846
DESC-09,634,1852.85,213.72,732.69,-0.082039
DESC-09,635,756.69,1361.38,852.79,-0.072162
DESC-09,636,-1310.42,965.18,656.95,-0.050237
DESC-09,637,902.33,1247.79,870.15,-0.074256
DESC-09,638,-317.03,-811.46,880.85,-0.074577
DESC-09,639,2536.49,1241.38,489.6,-0.068746
DESC-09,640,-1449.42,-1082.29,553.26,-0.051663
DESC-09,641,1804.11,752.73,715.39,-0.078991
DESC-09,642,949.72,-283.27,1074.27,-0.09241
DESC-09,643,1683.0,439.59,788.45,-0.083883
DESC-09,644,-852.17,-3377.23,322.46,-0.037003
DESC-09,645,1574.45,-8.5,834.16,-0.088677
DESC-09,646,1388.98,-1960.22,499.0,-0.074315
DESC-09,647,-787.58,-799.31,760.36,-0.069514
DESC-09,648,-3314.83,-2983.6,260.46,-0.017931
DESC-09,649,3240.39,1098.31,393.16,-0.063297
DESC-09,650,1495.2,2754.65,428.82,-0.05267
DESC-09,651,-2066.83,-1017.82,454.35,-0.036532
DESC-09,652,1615.65,-2764.53,372.6,-0.0628
DESC-09,653,-1549.22,841.87,606.77,-0.045828
DESC-09,654,-215.0,-2610.74,423.23,-0.055633
DESC-09,655,2519.22,2741.35,358.21,-0.048414
DESC-09,656,-363.5,-2642.8,414.24,-0.055014
DESC-09,657,-1483.95,-966.91,562.16,-0.051226
DESC-09,658,-1361.56,-37.38,689.93,-0.054729
DESC-09,659,-2960.88,-2674.89,282.69,-0.021441
DESC-09,660,-1963.46,-1268.77,448.24,-0.038445
DESC-09,661,-1602.26,-1573.05,464.96,-0.044662
DESC-09,662,-2289.22,1493.1,417.84,-0.026202
DESC-09,663,-3058.54,3403.91,267.95,-0.005643
DESC-09,664,-239.48,-960.14,839.23,-0.076331
DESC-09,665,-1999.23,2035.04,411.04,-0.026893
DESC-09,666,1671.39,-2517.61,397.13,-0.066069
DESC-09,667,2957.69,559.4,450.96,-0.07167
DESC-09,668,-1589.11,-471.01,594.15,-0.048842
DESC-09,669,505.74,-1482.71,684.47,-0.081346
DESC-09,670,47.08,2251.97,578.0,-0.055906
DESC-09,671,-2974.24,1724.95,335.0,-0.015161
DESC-09,672,-2625.88,-2562.02,302.6,-0.021998
DESC-09,673,2693.46,-1453.15,415.72,-0.072737
DESC-09,674,-180.94,2236.53,571.74,-0.053503
DESC-09,675,2132.27,3447.02,324.92,-0.042262
DESC-09,676,-3033.93,780.95,357.13,-0.018671
DESC-09,677,663.69,2601.89,496.99,-0.05313
DESC-09,678,2557.18,3389.55,310.86,-0.040377
DESC-09,679,2569.46,1683.82,446.06,-0.062081
DESC-09,680,-3459.94,1013.13,315.43,-0.012445
DESC-09,681,152.04,-1951.33,556.24,-0.0681
DESC-09,682,-916.97,-907.03,700.92,-0.067738
DESC-09,683,1820.29,864.88,696.21,-0.076603
DESC-09,684,-2987.47,2984.81,284.85,-0.006911
DESC-09,685,-1645.51,-1387.07,481.29,-0.045209
DESC-09,686,2188.5,-733.54,568.26,-0.078881
DESC-09,687,-213.11,-3344.34,337.78,-0.045381
DESC-09,688,-327.95,1377.09,816.35,-0.064677
DESC-09,689,3279.91,-395.01,397.83,-0.06486
DESC-09,690,-1260.77,2084.12,493.58,-0.037101
DESC-09,691,-3207.95,-1864.42,299.45,-0.015878
DESC-09,692,-754.59,1117.52,790.7,-0.056349
DESC-09,693,-2426.39,1211.65,415.84,-0.027793
DESC-09,694,-2926.76,-249.73,370.93,-0.021039
DESC-09,695,475.02,-2179.76,505.65,-0.071175
DESC-09,696,3175.03,-679.71,402.11,-0.066669
DESC-09,697,555.85,1715.3,738.46,-0.066457
DESC-09,698,1029.8,-2175.7,486.11,-0.070245
DESC-09,699,-1234.6,-2869.71,352.21,-0.038289
DESC-10,0,875.67,497.86,1173.71,-0.076084
DESC-10,1,2780.5,1765.71,412.23,-0.054733
DESC-10,2,1929.8,624.99,688.02,-0.073493
DESC-10,3,-1923.55,2119.45,411.65,-0.027848
DESC-10,4,-1398.84,353.29,681.09,-0.05127
DESC-10,5,2614.87,-2112.99,369.29,-0.065668
DESC-10,6,-3463.14,579.08,320.51,-0.017907
DESC-10,7,2248.6,-63.45,604.37,-0.075677
DESC-10,8,2079.49,-2338.45,389.9,-0.064201
DESC-10,9,-224.46,834.16,1066.62,-0.066148
DESC-10,10,-1378.77,2218.72,460.56,-0.034661
DESC-10,11,-1551.02,-2554.39,364.16,-0.041958
DESC-10,12,-1715.91,314.62,590.38,-0.044721
DESC-10,13,-384.47,1635.81,719.47,-0.053135
DESC-10,14,31.84,-678.88,1012.92,-0.073562
DESC-10,15,374.48,-1609.68,648.43,-0.075995
DESC-10,16,3468.5,-894.04,360.54,-0.056066
DESC-10,17,2048.63,291.89,666.78,-0.081037
DESC-10,18,855.25,1306.62,857.08,-0.067085
DESC-10,19,3422.72,414.23,386.14,-0.059956
DESC-10,20,-1992.84,-2750.82,324.21,-0.03197
DESC-10,21,-2378.52,2225.2,359.9,-0.024157
DESC-10,22,787.78,2967.02,430.46,-0.039398
DESC-10,23,-3192.41,-2790.95,269.95,-0.025323
DESC-10,24,-3250.24,-1753.36,300.66,-0.026579
DESC-10,25,104.22,-2284.23,484.84,-0.063511
DESC-10,26,-236.56,2444.09,522.14,-0.042024
DESC-10,27,2920.17,2871.95,323.76,-0.038859
DESC-10,28,904.58,-3190.08,351.03,-0.051663
DESC-10,29,98.82,-1173.06,794.71,-0.076172
DESC-10,30,-21.89,-2152.54,508.05,-0.062268
DESC-10,31,-1767.4,-213.27,567.86,-0.0483
DESC-10,32,-3417.44,2951.13,268.72,-0.013313
DESC-10,33,-2153.18,-3008.79,301.54,-0.030977
DESC-10,34,1344.22,-2301.05,446.25,-0.07023
DESC-10,35,-2095.75,-90.8,500.16,-0.039881
DESC-10,36,-913.25,168.24,867.88,-0.065256
DESC-10,37,-3473.86,1718.51,299.61,-0.014981
DESC-10,38,2310.33,-436.2,567.78,-0.077046
DESC-10,39,-2418.77,-2512.04,315.94,-0.032998
DESC-10,40,-1626.8,-1024.72,527.39,-0.049166
DESC-10,41,2662.33,3374.65,307.25,-0.032978
DESC-10,42,68.54,1755.06,725.89,-0.057559
DESC-10,43,2430.05,-2685.59,337.3,-0.057417
DESC-10,44,978.02,2157.46,576.97,-0.054682
DESC-10,45,1692.4,-1323.51,578.89,-0.077776
DESC-10,46,-2859.53,1969.78,334.15,-0.017265
DESC-10,47,288.01,-3410.95,335.09,-0.050665
DESC-10,48,54.41,2598.89,500.55,-0.041371
DESC-10,49,2599.38,-2363.83,351.0,-0.062194
DESC-10,50,-971.15,-309.75,801.96,-0.061897
DESC-10,51,687.29,1132.29,965.25,-0.06867
DESC-10,52,-3085.24,55.09,356.7,-0.025485
DESC-10,53,-786.58,-2342.22,437.48,-0.057044
DESC-10,54,-1238.75,-2526.17,386.09,-0.049448
DESC-10,55,-2448.6,-1508.26,373.43,-0.036737
DESC-10,56,2214.37,-3133.26,315.66,-0.053389
DESC-10,57,-843.88,-1984.19,489.89,-0.058328
DESC-10,58,3351.24,-2589.26,295.32,-0.052708
DESC-10,59,629.94,-246.42,1236.02,-0.079928
DESC-10,60,735.39,-1004.43,838.69,-0.080169
DESC-10,61,965.98,607.83,1091.23,-0.074075
DESC-10,62,1235.15,-1533.85,603.39,-0.079193
DESC-10,63,-2444.48,-3262.62,278.86,-0.027464
DESC-10,64,-417.81,-1182.23,731.07,-0.068032
DESC-10,65,-1823.05,1786.26,456.32,-0.034226
DESC-10,66,-682.51,-1709.13,558.46,-0.061808
DESC-10,67,-2823.07,-668.16,372.82,-0.031654
DESC-10,68,3274.8,1784.82,358.56,-0.048967
DESC-10,69,-1994.97,-653.23,493.22,-0.042715
DESC-10,70,1202.36,2709.87,453.44,-0.048863
DESC-10,71,-1397.06,2926.48,376.31,-0.028414
DESC-10,72,2618.54,-1326.29,435.73,-0.071178
DESC-10,73,1135.5,1651.75,691.05,-0.063414
DESC-10,74,-2578.69,-1728.18,348.91,-0.035012
DESC-10,75,2415.52,-2523.34,350.54,-0.059777
DESC-10,76,3114.64,-434.83,419.13,-0.066588
DESC-10,77,2827.42,717.31,468.63,-0.066078
DESC-10,78,488.03,3049.14,423.56,-0.036823
DESC-10,79,-2481.78,-2478.69,314.28,-0.032057
DESC-10,80,-2152.76,1486.54,436.69,-0.030643
DESC-10,81,2995.34,-171.75,444.52,-0.067779
DESC-10,82,366.29,-2578.03,435.25,-0.060204
DESC-10,83,-2236.13,3308.61,303.4,-0.014393
DESC-10,84,2688.4,1370.38,454.69,-0.060786
DESC-10,85,991.0,-2597.99,419.61,-0.065229
DESC-10,86,487.86,2840.29,456.87,-0.0422
DESC-10,87,-865.99,-2778.34,377.85,-0.047147
DESC-10,88,-623.31,-2851.39,379.09,-0.051545
DESC-10,89,-1823.58,-1179.14,477.31,-0.047793
DESC-10,90,-3233.6,3065.71,272.25,-0.012466
DESC-10,91,2633.53,-3268.83,292.4,-0.048741
DESC-10,92,-225.89,2927.45,435.43,-0.0381
DESC-10,93,333.45,781.28,1217.45,-0.071455
DESC-10,94,-1244.86,-3030.64,337.81,-0.04477
DESC-10,95,1759.27,480.14,757.02,-0.078625
DESC-10,96,-3323.62,-288.46,331.06,-0.020206
DESC-10,97,-894.7,447.89,865.0,-0.061258
DESC-10,98,-3287.55,1660.42,313.4,-0.016843
DESC-10,99,-2639.76,1250.33,387.18,-0.025253
DESC-10,100,3270.04,3480.59,278.49,-0.027361
DESC-10,101,1104.33,-2403.32,443.89,-0.068441
DESC-10,102,-502.46,2189.99,558.8,-0.046445
DESC-10,103,166.18,-622.35,1060.73,-0.077684
DESC-10,104,2609.66,1983.15,414.42,-0.049431
DESC-10,105,-1090.53,2742.45,417.31,-0.033835
DESC-10,106,632.04,3443.99,370.59,-0.030591
DESC-10,107,1285.79,-1637.71,573.51,-0.078758
DESC-10,108,-1012.1,-329.43,784.03,-0.060096
DESC-10,109,133.69,3099.45,416.39,-0.034743
DESC-10,110,1856.73,3120.17,365.19,-0.039659
DESC-10,111,2864.26,-889.88,434.09,-0.064969
DESC-10,112,-2442.56,3081.47,305.76,-0.017438
DESC-10,113,3033.94,-658.76,422.03,-0.065764
DESC-10,114,-3463.75,-876.64,310.32,-0.023621
DESC-10,115,1770.84,1796.34,552.88,-0.061853
DESC-10,116,2173.69,-201.52,618.11,-0.078097
DESC-10,117,-2542.65,-362.61,417.32,-0.035542
DESC-10,118,-567.67,-797.17,821.42,-0.068455
DESC-10,119,2206.79,-470.37,589.85,-0.076085
DESC-10,120,-3400.1,-2521.28,270.19,-0.02632
DESC-10,121,899.23,-3072.74,363.22,-0.05621
DESC-10,122,2051.17,1777.95,511.61,-0.061318
DESC-10,123,91.03,451.5,1406.2,-0.072749
DESC-10,124,1580.95,1203.23,707.0,-0.068139
DESC-10,125,-1915.04,2116.35,412.85,-0.02773
DESC-10,126,-2110.35,-1889.26,378.88,-0.038548
DESC-10,127,-958.11,-1863.59,499.46,-0.056974
DESC-10,128,-2244.16,-1554.64,391.11,-0.035423
DESC-10,129,-1077.57,-1372.53,572.23,-0.059904
DESC-10,130,3136.87,1824.84,369.65,-0.051392
DESC-10,131,513.33,-880.73,919.7,-0.08014
DESC-10,132,-1119.52,-1237.68,590.06,-0.058822
DESC-10,133,-1599.33,954.11,584.08,-0.043906
DESC-10,134,3164.28,-2194.01,324.53,-0.059203
DESC-10,135,-388.65,-2755.06,398.42,-0.056665
DESC-10,136,3362.76,1379.93,368.19,-0.052745
DESC-10,137,108.66,1795.12,713.98,-0.05786
DESC-10,138,148.16,-1425.45,705.16,-0.075682
DESC-10,139,2775.78,952.29,467.25,-0.065925
DESC-10,140,1699.37,-3261.46,324.48,-0.051908
DESC-10,141,564.57,-669.77,1018.23,-0.080215
DESC-10,142,-513.45,545.71,1032.12,-0.062546
DESC-10,143,2647.32,-1726.07,398.14,-0.068568
DESC-10,144,-618.48,-1062.5,729.74,-0.066474
DESC-10,145,2959.32,766.85,444.82,-0.064389
DESC-10,146,-3018.99,629.28,361.12,-0.023454
DESC-10,147,-490.02,-2420.66,441.88,-0.058595
DESC-10,148,136.6,1446.07,848.97,-0.062611
DESC-10,149,3156.57,-2939.8,288.53,-0.054158
DESC-10,150,-1743.01,3288.07,327.07,-0.020902
DESC-10,151,2142.27,-2083.47,412.14,-0.066722
DESC-10,152,1235.3,-1725.16,560.08,-0.079959
DESC-10,153,1519.6,-2097.9,464.78,-0.072598
DESC-10,154,907.36,3440.49,366.55,-0.031852
DESC-10,155,3300.92,-1493.84,350.79,-0.057428
DESC-10,156,-1171.23,737.05,728.0,-0.053217
DESC-10,157,-712.07,3434.44,356.62,-0.026366
DESC-10,158,-2079.62,3150.47,319.85,-0.015574
DESC-10,159,-3145.07,-3203.55,259.42,-0.021241
DESC-10,160,-2009.64,148.29,521.52,-0.041434
DESC-10,161,2908.25,709.13,455.08,-0.065804
DESC-10,162,2381.18,1416.77,500.68,-0.060999
DESC-10,163,-2713.16,-1148.63,366.07,-0.032314
DESC-10,164,726.45,-1204.64,763.74,-0.080853
DESC-10,165,-145.62,-3470.01,327.56,-0.048589
DESC-10,166,662.79,-3253.34,348.16,-0.052167
DESC-10,167,1114.93,350.4,1063.3,-0.079205
DESC-10,168,-1353.38,-2968.79,338.44,-0.043549
DESC-10,169,3229.46,-2082.63,326.14,-0.058862
DESC-10,170,-239.12,-1167.1,763.13,-0.073254
DESC-10,171,896.71,-3006.7,370.5,-0.055603
DESC-10,172,946.58,-3283.98,341.3,-0.049934
DESC-10,173,-2212.77,2988.44,322.83,-0.01566
DESC-10,174,-3066.94,-453.54,352.43,-0.026465
DESC-10,175,-619.38,-2065.81,493.85,-0.060125
DESC-10,176,1848.21,1459.16,596.56,-0.064332
DESC-10,177,2206.55,-3433.88,297.27,-0.04865
DESC-10,178,1609.92,-1784.88,507.29,-0.078309
DESC-10,179,-2707.57,3225.25,287.3,-0.013853
DESC-10,180,2893.48,2783.83,330.66,-0.041076
DESC-10,181,2114.26,951.48,605.07,-0.069678
DESC-10,182,2643.84,-2847.58,315.6,-0.056152
DESC-10,183,163.13,-1273.64,759.23,-0.074601
DESC-10,184,2909.45,-3304.47,281.48,-0.048036
DESC-10,185,-3173.43,-1965.66,297.94,-0.027012
DESC-10,186,-3287.98,-3321.96,252.53,-0.018694
DESC-10,187,-3358.49,-2616.85,269.06,-0.025642
DESC-10,188,-1730.62,932.5,555.7,-0.042635
DESC-10,189,-1760.01,-2796.9,332.79,-0.037
DESC-10,190,-2187.48,-2409.66,335.6,-0.035428
DESC-10,191,469.39,2819.66,460.64,-0.042318
DESC-10,192,-3227.1,-1151.83,320.91,-0.024572
DESC-10,193,632.72,-1169.02,786.38,-0.080302
DESC-10,194,-2337.92,-2894.22,299.73,-0.030281
DESC-10,195,1245.12,2071.51,570.73,-0.055536
DESC-10,196,-3352.47,1234.64,319.39,-0.017161
DESC-10,197,-1326.01,329.93,705.61,-0.052189
DESC-10,198,3068.39,825.39,426.13,-0.062119
DESC-10,199,268.77,-2797.34,403.34,-0.059908
DESC-10,200,2181.11,-1677.86,454.99,-0.074221
DESC-10,201,1106.18,585.49,1026.73,-0.078066
DESC-10,202,775.26,3165.62,402.53,-0.03444
DESC-10,203,-2161.23,2219.92,379.57,-0.024758
DESC-10,204,520.76,985.08,1070.9,-0.07089
DESC-10,205,-3222.2,131.73,343.26,-0.024257
DESC-10,206,2111.65,-3394.07,302.51,-0.049373
DESC-10,207,3220.5,2735.01,313.87,-0.038102
DESC-10,208,2478.06,-3032.02,311.6,-0.05308
DESC-10,209,-3145.03,-2596.43,277.88,-0.027788
DESC-10,210,-1129.38,1351.5,641.22,-0.049717
DESC-10,211,-1273.98,2185.01,477.09,-0.034534
DESC-10,212,-2710.98,2005.85,344.4,-0.020941
DESC-10,213,886.28,-333.17,1084.4,-0.082236
DESC-10,214,2082.21,-2260.61,397.89,-0.063874
DESC-10,215,-1303.95,-3252.88,318.52,-0.044205
DESC-10,216,2539.66,2459.66,379.86,-0.044699
DESC-10,217,2079.89,3343.88,334.92,-0.035274
DESC-10,218,-2596.03,-1791.05,344.06,-0.034453
DESC-10,219,1868.01,2562.53,426.53,-0.047634
DESC-10,220,2678.35,-682.28,476.46,-0.072359
DESC-10,221,-2119.02,-1320.59,423.27,-0.043739
DESC-10,222,515.49,36.08,1452.28,-0.074507
DESC-10,223,971.25,-3442.82,326.95,-0.049941
DESC-10,224,765.34,-401.0,1103.7,-0.08055
DESC-10,225,-2826.28,-2103.12,312.68,-0.028491
DESC-10,226,1128.34,1487.2,740.64,-0.065331
DESC-10,227,923.68,18.0,1172.71,-0.079714
DESC-10,228,2267.2,2581.97,391.27,-0.044154
DESC-10,229,2124.59,2776.54,382.81,-0.040525
DESC-10,230,-1209.82,-1282.69,565.94,-0.056595
DESC-10,231,1554.33,-1537.31,559.49,-0.076844
DESC-10,232,2570.91,3073.91,330.49,-0.037516
DESC-10,233,2750.63,27.98,491.62,-0.07128
DESC-10,234,-2369.41,-2824.39,301.89,-0.030424
DESC-10,235,-3313.08,-3178.8,255.44,-0.019662
DESC-10,236,1055.65,3432.98,363.99,-0.03225
DESC-10,237,-1997.27,554.15,518.5,-0.036042
DESC-10,238,445.97,-3118.55,363.81,-0.053532
DESC-10,239,3113.63,78.79,429.46,-0.065432
DESC-10,240,-844.76,28.73,893.36,-0.06257
DESC-10,241,-1730.58,-452.29,561.9,-0.04777
DESC-10,242,-304.43,3158.96,400.31,-0.032796
DESC-10,243,1100.71,3141.4,396.55,-0.037197
DESC-10,244,-2792.31,-2625.23,291.91,-0.029135
DESC-10,245,-835.91,-2437.96,421.07,-0.055978
DESC-10,246,-2563.95,-647.58,404.81,-0.034847
DESC-10,247,1137.12,2338.19,524.54,-0.053012
DESC-10,248,2313.87,866.27,564.7,-0.070859
DESC-10,249,-862.02,1608.81,643.97,-0.048754
DESC-10,250,-897.93,532.41,854.86,-0.060222
DESC-10,251,276.65,-2029.6,539.25,-0.069543
DESC-10,252,-1994.6,2224.36,395.05,-0.028409
DESC-10,253,-1768.13,-3401.85,294.09,-0.03532
DESC-10,254,-1191.03,1389.39,620.6,-0.046071
DESC-10,255,-298.02,-2139.62,499.86,-0.060614
DESC-10,256,-2929.28,-202.36,371.35,-0.026306
DESC-10,257,1769.12,3325.93,349.99,-0.036318
DESC-10,258,553.38,273.25,1458.13,-0.073309
DESC-10,259,-1402.14,-3101.36,326.09,-0.043415
DESC-10,260,-2957.17,-498.54,362.78,-0.028938
DESC-10,261,1842.27,1121.87,652.76,-0.068003
DESC-10,262,-2582.45,-3103.05,280.69,-0.029433
DESC-10,263,-2567.55,-1731.42,349.65,-0.035032
DESC-10,264,-2585.21,-3371.65,270.27,-0.026133
DESC-10,265,-2931.16,280.48,373.89,-0.023653
DESC-10,266,2844.75,-829.66,440.59,-0.067147
DESC-10,267,-1615.29,25.83,616.17,-0.048528
DESC-10,268,-1355.13,-1429.14,518.92,-0.054603
DESC-10,269,2329.56,1097.65,541.64,-0.067677
DESC-10,270,839.46,-2288.4,474.72,-0.07368
DESC-10,271,-2190.0,2846.56,333.05,-0.019595
DESC-10,272,-456.31,3220.57,388.17,-0.029475
DESC-10,273,2687.46,-49.04,502.76,-0.071469
DESC-10,274,-872.38,-242.27,850.58,-0.063122
DESC-10,275,1476.17,2517.32,465.27,-0.046239
DESC-10,276,-2822.35,-1471.14,341.5,-0.030234
DESC-10,277,1591.27,2121.74,520.44,-0.057221
DESC-10,278,1935.31,-1488.85,512.93,-0.076637
DESC-10,279,2280.37,1539.75,504.67,-0.060887
DESC-10,280,1219.41,-1161.92,701.57,-0.078426
DESC-10,281,-904.87,718.21,825.67,-0.059188
DESC-10,282,-3050.52,2981.08,282.3,-0.013018
DESC-10,283,131.43,-3119.73,363.57,-0.05248
DESC-10,284,1802.22,2150.78,490.55,-0.056673
DESC-10,285,-2164.13,292.92,489.83,-0.03664
DESC-10,286,-1636.34,-846.53,545.8,-0.052245
DESC-10,287,252.84,-1048.07,852.35,-0.077478
DESC-10,288,1738.32,-3014.12,343.41,-0.059782
DESC-10,289,2776.11,-1691.35,387.92,-0.067213
DESC-10,290,-2619.81,861.96,403.83,-0.024239
DESC-10,291,-2210.11,-2816.87,309.6,-0.030739
DESC-10,292,2096.76,1185.85,582.57,-0.06674
DESC-10,293,1011.65,3235.77,387.64,-0.034923
DESC-10,294,1546.81,3365.43,355.26,-0.032085
DESC-10,295,3477.4,2724.69,300.25,-0.034699
DESC-10,296,3074.26,2146.28,356.64,-0.044559
DESC-10,297,2401.18,-2254.33,374.04,-0.064586
DESC-10,298,1939.81,3291.09,345.54,-0.037097
DESC-10,299,-734.87,-2080.94,482.42,-0.060089
DESC-10,300,988.6,2583.35,486.96,-0.049251
DESC-10,301,-2208.88,2645.12,345.14,-0.022605
DESC-10,302,1816.46,853.36,698.9,-0.070661
DESC-10,303,1803.83,149.15,750.09,-0.080216
DESC-10,304,1549.07,-2097.02,462.46,-0.072556
DESC-10,305,-386.41,136.28,1147.33,-0.069716
DESC-10,306,-852.74,-1465.66,588.69,-0.066002
DESC-10,307,-561.6,-2618.84,410.22,-0.056365
DESC-10,308,-3266.63,-2602.66,272.91,-0.026247
DESC-10,309,2410.24,2108.2,425.09,-0.04972
DESC-10,310,296.59,2956.82,438.73,-0.042248
DESC-10,311,-787.37,-2506.92,414.53,-0.057548
DESC-10,312,336.2,-3407.17,335.41,-0.050548
DESC-10,313,1551.48,-1654.57,537.53,-0.078855
DESC-10,314,-829.77,-2558.93,405.55,-0.05514
DESC-10,315,2314.48,-2179.61,387.67,-0.065952
DESC-10,316,2936.24,583.29,453.98,-0.065128
DESC-10,317,-787.97,-543.94,823.0,-0.067945
DESC-10,318,-2535.29,-495.4,414.22,-0.036065
DESC-10,319,1822.61,-2060.71,443.74,-0.069367
DESC-10,320,3450.64,1152.12,367.16,-0.053234
DESC-10,321,-2464.08,-1473.43,374.01,-0.037119
DESC-10,322,1488.73,-705.97,753.81,-0.080971
DESC-10,323,2277.26,-256.1,587.78,-0.07645
DESC-10,324,2944.0,2830.97,324.78,-0.040214
DESC-10,325,-2636.33,-1775.51,341.72,-0.033283
DESC-10,326,-2857.33,1530.66,352.79,-0.019968
DESC-10,327,3415.1,-1334.42,348.15,-0.057122
DESC-10,328,-2682.7,2760.98,309.11,-0.015479
DESC-10,329,-2262.35,-741.44,443.07,-0.041144
DESC-10,330,524.67,36.13,1446.17,-0.074341
DESC-10,331,-376.09,2640.51,477.26,-0.039746
DESC-10,332,1752.75,1209.33,661.24,-0.068563
DESC-10,333,-2166.1,-2839.49,310.37,-0.031459
DESC-10,334,2900.99,-2542.15,320.73,-0.056105
DESC-10,335,-1979.64,3435.13,307.21,-0.017407
DESC-10,336,1883.78,-3296.26,316.09,-0.05245
DESC-10,337,-3026.78,-1393.9,328.25,-0.028593
DESC-10,338,-186.18,3212.26,396.18,-0.033566
DESC-10,339,-3272.09,-3394.26,251.16,-0.018142
DESC-10,340,-1303.33,-2370.21,399.08,-0.045688
DESC-10,341,-1314.39,-2006.45,442.39,-0.047684
DESC-10,342,1538.24,-2895.26,362.51,-0.059626
DESC-10,343,-314.88,-196.27,1121.08,-0.070371
DESC-10,344,-3102.58,647.07,352.22,-0.022636
DESC-10,345,3467.53,-1271.75,346.16,-0.057178
DESC-10,346,2720.9,-2739.45,318.45,-0.057887
DESC-10,347,2914.27,2176.69,368.72,-0.043824
DESC-10,348,-1773.97,2131.3,426.77,-0.030639
DESC-10,349,-741.23,434.7,936.31,-0.063857
DESC-10,350,-1909.74,-2535.81,343.84,-0.037272
DESC-10,351,-2625.66,293.38,413.11,-0.028404
DESC-10,352,-3268.83,906.67,332.66,-0.020147
DESC-10,353,23.36,-501.95,1107.07,-0.074909
DESC-10,354,-2638.06,2547.04,322.27,-0.017775
DESC-10,355,-2265.87,-769.68,440.94,-0.040009
DESC-10,356,2523.33,76.21,539.92,-0.075142
DESC-10,357,-110.3,-2701.0,412.72,-0.057596
DESC-10,358,-2214.08,444.86,478.45,-0.035132
DESC-10,359,1189.05,1865.14,626.16,-0.060345
DESC-10,360,-1638.95,1618.81,502.32,-0.035
DESC-10,361,188.56,-1701.13,621.42,-0.07204
DESC-10,362,-1519.33,3443.06,325.74,-0.022016
DESC-10,363,113.13,1539.54,808.83,-0.060515
DESC-10,364,899.74,-533.73,997.48,-0.081965
DESC-10,365,253.46,-595.64,1081.73,-0.077104
DESC-10,366,-730.77,1955.28,586.13,-0.046699
DESC-10,367,2035.7,-2270.22,400.44,-0.0641
DESC-10,368,2614.06,977.39,494.65,-0.067147
DESC-10,369,-2244.4,1531.88,421.1,-0.02901
DESC-10,370,-2545.84,114.38,424.78,-0.031381
DESC-10,371,-2707.66,2612.39,314.76,-0.017257
DESC-10,372,3357.18,-219.55,391.71,-0.061943
DESC-10,373,3091.14,-245.75,427.89,-0.065384
DESC-10,374,-1885.33,-1507.24,436.15,-0.045327
DESC-10,375,3289.35,2935.6,300.67,-0.035173
DESC-10,376,-2045.28,-1286.11,435.62,-0.044155
DESC-10,377,45.33,1366.9,876.53,-0.063661
DESC-10,378,-18.3,-634.53,1026.97,-0.072852
DESC-10,379,2904.69,3047.97,314.46,-0.035269
DESC-10,380,-3216.3,3135.72,270.77,-0.014621
DESC-10,381,-1292.54,-3289.75,316.27,-0.044173
DESC-10,382,699.82,3461.74,367.75,-0.031772
DESC-10,383,-3035.21,734.55,357.81,-0.021804
DESC-10,384,-1844.15,-2983.03,316.12,-0.033792
DESC-10,385,-244.56,-20.78,1213.82,-0.072811
DESC-10,386,2666.0,-3153.7,297.22,-0.051517
DESC-10,387,1826.72,342.26,739.69,-0.079834
DESC-10,388,2302.86,-2201.82,386.48,-0.065788
DESC-10,389,1827.49,-924.42,623.58,-0.077902
DESC-10,390,1454.05,-1367.1,609.84,-0.076874
DESC-10,391,2447.85,715.48,544.01,-0.070148
DESC-10,392,1270.34,2256.53,529.39,-0.052034
DESC-10,393,1649.78,3055.76,382.62,-0.038357
DESC-10,394,-1388.49,-1197.99,547.86,-0.054032
DESC-10,395,-2326.51,487.83,457.68,-0.033183
DESC-10,396,1795.67,-3458.71,307.57,-0.051223
DESC-10,397,-2339.14,-894.86,423.27,-0.037689
DESC-10,398,2936.19,3224.93,303.36,-0.031699
DESC-10,399,676.5,-2668.13,418.05,-0.060904
DESC-10,400,-1193.96,2588.79,429.27,-0.034074
DESC-10,401,3056.5,1067.54,418.48,-0.060699
DESC-10,402,-2414.09,-1442.74,380.95,-0.036945
DESC-10,403,101.26,1947.13,664.5,-0.053039
DESC-10,404,-2859.12,-1475.03,338.3,-0.029631
DESC-10,405,3257.99,2763.71,310.35,-0.037125
DESC-10,406,527.63,-2920.69,386.28,-0.058131
DESC-10,407,2125.67,-2667.05,355.59,-0.059441
DESC-10,408,-1526.54,1750.09,503.73,-0.035617
DESC-10,409,2112.58,-355.75,623.82,-0.079069
DESC-10,410,1419.89,-2467.76,417.97,-0.064284
DESC-10,411,1005.77,94.04,1132.09,-0.081102
DESC-10,412,3153.94,-1421.22,368.18,-0.059358
DESC-10,413,-465.56,345.21,1092.25,-0.066887
DESC-10,414,-594.38,1706.0,666.62,-0.050454
DESC-10,415,1344.85,2497.88,478.77,-0.049562
DESC-10,416,2345.39,-3087.0,313.55,-0.053744
DESC-10,417,-1154.47,646.48,743.98,-0.053587
DESC-10,418,1187.6,3385.66,365.43,-0.033299
DESC-10,419,-2036.74,-281.42,505.72,-0.042687
DESC-10,420,361.9,1886.97,686.78,-0.055571
DESC-10,421,1884.2,-2819.18,354.5,-0.058923
DESC-10,422,-3042.8,2614.56,295.98,-0.014356
DESC-10,423,1594.89,574.37,810.7,-0.07702
DESC-10,424,-3391.97,2717.84,276.25,-0.010209
DESC-10,425,3208.45,2009.83,352.86,-0.046644
DESC-10,426,-219.31,2584.68,494.76,-0.040327
DESC-10,427,-636.5,-3098.93,352.48,-0.047968
DESC-10,428,1543.11,1508.67,650.29,-0.067337
DESC-10,429,163.09,-2121.13,518.34,-0.068488
DESC-10,430,1615.94,-1639.33,532.12,-0.077943
DESC-10,431,-2906.69,-1226.52,344.52,-0.028372
DESC-10,432,439.54,639.2,1303.23,-0.072468
DESC-10,433,406.76,895.03,1138.64,-0.07163
DESC-10,434,3024.8,3020.1,309.83,-0.036048
DESC-10,435,-3222.76,-3410.97,251.94,-0.018151
DESC-10,436,-330.26,-2145.93,497.02,-0.060767
DESC-10,437,917.51,-965.98,822.42,-0.083161
DESC-10,438,355.23,2226.05,588.39,-0.049361
DESC-10,439,-2980.87,349.36,367.96,-0.023302
DESC-10,440,652.6,83.93,1371.16,-0.075576
DESC-10,441,-1944.62,1821.3,436.81,-0.030266
DESC-10,442,-2131.16,1085.41,467.28,-0.030906
DESC-10,443,2650.84,-1471.01,419.29,-0.069079
DESC-10,444,-2115.11,-2890.19,309.79,-0.03161
DESC-10,445,-319.96,-263.85,1095.19,-0.072861
DESC-10,446,1752.01,2661.16,423.22,-0.045084
DESC-10,447,1451.21,686.99,851.91,-0.076282
DESC-10,448,374.21,-3126.98,363.15,-0.052184
DESC-10,449,2149.32,-419.46,608.71,-0.076624
DESC-10,450,-239.29,-807.72,900.12,-0.071558
DESC-10,451,842.7,576.97,1165.55,-0.073304
DESC-10,452,2232.42,609.89,601.93,-0.073559
DESC-10,453,1246.64,3159.32,389.02,-0.037151
DESC-10,454,992.8,-1133.34,750.87,-0.082207
DESC-10,455,-657.1,-643.33,840.85,-0.068944
DESC-10,456,408.26,794.6,1202.55,-0.07167
DESC-10,457,-727.42,2704.73,446.75,-0.034689
DESC-10,458,1710.05,1443.01,628.41,-0.066967
DESC-10,459,-836.99,-203.8,871.05,-0.062956
DESC-10,460,-233.65,2201.96,576.9,-0.043428
DESC-10,461,1788.2,-102.86,744.98,-0.08317
DESC-10,462,25.59,3244.66,395.43,-0.033367
DESC-10,463,-1133.77,-1522.5,536.68,-0.05786
DESC-10,464,2287.73,-2608.26,351.34,-0.058146
DESC-10,465,-833.26,2312.8,503.34,-0.037011
DESC-10,466,2413.1,-1418.91,454.32,-0.071028
DESC-10,467,1996.68,2431.77,431.42,-0.049123
DESC-10,468,-368.98,765.83,1036.39,-0.065544
DESC-10,469,1490.24,62.72,874.84,-0.082353
DESC-10,470,-3259.27,-2890.78,264.75,-0.023645
DESC-10,471,-771.41,2004.21,570.3,-0.044772
DESC-10,472,2522.34,-3038.53,309.37,-0.053763
DESC-10,473,556.78,3256.06,394.16,-0.031396
DESC-10,474,404.78,2638.82,494.66,-0.045636
DESC-10,475,1153.17,-1379.22,653.32,-0.078506
DESC-10,476,1243.7,-2604.94,408.57,-0.063563
DESC-10,477,585.19,2699.72,480.32,-0.046298
DESC-10,478,-555.59,-141.05,1011.74,-0.068069
DESC-10,479,-2215.61,-2625.88,320.42,-0.032789
DESC-10,480,-1451.51,-10.34,662.74,-0.05226
DESC-10,481,-1449.54,-1772.27,458.68,-0.047924
DESC-10,482,-484.79,-645.15,895.29,-0.070828
DESC-10,483,3493.41,981.69,367.57,-0.050506
DESC-10,484,-1032.14,2907.55,400.65,-0.029872
DESC-10,485,-368.35,2106.51,590.09,-0.047719
DESC-10,486,-898.61,-2372.94,426.09,-0.057711
DESC-10,487,569.99,-158.65,1312.03,-0.076724
DESC-10,488,3135.29,-56.5,424.82,-0.064912
DESC-10,489,2723.51,3426.38,301.81,-0.031547
DESC-10,490,-860.03,-2891.72,365.96,-0.048271
DESC-10,491,-1631.69,75.37,612.71,-0.0493
DESC-10,492,2690.79,2900.54,335.46,-0.041647
DESC-10,493,-43.17,-708.06,985.3,-0.070527
DESC-10,494,1298.79,-1667.98,565.43,-0.077843
DESC-10,495,-2986.96,391.53,367.03,-0.023799
DESC-10,496,2565.9,-1259.38,448.74,-0.069293
DESC-10,497,-1309.24,2989.55,375.26,-0.030335
DESC-10,498,-38.31,-2906.41,386.8,-0.054543
DESC-10,499,-2113.85,-2053.04,365.99,-0.036864
DESC-10,500,-558.3,-2912.9,374.25,-0.05248
DESC-10,501,2296.34,1483.22,508.31,-0.061673
DESC-10,502,2293.05,-1448.01,467.5,-0.074111
DESC-10,503,-184.3,2801.18,457.06,-0.039044
DESC-10,504,1875.37,2755.42,402.73,-0.041625
DESC-10,505,-293.53,3054.71,414.73,-0.033763
DESC-10,506,-886.51,-1707.1,535.57,-0.059717
DESC-10,507,321.22,-3495.4,327.69,-0.04847
DESC-10,508,-2090.61,-786.76,467.48,-0.044599
DESC-10,509,-1284.07,3237.94,352.8,-0.023003
DESC-10,510,1445.7,1846.19,593.91,-0.061298
DESC-10,511,1893.6,-3082.38,331.72,-0.057939
DESC-10,512,-3103.04,1418.01,334.77,-0.019286
DESC-10,513,1629.78,2919.44,399.36,-0.041615
DESC-10,514,2222.01,3274.04,333.79,-0.035595
DESC-10,515,-383.64,1511.92,759.46,-0.055064
DESC-10,516,-3062.82,2540.97,297.67,-0.016945
DESC-10,517,1280.39,2391.91,502.61,-0.049781
DESC-10,518,-1776.85,-991.64,503.97,-0.046104
DESC-10,519,1003.5,-2806.69,391.45,-0.061684
DESC-10,520,-863.64,1592.25,647.44,-0.048147
DESC-10,521,960.14,-2541.61,428.89,-0.065128
DESC-10,522,-1693.06,-810.61,538.14,-0.04934
DESC-10,523,-164.24,3470.15,365.88,-0.026835
DESC-10,524,172.72,418.5,1467.3,-0.074308
DESC-10,525,917.09,152.18,1192.86,-0.078437
DESC-10,526,-2077.83,3135.16,320.89,-0.01633
DESC-10,527,3234.36,-1511.72,355.78,-0.056159
DESC-10,528,-1476.03,3496.02,323.62,-0.022512
DESC-10,529,-1357.86,2883.86,383.12,-0.030742
DESC-10,530,-1705.81,-952.67,520.84,-0.047264
DESC-10,531,-3027.67,-1209.32,334.83,-0.02656
DESC-10,532,-539.54,-2614.06,411.76,-0.056581
DESC-10,533,1902.85,2909.48,383.92,-0.040247
DESC-10,534,1466.97,-2199.33,453.28,-0.070342
DESC-10,535,-2130.99,-3437.15,281.18,-0.027452
DESC-10,536,-2541.48,2730.54,318.7,-0.018381
DESC-10,537,-1250.0,686.81,707.82,-0.052425
DESC-10,538,1877.79,1202.94,631.32,-0.068001
DESC-10,539,-83.45,1631.99,758.32,-0.057545
DESC-10,540,2962.29,-3201.37,284.24,-0.049789
DESC-10,541,1094.69,-2857.02,382.63,-0.061848
DESC-10,542,846.35,-1.14,1217.48,-0.078669
DESC-10,543,1873.84,-3148.17,327.33,-0.057302
DESC-10,544,1751.81,30.25,766.09,-0.082234
DESC-10,545,-1093.13,1654.37,591.73,-0.044713
DESC-10,546,-1700.94,1101.86,547.24,-0.041066
DESC-10,547,-436.65,816.53,990.62,-0.062242
DESC-10,548,-75.27,-3175.16,355.91,-0.04917
DESC-10,549,-2507.94,-1843.42,348.12,-0.033389
DESC-10,550,-410.67,2782.46,451.53,-0.035377
DESC-10,551,978.76,-2637.46,414.48,-0.064594
DESC-10,552,-2550.0,232.57,424.33,-0.028885
DESC-10,553,-2533.73,-3149.66,280.5,-0.028838
DESC-10,554,-2283.95,3074.42,314.03,-0.015631
DESC-10,555,-1516.68,-2299.06,391.23,-0.043045
DESC-10,556,3231.96,-629.85,396.72,-0.064652
DESC-10,557,-3319.46,327.47,334.12,-0.022193
DESC-10,558,-2213.83,1530.56,425.22,-0.02956
DESC-10,559,-2344.67,3062.17,311.64,-0.016044
DESC-10,560,-179.56,1654.54,740.33,-0.056037
DESC-10,561,-3394.49,-1068.42,310.95,-0.024713
DESC-10,562,-292.79,-2972.62,374.43,-0.054424
DESC-10,563,-2359.54,1451.84,411.37,-0.027601
DESC-10,564,-1612.52,3307.57,331.71,-0.023347
DESC-10,565,2047.08,-3380.89,305.32,-0.051414
DESC-10,566,-2211.53,1922.76,396.92,-0.026742
DESC-10,567,819.9,-2267.01,479.34,-0.073408
DESC-10,568,-655.81,-280.32,935.15,-0.068408
DESC-10,569,-576.83,158.46,1035.48,-0.069423
DESC-10,570,2217.92,800.98,592.8,-0.071166
DESC-10,571,-2373.6,3426.76,291.8,-0.012906
DESC-10,572,2966.67,1311.81,418.57,-0.059469
DESC-10,573,2754.44,-753.29,459.26,-0.07032
DESC-10,574,1178.25,1505.15,725.56,-0.06753
DESC-10,575,-3153.87,-232.88,347.32,-0.022394
DESC-10,576,1143.16,-608.16,888.56,-0.084509
DESC-10,577,702.43,-940.43,869.81,-0.079894
DESC-10,578,1905.44,-46.16,707.97,-0.082196
DESC-10,579,-2003.18,-1531.72,419.68,-0.042672
DESC-10,580,3173.49,-1805.3,345.07,-0.0597
DESC-10,581,2703.38,-2460.73,337.4,-0.061999
DESC-10,582,-2699.5,-418.43,394.71,-0.029148
DESC-10,583,-1293.59,-1447.17,525.48,-0.056777
DESC-10,584,-3272.89,2358.59,292.79,-0.014157
DESC-10,585,2316.63,2435.26,401.59,-0.047412
DESC-10,586,2905.66,-1092.86,415.73,-0.065263
DESC-10,587,3428.66,833.99,378.58,-0.052493
DESC-10,588,783.48,2816.04,454.59,-0.045907
DESC-10,589,1161.9,-985.87,764.47,-0.081701
DESC-10,590,1248.84,383.01,987.61,-0.079136
DESC-10,591,491.04,-395.09,1188.86,-0.078802
DESC-10,592,3166.96,1051.86,404.25,-0.057962
DESC-10,593,755.03,3218.4,396.02,-0.034286
DESC-10,594,-1149.92,-2529.63,391.08,-0.0522
DESC-10,595,90.14,3257.7,394.41,-0.034225
DESC-10,596,-3369.36,1160.13,319.66,-0.017924
DESC-10,597,1568.88,2071.09,532.3,-0.057184
DESC-10,598,1357.45,945.85,833.04,-0.072777
DESC-10,599,-552.64,2592.22,475.93,-0.035891
DESC-10,600,2460.37,-1216.33,468.02,-0.071023
DESC-10,601,1788.68,1456.33,609.35,-0.065306
DESC-10,602,-1143.21,-1651.21,513.67,-0.05592
DESC-10,603,-2957.51,60.6,370.64,-0.027953
DESC-10,604,-2574.44,1270.43,394.1,-0.02513
DESC-10,605,-2210.09,-2092.13,355.57,-0.037135
DESC-10,606,-1372.57,-3071.88,329.47,-0.043913
DESC-10,607,-367.39,2036.64,607.67,-0.046178
DESC-10,608,2995.98,2162.62,362.4,-0.045417
DESC-10,609,-1551.07,1159.65,573.6,-0.042635
DESC-10,610,2790.1,-1249.98,419.69,-0.066941
DESC-10,611,1263.24,1107.21,820.85,-0.070779
DESC-10,612,2474.45,-2912.84,319.32,-0.055117
DESC-10,613,-677.23,1137.57,808.13,-0.057815
DESC-10,614,-3477.06,533.39,319.75,-0.016427
DESC-10,615,2008.77,820.43,646.43,-0.073541
DESC-10,616,-1781.67,-371.11,555.73,-0.048344
DESC-10,617,-2502.64,-1923.89,343.87,-0.031688
DESC-10,618,2096.44,1581.14,531.14,-0.061586
DESC-10,619,1304.3,-251.09,920.0,-0.084819
DESC-10,620,-2013.09,1717.66,437.19,-0.031722
DESC-10,621,-1626.93,-950.74,535.95,-0.050185
DESC-10,622,3074.54,-2885.48,294.34,-0.051213
DESC-10,623,-1620.23,297.2,616.31,-0.046558
DESC-10,624,1416.84,859.33,831.81,-0.074981
DESC-10,625,-2593.13,2952.44,304.69,-0.015948
DESC-10,626,2205.25,2714.28,383.12,-0.042615
DESC-10,627,-2676.87,-3099.96,277.51,-0.02634
DESC-10,628,112.29,1902.88,678.71,-0.054229
DESC-10,629,-3253.48,-1670.46,303.14,-0.024841
DESC-10,630,350.55,1380.39,882.37,-0.064603
DESC-10,631,2426.35,-843.63,509.24,-0.070488
DESC-10,632,-2909.21,-1245.45,343.56,-0.028212
DESC-10,633,-1580.2,-82.01,622.31,-0.049777
DESC-10,634,1852.85,213.72,732.69,-0.081368
DESC-10,635,756.69,1361.38,852.79,-0.066691
DESC-10,636,-1310.42,965.18,656.95,-0.048461
DESC-10,637,902.33,1247.79,870.15,-0.068613
DESC-10,638,-317.03,-811.46,880.85,-0.068501
DESC-10,639,2536.49,1241.38,489.6,-0.063696
DESC-10,640,-1449.42,-1082.29,553.26,-0.05411
DESC-10,641,1804.11,752.73,715.39,-0.071719
DESC-10,642,949.72,-283.27,1074.27,-0.083107
DESC-10,643,1683.0,439.59,788.45,-0.078605
DESC-10,644,-852.17,-3377.23,322.46,-0.044616
DESC-10,645,1574.45,-8.5,834.16,-0.08365
DESC-10,646,1388.98,-1960.22,499.0,-0.07393
DESC-10,647,-787.58,-799.31,760.36,-0.065961
DESC-10,648,-3314.83,-2983.6,260.46,-0.020837
DESC-10,649,3240.39,1098.31,393.16,-0.056723
DESC-10,650,1495.2,2754.65,428.82,-0.046454
DESC-10,651,-2066.83,-1017.82,454.35,-0.045277
DESC-10,652,1615.65,-2764.53,372.6,-0.061689
DESC-10,653,-1549.22,841.87,606.77,-0.045748
DESC-10,654,-215.0,-2610.74,423.23,-0.058177
DESC-10,655,2519.22,2741.35,358.21,-0.041668
DESC-10,656,-363.5,-2642.8,414.24,-0.058863
DESC-10,657,-1483.95,-966.91,562.16,-0.053285
DESC-10,658,-1361.56,-37.38,689.93,-0.055463
DESC-10,659,-2960.88,-2674.89,282.69,-0.028648
DESC-10,660,-1963.46,-1268.77,448.24,-0.042834
DESC-10,661,-1602.26,-1573.05,464.96,-0.046576
DESC-10,662,-2289.22,1493.1,417.84,-0.028775
DESC-10,663,-3058.54,3403.91,267.95,-0.009394
DESC-10,664,-239.48,-960.14,839.23,-0.069733
DESC-10,665,-1999.23,2035.04,411.04,-0.026933
DESC-10,666,1671.39,-2517.61,397.13,-0.061691
DESC-10,667,2957.69,559.4,450.96,-0.065203
DESC-10,668,-1589.11,-471.01,594.15,-0.051112
DESC-10,669,505.74,-1482.71,684.47,-0.079086
DESC-10,670,47.08,2251.97,578.0,-0.045651
DESC-10,671,-2974.24,1724.95,335.0,-0.020047
DESC-10,672,-2625.88,-2562.02,302.6,-0.031053
DESC-10,673,2693.46,-1453.15,415.72,-0.068274
DESC-10,674,-180.94,2236.53,571.74,-0.044225
DESC-10,675,2132.27,3447.02,324.92,-0.033141
DESC-10,676,-3033.93,780.95,357.13,-0.020121
DESC-10,677,663.69,2601.89,496.99,-0.049357
DESC-10,678,2557.18,3389.55,310.86,-0.031338
DESC-10,679,2569.46,1683.82,446.06,-0.057572
DESC-10,680,-3459.94,1013.13,315.43,-0.018957
DESC-10,681,152.04,-1951.33,556.24,-0.068849
DESC-10,682,-916.97,-907.03,700.92,-0.062066
DESC-10,683,1820.29,864.88,696.21,-0.070979
DESC-10,684,-2987.47,2984.81,284.85,-0.014006
DESC-10,685,-1645.51,-1387.07,481.29,-0.049035
DESC-10,686,2188.5,-733.54,568.26,-0.076341
DESC-10,687,-213.11,-3344.34,337.78,-0.04847
DESC-10,688,-327.95,1377.09,816.35,-0.059195
DESC-10,689,3279.91,-395.01,397.83,-0.063878
DESC-10,690,-1260.77,2084.12,493.58,-0.035751
DESC-10,691,-3207.95,-1864.42,299.45,-0.0272
DESC-10,692,-754.59,1117.52,790.7,-0.055603
DESC-10,693,-2426.39,1211.65,415.84,-0.027965
DESC-10,694,-2926.76,-249.73,370.93,-0.027199
DESC-10,695,475.02,-2179.76,505.65,-0.066619
DESC-10,696,3175.03,-679.71,402.11,-0.062969
DESC-10,697,555.85,1715.3,738.46,-0.060172
DESC-10,698,1029.8,-2175.7,486.11,-0.072254
DESC-10,699,-1234.6,-2869.71,352.21,-0.045153
VAL-01,0,875.67,497.86,1173.71,-0.140585
VAL-01,1,2780.5,1765.71,412.23,-0.040201
VAL-01,2,1929.8,624.99,688.02,-0.092077
VAL-01,3,-1923.55,2119.45,411.65,-0.137637
VAL-01,4,-1398.84,353.29,681.09,-0.195502
VAL-01,5,2614.87,-2112.99,369.29,-0.059617
VAL-01,6,-3463.14,579.08,320.51,-0.144107
VAL-01,7,2248.6,-63.45,604.37,-0.080876
VAL-01,8,2079.49,-2338.45,389.9,-0.076059
VAL-01,9,-224.46,834.16,1066.62,-0.176675
VAL-01,10,-1378.77,2218.72,460.56,-0.136143
VAL-01,11,-1551.02,-2554.39,364.16,-0.148498
VAL-01,12,-1715.91,314.62,590.38,-0.192923
VAL-01,13,-384.47,1635.81,719.47,-0.156893
VAL-01,14,31.84,-678.88,1012.92,-0.182326
VAL-01,15,374.48,-1609.68,648.43,-0.150412
VAL-01,16,3468.5,-894.04,360.54,-0.037151
VAL-01,17,2048.63,291.89,666.78,-0.088035
VAL-01,18,855.25,1306.62,857.08,-0.126447
VAL-01,19,3422.72,414.23,386.14,-0.033814
VAL-01,20,-1992.84,-2750.82,324.21,-0.138545
VAL-01,21,-2378.52,2225.2,359.9,-0.128459
VAL-01,22,787.78,2967.02,430.46,-0.077409
VAL-01,23,-3192.41,-2790.95,269.95,-0.119079
VAL-01,24,-3250.24,-1753.36,300.66,-0.136354
VAL-01,25,104.22,-2284.23,484.84,-0.139623
VAL-01,26,-236.56,2444.09,522.14,-0.116701
VAL-01,27,2920.17,2871.95,323.76,-0.027663
VAL-01,28,904.58,-3190.08,351.03,-0.092039
VAL-01,29,98.82,-1173.06,794.71,-0.169087
VAL-01,30,-21.89,-2152.54,508.05,-0.145959
VAL-01,31,-1767.4,-213.27,567.86,-0.195217
VAL-01,32,-3417.44,2951.13,268.72,-0.096749
VAL-01,33,-2153.18,-3008.79,301.54,-0.127328
VAL-01,34,1344.22,-2301.05,446.25,-0.099567
VAL-01,35,-2095.75,-90.8,500.16,-0.188703
VAL-01,36,-913.25,168.24,867.88,-0.201465
VAL-01,37,-3473.86,1718.51,299.61,-0.129049
VAL-01,38,2310.33,-436.2,567.78,-0.078512
VAL-01,39,-2418.77,-2512.04,315.94,-0.139244
VAL-01,40,-1626.8,-1024.72,527.39,-0.187159
VAL-01,41,2662.33,3374.65,307.25,-0.027103
VAL-01,42,68.54,1755.06,725.89,-0.136363
VAL-01,43,2430.05,-2685.59,337.3,-0.05592
VAL-01,44,978.02,2157.46,576.97,-0.095439
VAL-01,45,1692.4,-1323.51,578.89,-0.10323
VAL-01,46,-2859.53,1969.78,334.15,-0.129427
VAL-01,47,288.01,-3410.95,335.09,-0.100927
VAL-01,48,54.41,2598.89,500.55,-0.1064
VAL-01,49,2599.38,-2363.83,351.0,-0.054504
VAL-01,50,-971.15,-309.75,801.96,-0.201126
VAL-01,51,687.29,1132.29,965.25,-0.135176
VAL-01,52,-3085.24,55.09,356.7,-0.161934
VAL-01,53,-786.58,-2342.22,437.48,-0.152058
VAL-01,54,-1238.75,-2526.17,386.09,-0.146514
VAL-01,55,-2448.6,-1508.26,373.43,-0.165898
VAL-01,56,2214.37,-3133.26,315.66,-0.057857
VAL-01,57,-843.88,-1984.19,489.89,-0.164106
VAL-01,58,3351.24,-2589.26,295.32,-0.040022
VAL-01,59,629.94,-246.42,1236.02,-0.156596
VAL-01,60,735.39,-1004.43,838.69,-0.150256
VAL-01,61,965.98,607.83,1091.23,-0.134986
VAL-01,62,1235.15,-1533.85,603.39,-0.116028
VAL-01,63,-2444.48,-3262.62,278.86,-0.119926
VAL-01,64,-417.81,-1182.23,731.07,-0.182314
VAL-01,65,-1823.05,1786.26,456.32,-0.151855
VAL-01,66,-682.51,-1709.13,558.46,-0.171842
VAL-01,67,-2823.07,-668.16,372.82,-0.168333
VAL-01,68,3274.8,1784.82,358.56,-0.026381
VAL-01,69,-1994.97,-653.23,493.22,-0.19027
VAL-01,70,1202.36,2709.87,453.44,-0.072754
VAL-01,71,-1397.06,2926.48,376.31,-0.110166
VAL-01,72,2618.54,-1326.29,435.73,-0.064041
VAL-01,73,1135.5,1651.75,691.05,-0.104699
VAL-01,74,-2578.69,-1728.18,348.91,-0.157171
VAL-01,75,2415.52,-2523.34,350.54,-0.057744
VAL-01,76,3114.64,-434.83,419.13,-0.046366
VAL-01,77,2827.42,717.31,468.63,-0.051516
VAL-01,78,488.03,3049.14,423.56,-0.084164
VAL-01,79,-2481.78,-2478.69,314.28,-0.138917
VAL-01,80,-2152.76,1486.54,436.69,-0.156214
VAL-01,81,2995.34,-171.75,444.52,-0.050251
VAL-01,82,366.29,-2578.03,435.25,-0.120601
VAL-01,83,-2236.13,3308.61,303.4,-0.101321
VAL-01,84,2688.4,1370.38,454.69,-0.044444
VAL-01,85,991.0,-2597.99,419.61,-0.104297
VAL-01,86,487.86,2840.29,456.87,-0.091107
VAL-01,87,-865.99,-2778.34,377.85,-0.139931
VAL-01,88,-623.31,-2851.39,379.09,-0.132183
VAL-01,89,-1823.58,-1179.14,477.31,-0.181833
VAL-01,90,-3233.6,3065.71,272.25,-0.096666
VAL-01,91,2633.53,-3268.83,292.4,-0.046874
VAL-01,92,-225.89,2927.45,435.43,-0.100014
VAL-01,93,333.45,781.28,1217.45,-0.159755
VAL-01,94,-1244.86,-3030.64,337.81,-0.128529
VAL-01,95,1759.27,480.14,757.02,-0.099244
VAL-01,96,-3323.62,-288.46,331.06,-0.153713
VAL-01,97,-894.7,447.89,865.0,-0.198952
VAL-01,98,-3287.55,1660.42,313.4,-0.130085
VAL-01,99,-2639.76,1250.33,387.18,-0.15469
VAL-01,100,3270.04,3480.59,278.49,-0.019105
VAL-01,101,1104.33,-2403.32,443.89,-0.103387
VAL-01,102,-502.46,2189.99,558.8,-0.131732
VAL-01,103,166.18,-622.35,1060.73,-0.180465
VAL-01,104,2609.66,1983.15,414.42,-0.046481
VAL-01,105,-1090.53,2742.45,417.31,-0.116898
VAL-01,106,632.04,3443.99,370.59,-0.071325
VAL-01,107,1285.79,-1637.71,573.51,-0.113083
VAL-01,108,-1012.1,-329.43,784.03,-0.198844
VAL-01,109,133.69,3099.45,416.39,-0.084065
VAL-01,110,1856.73,3120.17,365.19,-0.048081
VAL-01,111,2864.26,-889.88,434.09,-0.054471
VAL-01,112,-2442.56,3081.47,305.76,-0.103173
VAL-01,113,3033.94,-658.76,422.03,-0.049476
VAL-01,114,-3463.75,-876.64,310.32,-0.148363
VAL-01,115,1770.84,1796.34,552.88,-0.073767
VAL-01,116,2173.69,-201.52,618.11,-0.084653
VAL-01,117,-2542.65,-362.61,417.32,-0.176657
VAL-01,118,-567.67,-797.17,821.42,-0.191888
VAL-01,119,2206.79,-470.37,589.85,-0.084102
VAL-01,120,-3400.1,-2521.28,270.19,-0.117427
VAL-01,121,899.23,-3072.74,363.22,-0.094895
VAL-01,122,2051.17,1777.95,511.61,-0.064471
VAL-01,123,91.03,451.5,1406.2,-0.176177
VAL-01,124,1580.95,1203.23,707.0,-0.094116
VAL-01,125,-1915.04,2116.35,412.85,-0.137426
VAL-01,126,-2110.35,-1889.26,378.88,-0.162612
VAL-01,127,-958.11,-1863.59,499.46,-0.168131
VAL-01,128,-2244.16,-1554.64,391.11,-0.169106
VAL-01,129,-1077.57,-1372.53,572.23,-0.186086
VAL-01,130,3136.87,1824.84,369.65,-0.030497
VAL-01,131,513.33,-880.73,919.7,-0.16027
VAL-01,132,-1119.52,-1237.68,590.06,-0.187936
VAL-01,133,-1599.33,954.11,584.08,-0.179003
VAL-01,134,3164.28,-2194.01,324.53,-0.044585
VAL-01,135,-388.65,-2755.06,398.42,-0.133031
VAL-01,136,3362.76,1379.93,368.19,-0.028676
VAL-01,137,108.66,1795.12,713.98,-0.133293
VAL-01,138,148.16,-1425.45,705.16,-0.162418
VAL-01,139,2775.78,952.29,467.25,-0.051413
VAL-01,140,1699.37,-3261.46,324.48,-0.072848
VAL-01,141,564.57,-669.77,1018.23,-0.158907
VAL-01,142,-513.45,545.71,1032.12,-0.188698
VAL-01,143,2647.32,-1726.07,398.14,-0.06218
VAL-01,144,-618.48,-1062.5,729.74,-0.186071
VAL-01,145,2959.32,766.85,444.82,-0.046538
VAL-01,146,-3018.99,629.28,361.12,-0.155784
VAL-01,147,-490.02,-2420.66,441.88,-0.143963
VAL-01,148,136.6,1446.07,848.97,-0.147286
VAL-01,149,3156.57,-2939.8,288.53,-0.040661
VAL-01,150,-1743.01,3288.07,327.07,-0.103347
VAL-01,151,2142.27,-2083.47,412.14,-0.075304
VAL-01,152,1235.3,-1725.16,560.08,-0.113184
VAL-01,153,1519.6,-2097.9,464.78,-0.095677
VAL-01,154,907.36,3440.49,366.55,-0.063224
VAL-01,155,3300.92,-1493.84,350.79,-0.041351
VAL-01,156,-1171.23,737.05,728.0,-0.18796
VAL-01,157,-712.07,3434.44,356.62,-0.091778
VAL-01,158,-2079.62,3150.47,319.85,-0.104869
VAL-01,159,-3145.07,-3203.55,259.42,-0.109021
VAL-01,160,-2009.64,148.29,521.52,-0.189195
VAL-01,161,2908.25,709.13,455.08,-0.047145
VAL-01,162,2381.18,1416.77,500.68,-0.056733
VAL-01,163,-2713.16,-1148.63,366.07,-0.162524
VAL-01,164,726.45,-1204.64,763.74,-0.14513
VAL-01,165,-145.62,-3470.01,327.56,-0.106023
VAL-01,166,662.79,-3253.34,348.16,-0.093237
VAL-01,167,1114.93,350.4,1063.3,-0.12947
VAL-01,168,-1353.38,-2968.79,338.44,-0.131439
VAL-01,169,3229.46,-2082.63,326.14,-0.043075
VAL-01,170,-239.12,-1167.1,763.13,-0.18057
VAL-01,171,896.71,-3006.7,370.5,-0.096669
VAL-01,172,946.58,-3283.98,341.3,-0.088845
VAL-01,173,-2212.77,2988.44,322.83,-0.10793
VAL-01,174,-3066.94,-453.54,352.43,-0.16235
VAL-01,175,-619.38,-2065.81,493.85,-0.158301
VAL-01,176,1848.21,1459.16,596.56,-0.078037
VAL-01,177,2206.55,-3433.88,297.27,-0.057824
VAL-01,178,1609.92,-1784.88,507.29,-0.099139
VAL-01,179,-2707.57,3225.25,287.3,-0.099099
VAL-01,180,2893.48,2783.83,330.66,-0.030627
VAL-01,181,2114.26,951.48,605.07,-0.077136
VAL-01,182,2643.84,-2847.58,315.6,-0.048551
VAL-01,183,163.13,-1273.64,759.23,-0.166489
VAL-01,184,2909.45,-3304.47,281.48,-0.044536
VAL-01,185,-3173.43,-1965.66,297.94,-0.135423
VAL-01,186,-3287.98,-3321.96,252.53,-0.09973
VAL-01,187,-3358.49,-2616.85,269.06,-0.11803
VAL-01,188,-1730.62,932.5,555.7,-0.178112
VAL-01,189,-1760.01,-2796.9,332.79,-0.138694
VAL-01,190,-2187.48,-2409.66,335.6,-0.144496
VAL-01,191,469.39,2819.66,460.64,-0.09084
VAL-01,192,-3227.1,-1151.83,320.91,-0.150193
VAL-01,193,632.72,-1169.02,786.38,-0.148953
VAL-01,194,-2337.92,-2894.22,299.73,-0.13106
VAL-01,195,1245.12,2071.51,570.73,-0.088018
VAL-01,196,-3352.47,1234.64,319.39,-0.139764
VAL-01,197,-1326.01,329.93,705.61,-0.196551
VAL-01,198,3068.39,825.39,426.13,-0.043114
VAL-01,199,268.77,-2797.34,403.34,-0.116941
VAL-01,200,2181.11,-1677.86,454.99,-0.080297
VAL-01,201,1106.18,585.49,1026.73,-0.127784
VAL-01,202,775.26,3165.62,402.53,-0.073176
VAL-01,203,-2161.23,2219.92,379.57,-0.132608
VAL-01,204,520.76,985.08,1070.9,-0.147691
VAL-01,205,-3222.2,131.73,343.26,-0.158002
VAL-01,206,2111.65,-3394.07,302.51,-0.060358
VAL-01,207,3220.5,2735.01,313.87,-0.022894
VAL-01,208,2478.06,-3032.02,311.6,-0.052127
VAL-01,209,-3145.03,-2596.43,277.88,-0.123119
VAL-01,210,-1129.38,1351.5,641.22,-0.168048
VAL-01,211,-1273.98,2185.01,477.09,-0.138179
VAL-01,212,-2710.98,2005.85,344.4,-0.130625
VAL-01,213,886.28,-333.17,1084.4,-0.144262
VAL-01,214,2082.21,-2260.61,397.89,-0.075721
VAL-01,215,-1303.95,-3252.88,318.52,-0.12108
VAL-01,216,2539.66,2459.66,379.86,-0.041355
VAL-01,217,2079.89,3343.88,334.92,-0.036189
VAL-01,218,-2596.03,-1791.05,344.06,-0.155112
VAL-01,219,1868.01,2562.53,426.53,-0.05804
VAL-01,220,2678.35,-682.28,476.46,-0.061443
VAL-01,221,-2119.02,-1320.59,423.27,-0.17285
VAL-01,222,515.49,36.08,1452.28,-0.159962
VAL-01,223,971.25,-3442.82,326.95,-0.084305
VAL-01,224,765.34,-401.0,1103.7,-0.149404
VAL-01,225,-2826.28,-2103.12,312.68,-0.140564
VAL-01,226,1128.34,1487.2,740.64,-0.108974
VAL-01,227,923.68,18.0,1172.71,-0.140984
VAL-01,228,2267.2,2581.97,391.27,-0.045455
VAL-01,229,2124.59,2776.54,382.81,-0.046333
VAL-01,230,-1209.82,-1282.69,565.94,-0.184843
VAL-01,231,1554.33,-1537.31,559.49,-0.105534
VAL-01,232,2570.91,3073.91,330.49,-0.029905
VAL-01,233,2750.63,27.98,491.62,-0.054997
VAL-01,234,-2369.41,-2824.39,301.89,-0.129939
VAL-01,235,-3313.08,-3178.8,255.44,-0.10473
VAL-01,236,1055.65,3432.98,363.99,-0.060312
VAL-01,237,-1997.27,554.15,518.5,-0.186127
VAL-01,238,445.97,-3118.55,363.81,-0.103659
VAL-01,239,3113.63,78.79,429.46,-0.040559
VAL-01,240,-844.76,28.73,893.36,-0.203595
VAL-01,241,-1730.58,-452.29,561.9,-0.197593
VAL-01,242,-304.43,3158.96,400.31,-0.092025
VAL-01,243,1100.71,3141.4,396.55,-0.064533
VAL-01,244,-2792.31,-2625.23,291.91,-0.13239
VAL-01,245,-835.91,-2437.96,421.07,-0.149281
VAL-01,246,-2563.95,-647.58,404.81,-0.174291
VAL-01,247,1137.12,2338.19,524.54,-0.087076
VAL-01,248,2313.87,866.27,564.7,-0.068098
VAL-01,249,-862.02,1608.81,643.97,-0.16213
VAL-01,250,-897.93,532.41,854.86,-0.194721
VAL-01,251,276.65,-2029.6,539.25,-0.141549
VAL-01,252,-1994.6,2224.36,395.05,-0.134516
VAL-01,253,-1768.13,-3401.85,294.09,-0.12001
VAL-01,254,-1191.03,1389.39,620.6,-0.167563
VAL-01,255,-298.02,-2139.62,499.86,-0.151629
VAL-01,256,-2929.28,-202.36,371.35,-0.166678
VAL-01,257,1769.12,3325.93,349.99,-0.046623
VAL-01,258,553.38,273.25,1458.13,-0.157962
VAL-01,259,-1402.14,-3101.36,326.09,-0.125849
VAL-01,260,-2957.17,-498.54,362.78,-0.166393
VAL-01,261,1842.27,1121.87,652.76,-0.085412
VAL-01,262,-2582.45,-3103.05,280.69,-0.120957
VAL-01,263,-2567.55,-1731.42,349.65,-0.157379
VAL-01,264,-2585.21,-3371.65,270.27,-0.112592
VAL-01,265,-2931.16,280.48,373.89,-0.161361
VAL-01,266,2844.75,-829.66,440.59,-0.055628
VAL-01,267,-1615.29,25.83,616.17,-0.196565
VAL-01,268,-1355.13,-1429.14,518.92,-0.185942
VAL-01,269,2329.56,1097.65,541.64,-0.06489
VAL-01,270,839.46,-2288.4,474.72,-0.114679
VAL-01,271,-2190.0,2846.56,333.05,-0.113822
VAL-01,272,-456.31,3220.57,388.17,-0.091472
VAL-01,273,2687.46,-49.04,502.76,-0.061241
VAL-01,274,-872.38,-242.27,850.58,-0.200059
VAL-01,275,1476.17,2517.32,465.27,-0.071064
VAL-01,276,-2822.35,-1471.14,341.5,-0.156854
VAL-01,277,1591.27,2121.74,520.44,-0.075705
VAL-01,278,1935.31,-1488.85,512.93,-0.091303
VAL-01,279,2280.37,1539.75,504.67,-0.060854
VAL-01,280,1219.41,-1161.92,701.57,-0.126822
VAL-01,281,-904.87,718.21,825.67,-0.190025
VAL-01,282,-3050.52,2981.08,282.3,-0.09942
VAL-01,283,131.43,-3119.73,363.57,-0.110617
VAL-01,284,1802.22,2150.78,490.55,-0.065404
VAL-01,285,-2164.13,292.92,489.83,-0.185503
VAL-01,286,-1636.34,-846.53,545.8,-0.192006
VAL-01,287,252.84,-1048.07,852.35,-0.167957
VAL-01,288,1738.32,-3014.12,343.41,-0.074335
VAL-01,289,2776.11,-1691.35,387.92,-0.056969
VAL-01,290,-2619.81,861.96,403.83,-0.160348
VAL-01,291,-2210.11,-2816.87,309.6,-0.132416
VAL-01,292,2096.76,1185.85,582.57,-0.073082
VAL-01,293,1011.65,3235.77,387.64,-0.063478
VAL-01,294,1546.81,3365.43,355.26,-0.051943
VAL-01,295,3477.4,2724.69,300.25,-0.020875
VAL-01,296,3074.26,2146.28,356.64,-0.029599
VAL-01,297,2401.18,-2254.33,374.04,-0.063316
VAL-01,298,1939.81,3291.09,345.54,-0.041751
VAL-01,299,-734.87,-2080.94,482.42,-0.158523
VAL-01,300,988.6,2583.35,486.96,-0.083746
VAL-01,301,-2208.88,2645.12,345.14,-0.119239
VAL-01,302,1816.46,853.36,698.9,-0.091355
VAL-01,303,1803.83,149.15,750.09,-0.098825
VAL-01,304,1549.07,-2097.02,462.46,-0.094108
VAL-01,305,-386.41,136.28,1147.33,-0.193609
VAL-01,306,-852.74,-1465.66,588.69,-0.180846
VAL-01,307,-561.6,-2618.84,410.22,-0.142781
VAL-01,308,-3266.63,-2602.66,272.91,-0.119015
VAL-01,309,2410.24,2108.2,425.09,-0.051941
VAL-01,310,296.59,2956.82,438.73,-0.088901
VAL-01,311,-787.37,-2506.92,414.53,-0.144294
VAL-01,312,336.2,-3407.17,335.41,-0.09991
VAL-01,313,1551.48,-1654.57,537.53,-0.105236
VAL-01,314,-829.77,-2558.93,405.55,-0.142515
VAL-01,315,2314.48,-2179.61,387.67,-0.068461
VAL-01,316,2936.24,583.29,453.98,-0.047488
VAL-01,317,-787.97,-543.94,823.0,-0.198147
VAL-01,318,-2535.29,-495.4,414.22,-0.175529
VAL-01,319,1822.61,-2060.71,443.74,-0.085406
VAL-01,320,3450.64,1152.12,367.16,-0.029177
VAL-01,321,-2464.08,-1473.43,374.01,-0.165009
VAL-01,322,1488.73,-705.97,753.81,-0.118201
VAL-01,323,2277.26,-256.1,587.78,-0.079211
VAL-01,324,2944.0,2830.97,324.78,-0.028649
VAL-01,325,-2636.33,-1775.51,341.72,-0.153858
VAL-01,326,-2857.33,1530.66,352.79,-0.143429
VAL-01,327,3415.1,-1334.42,348.15,-0.039054
VAL-01,328,-2682.7,2760.98,309.11,-0.107705
VAL-01,329,-2262.35,-741.44,443.07,-0.183248
VAL-01,330,524.67,36.13,1446.17,-0.160084
VAL-01,331,-376.09,2640.51,477.26,-0.111444
VAL-01,332,1752.75,1209.33,661.24,-0.087417
VAL-01,333,-2166.1,-2839.49,310.37,-0.132889
VAL-01,334,2900.99,-2542.15,320.73,-0.047306
VAL-01,335,-1979.64,3435.13,307.21,-0.094225
VAL-01,336,1883.78,-3296.26,316.09,-0.068253
VAL-01,337,-3026.78,-1393.9,328.25,-0.152002
VAL-01,338,-186.18,3212.26,396.18,-0.088177
VAL-01,339,-3272.09,-3394.26,251.16,-0.100372
VAL-01,340,-1303.33,-2370.21,399.08,-0.152928
VAL-01,341,-1314.39,-2006.45,442.39,-0.164713
VAL-01,342,1538.24,-2895.26,362.51,-0.083349
VAL-01,343,-314.88,-196.27,1121.08,-0.19174
VAL-01,344,-3102.58,647.07,352.22,-0.154681
VAL-01,345,3467.53,-1271.75,346.16,-0.037716
VAL-01,346,2720.9,-2739.45,318.45,-0.048
VAL-01,347,2914.27,2176.69,368.72,-0.029748
VAL-01,348,-1773.97,2131.3,426.77,-0.140908
VAL-01,349,-741.23,434.7,936.31,-0.195842
VAL-01,350,-1909.74,-2535.81,343.84,-0.14172
VAL-01,351,-2625.66,293.38,413.11,-0.172149
VAL-01,352,-3268.83,906.67,332.66,-0.144284
VAL-01,353,23.36,-501.95,1107.07,-0.18374
VAL-01,354,-2638.06,2547.04,322.27,-0.117669
VAL-01,355,-2265.87,-769.68,440.94,-0.182296
VAL-01,356,2523.33,76.21,539.92,-0.068127
VAL-01,357,-110.3,-2701.0,412.72,-0.129224
VAL-01,358,-2214.08,444.86,478.45,-0.184021
VAL-01,359,1189.05,1865.14,626.16,-0.095013
VAL-01,360,-1638.95,1618.81,502.32,-0.162712
VAL-01,361,188.56,-1701.13,621.42,-0.154171
VAL-01,362,-1519.33,3443.06,325.74,-0.093822
VAL-01,363,113.13,1539.54,808.83,-0.143705
VAL-01,364,899.74,-533.73,997.48,-0.14471
VAL-01,365,253.46,-595.64,1081.73,-0.176263
VAL-01,366,-730.77,1955.28,586.13,-0.146538
VAL-01,367,2035.7,-2270.22,400.44,-0.074993
VAL-01,368,2614.06,977.39,494.65,-0.055858
VAL-01,369,-2244.4,1531.88,421.1,-0.153527
VAL-01,370,-2545.84,114.38,424.78,-0.177162
VAL-01,371,-2707.66,2612.39,314.76,-0.114256
VAL-01,372,3357.18,-219.55,391.71,-0.036833
VAL-01,373,3091.14,-245.75,427.89,-0.04726
VAL-01,374,-1885.33,-1507.24,436.15,-0.176037
VAL-01,375,3289.35,2935.6,300.67,-0.022059
VAL-01,376,-2045.28,-1286.11,435.62,-0.17595
VAL-01,377,45.33,1366.9,876.53,-0.1526
VAL-01,378,-18.3,-634.53,1026.97,-0.184542
VAL-01,379,2904.69,3047.97,314.46,-0.026455
VAL-01,380,-3216.3,3135.72,270.77,-0.095871
VAL-01,381,-1292.54,-3289.75,316.27,-0.119011
VAL-01,382,699.82,3461.74,367.75,-0.068725
VAL-01,383,-3035.21,734.55,357.81,-0.154468
VAL-01,384,-1844.15,-2983.03,316.12,-0.131214
VAL-01,385,-244.56,-20.78,1213.82,-0.190575
VAL-01,386,2666.0,-3153.7,297.22,-0.049235
VAL-01,387,1826.72,342.26,739.69,-0.097472
VAL-01,388,2302.86,-2201.82,386.48,-0.0674
VAL-01,389,1827.49,-924.42,623.58,-0.099257
VAL-01,390,1454.05,-1367.1,609.84,-0.110523
VAL-01,391,2447.85,715.48,544.01,-0.066219
VAL-01,392,1270.34,2256.53,529.39,-0.085627
VAL-01,393,1649.78,3055.76,382.62,-0.055507
VAL-01,394,-1388.49,-1197.99,547.86,-0.185622
VAL-01,395,-2326.51,487.83,457.68,-0.180524
VAL-01,396,1795.67,-3458.71,307.57,-0.068207
VAL-01,397,-2339.14,-894.86,423.27,-0.176395
VAL-01,398,2936.19,3224.93,303.36,-0.024875
VAL-01,399,676.5,-2668.13,418.05,-0.110848
VAL-01,400,-1193.96,2588.79,429.27,-0.122231
VAL-01,401,3056.5,1067.54,418.48,-0.040364
VAL-01,402,-2414.09,-1442.74,380.95,-0.167107
VAL-01,403,101.26,1947.13,664.5,-0.128103
VAL-01,404,-2859.12,-1475.03,338.3,-0.156136
VAL-01,405,3257.99,2763.71,310.35,-0.022577
VAL-01,406,527.63,-2920.69,386.28,-0.106322
VAL-01,407,2125.67,-2667.05,355.59,-0.068763
VAL-01,408,-1526.54,1750.09,503.73,-0.157245
VAL-01,409,2112.58,-355.75,623.82,-0.089223
VAL-01,410,1419.89,-2467.76,417.97,-0.092497
VAL-01,411,1005.77,94.04,1132.09,-0.136256
VAL-01,412,3153.94,-1421.22,368.18,-0.044392
VAL-01,413,-465.56,345.21,1092.25,-0.190999
VAL-01,414,-594.38,1706.0,666.62,-0.154468
VAL-01,415,1344.85,2497.88,478.77,-0.07479
VAL-01,416,2345.39,-3087.0,313.55,-0.055986
VAL-01,417,-1154.47,646.48,743.98,-0.189898
VAL-01,418,1187.6,3385.66,365.43,-0.059388
VAL-01,419,-2036.74,-281.42,505.72,-0.187257
VAL-01,420,361.9,1886.97,686.78,-0.122846
VAL-01,421,1884.2,-2819.18,354.5,-0.072434
VAL-01,422,-3042.8,2614.56,295.98,-0.11157
VAL-01,423,1594.89,574.37,810.7,-0.103761
VAL-01,424,-3391.97,2717.84,276.25,-0.101123
VAL-01,425,3208.45,2009.83,352.86,-0.02963
VAL-01,426,-219.31,2584.68,494.76,-0.111985
VAL-01,427,-636.5,-3098.93,352.48,-0.124616
VAL-01,428,1543.11,1508.67,650.29,-0.090781
VAL-01,429,163.09,-2121.13,518.34,-0.140784
VAL-01,430,1615.94,-1639.33,532.12,-0.100316
VAL-01,431,-2906.69,-1226.52,344.52,-0.159041
VAL-01,432,439.54,639.2,1303.23,-0.156889
VAL-01,433,406.76,895.03,1138.64,-0.154521
VAL-01,434,3024.8,3020.1,309.83,-0.023359
VAL-01,435,-3222.76,-3410.97,251.94,-0.103335
VAL-01,436,-330.26,-2145.93,497.02,-0.152223
VAL-01,437,917.51,-965.98,822.42,-0.140445
VAL-01,438,355.23,2226.05,588.39,-0.113152
VAL-01,439,-2980.87,349.36,367.96,-0.158585
VAL-01,440,652.6,83.93,1371.16,-0.154804
VAL-01,441,-1944.62,1821.3,436.81,-0.147363
VAL-01,442,-2131.16,1085.41,467.28,-0.167796
VAL-01,443,2650.84,-1471.01,419.29,-0.063004
VAL-01,444,-2115.11,-2890.19,309.79,-0.132663
VAL-01,445,-319.96,-263.85,1095.19,-0.192346
VAL-01,446,1752.01,2661.16,423.22,-0.057984
VAL-01,447,1451.21,686.99,851.91,-0.109393
VAL-01,448,374.21,-3126.98,363.15,-0.105899
VAL-01,449,2149.32,-419.46,608.71,-0.084207
VAL-01,450,-239.29,-807.72,900.12,-0.18924
VAL-01,451,842.7,576.97,1165.55,-0.14131
VAL-01,452,2232.42,609.89,601.93,-0.075888
VAL-01,453,1246.64,3159.32,389.02,-0.063051
VAL-01,454,992.8,-1133.34,750.87,-0.135675
VAL-01,455,-657.1,-643.33,840.85,-0.196207
VAL-01,456,408.26,794.6,1202.55,-0.157687
VAL-01,457,-727.42,2704.73,446.75,-0.113945
VAL-01,458,1710.05,1443.01,628.41,-0.085759
VAL-01,459,-836.99,-203.8,871.05,-0.201258
VAL-01,460,-233.65,2201.96,576.9,-0.124877
VAL-01,461,1788.2,-102.86,744.98,-0.103561
VAL-01,462,25.59,3244.66,395.43,-0.082408
VAL-01,463,-1133.77,-1522.5,536.68,-0.1802
VAL-01,464,2287.73,-2608.26,351.34,-0.061345
VAL-01,465,-833.26,2312.8,503.34,-0.130515
VAL-01,466,2413.1,-1418.91,454.32,-0.072472
VAL-01,467,1996.68,2431.77,431.42,-0.058082
VAL-01,468,-368.98,765.83,1036.39,-0.181235
VAL-01,469,1490.24,62.72,874.84,-0.114179
VAL-01,470,-3259.27,-2890.78,264.75,-0.115393
VAL-01,471,-771.41,2004.21,570.3,-0.145499
VAL-01,472,2522.34,-3038.53,309.37,-0.050533
VAL-01,473,556.78,3256.06,394.16,-0.077844
VAL-01,474,404.78,2638.82,494.66,-0.097035
VAL-01,475,1153.17,-1379.22,653.32,-0.124461
VAL-01,476,1243.7,-2604.94,408.57,-0.098328
VAL-01,477,585.19,2699.72,480.32,-0.089329
VAL-01,478,-555.59,-141.05,1011.74,-0.197138
VAL-01,479,-2215.61,-2625.88,320.42,-0.13726
VAL-01,480,-1451.51,-10.34,662.74,-0.201039
VAL-01,481,-1449.54,-1772.27,458.68,-0.173066
VAL-01,482,-484.79,-645.15,895.29,-0.193608
VAL-01,483,3493.41,981.69,367.57,-0.030583
VAL-01,484,-1032.14,2907.55,400.65,-0.107832
VAL-01,485,-368.35,2106.51,590.09,-0.135224
VAL-01,486,-898.61,-2372.94,426.09,-0.150959
VAL-01,487,569.99,-158.65,1312.03,-0.161527
VAL-01,488,3135.29,-56.5,424.82,-0.044492
VAL-01,489,2723.51,3426.38,301.81,-0.027354
VAL-01,490,-860.03,-2891.72,365.96,-0.133977
VAL-01,491,-1631.69,75.37,612.71,-0.196826
VAL-01,492,2690.79,2900.54,335.46,-0.03232
VAL-01,493,-43.17,-708.06,985.3,-0.185349
VAL-01,494,1298.79,-1667.98,565.43,-0.113232
VAL-01,495,-2986.96,391.53,367.03,-0.159136
VAL-01,496,2565.9,-1259.38,448.74,-0.06742
VAL-01,497,-1309.24,2989.55,375.26,-0.108211
VAL-01,498,-38.31,-2906.41,386.8,-0.121527
VAL-01,499,-2113.85,-2053.04,365.99,-0.160548
VAL-01,500,-558.3,-2912.9,374.25,-0.130346
VAL-01,501,2296.34,1483.22,508.31,-0.059353
VAL-01,502,2293.05,-1448.01,467.5,-0.077786
VAL-01,503,-184.3,2801.18,457.06,-0.103598
VAL-01,504,1875.37,2755.42,402.73,-0.054488
VAL-01,505,-293.53,3054.71,414.73,-0.09655
VAL-01,506,-886.51,-1707.1,535.57,-0.173591
VAL-01,507,321.22,-3495.4,327.69,-0.099198
VAL-01,508,-2090.61,-786.76,467.48,-0.186182
VAL-01,509,-1284.07,3237.94,352.8,-0.102638
VAL-01,510,1445.7,1846.19,593.91,-0.085908
VAL-01,511,1893.6,-3082.38,331.72,-0.071292
VAL-01,512,-3103.04,1418.01,334.77,-0.139641
VAL-01,513,1629.78,2919.44,399.36,-0.056749
VAL-01,514,2222.01,3274.04,333.79,-0.037406
VAL-01,515,-383.64,1511.92,759.46,-0.159321
VAL-01,516,-3062.82,2540.97,297.67,-0.113357
VAL-01,517,1280.39,2391.91,502.61,-0.079531
VAL-01,518,-1776.85,-991.64,503.97,-0.187468
VAL-01,519,1003.5,-2806.69,391.45,-0.099784
VAL-01,520,-863.64,1592.25,647.44,-0.162799
VAL-01,521,960.14,-2541.61,428.89,-0.104903
VAL-01,522,-1693.06,-810.61,538.14,-0.194248
VAL-01,523,-164.24,3470.15,365.88,-0.079476
VAL-01,524,172.72,418.5,1467.3,-0.173164
VAL-01,525,917.09,152.18,1192.86,-0.141392
VAL-01,526,-2077.83,3135.16,320.89,-0.105484
VAL-01,527,3234.36,-1511.72,355.78,-0.041999
VAL-01,528,-1476.03,3496.02,323.62,-0.091609
VAL-01,529,-1357.86,2883.86,383.12,-0.11018
VAL-01,530,-1705.81,-952.67,520.84,-0.189712
VAL-01,531,-3027.67,-1209.32,334.83,-0.157777
VAL-01,532,-539.54,-2614.06,411.76,-0.142587
VAL-01,533,1902.85,2909.48,383.92,-0.050895
VAL-01,534,1466.97,-2199.33,453.28,-0.096775
VAL-01,535,-2130.99,-3437.15,281.18,-0.114046
VAL-01,536,-2541.48,2730.54,318.7,-0.108996
VAL-01,537,-1250.0,686.81,707.82,-0.188557
VAL-01,538,1877.79,1202.94,631.32,-0.084224
VAL-01,539,-83.45,1631.99,758.32,-0.145389
VAL-01,540,2962.29,-3201.37,284.24,-0.044332
VAL-01,541,1094.69,-2857.02,382.63,-0.096295
VAL-01,542,846.35,-1.14,1217.48,-0.144611
VAL-01,543,1873.84,-3148.17,327.33,-0.070309
VAL-01,544,1751.81,30.25,766.09,-0.103257
VAL-01,545,-1093.13,1654.37,591.73,-0.159813
VAL-01,546,-1700.94,1101.86,547.24,-0.173404
VAL-01,547,-436.65,816.53,990.62,-0.180704
VAL-01,548,-75.27,-3175.16,355.91,-0.110757
VAL-01,549,-2507.94,-1843.42,348.12,-0.159714
VAL-01,550,-410.67,2782.46,451.53,-0.108429
VAL-01,551,978.76,-2637.46,414.48,-0.104376
VAL-01,552,-2550.0,232.57,424.33,-0.174875
VAL-01,553,-2533.73,-3149.66,280.5,-0.120622
VAL-01,554,-2283.95,3074.42,314.03,-0.104445
VAL-01,555,-1516.68,-2299.06,391.23,-0.157625
VAL-01,556,3231.96,-629.85,396.72,-0.043537
VAL-01,557,-3319.46,327.47,334.12,-0.150966
VAL-01,558,-2213.83,1530.56,425.22,-0.154107
VAL-01,559,-2344.67,3062.17,311.64,-0.104835
VAL-01,560,-179.56,1654.54,740.33,-0.14808
VAL-01,561,-3394.49,-1068.42,310.95,-0.144915
VAL-01,562,-292.79,-2972.62,374.43,-0.126562
VAL-01,563,-2359.54,1451.84,411.37,-0.15212
VAL-01,564,-1612.52,3307.57,331.71,-0.100506
VAL-01,565,2047.08,-3380.89,305.32,-0.063201
VAL-01,566,-2211.53,1922.76,396.92,-0.140147
VAL-01,567,819.9,-2267.01,479.34,-0.116048
VAL-01,568,-655.81,-280.32,935.15,-0.197293
VAL-01,569,-576.83,158.46,1035.48,-0.198246
VAL-01,570,2217.92,800.98,592.8,-0.073073
VAL-01,571,-2373.6,3426.76,291.8,-0.097284
VAL-01,572,2966.67,1311.81,418.57,-0.038875
VAL-01,573,2754.44,-753.29,459.26,-0.058207
VAL-01,574,1178.25,1505.15,725.56,-0.106552
VAL-01,575,-3153.87,-232.88,347.32,-0.15906
VAL-01,576,1143.16,-608.16,888.56,-0.134666
VAL-01,577,702.43,-940.43,869.81,-0.150937
VAL-01,578,1905.44,-46.16,707.97,-0.097793
VAL-01,579,-2003.18,-1531.72,419.68,-0.174093
VAL-01,580,3173.49,-1805.3,345.07,-0.044657
VAL-01,581,2703.38,-2460.73,337.4,-0.051566
VAL-01,582,-2699.5,-418.43,394.71,-0.173746
VAL-01,583,-1293.59,-1447.17,525.48,-0.183734
VAL-01,584,-3272.89,2358.59,292.79,-0.114143
VAL-01,585,2316.63,2435.26,401.59,-0.046899
VAL-01,586,2905.66,-1092.86,415.73,-0.055877
VAL-01,587,3428.66,833.99,378.58,-0.034665
VAL-01,588,783.48,2816.04,454.59,-0.082276
VAL-01,589,1161.9,-985.87,764.47,-0.132166
VAL-01,590,1248.84,383.01,987.61,-0.123089
VAL-01,591,491.04,-395.09,1188.86,-0.163649
VAL-01,592,3166.96,1051.86,404.25,-0.036487
VAL-01,593,755.03,3218.4,396.02,-0.071391
VAL-01,594,-1149.92,-2529.63,391.08,-0.145648
VAL-01,595,90.14,3257.7,394.41,-0.082006
VAL-01,596,-3369.36,1160.13,319.66,-0.139385
VAL-01,597,1568.88,2071.09,532.3,-0.077814
VAL-01,598,1357.45,945.85,833.04,-0.10912
VAL-01,599,-552.64,2592.22,475.93,-0.117711
VAL-01,600,2460.37,-1216.33,468.02,-0.069946
VAL-01,601,1788.68,1456.33,609.35,-0.081002
VAL-01,602,-1143.21,-1651.21,513.67,-0.177022
VAL-01,603,-2957.51,60.6,370.64,-0.166479
VAL-01,604,-2574.44,1270.43,394.1,-0.15483
VAL-01,605,-2210.09,-2092.13,355.57,-0.157666
VAL-01,606,-1372.57,-3071.88,329.47,-0.126969
VAL-01,607,-367.39,2036.64,607.67,-0.138621
VAL-01,608,2995.98,2162.62,362.4,-0.030287
VAL-01,609,-1551.07,1159.65,573.6,-0.173182
VAL-01,610,2790.1,-1249.98,419.69,-0.056811
VAL-01,611,1263.24,1107.21,820.85,-0.112887
VAL-01,612,2474.45,-2912.84,319.32,-0.053264
VAL-01,613,-677.23,1137.57,808.13,-0.174729
VAL-01,614,-3477.06,533.39,319.75,-0.144407
VAL-01,615,2008.77,820.43,646.43,-0.084465
VAL-01,616,-1781.67,-371.11,555.73,-0.193614
VAL-01,617,-2502.64,-1923.89,343.87,-0.157702
VAL-01,618,2096.44,1581.14,531.14,-0.066138
VAL-01,619,1304.3,-251.09,920.0,-0.126566
VAL-01,620,-2013.09,1717.66,437.19,-0.150892
VAL-01,621,-1626.93,-950.74,535.95,-0.191673
VAL-01,622,3074.54,-2885.48,294.34,-0.041432
VAL-01,623,-1620.23,297.2,616.31,-0.194772
VAL-01,624,1416.84,859.33,831.81,-0.109262
VAL-01,625,-2593.13,2952.44,304.69,-0.102408
VAL-01,626,2205.25,2714.28,383.12,-0.04562
VAL-01,627,-2676.87,-3099.96,277.51,-0.120504
VAL-01,628,112.29,1902.88,678.71,-0.130149
VAL-01,629,-3253.48,-1670.46,303.14,-0.137473
VAL-01,630,350.55,1380.39,882.37,-0.142054
VAL-01,631,2426.35,-843.63,509.24,-0.073121
VAL-01,632,-2909.21,-1245.45,343.56,-0.159527
VAL-01,633,-1580.2,-82.01,622.31,-0.199515
VAL-01,634,1852.85,213.72,732.69,-0.096458
VAL-01,635,756.69,1361.38,852.79,-0.128134
VAL-01,636,-1310.42,965.18,656.95,-0.184141
VAL-01,637,902.33,1247.79,870.15,-0.126524
VAL-01,638,-317.03,-811.46,880.85,-0.189717
VAL-01,639,2536.49,1241.38,489.6,-0.050077
VAL-01,640,-1449.42,-1082.29,553.26,-0.18921
VAL-01,641,1804.11,752.73,715.39,-0.096477
VAL-01,642,949.72,-283.27,1074.27,-0.140867
VAL-01,643,1683.0,439.59,788.45,-0.103008
VAL-01,644,-852.17,-3377.23,322.46,-0.1185
VAL-01,645,1574.45,-8.5,834.16,-0.110889
VAL-01,646,1388.98,-1960.22,499.0,-0.104195
VAL-01,647,-787.58,-799.31,760.36,-0.196043
VAL-01,648,-3314.83,-2983.6,260.46,-0.112931
VAL-01,649,3240.39,1098.31,393.16,-0.034667
VAL-01,650,1495.2,2754.65,428.82,-0.064044
VAL-01,651,-2066.83,-1017.82,454.35,-0.184071
VAL-01,652,1615.65,-2764.53,372.6,-0.081256
VAL-01,653,-1549.22,841.87,606.77,-0.185009
VAL-01,654,-215.0,-2610.74,423.23,-0.132933
VAL-01,655,2519.22,2741.35,358.21,-0.037203
VAL-01,656,-363.5,-2642.8,414.24,-0.136431
VAL-01,657,-1483.95,-966.91,562.16,-0.191218
VAL-01,658,-1361.56,-37.38,689.93,-0.202393
VAL-01,659,-2960.88,-2674.89,282.69,-0.12684
VAL-01,660,-1963.46,-1268.77,448.24,-0.176645
VAL-01,661,-1602.26,-1573.05,464.96,-0.179008
VAL-01,662,-2289.22,1493.1,417.84,-0.152603
VAL-01,663,-3058.54,3403.91,267.95,-0.092343
VAL-01,664,-239.48,-960.14,839.23,-0.185475
VAL-01,665,-1999.23,2035.04,411.04,-0.138669
VAL-01,666,1671.39,-2517.61,397.13,-0.085623
VAL-01,667,2957.69,559.4,450.96,-0.046686
VAL-01,668,-1589.11,-471.01,594.15,-0.201806
VAL-01,669,505.74,-1482.71,684.47,-0.150272
VAL-01,670,47.08,2251.97,578.0,-0.11926
VAL-01,671,-2974.24,1724.95,335.0,-0.133854
VAL-01,672,-2625.88,-2562.02,302.6,-0.134479
VAL-01,673,2693.46,-1453.15,415.72,-0.062008
VAL-01,674,-180.94,2236.53,571.74,-0.123202
VAL-01,675,2132.27,3447.02,324.92,-0.034986
VAL-01,676,-3033.93,780.95,357.13,-0.155062
VAL-01,677,663.69,2601.89,496.99,-0.090583
VAL-01,678,2557.18,3389.55,310.86,-0.027308
VAL-01,679,2569.46,1683.82,446.06,-0.046585
VAL-01,680,-3459.94,1013.13,315.43,-0.13947
VAL-01,681,152.04,-1951.33,556.24,-0.147971
VAL-01,682,-916.97,-907.03,700.92,-0.195882
VAL-01,683,1820.29,864.88,696.21,-0.091278
VAL-01,684,-2987.47,2984.81,284.85,-0.100551
VAL-01,685,-1645.51,-1387.07,481.29,-0.18085
VAL-01,686,2188.5,-733.54,568.26,-0.083851
VAL-01,687,-213.11,-3344.34,337.78,-0.111585
VAL-01,688,-327.95,1377.09,816.35,-0.161189
VAL-01,689,3279.91,-395.01,397.83,-0.039844
VAL-01,690,-1260.77,2084.12,493.58,-0.143501
VAL-01,691,-3207.95,-1864.42,299.45,-0.136443
VAL-01,692,-754.59,1117.52,790.7,-0.176459
VAL-01,693,-2426.39,1211.65,415.84,-0.160954
VAL-01,694,-2926.76,-249.73,370.93,-0.166822
VAL-01,695,475.02,-2179.76,505.65,-0.129667
VAL-01,696,3175.03,-679.71,402.11,-0.043448
VAL-01,697,555.85,1715.3,738.46,-0.123139
VAL-01,698,1029.8,-2175.7,486.11,-0.112142
VAL-01,699,-1234.6,-2869.71,352.21,-0.135341
